{
  "at": "2026-09-08T08:31:32.311Z",
  "node": "v22.23.2",
  "sourceSha": "0661eb17ee4bdcd32f2d7d0e4311691036bb5335c0ce14176b1e1234f3f976bb",
  "sourceCommit": "4227bb0758d4b34cbd761a3cddd273cbea6c2c1b",
  "base": "https://zodiacs-q2i4dgo63-zodiacsofficial.vercel.app",
  "scope": "Actual exact-source READY automatic preview pages; six locales, synthetic UTC inputs. No local product code injected. Remote loader races are not claimed; separate native/CI evidence covers those.",
  "requests": [
    {
      "locale": "en",
      "width": 1280,
      "method": "GET",
      "origin": "https://zodiacs-q2i4dgo63-zodiacsofficial.vercel.app",
      "path": "/moon-phase/"
    },
    {
      "locale": "en",
      "width": 1280,
      "method": "GET",
      "origin": "https://zodiacs-q2i4dgo63-zodiacsofficial.vercel.app",
      "path": "/fonts/instrument-sans-latin-wght-normal.woff2"
    },
    {
      "locale": "en",
      "width": 1280,
      "method": "GET",
      "origin": "https://zodiacs-q2i4dgo63-zodiacsofficial.vercel.app",
      "path": "/fonts/eb-garamond-latin-400-normal.woff2"
    },
    {
      "locale": "en",
      "width": 1280,
      "method": "GET",
      "origin": "https://zodiacs-q2i4dgo63-zodiacsofficial.vercel.app",
      "path": "/fonts/eb-garamond-latin-500-normal.woff2"
    },
    {
      "locale": "en",
      "width": 1280,
      "method": "GET",
      "origin": "https://zodiacs-q2i4dgo63-zodiacsofficial.vercel.app",
      "path": "/_astro/Base.Bryss0yT.css"
    },
    {
      "locale": "en",
      "width": 1280,
      "method": "GET",
      "origin": "https://zodiacs-q2i4dgo63-zodiacsofficial.vercel.app",
      "path": "/_astro/calculator.MBHg3tIV.css"
    },
    {
      "locale": "en",
      "width": 1280,
      "method": "GET",
      "origin": "https://plausible.io",
      "path": "/js/pa-HwF2IBb5Sw8eboNPSOgHv.js"
    },
    {
      "locale": "en",
      "width": 1280,
      "method": "GET",
      "origin": "https://zodiacs-q2i4dgo63-zodiacsofficial.vercel.app",
      "path": "/_astro/MoonPhaseTool.BTXtrlp9.js"
    },
    {
      "locale": "en",
      "width": 1280,
      "method": "GET",
      "origin": "https://zodiacs-q2i4dgo63-zodiacsofficial.vercel.app",
      "path": "/_astro/client.DPkn9Lbl.js"
    },
    {
      "locale": "en",
      "width": 1280,
      "method": "GET",
      "origin": "https://zodiacs-q2i4dgo63-zodiacsofficial.vercel.app",
      "path": "/fonts/eb-garamond-latin-400-italic.woff2"
    },
    {
      "locale": "en",
      "width": 1280,
      "method": "GET",
      "origin": "https://zodiacs-q2i4dgo63-zodiacsofficial.vercel.app",
      "path": "/fonts/jetbrains-mono-latin-wght-normal.woff2"
    },
    {
      "locale": "en",
      "width": 1280,
      "method": "GET",
      "origin": "https://zodiacs-q2i4dgo63-zodiacsofficial.vercel.app",
      "path": "/_astro/preload-helper.L5lOfJxi.js"
    },
    {
      "locale": "en",
      "width": 1280,
      "method": "GET",
      "origin": "https://zodiacs-q2i4dgo63-zodiacsofficial.vercel.app",
      "path": "/_astro/preact.module.Bjq9tLsx.js"
    },
    {
      "locale": "en",
      "width": 1280,
      "method": "GET",
      "origin": "https://zodiacs-q2i4dgo63-zodiacsofficial.vercel.app",
      "path": "/_astro/hooks.module.C0_8FjiD.js"
    },
    {
      "locale": "en",
      "width": 1280,
      "method": "GET",
      "origin": "https://zodiacs-q2i4dgo63-zodiacsofficial.vercel.app",
      "path": "/_astro/signs.BMXPKoMF.js"
    },
    {
      "locale": "en",
      "width": 1280,
      "method": "GET",
      "origin": "https://zodiacs-q2i4dgo63-zodiacsofficial.vercel.app",
      "path": "/_astro/jsxRuntime.module.BG9KJlGc.js"
    },
    {
      "locale": "en",
      "width": 1280,
      "method": "GET",
      "origin": "https://zodiacs-q2i4dgo63-zodiacsofficial.vercel.app",
      "path": "/_astro/EvidenceDisclosure.LNSfDkU7.js"
    },
    {
      "locale": "en",
      "width": 1280,
      "method": "GET",
      "origin": "https://zodiacs-q2i4dgo63-zodiacsofficial.vercel.app",
      "path": "/_astro/i18n.Cg_lCJuc.js"
    },
    {
      "locale": "en",
      "width": 1280,
      "method": "GET",
      "origin": "https://zodiacs-q2i4dgo63-zodiacsofficial.vercel.app",
      "path": "/_astro/CalculationReload.DXyGkRsn.js"
    },
    {
      "locale": "en",
      "width": 1280,
      "method": "GET",
      "origin": "https://zodiacs-q2i4dgo63-zodiacsofficial.vercel.app",
      "path": "/_astro/astrology.BHib5efU.js"
    },
    {
      "locale": "en",
      "width": 1280,
      "method": "GET",
      "origin": "https://zodiacs-q2i4dgo63-zodiacsofficial.vercel.app",
      "path": "/_astro/dates.D4PDcYt5.js"
    },
    {
      "locale": "en",
      "width": 1280,
      "method": "GET",
      "origin": "https://zodiacs-q2i4dgo63-zodiacsofficial.vercel.app",
      "path": "/_astro/useEngine.BV92cVg4.js"
    },
    {
      "locale": "en",
      "width": 1280,
      "method": "GET",
      "origin": "https://zodiacs-q2i4dgo63-zodiacsofficial.vercel.app",
      "path": "/_astro/PlaceSearch.D1WsU_jW.js"
    },
    {
      "locale": "en",
      "width": 1280,
      "method": "GET",
      "origin": "https://zodiacs-q2i4dgo63-zodiacsofficial.vercel.app",
      "path": "/_astro/localToUtc.CrWG2CBc.js"
    },
    {
      "locale": "en",
      "width": 1280,
      "method": "GET",
      "origin": "https://zodiacs-q2i4dgo63-zodiacsofficial.vercel.app",
      "path": "/_astro/SignChip.Dx3tQVZl.js"
    },
    {
      "locale": "en",
      "width": 1280,
      "method": "GET",
      "origin": "https://zodiacs-q2i4dgo63-zodiacsofficial.vercel.app",
      "path": "/_astro/lite.DKWHZC5_.js"
    },
    {
      "locale": "en",
      "width": 1280,
      "method": "GET",
      "origin": "https://zodiacs-q2i4dgo63-zodiacsofficial.vercel.app",
      "path": "/assets/app-icons/v3/favicon.svg"
    },
    {
      "locale": "en",
      "width": 1280,
      "method": "GET",
      "origin": "https://zodiacs-q2i4dgo63-zodiacsofficial.vercel.app",
      "path": "/assets/site-footer.css"
    },
    {
      "locale": "en",
      "width": 1280,
      "method": "GET",
      "origin": "https://zodiacs-q2i4dgo63-zodiacsofficial.vercel.app",
      "path": "/_astro/rolldown-runtime.DK3Fl9T5.js"
    },
    {
      "locale": "en",
      "width": 1280,
      "method": "GET",
      "origin": "https://zodiacs-q2i4dgo63-zodiacsofficial.vercel.app",
      "path": "/_astro/civil-date.CpOZUt7Z.js"
    },
    {
      "locale": "en",
      "width": 1280,
      "method": "GET",
      "origin": "https://zodiacs-q2i4dgo63-zodiacsofficial.vercel.app",
      "path": "/_astro/technical-locales.DDKucXXd.js"
    },
    {
      "locale": "en",
      "width": 1280,
      "method": "GET",
      "origin": "https://zodiacs-q2i4dgo63-zodiacsofficial.vercel.app",
      "path": "/assets/assistant-ui.js"
    },
    {
      "locale": "en",
      "width": 1280,
      "method": "GET",
      "origin": "https://zodiacs-q2i4dgo63-zodiacsofficial.vercel.app",
      "path": "/assets/assistant-ui.css"
    },
    {
      "locale": "en",
      "width": 1280,
      "method": "GET",
      "origin": "https://zodiacs-q2i4dgo63-zodiacsofficial.vercel.app",
      "path": "/assets/guide-avatar.webp"
    },
    {
      "locale": "en",
      "width": 1280,
      "method": "GET",
      "origin": "https://zodiacs-q2i4dgo63-zodiacsofficial.vercel.app",
      "path": "/fonts/instrument-sans-latin-wght-italic.woff2"
    },
    {
      "locale": "en",
      "width": 1280,
      "method": "GET",
      "origin": "https://zodiacs-q2i4dgo63-zodiacsofficial.vercel.app",
      "path": "/fonts/golos-text-cyr-b.woff2"
    },
    {
      "locale": "en",
      "width": 1280,
      "method": "GET",
      "origin": "https://zodiacs-q2i4dgo63-zodiacsofficial.vercel.app",
      "path": "/fonts/golos-text-cyr-a.woff2"
    },
    {
      "locale": "en",
      "width": 1280,
      "method": "GET",
      "origin": "https://zodiacs-q2i4dgo63-zodiacsofficial.vercel.app",
      "path": "/fonts/eb-garamond-cyrillic-500-normal.woff2"
    },
    {
      "locale": "en",
      "width": 1280,
      "method": "GET",
      "origin": "https://zodiacs-q2i4dgo63-zodiacsofficial.vercel.app",
      "path": "/fonts/jetbrains-mono-cyrillic-400-500.woff2"
    },
    {
      "locale": "en",
      "width": 1280,
      "method": "GET",
      "origin": "https://zodiacs-q2i4dgo63-zodiacsofficial.vercel.app",
      "path": "/_astro/full.AQ--_mi-.js"
    },
    {
      "locale": "en",
      "width": 1280,
      "method": "GET",
      "origin": "https://zodiacs-q2i4dgo63-zodiacsofficial.vercel.app",
      "path": "/_astro/chart-adapter.K-QfJlbI.js"
    },
    {
      "locale": "en",
      "width": 1280,
      "method": "GET",
      "origin": "https://zodiacs-q2i4dgo63-zodiacsofficial.vercel.app",
      "path": "/_astro/chunk-INI453VG.BxjMUPBs.js"
    },
    {
      "locale": "en",
      "width": 1280,
      "method": "GET",
      "origin": "https://zodiacs-q2i4dgo63-zodiacsofficial.vercel.app",
      "path": "/_astro/chunk-H7RJKCBO.BUIGSNBz.js"
    },
    {
      "locale": "en",
      "width": 1280,
      "method": "GET",
      "origin": "https://zodiacs-q2i4dgo63-zodiacsofficial.vercel.app",
      "path": "/assets/zodiac-icons/48/aries.avif"
    },
    {
      "locale": "en",
      "width": 390,
      "method": "GET",
      "origin": "https://zodiacs-q2i4dgo63-zodiacsofficial.vercel.app",
      "path": "/moon-phase/"
    },
    {
      "locale": "en",
      "width": 390,
      "method": "GET",
      "origin": "https://zodiacs-q2i4dgo63-zodiacsofficial.vercel.app",
      "path": "/fonts/instrument-sans-latin-wght-normal.woff2"
    },
    {
      "locale": "en",
      "width": 390,
      "method": "GET",
      "origin": "https://zodiacs-q2i4dgo63-zodiacsofficial.vercel.app",
      "path": "/fonts/eb-garamond-latin-400-normal.woff2"
    },
    {
      "locale": "en",
      "width": 390,
      "method": "GET",
      "origin": "https://zodiacs-q2i4dgo63-zodiacsofficial.vercel.app",
      "path": "/fonts/eb-garamond-latin-500-normal.woff2"
    },
    {
      "locale": "en",
      "width": 390,
      "method": "GET",
      "origin": "https://zodiacs-q2i4dgo63-zodiacsofficial.vercel.app",
      "path": "/_astro/Base.Bryss0yT.css"
    },
    {
      "locale": "en",
      "width": 390,
      "method": "GET",
      "origin": "https://zodiacs-q2i4dgo63-zodiacsofficial.vercel.app",
      "path": "/_astro/calculator.MBHg3tIV.css"
    },
    {
      "locale": "en",
      "width": 390,
      "method": "GET",
      "origin": "https://plausible.io",
      "path": "/js/pa-HwF2IBb5Sw8eboNPSOgHv.js"
    },
    {
      "locale": "en",
      "width": 390,
      "method": "GET",
      "origin": "https://zodiacs-q2i4dgo63-zodiacsofficial.vercel.app",
      "path": "/_astro/MoonPhaseTool.BTXtrlp9.js"
    },
    {
      "locale": "en",
      "width": 390,
      "method": "GET",
      "origin": "https://zodiacs-q2i4dgo63-zodiacsofficial.vercel.app",
      "path": "/_astro/client.DPkn9Lbl.js"
    },
    {
      "locale": "en",
      "width": 390,
      "method": "GET",
      "origin": "https://zodiacs-q2i4dgo63-zodiacsofficial.vercel.app",
      "path": "/fonts/eb-garamond-latin-400-italic.woff2"
    },
    {
      "locale": "en",
      "width": 390,
      "method": "GET",
      "origin": "https://zodiacs-q2i4dgo63-zodiacsofficial.vercel.app",
      "path": "/fonts/jetbrains-mono-latin-wght-normal.woff2"
    },
    {
      "locale": "en",
      "width": 390,
      "method": "GET",
      "origin": "https://zodiacs-q2i4dgo63-zodiacsofficial.vercel.app",
      "path": "/_astro/preload-helper.L5lOfJxi.js"
    },
    {
      "locale": "en",
      "width": 390,
      "method": "GET",
      "origin": "https://zodiacs-q2i4dgo63-zodiacsofficial.vercel.app",
      "path": "/_astro/preact.module.Bjq9tLsx.js"
    },
    {
      "locale": "en",
      "width": 390,
      "method": "GET",
      "origin": "https://zodiacs-q2i4dgo63-zodiacsofficial.vercel.app",
      "path": "/_astro/hooks.module.C0_8FjiD.js"
    },
    {
      "locale": "en",
      "width": 390,
      "method": "GET",
      "origin": "https://zodiacs-q2i4dgo63-zodiacsofficial.vercel.app",
      "path": "/_astro/signs.BMXPKoMF.js"
    },
    {
      "locale": "en",
      "width": 390,
      "method": "GET",
      "origin": "https://zodiacs-q2i4dgo63-zodiacsofficial.vercel.app",
      "path": "/_astro/jsxRuntime.module.BG9KJlGc.js"
    },
    {
      "locale": "en",
      "width": 390,
      "method": "GET",
      "origin": "https://zodiacs-q2i4dgo63-zodiacsofficial.vercel.app",
      "path": "/_astro/EvidenceDisclosure.LNSfDkU7.js"
    },
    {
      "locale": "en",
      "width": 390,
      "method": "GET",
      "origin": "https://zodiacs-q2i4dgo63-zodiacsofficial.vercel.app",
      "path": "/_astro/i18n.Cg_lCJuc.js"
    },
    {
      "locale": "en",
      "width": 390,
      "method": "GET",
      "origin": "https://zodiacs-q2i4dgo63-zodiacsofficial.vercel.app",
      "path": "/_astro/CalculationReload.DXyGkRsn.js"
    },
    {
      "locale": "en",
      "width": 390,
      "method": "GET",
      "origin": "https://zodiacs-q2i4dgo63-zodiacsofficial.vercel.app",
      "path": "/_astro/astrology.BHib5efU.js"
    },
    {
      "locale": "en",
      "width": 390,
      "method": "GET",
      "origin": "https://zodiacs-q2i4dgo63-zodiacsofficial.vercel.app",
      "path": "/_astro/dates.D4PDcYt5.js"
    },
    {
      "locale": "en",
      "width": 390,
      "method": "GET",
      "origin": "https://zodiacs-q2i4dgo63-zodiacsofficial.vercel.app",
      "path": "/_astro/useEngine.BV92cVg4.js"
    },
    {
      "locale": "en",
      "width": 390,
      "method": "GET",
      "origin": "https://zodiacs-q2i4dgo63-zodiacsofficial.vercel.app",
      "path": "/_astro/PlaceSearch.D1WsU_jW.js"
    },
    {
      "locale": "en",
      "width": 390,
      "method": "GET",
      "origin": "https://zodiacs-q2i4dgo63-zodiacsofficial.vercel.app",
      "path": "/_astro/localToUtc.CrWG2CBc.js"
    },
    {
      "locale": "en",
      "width": 390,
      "method": "GET",
      "origin": "https://zodiacs-q2i4dgo63-zodiacsofficial.vercel.app",
      "path": "/_astro/SignChip.Dx3tQVZl.js"
    },
    {
      "locale": "en",
      "width": 390,
      "method": "GET",
      "origin": "https://zodiacs-q2i4dgo63-zodiacsofficial.vercel.app",
      "path": "/_astro/lite.DKWHZC5_.js"
    },
    {
      "locale": "en",
      "width": 390,
      "method": "GET",
      "origin": "https://zodiacs-q2i4dgo63-zodiacsofficial.vercel.app",
      "path": "/assets/app-icons/v3/favicon.svg"
    },
    {
      "locale": "en",
      "width": 390,
      "method": "GET",
      "origin": "https://zodiacs-q2i4dgo63-zodiacsofficial.vercel.app",
      "path": "/_astro/rolldown-runtime.DK3Fl9T5.js"
    },
    {
      "locale": "en",
      "width": 390,
      "method": "GET",
      "origin": "https://zodiacs-q2i4dgo63-zodiacsofficial.vercel.app",
      "path": "/_astro/civil-date.CpOZUt7Z.js"
    },
    {
      "locale": "en",
      "width": 390,
      "method": "GET",
      "origin": "https://zodiacs-q2i4dgo63-zodiacsofficial.vercel.app",
      "path": "/_astro/technical-locales.DDKucXXd.js"
    },
    {
      "locale": "en",
      "width": 390,
      "method": "GET",
      "origin": "https://zodiacs-q2i4dgo63-zodiacsofficial.vercel.app",
      "path": "/assets/site-footer.css"
    },
    {
      "locale": "en",
      "width": 390,
      "method": "GET",
      "origin": "https://zodiacs-q2i4dgo63-zodiacsofficial.vercel.app",
      "path": "/assets/assistant-ui.js"
    },
    {
      "locale": "en",
      "width": 390,
      "method": "GET",
      "origin": "https://zodiacs-q2i4dgo63-zodiacsofficial.vercel.app",
      "path": "/assets/assistant-ui.css"
    },
    {
      "locale": "en",
      "width": 390,
      "method": "GET",
      "origin": "https://zodiacs-q2i4dgo63-zodiacsofficial.vercel.app",
      "path": "/assets/guide-avatar.webp"
    },
    {
      "locale": "en",
      "width": 390,
      "method": "GET",
      "origin": "https://zodiacs-q2i4dgo63-zodiacsofficial.vercel.app",
      "path": "/fonts/instrument-sans-latin-wght-italic.woff2"
    },
    {
      "locale": "en",
      "width": 390,
      "method": "GET",
      "origin": "https://zodiacs-q2i4dgo63-zodiacsofficial.vercel.app",
      "path": "/fonts/golos-text-cyr-b.woff2"
    },
    {
      "locale": "en",
      "width": 390,
      "method": "GET",
      "origin": "https://zodiacs-q2i4dgo63-zodiacsofficial.vercel.app",
      "path": "/fonts/golos-text-cyr-a.woff2"
    },
    {
      "locale": "en",
      "width": 390,
      "method": "GET",
      "origin": "https://zodiacs-q2i4dgo63-zodiacsofficial.vercel.app",
      "path": "/fonts/eb-garamond-cyrillic-500-normal.woff2"
    },
    {
      "locale": "en",
      "width": 390,
      "method": "GET",
      "origin": "https://zodiacs-q2i4dgo63-zodiacsofficial.vercel.app",
      "path": "/fonts/jetbrains-mono-cyrillic-400-500.woff2"
    },
    {
      "locale": "en",
      "width": 390,
      "method": "GET",
      "origin": "https://zodiacs-q2i4dgo63-zodiacsofficial.vercel.app",
      "path": "/_astro/full.AQ--_mi-.js"
    },
    {
      "locale": "en",
      "width": 390,
      "method": "GET",
      "origin": "https://zodiacs-q2i4dgo63-zodiacsofficial.vercel.app",
      "path": "/_astro/chart-adapter.K-QfJlbI.js"
    },
    {
      "locale": "en",
      "width": 390,
      "method": "GET",
      "origin": "https://zodiacs-q2i4dgo63-zodiacsofficial.vercel.app",
      "path": "/_astro/chunk-INI453VG.BxjMUPBs.js"
    },
    {
      "locale": "en",
      "width": 390,
      "method": "GET",
      "origin": "https://zodiacs-q2i4dgo63-zodiacsofficial.vercel.app",
      "path": "/_astro/chunk-H7RJKCBO.BUIGSNBz.js"
    },
    {
      "locale": "en",
      "width": 390,
      "method": "GET",
      "origin": "https://zodiacs-q2i4dgo63-zodiacsofficial.vercel.app",
      "path": "/assets/zodiac-icons/48/aries.avif"
    },
    {
      "locale": "es",
      "width": 1280,
      "method": "GET",
      "origin": "https://zodiacs-q2i4dgo63-zodiacsofficial.vercel.app",
      "path": "/es/moon-phase/"
    },
    {
      "locale": "es",
      "width": 1280,
      "method": "GET",
      "origin": "https://zodiacs-q2i4dgo63-zodiacsofficial.vercel.app",
      "path": "/fonts/instrument-sans-latin-wght-normal.woff2"
    },
    {
      "locale": "es",
      "width": 1280,
      "method": "GET",
      "origin": "https://zodiacs-q2i4dgo63-zodiacsofficial.vercel.app",
      "path": "/fonts/eb-garamond-latin-400-normal.woff2"
    },
    {
      "locale": "es",
      "width": 1280,
      "method": "GET",
      "origin": "https://zodiacs-q2i4dgo63-zodiacsofficial.vercel.app",
      "path": "/fonts/eb-garamond-latin-500-normal.woff2"
    },
    {
      "locale": "es",
      "width": 1280,
      "method": "GET",
      "origin": "https://zodiacs-q2i4dgo63-zodiacsofficial.vercel.app",
      "path": "/_astro/Base.Bryss0yT.css"
    },
    {
      "locale": "es",
      "width": 1280,
      "method": "GET",
      "origin": "https://zodiacs-q2i4dgo63-zodiacsofficial.vercel.app",
      "path": "/_astro/calculator.MBHg3tIV.css"
    },
    {
      "locale": "es",
      "width": 1280,
      "method": "GET",
      "origin": "https://plausible.io",
      "path": "/js/pa-HwF2IBb5Sw8eboNPSOgHv.js"
    },
    {
      "locale": "es",
      "width": 1280,
      "method": "GET",
      "origin": "https://zodiacs-q2i4dgo63-zodiacsofficial.vercel.app",
      "path": "/_astro/MoonPhaseTool.BTXtrlp9.js"
    },
    {
      "locale": "es",
      "width": 1280,
      "method": "GET",
      "origin": "https://zodiacs-q2i4dgo63-zodiacsofficial.vercel.app",
      "path": "/_astro/client.DPkn9Lbl.js"
    },
    {
      "locale": "es",
      "width": 1280,
      "method": "GET",
      "origin": "https://zodiacs-q2i4dgo63-zodiacsofficial.vercel.app",
      "path": "/fonts/eb-garamond-latin-400-italic.woff2"
    },
    {
      "locale": "es",
      "width": 1280,
      "method": "GET",
      "origin": "https://zodiacs-q2i4dgo63-zodiacsofficial.vercel.app",
      "path": "/fonts/jetbrains-mono-latin-wght-normal.woff2"
    },
    {
      "locale": "es",
      "width": 1280,
      "method": "GET",
      "origin": "https://zodiacs-q2i4dgo63-zodiacsofficial.vercel.app",
      "path": "/assets/guide-avatar.webp"
    },
    {
      "locale": "es",
      "width": 1280,
      "method": "GET",
      "origin": "https://zodiacs-q2i4dgo63-zodiacsofficial.vercel.app",
      "path": "/assets/zodiac-icons/48/aries.webp"
    },
    {
      "locale": "es",
      "width": 1280,
      "method": "GET",
      "origin": "https://zodiacs-q2i4dgo63-zodiacsofficial.vercel.app",
      "path": "/assets/zodiac-icons/48/taurus.webp"
    },
    {
      "locale": "es",
      "width": 1280,
      "method": "GET",
      "origin": "https://zodiacs-q2i4dgo63-zodiacsofficial.vercel.app",
      "path": "/assets/zodiac-icons/48/gemini.webp"
    },
    {
      "locale": "es",
      "width": 1280,
      "method": "GET",
      "origin": "https://zodiacs-q2i4dgo63-zodiacsofficial.vercel.app",
      "path": "/assets/app-icons/v3/favicon.svg"
    },
    {
      "locale": "es",
      "width": 1280,
      "method": "GET",
      "origin": "https://zodiacs-q2i4dgo63-zodiacsofficial.vercel.app",
      "path": "/_astro/preload-helper.L5lOfJxi.js"
    },
    {
      "locale": "es",
      "width": 1280,
      "method": "GET",
      "origin": "https://zodiacs-q2i4dgo63-zodiacsofficial.vercel.app",
      "path": "/_astro/preact.module.Bjq9tLsx.js"
    },
    {
      "locale": "es",
      "width": 1280,
      "method": "GET",
      "origin": "https://zodiacs-q2i4dgo63-zodiacsofficial.vercel.app",
      "path": "/_astro/hooks.module.C0_8FjiD.js"
    },
    {
      "locale": "es",
      "width": 1280,
      "method": "GET",
      "origin": "https://zodiacs-q2i4dgo63-zodiacsofficial.vercel.app",
      "path": "/_astro/signs.BMXPKoMF.js"
    },
    {
      "locale": "es",
      "width": 1280,
      "method": "GET",
      "origin": "https://zodiacs-q2i4dgo63-zodiacsofficial.vercel.app",
      "path": "/_astro/jsxRuntime.module.BG9KJlGc.js"
    },
    {
      "locale": "es",
      "width": 1280,
      "method": "GET",
      "origin": "https://zodiacs-q2i4dgo63-zodiacsofficial.vercel.app",
      "path": "/_astro/EvidenceDisclosure.LNSfDkU7.js"
    },
    {
      "locale": "es",
      "width": 1280,
      "method": "GET",
      "origin": "https://zodiacs-q2i4dgo63-zodiacsofficial.vercel.app",
      "path": "/_astro/i18n.Cg_lCJuc.js"
    },
    {
      "locale": "es",
      "width": 1280,
      "method": "GET",
      "origin": "https://zodiacs-q2i4dgo63-zodiacsofficial.vercel.app",
      "path": "/_astro/CalculationReload.DXyGkRsn.js"
    },
    {
      "locale": "es",
      "width": 1280,
      "method": "GET",
      "origin": "https://zodiacs-q2i4dgo63-zodiacsofficial.vercel.app",
      "path": "/_astro/astrology.BHib5efU.js"
    },
    {
      "locale": "es",
      "width": 1280,
      "method": "GET",
      "origin": "https://zodiacs-q2i4dgo63-zodiacsofficial.vercel.app",
      "path": "/_astro/dates.D4PDcYt5.js"
    },
    {
      "locale": "es",
      "width": 1280,
      "method": "GET",
      "origin": "https://zodiacs-q2i4dgo63-zodiacsofficial.vercel.app",
      "path": "/_astro/useEngine.BV92cVg4.js"
    },
    {
      "locale": "es",
      "width": 1280,
      "method": "GET",
      "origin": "https://zodiacs-q2i4dgo63-zodiacsofficial.vercel.app",
      "path": "/_astro/PlaceSearch.D1WsU_jW.js"
    },
    {
      "locale": "es",
      "width": 1280,
      "method": "GET",
      "origin": "https://zodiacs-q2i4dgo63-zodiacsofficial.vercel.app",
      "path": "/_astro/localToUtc.CrWG2CBc.js"
    },
    {
      "locale": "es",
      "width": 1280,
      "method": "GET",
      "origin": "https://zodiacs-q2i4dgo63-zodiacsofficial.vercel.app",
      "path": "/_astro/SignChip.Dx3tQVZl.js"
    },
    {
      "locale": "es",
      "width": 1280,
      "method": "GET",
      "origin": "https://zodiacs-q2i4dgo63-zodiacsofficial.vercel.app",
      "path": "/_astro/lite.DKWHZC5_.js"
    },
    {
      "locale": "es",
      "width": 1280,
      "method": "GET",
      "origin": "https://zodiacs-q2i4dgo63-zodiacsofficial.vercel.app",
      "path": "/_astro/rolldown-runtime.DK3Fl9T5.js"
    },
    {
      "locale": "es",
      "width": 1280,
      "method": "GET",
      "origin": "https://zodiacs-q2i4dgo63-zodiacsofficial.vercel.app",
      "path": "/_astro/civil-date.CpOZUt7Z.js"
    },
    {
      "locale": "es",
      "width": 1280,
      "method": "GET",
      "origin": "https://zodiacs-q2i4dgo63-zodiacsofficial.vercel.app",
      "path": "/_astro/technical-locales.DDKucXXd.js"
    },
    {
      "locale": "es",
      "width": 1280,
      "method": "GET",
      "origin": "https://zodiacs-q2i4dgo63-zodiacsofficial.vercel.app",
      "path": "/assets/site-footer.css"
    },
    {
      "locale": "es",
      "width": 1280,
      "method": "GET",
      "origin": "https://zodiacs-q2i4dgo63-zodiacsofficial.vercel.app",
      "path": "/assets/assistant-ui.js"
    },
    {
      "locale": "es",
      "width": 1280,
      "method": "GET",
      "origin": "https://zodiacs-q2i4dgo63-zodiacsofficial.vercel.app",
      "path": "/assets/assistant-ui.css"
    },
    {
      "locale": "es",
      "width": 1280,
      "method": "GET",
      "origin": "https://zodiacs-q2i4dgo63-zodiacsofficial.vercel.app",
      "path": "/fonts/instrument-sans-latin-wght-italic.woff2"
    },
    {
      "locale": "es",
      "width": 1280,
      "method": "GET",
      "origin": "https://zodiacs-q2i4dgo63-zodiacsofficial.vercel.app",
      "path": "/fonts/golos-text-cyr-b.woff2"
    },
    {
      "locale": "es",
      "width": 1280,
      "method": "GET",
      "origin": "https://zodiacs-q2i4dgo63-zodiacsofficial.vercel.app",
      "path": "/fonts/golos-text-cyr-a.woff2"
    },
    {
      "locale": "es",
      "width": 1280,
      "method": "GET",
      "origin": "https://zodiacs-q2i4dgo63-zodiacsofficial.vercel.app",
      "path": "/fonts/eb-garamond-cyrillic-500-normal.woff2"
    },
    {
      "locale": "es",
      "width": 1280,
      "method": "GET",
      "origin": "https://zodiacs-q2i4dgo63-zodiacsofficial.vercel.app",
      "path": "/fonts/jetbrains-mono-cyrillic-400-500.woff2"
    },
    {
      "locale": "es",
      "width": 1280,
      "method": "GET",
      "origin": "https://zodiacs-q2i4dgo63-zodiacsofficial.vercel.app",
      "path": "/_astro/full.AQ--_mi-.js"
    },
    {
      "locale": "es",
      "width": 1280,
      "method": "GET",
      "origin": "https://zodiacs-q2i4dgo63-zodiacsofficial.vercel.app",
      "path": "/_astro/chart-adapter.K-QfJlbI.js"
    },
    {
      "locale": "es",
      "width": 1280,
      "method": "GET",
      "origin": "https://zodiacs-q2i4dgo63-zodiacsofficial.vercel.app",
      "path": "/_astro/chunk-INI453VG.BxjMUPBs.js"
    },
    {
      "locale": "es",
      "width": 1280,
      "method": "GET",
      "origin": "https://zodiacs-q2i4dgo63-zodiacsofficial.vercel.app",
      "path": "/_astro/chunk-H7RJKCBO.BUIGSNBz.js"
    },
    {
      "locale": "es",
      "width": 1280,
      "method": "GET",
      "origin": "https://zodiacs-q2i4dgo63-zodiacsofficial.vercel.app",
      "path": "/assets/zodiac-icons/48/aries.avif"
    },
    {
      "locale": "es",
      "width": 1280,
      "method": "GET",
      "origin": "https://zodiacs-q2i4dgo63-zodiacsofficial.vercel.app",
      "path": "/assets/zodiac-icons/48/cancer.webp"
    },
    {
      "locale": "es",
      "width": 1280,
      "method": "GET",
      "origin": "https://zodiacs-q2i4dgo63-zodiacsofficial.vercel.app",
      "path": "/assets/zodiac-icons/48/leo.webp"
    },
    {
      "locale": "es",
      "width": 1280,
      "method": "GET",
      "origin": "https://zodiacs-q2i4dgo63-zodiacsofficial.vercel.app",
      "path": "/assets/zodiac-icons/48/virgo.webp"
    },
    {
      "locale": "es",
      "width": 1280,
      "method": "GET",
      "origin": "https://zodiacs-q2i4dgo63-zodiacsofficial.vercel.app",
      "path": "/assets/zodiac-icons/48/libra.webp"
    },
    {
      "locale": "es",
      "width": 1280,
      "method": "GET",
      "origin": "https://zodiacs-q2i4dgo63-zodiacsofficial.vercel.app",
      "path": "/assets/zodiac-icons/48/scorpio.webp"
    },
    {
      "locale": "es",
      "width": 1280,
      "method": "GET",
      "origin": "https://zodiacs-q2i4dgo63-zodiacsofficial.vercel.app",
      "path": "/assets/zodiac-icons/48/sagittarius.webp"
    },
    {
      "locale": "es",
      "width": 1280,
      "method": "GET",
      "origin": "https://zodiacs-q2i4dgo63-zodiacsofficial.vercel.app",
      "path": "/assets/zodiac-icons/48/capricorn.webp"
    },
    {
      "locale": "es",
      "width": 1280,
      "method": "GET",
      "origin": "https://zodiacs-q2i4dgo63-zodiacsofficial.vercel.app",
      "path": "/assets/zodiac-icons/48/aquarius.webp"
    },
    {
      "locale": "es",
      "width": 1280,
      "method": "GET",
      "origin": "https://zodiacs-q2i4dgo63-zodiacsofficial.vercel.app",
      "path": "/assets/zodiac-icons/48/pisces.webp"
    },
    {
      "locale": "es",
      "width": 390,
      "method": "GET",
      "origin": "https://zodiacs-q2i4dgo63-zodiacsofficial.vercel.app",
      "path": "/es/moon-phase/"
    },
    {
      "locale": "es",
      "width": 390,
      "method": "GET",
      "origin": "https://zodiacs-q2i4dgo63-zodiacsofficial.vercel.app",
      "path": "/fonts/instrument-sans-latin-wght-normal.woff2"
    },
    {
      "locale": "es",
      "width": 390,
      "method": "GET",
      "origin": "https://zodiacs-q2i4dgo63-zodiacsofficial.vercel.app",
      "path": "/fonts/eb-garamond-latin-400-normal.woff2"
    },
    {
      "locale": "es",
      "width": 390,
      "method": "GET",
      "origin": "https://zodiacs-q2i4dgo63-zodiacsofficial.vercel.app",
      "path": "/fonts/eb-garamond-latin-500-normal.woff2"
    },
    {
      "locale": "es",
      "width": 390,
      "method": "GET",
      "origin": "https://zodiacs-q2i4dgo63-zodiacsofficial.vercel.app",
      "path": "/_astro/Base.Bryss0yT.css"
    },
    {
      "locale": "es",
      "width": 390,
      "method": "GET",
      "origin": "https://zodiacs-q2i4dgo63-zodiacsofficial.vercel.app",
      "path": "/_astro/calculator.MBHg3tIV.css"
    },
    {
      "locale": "es",
      "width": 390,
      "method": "GET",
      "origin": "https://plausible.io",
      "path": "/js/pa-HwF2IBb5Sw8eboNPSOgHv.js"
    },
    {
      "locale": "es",
      "width": 390,
      "method": "GET",
      "origin": "https://zodiacs-q2i4dgo63-zodiacsofficial.vercel.app",
      "path": "/_astro/MoonPhaseTool.BTXtrlp9.js"
    },
    {
      "locale": "es",
      "width": 390,
      "method": "GET",
      "origin": "https://zodiacs-q2i4dgo63-zodiacsofficial.vercel.app",
      "path": "/_astro/client.DPkn9Lbl.js"
    },
    {
      "locale": "es",
      "width": 390,
      "method": "GET",
      "origin": "https://zodiacs-q2i4dgo63-zodiacsofficial.vercel.app",
      "path": "/fonts/eb-garamond-latin-400-italic.woff2"
    },
    {
      "locale": "es",
      "width": 390,
      "method": "GET",
      "origin": "https://zodiacs-q2i4dgo63-zodiacsofficial.vercel.app",
      "path": "/fonts/jetbrains-mono-latin-wght-normal.woff2"
    },
    {
      "locale": "es",
      "width": 390,
      "method": "GET",
      "origin": "https://zodiacs-q2i4dgo63-zodiacsofficial.vercel.app",
      "path": "/assets/guide-avatar.webp"
    },
    {
      "locale": "es",
      "width": 390,
      "method": "GET",
      "origin": "https://zodiacs-q2i4dgo63-zodiacsofficial.vercel.app",
      "path": "/_astro/preact.module.Bjq9tLsx.js"
    },
    {
      "locale": "es",
      "width": 390,
      "method": "GET",
      "origin": "https://zodiacs-q2i4dgo63-zodiacsofficial.vercel.app",
      "path": "/_astro/hooks.module.C0_8FjiD.js"
    },
    {
      "locale": "es",
      "width": 390,
      "method": "GET",
      "origin": "https://zodiacs-q2i4dgo63-zodiacsofficial.vercel.app",
      "path": "/_astro/signs.BMXPKoMF.js"
    },
    {
      "locale": "es",
      "width": 390,
      "method": "GET",
      "origin": "https://zodiacs-q2i4dgo63-zodiacsofficial.vercel.app",
      "path": "/_astro/jsxRuntime.module.BG9KJlGc.js"
    },
    {
      "locale": "es",
      "width": 390,
      "method": "GET",
      "origin": "https://zodiacs-q2i4dgo63-zodiacsofficial.vercel.app",
      "path": "/_astro/EvidenceDisclosure.LNSfDkU7.js"
    },
    {
      "locale": "es",
      "width": 390,
      "method": "GET",
      "origin": "https://zodiacs-q2i4dgo63-zodiacsofficial.vercel.app",
      "path": "/_astro/i18n.Cg_lCJuc.js"
    },
    {
      "locale": "es",
      "width": 390,
      "method": "GET",
      "origin": "https://zodiacs-q2i4dgo63-zodiacsofficial.vercel.app",
      "path": "/_astro/CalculationReload.DXyGkRsn.js"
    },
    {
      "locale": "es",
      "width": 390,
      "method": "GET",
      "origin": "https://zodiacs-q2i4dgo63-zodiacsofficial.vercel.app",
      "path": "/_astro/astrology.BHib5efU.js"
    },
    {
      "locale": "es",
      "width": 390,
      "method": "GET",
      "origin": "https://zodiacs-q2i4dgo63-zodiacsofficial.vercel.app",
      "path": "/_astro/dates.D4PDcYt5.js"
    },
    {
      "locale": "es",
      "width": 390,
      "method": "GET",
      "origin": "https://zodiacs-q2i4dgo63-zodiacsofficial.vercel.app",
      "path": "/_astro/useEngine.BV92cVg4.js"
    },
    {
      "locale": "es",
      "width": 390,
      "method": "GET",
      "origin": "https://zodiacs-q2i4dgo63-zodiacsofficial.vercel.app",
      "path": "/_astro/PlaceSearch.D1WsU_jW.js"
    },
    {
      "locale": "es",
      "width": 390,
      "method": "GET",
      "origin": "https://zodiacs-q2i4dgo63-zodiacsofficial.vercel.app",
      "path": "/_astro/localToUtc.CrWG2CBc.js"
    },
    {
      "locale": "es",
      "width": 390,
      "method": "GET",
      "origin": "https://zodiacs-q2i4dgo63-zodiacsofficial.vercel.app",
      "path": "/_astro/SignChip.Dx3tQVZl.js"
    },
    {
      "locale": "es",
      "width": 390,
      "method": "GET",
      "origin": "https://zodiacs-q2i4dgo63-zodiacsofficial.vercel.app",
      "path": "/_astro/lite.DKWHZC5_.js"
    },
    {
      "locale": "es",
      "width": 390,
      "method": "GET",
      "origin": "https://zodiacs-q2i4dgo63-zodiacsofficial.vercel.app",
      "path": "/_astro/preload-helper.L5lOfJxi.js"
    },
    {
      "locale": "es",
      "width": 390,
      "method": "GET",
      "origin": "https://zodiacs-q2i4dgo63-zodiacsofficial.vercel.app",
      "path": "/assets/app-icons/v3/favicon.svg"
    },
    {
      "locale": "es",
      "width": 390,
      "method": "GET",
      "origin": "https://zodiacs-q2i4dgo63-zodiacsofficial.vercel.app",
      "path": "/_astro/rolldown-runtime.DK3Fl9T5.js"
    },
    {
      "locale": "es",
      "width": 390,
      "method": "GET",
      "origin": "https://zodiacs-q2i4dgo63-zodiacsofficial.vercel.app",
      "path": "/_astro/civil-date.CpOZUt7Z.js"
    },
    {
      "locale": "es",
      "width": 390,
      "method": "GET",
      "origin": "https://zodiacs-q2i4dgo63-zodiacsofficial.vercel.app",
      "path": "/_astro/technical-locales.DDKucXXd.js"
    },
    {
      "locale": "es",
      "width": 390,
      "method": "GET",
      "origin": "https://zodiacs-q2i4dgo63-zodiacsofficial.vercel.app",
      "path": "/assets/site-footer.css"
    },
    {
      "locale": "es",
      "width": 390,
      "method": "GET",
      "origin": "https://zodiacs-q2i4dgo63-zodiacsofficial.vercel.app",
      "path": "/assets/assistant-ui.js"
    },
    {
      "locale": "es",
      "width": 390,
      "method": "GET",
      "origin": "https://zodiacs-q2i4dgo63-zodiacsofficial.vercel.app",
      "path": "/assets/assistant-ui.css"
    },
    {
      "locale": "es",
      "width": 390,
      "method": "GET",
      "origin": "https://zodiacs-q2i4dgo63-zodiacsofficial.vercel.app",
      "path": "/fonts/instrument-sans-latin-wght-italic.woff2"
    },
    {
      "locale": "es",
      "width": 390,
      "method": "GET",
      "origin": "https://zodiacs-q2i4dgo63-zodiacsofficial.vercel.app",
      "path": "/fonts/golos-text-cyr-b.woff2"
    },
    {
      "locale": "es",
      "width": 390,
      "method": "GET",
      "origin": "https://zodiacs-q2i4dgo63-zodiacsofficial.vercel.app",
      "path": "/fonts/golos-text-cyr-a.woff2"
    },
    {
      "locale": "es",
      "width": 390,
      "method": "GET",
      "origin": "https://zodiacs-q2i4dgo63-zodiacsofficial.vercel.app",
      "path": "/fonts/eb-garamond-cyrillic-500-normal.woff2"
    },
    {
      "locale": "es",
      "width": 390,
      "method": "GET",
      "origin": "https://zodiacs-q2i4dgo63-zodiacsofficial.vercel.app",
      "path": "/fonts/jetbrains-mono-cyrillic-400-500.woff2"
    },
    {
      "locale": "es",
      "width": 390,
      "method": "GET",
      "origin": "https://zodiacs-q2i4dgo63-zodiacsofficial.vercel.app",
      "path": "/_astro/full.AQ--_mi-.js"
    },
    {
      "locale": "es",
      "width": 390,
      "method": "GET",
      "origin": "https://zodiacs-q2i4dgo63-zodiacsofficial.vercel.app",
      "path": "/_astro/chart-adapter.K-QfJlbI.js"
    },
    {
      "locale": "es",
      "width": 390,
      "method": "GET",
      "origin": "https://zodiacs-q2i4dgo63-zodiacsofficial.vercel.app",
      "path": "/_astro/chunk-INI453VG.BxjMUPBs.js"
    },
    {
      "locale": "es",
      "width": 390,
      "method": "GET",
      "origin": "https://zodiacs-q2i4dgo63-zodiacsofficial.vercel.app",
      "path": "/_astro/chunk-H7RJKCBO.BUIGSNBz.js"
    },
    {
      "locale": "es",
      "width": 390,
      "method": "GET",
      "origin": "https://zodiacs-q2i4dgo63-zodiacsofficial.vercel.app",
      "path": "/assets/zodiac-icons/48/aries.webp"
    },
    {
      "locale": "es",
      "width": 390,
      "method": "GET",
      "origin": "https://zodiacs-q2i4dgo63-zodiacsofficial.vercel.app",
      "path": "/assets/zodiac-icons/48/taurus.webp"
    },
    {
      "locale": "es",
      "width": 390,
      "method": "GET",
      "origin": "https://zodiacs-q2i4dgo63-zodiacsofficial.vercel.app",
      "path": "/assets/zodiac-icons/48/gemini.webp"
    },
    {
      "locale": "es",
      "width": 390,
      "method": "GET",
      "origin": "https://zodiacs-q2i4dgo63-zodiacsofficial.vercel.app",
      "path": "/assets/zodiac-icons/48/cancer.webp"
    },
    {
      "locale": "es",
      "width": 390,
      "method": "GET",
      "origin": "https://zodiacs-q2i4dgo63-zodiacsofficial.vercel.app",
      "path": "/assets/zodiac-icons/48/leo.webp"
    },
    {
      "locale": "es",
      "width": 390,
      "method": "GET",
      "origin": "https://zodiacs-q2i4dgo63-zodiacsofficial.vercel.app",
      "path": "/assets/zodiac-icons/48/virgo.webp"
    },
    {
      "locale": "es",
      "width": 390,
      "method": "GET",
      "origin": "https://zodiacs-q2i4dgo63-zodiacsofficial.vercel.app",
      "path": "/assets/zodiac-icons/48/libra.webp"
    },
    {
      "locale": "es",
      "width": 390,
      "method": "GET",
      "origin": "https://zodiacs-q2i4dgo63-zodiacsofficial.vercel.app",
      "path": "/assets/zodiac-icons/48/scorpio.webp"
    },
    {
      "locale": "es",
      "width": 390,
      "method": "GET",
      "origin": "https://zodiacs-q2i4dgo63-zodiacsofficial.vercel.app",
      "path": "/assets/zodiac-icons/48/sagittarius.webp"
    },
    {
      "locale": "es",
      "width": 390,
      "method": "GET",
      "origin": "https://zodiacs-q2i4dgo63-zodiacsofficial.vercel.app",
      "path": "/assets/zodiac-icons/48/capricorn.webp"
    },
    {
      "locale": "es",
      "width": 390,
      "method": "GET",
      "origin": "https://zodiacs-q2i4dgo63-zodiacsofficial.vercel.app",
      "path": "/assets/zodiac-icons/48/aquarius.webp"
    },
    {
      "locale": "es",
      "width": 390,
      "method": "GET",
      "origin": "https://zodiacs-q2i4dgo63-zodiacsofficial.vercel.app",
      "path": "/assets/zodiac-icons/48/pisces.webp"
    },
    {
      "locale": "es",
      "width": 390,
      "method": "GET",
      "origin": "https://zodiacs-q2i4dgo63-zodiacsofficial.vercel.app",
      "path": "/assets/zodiac-icons/48/aries.avif"
    },
    {
      "locale": "fr",
      "width": 1280,
      "method": "GET",
      "origin": "https://zodiacs-q2i4dgo63-zodiacsofficial.vercel.app",
      "path": "/fr/moon-phase/"
    },
    {
      "locale": "fr",
      "width": 1280,
      "method": "GET",
      "origin": "https://zodiacs-q2i4dgo63-zodiacsofficial.vercel.app",
      "path": "/fonts/instrument-sans-latin-wght-normal.woff2"
    },
    {
      "locale": "fr",
      "width": 1280,
      "method": "GET",
      "origin": "https://zodiacs-q2i4dgo63-zodiacsofficial.vercel.app",
      "path": "/fonts/eb-garamond-latin-400-normal.woff2"
    },
    {
      "locale": "fr",
      "width": 1280,
      "method": "GET",
      "origin": "https://zodiacs-q2i4dgo63-zodiacsofficial.vercel.app",
      "path": "/fonts/eb-garamond-latin-500-normal.woff2"
    },
    {
      "locale": "fr",
      "width": 1280,
      "method": "GET",
      "origin": "https://zodiacs-q2i4dgo63-zodiacsofficial.vercel.app",
      "path": "/_astro/Base.Bryss0yT.css"
    },
    {
      "locale": "fr",
      "width": 1280,
      "method": "GET",
      "origin": "https://zodiacs-q2i4dgo63-zodiacsofficial.vercel.app",
      "path": "/_astro/calculator.MBHg3tIV.css"
    },
    {
      "locale": "fr",
      "width": 1280,
      "method": "GET",
      "origin": "https://plausible.io",
      "path": "/js/pa-HwF2IBb5Sw8eboNPSOgHv.js"
    },
    {
      "locale": "fr",
      "width": 1280,
      "method": "GET",
      "origin": "https://zodiacs-q2i4dgo63-zodiacsofficial.vercel.app",
      "path": "/_astro/MoonPhaseTool.BTXtrlp9.js"
    },
    {
      "locale": "fr",
      "width": 1280,
      "method": "GET",
      "origin": "https://zodiacs-q2i4dgo63-zodiacsofficial.vercel.app",
      "path": "/_astro/client.DPkn9Lbl.js"
    },
    {
      "locale": "fr",
      "width": 1280,
      "method": "GET",
      "origin": "https://zodiacs-q2i4dgo63-zodiacsofficial.vercel.app",
      "path": "/fonts/jetbrains-mono-latin-wght-normal.woff2"
    },
    {
      "locale": "fr",
      "width": 1280,
      "method": "GET",
      "origin": "https://zodiacs-q2i4dgo63-zodiacsofficial.vercel.app",
      "path": "/fonts/eb-garamond-latin-400-italic.woff2"
    },
    {
      "locale": "fr",
      "width": 1280,
      "method": "GET",
      "origin": "https://zodiacs-q2i4dgo63-zodiacsofficial.vercel.app",
      "path": "/assets/guide-avatar.webp"
    },
    {
      "locale": "fr",
      "width": 1280,
      "method": "GET",
      "origin": "https://zodiacs-q2i4dgo63-zodiacsofficial.vercel.app",
      "path": "/assets/zodiac-icons/48/aries.webp"
    },
    {
      "locale": "fr",
      "width": 1280,
      "method": "GET",
      "origin": "https://zodiacs-q2i4dgo63-zodiacsofficial.vercel.app",
      "path": "/assets/zodiac-icons/48/taurus.webp"
    },
    {
      "locale": "fr",
      "width": 1280,
      "method": "GET",
      "origin": "https://zodiacs-q2i4dgo63-zodiacsofficial.vercel.app",
      "path": "/_astro/preload-helper.L5lOfJxi.js"
    },
    {
      "locale": "fr",
      "width": 1280,
      "method": "GET",
      "origin": "https://zodiacs-q2i4dgo63-zodiacsofficial.vercel.app",
      "path": "/_astro/preact.module.Bjq9tLsx.js"
    },
    {
      "locale": "fr",
      "width": 1280,
      "method": "GET",
      "origin": "https://zodiacs-q2i4dgo63-zodiacsofficial.vercel.app",
      "path": "/_astro/hooks.module.C0_8FjiD.js"
    },
    {
      "locale": "fr",
      "width": 1280,
      "method": "GET",
      "origin": "https://zodiacs-q2i4dgo63-zodiacsofficial.vercel.app",
      "path": "/_astro/signs.BMXPKoMF.js"
    },
    {
      "locale": "fr",
      "width": 1280,
      "method": "GET",
      "origin": "https://zodiacs-q2i4dgo63-zodiacsofficial.vercel.app",
      "path": "/_astro/jsxRuntime.module.BG9KJlGc.js"
    },
    {
      "locale": "fr",
      "width": 1280,
      "method": "GET",
      "origin": "https://zodiacs-q2i4dgo63-zodiacsofficial.vercel.app",
      "path": "/_astro/EvidenceDisclosure.LNSfDkU7.js"
    },
    {
      "locale": "fr",
      "width": 1280,
      "method": "GET",
      "origin": "https://zodiacs-q2i4dgo63-zodiacsofficial.vercel.app",
      "path": "/_astro/i18n.Cg_lCJuc.js"
    },
    {
      "locale": "fr",
      "width": 1280,
      "method": "GET",
      "origin": "https://zodiacs-q2i4dgo63-zodiacsofficial.vercel.app",
      "path": "/_astro/CalculationReload.DXyGkRsn.js"
    },
    {
      "locale": "fr",
      "width": 1280,
      "method": "GET",
      "origin": "https://zodiacs-q2i4dgo63-zodiacsofficial.vercel.app",
      "path": "/_astro/astrology.BHib5efU.js"
    },
    {
      "locale": "fr",
      "width": 1280,
      "method": "GET",
      "origin": "https://zodiacs-q2i4dgo63-zodiacsofficial.vercel.app",
      "path": "/_astro/dates.D4PDcYt5.js"
    },
    {
      "locale": "fr",
      "width": 1280,
      "method": "GET",
      "origin": "https://zodiacs-q2i4dgo63-zodiacsofficial.vercel.app",
      "path": "/_astro/useEngine.BV92cVg4.js"
    },
    {
      "locale": "fr",
      "width": 1280,
      "method": "GET",
      "origin": "https://zodiacs-q2i4dgo63-zodiacsofficial.vercel.app",
      "path": "/_astro/PlaceSearch.D1WsU_jW.js"
    },
    {
      "locale": "fr",
      "width": 1280,
      "method": "GET",
      "origin": "https://zodiacs-q2i4dgo63-zodiacsofficial.vercel.app",
      "path": "/_astro/localToUtc.CrWG2CBc.js"
    },
    {
      "locale": "fr",
      "width": 1280,
      "method": "GET",
      "origin": "https://zodiacs-q2i4dgo63-zodiacsofficial.vercel.app",
      "path": "/_astro/SignChip.Dx3tQVZl.js"
    },
    {
      "locale": "fr",
      "width": 1280,
      "method": "GET",
      "origin": "https://zodiacs-q2i4dgo63-zodiacsofficial.vercel.app",
      "path": "/_astro/lite.DKWHZC5_.js"
    },
    {
      "locale": "fr",
      "width": 1280,
      "method": "GET",
      "origin": "https://zodiacs-q2i4dgo63-zodiacsofficial.vercel.app",
      "path": "/_astro/rolldown-runtime.DK3Fl9T5.js"
    },
    {
      "locale": "fr",
      "width": 1280,
      "method": "GET",
      "origin": "https://zodiacs-q2i4dgo63-zodiacsofficial.vercel.app",
      "path": "/_astro/civil-date.CpOZUt7Z.js"
    },
    {
      "locale": "fr",
      "width": 1280,
      "method": "GET",
      "origin": "https://zodiacs-q2i4dgo63-zodiacsofficial.vercel.app",
      "path": "/_astro/technical-locales.DDKucXXd.js"
    },
    {
      "locale": "fr",
      "width": 1280,
      "method": "GET",
      "origin": "https://zodiacs-q2i4dgo63-zodiacsofficial.vercel.app",
      "path": "/assets/app-icons/v3/favicon.svg"
    },
    {
      "locale": "fr",
      "width": 1280,
      "method": "GET",
      "origin": "https://zodiacs-q2i4dgo63-zodiacsofficial.vercel.app",
      "path": "/assets/site-footer.css"
    },
    {
      "locale": "fr",
      "width": 1280,
      "method": "GET",
      "origin": "https://zodiacs-q2i4dgo63-zodiacsofficial.vercel.app",
      "path": "/assets/assistant-ui.js"
    },
    {
      "locale": "fr",
      "width": 1280,
      "method": "GET",
      "origin": "https://zodiacs-q2i4dgo63-zodiacsofficial.vercel.app",
      "path": "/assets/assistant-ui.css"
    },
    {
      "locale": "fr",
      "width": 1280,
      "method": "GET",
      "origin": "https://zodiacs-q2i4dgo63-zodiacsofficial.vercel.app",
      "path": "/fonts/instrument-sans-latin-wght-italic.woff2"
    },
    {
      "locale": "fr",
      "width": 1280,
      "method": "GET",
      "origin": "https://zodiacs-q2i4dgo63-zodiacsofficial.vercel.app",
      "path": "/fonts/golos-text-cyr-b.woff2"
    },
    {
      "locale": "fr",
      "width": 1280,
      "method": "GET",
      "origin": "https://zodiacs-q2i4dgo63-zodiacsofficial.vercel.app",
      "path": "/fonts/golos-text-cyr-a.woff2"
    },
    {
      "locale": "fr",
      "width": 1280,
      "method": "GET",
      "origin": "https://zodiacs-q2i4dgo63-zodiacsofficial.vercel.app",
      "path": "/fonts/eb-garamond-cyrillic-500-normal.woff2"
    },
    {
      "locale": "fr",
      "width": 1280,
      "method": "GET",
      "origin": "https://zodiacs-q2i4dgo63-zodiacsofficial.vercel.app",
      "path": "/fonts/jetbrains-mono-cyrillic-400-500.woff2"
    },
    {
      "locale": "fr",
      "width": 1280,
      "method": "GET",
      "origin": "https://zodiacs-q2i4dgo63-zodiacsofficial.vercel.app",
      "path": "/_astro/full.AQ--_mi-.js"
    },
    {
      "locale": "fr",
      "width": 1280,
      "method": "GET",
      "origin": "https://zodiacs-q2i4dgo63-zodiacsofficial.vercel.app",
      "path": "/_astro/chart-adapter.K-QfJlbI.js"
    },
    {
      "locale": "fr",
      "width": 1280,
      "method": "GET",
      "origin": "https://zodiacs-q2i4dgo63-zodiacsofficial.vercel.app",
      "path": "/_astro/chunk-INI453VG.BxjMUPBs.js"
    },
    {
      "locale": "fr",
      "width": 1280,
      "method": "GET",
      "origin": "https://zodiacs-q2i4dgo63-zodiacsofficial.vercel.app",
      "path": "/_astro/chunk-H7RJKCBO.BUIGSNBz.js"
    },
    {
      "locale": "fr",
      "width": 1280,
      "method": "GET",
      "origin": "https://zodiacs-q2i4dgo63-zodiacsofficial.vercel.app",
      "path": "/assets/zodiac-icons/48/gemini.webp"
    },
    {
      "locale": "fr",
      "width": 1280,
      "method": "GET",
      "origin": "https://zodiacs-q2i4dgo63-zodiacsofficial.vercel.app",
      "path": "/assets/zodiac-icons/48/cancer.webp"
    },
    {
      "locale": "fr",
      "width": 1280,
      "method": "GET",
      "origin": "https://zodiacs-q2i4dgo63-zodiacsofficial.vercel.app",
      "path": "/assets/zodiac-icons/48/leo.webp"
    },
    {
      "locale": "fr",
      "width": 1280,
      "method": "GET",
      "origin": "https://zodiacs-q2i4dgo63-zodiacsofficial.vercel.app",
      "path": "/assets/zodiac-icons/48/virgo.webp"
    },
    {
      "locale": "fr",
      "width": 1280,
      "method": "GET",
      "origin": "https://zodiacs-q2i4dgo63-zodiacsofficial.vercel.app",
      "path": "/assets/zodiac-icons/48/libra.webp"
    },
    {
      "locale": "fr",
      "width": 1280,
      "method": "GET",
      "origin": "https://zodiacs-q2i4dgo63-zodiacsofficial.vercel.app",
      "path": "/assets/zodiac-icons/48/scorpio.webp"
    },
    {
      "locale": "fr",
      "width": 1280,
      "method": "GET",
      "origin": "https://zodiacs-q2i4dgo63-zodiacsofficial.vercel.app",
      "path": "/assets/zodiac-icons/48/sagittarius.webp"
    },
    {
      "locale": "fr",
      "width": 1280,
      "method": "GET",
      "origin": "https://zodiacs-q2i4dgo63-zodiacsofficial.vercel.app",
      "path": "/assets/zodiac-icons/48/capricorn.webp"
    },
    {
      "locale": "fr",
      "width": 1280,
      "method": "GET",
      "origin": "https://zodiacs-q2i4dgo63-zodiacsofficial.vercel.app",
      "path": "/assets/zodiac-icons/48/aquarius.webp"
    },
    {
      "locale": "fr",
      "width": 1280,
      "method": "GET",
      "origin": "https://zodiacs-q2i4dgo63-zodiacsofficial.vercel.app",
      "path": "/assets/zodiac-icons/48/pisces.webp"
    },
    {
      "locale": "fr",
      "width": 1280,
      "method": "GET",
      "origin": "https://zodiacs-q2i4dgo63-zodiacsofficial.vercel.app",
      "path": "/assets/zodiac-icons/48/aries.avif"
    },
    {
      "locale": "fr",
      "width": 390,
      "method": "GET",
      "origin": "https://zodiacs-q2i4dgo63-zodiacsofficial.vercel.app",
      "path": "/fr/moon-phase/"
    },
    {
      "locale": "fr",
      "width": 390,
      "method": "GET",
      "origin": "https://zodiacs-q2i4dgo63-zodiacsofficial.vercel.app",
      "path": "/fonts/instrument-sans-latin-wght-normal.woff2"
    },
    {
      "locale": "fr",
      "width": 390,
      "method": "GET",
      "origin": "https://zodiacs-q2i4dgo63-zodiacsofficial.vercel.app",
      "path": "/fonts/eb-garamond-latin-400-normal.woff2"
    },
    {
      "locale": "fr",
      "width": 390,
      "method": "GET",
      "origin": "https://zodiacs-q2i4dgo63-zodiacsofficial.vercel.app",
      "path": "/fonts/eb-garamond-latin-500-normal.woff2"
    },
    {
      "locale": "fr",
      "width": 390,
      "method": "GET",
      "origin": "https://zodiacs-q2i4dgo63-zodiacsofficial.vercel.app",
      "path": "/_astro/Base.Bryss0yT.css"
    },
    {
      "locale": "fr",
      "width": 390,
      "method": "GET",
      "origin": "https://zodiacs-q2i4dgo63-zodiacsofficial.vercel.app",
      "path": "/_astro/calculator.MBHg3tIV.css"
    },
    {
      "locale": "fr",
      "width": 390,
      "method": "GET",
      "origin": "https://plausible.io",
      "path": "/js/pa-HwF2IBb5Sw8eboNPSOgHv.js"
    },
    {
      "locale": "fr",
      "width": 390,
      "method": "GET",
      "origin": "https://zodiacs-q2i4dgo63-zodiacsofficial.vercel.app",
      "path": "/_astro/MoonPhaseTool.BTXtrlp9.js"
    },
    {
      "locale": "fr",
      "width": 390,
      "method": "GET",
      "origin": "https://zodiacs-q2i4dgo63-zodiacsofficial.vercel.app",
      "path": "/_astro/client.DPkn9Lbl.js"
    },
    {
      "locale": "fr",
      "width": 390,
      "method": "GET",
      "origin": "https://zodiacs-q2i4dgo63-zodiacsofficial.vercel.app",
      "path": "/fonts/jetbrains-mono-latin-wght-normal.woff2"
    },
    {
      "locale": "fr",
      "width": 390,
      "method": "GET",
      "origin": "https://zodiacs-q2i4dgo63-zodiacsofficial.vercel.app",
      "path": "/fonts/eb-garamond-latin-400-italic.woff2"
    },
    {
      "locale": "fr",
      "width": 390,
      "method": "GET",
      "origin": "https://zodiacs-q2i4dgo63-zodiacsofficial.vercel.app",
      "path": "/assets/guide-avatar.webp"
    },
    {
      "locale": "fr",
      "width": 390,
      "method": "GET",
      "origin": "https://zodiacs-q2i4dgo63-zodiacsofficial.vercel.app",
      "path": "/_astro/preload-helper.L5lOfJxi.js"
    },
    {
      "locale": "fr",
      "width": 390,
      "method": "GET",
      "origin": "https://zodiacs-q2i4dgo63-zodiacsofficial.vercel.app",
      "path": "/_astro/preact.module.Bjq9tLsx.js"
    },
    {
      "locale": "fr",
      "width": 390,
      "method": "GET",
      "origin": "https://zodiacs-q2i4dgo63-zodiacsofficial.vercel.app",
      "path": "/_astro/hooks.module.C0_8FjiD.js"
    },
    {
      "locale": "fr",
      "width": 390,
      "method": "GET",
      "origin": "https://zodiacs-q2i4dgo63-zodiacsofficial.vercel.app",
      "path": "/_astro/signs.BMXPKoMF.js"
    },
    {
      "locale": "fr",
      "width": 390,
      "method": "GET",
      "origin": "https://zodiacs-q2i4dgo63-zodiacsofficial.vercel.app",
      "path": "/_astro/jsxRuntime.module.BG9KJlGc.js"
    },
    {
      "locale": "fr",
      "width": 390,
      "method": "GET",
      "origin": "https://zodiacs-q2i4dgo63-zodiacsofficial.vercel.app",
      "path": "/_astro/EvidenceDisclosure.LNSfDkU7.js"
    },
    {
      "locale": "fr",
      "width": 390,
      "method": "GET",
      "origin": "https://zodiacs-q2i4dgo63-zodiacsofficial.vercel.app",
      "path": "/_astro/i18n.Cg_lCJuc.js"
    },
    {
      "locale": "fr",
      "width": 390,
      "method": "GET",
      "origin": "https://zodiacs-q2i4dgo63-zodiacsofficial.vercel.app",
      "path": "/_astro/CalculationReload.DXyGkRsn.js"
    },
    {
      "locale": "fr",
      "width": 390,
      "method": "GET",
      "origin": "https://zodiacs-q2i4dgo63-zodiacsofficial.vercel.app",
      "path": "/_astro/astrology.BHib5efU.js"
    },
    {
      "locale": "fr",
      "width": 390,
      "method": "GET",
      "origin": "https://zodiacs-q2i4dgo63-zodiacsofficial.vercel.app",
      "path": "/_astro/dates.D4PDcYt5.js"
    },
    {
      "locale": "fr",
      "width": 390,
      "method": "GET",
      "origin": "https://zodiacs-q2i4dgo63-zodiacsofficial.vercel.app",
      "path": "/_astro/useEngine.BV92cVg4.js"
    },
    {
      "locale": "fr",
      "width": 390,
      "method": "GET",
      "origin": "https://zodiacs-q2i4dgo63-zodiacsofficial.vercel.app",
      "path": "/_astro/PlaceSearch.D1WsU_jW.js"
    },
    {
      "locale": "fr",
      "width": 390,
      "method": "GET",
      "origin": "https://zodiacs-q2i4dgo63-zodiacsofficial.vercel.app",
      "path": "/_astro/localToUtc.CrWG2CBc.js"
    },
    {
      "locale": "fr",
      "width": 390,
      "method": "GET",
      "origin": "https://zodiacs-q2i4dgo63-zodiacsofficial.vercel.app",
      "path": "/_astro/SignChip.Dx3tQVZl.js"
    },
    {
      "locale": "fr",
      "width": 390,
      "method": "GET",
      "origin": "https://zodiacs-q2i4dgo63-zodiacsofficial.vercel.app",
      "path": "/_astro/lite.DKWHZC5_.js"
    },
    {
      "locale": "fr",
      "width": 390,
      "method": "GET",
      "origin": "https://zodiacs-q2i4dgo63-zodiacsofficial.vercel.app",
      "path": "/assets/app-icons/v3/favicon.svg"
    },
    {
      "locale": "fr",
      "width": 390,
      "method": "GET",
      "origin": "https://zodiacs-q2i4dgo63-zodiacsofficial.vercel.app",
      "path": "/_astro/rolldown-runtime.DK3Fl9T5.js"
    },
    {
      "locale": "fr",
      "width": 390,
      "method": "GET",
      "origin": "https://zodiacs-q2i4dgo63-zodiacsofficial.vercel.app",
      "path": "/_astro/civil-date.CpOZUt7Z.js"
    },
    {
      "locale": "fr",
      "width": 390,
      "method": "GET",
      "origin": "https://zodiacs-q2i4dgo63-zodiacsofficial.vercel.app",
      "path": "/_astro/technical-locales.DDKucXXd.js"
    },
    {
      "locale": "fr",
      "width": 390,
      "method": "GET",
      "origin": "https://zodiacs-q2i4dgo63-zodiacsofficial.vercel.app",
      "path": "/assets/site-footer.css"
    },
    {
      "locale": "fr",
      "width": 390,
      "method": "GET",
      "origin": "https://zodiacs-q2i4dgo63-zodiacsofficial.vercel.app",
      "path": "/assets/assistant-ui.js"
    },
    {
      "locale": "fr",
      "width": 390,
      "method": "GET",
      "origin": "https://zodiacs-q2i4dgo63-zodiacsofficial.vercel.app",
      "path": "/assets/assistant-ui.css"
    },
    {
      "locale": "fr",
      "width": 390,
      "method": "GET",
      "origin": "https://zodiacs-q2i4dgo63-zodiacsofficial.vercel.app",
      "path": "/fonts/instrument-sans-latin-wght-italic.woff2"
    },
    {
      "locale": "fr",
      "width": 390,
      "method": "GET",
      "origin": "https://zodiacs-q2i4dgo63-zodiacsofficial.vercel.app",
      "path": "/fonts/golos-text-cyr-b.woff2"
    },
    {
      "locale": "fr",
      "width": 390,
      "method": "GET",
      "origin": "https://zodiacs-q2i4dgo63-zodiacsofficial.vercel.app",
      "path": "/fonts/golos-text-cyr-a.woff2"
    },
    {
      "locale": "fr",
      "width": 390,
      "method": "GET",
      "origin": "https://zodiacs-q2i4dgo63-zodiacsofficial.vercel.app",
      "path": "/fonts/eb-garamond-cyrillic-500-normal.woff2"
    },
    {
      "locale": "fr",
      "width": 390,
      "method": "GET",
      "origin": "https://zodiacs-q2i4dgo63-zodiacsofficial.vercel.app",
      "path": "/fonts/jetbrains-mono-cyrillic-400-500.woff2"
    },
    {
      "locale": "fr",
      "width": 390,
      "method": "GET",
      "origin": "https://zodiacs-q2i4dgo63-zodiacsofficial.vercel.app",
      "path": "/_astro/full.AQ--_mi-.js"
    },
    {
      "locale": "fr",
      "width": 390,
      "method": "GET",
      "origin": "https://zodiacs-q2i4dgo63-zodiacsofficial.vercel.app",
      "path": "/_astro/chart-adapter.K-QfJlbI.js"
    },
    {
      "locale": "fr",
      "width": 390,
      "method": "GET",
      "origin": "https://zodiacs-q2i4dgo63-zodiacsofficial.vercel.app",
      "path": "/_astro/chunk-INI453VG.BxjMUPBs.js"
    },
    {
      "locale": "fr",
      "width": 390,
      "method": "GET",
      "origin": "https://zodiacs-q2i4dgo63-zodiacsofficial.vercel.app",
      "path": "/_astro/chunk-H7RJKCBO.BUIGSNBz.js"
    },
    {
      "locale": "fr",
      "width": 390,
      "method": "GET",
      "origin": "https://zodiacs-q2i4dgo63-zodiacsofficial.vercel.app",
      "path": "/assets/zodiac-icons/48/aries.webp"
    },
    {
      "locale": "fr",
      "width": 390,
      "method": "GET",
      "origin": "https://zodiacs-q2i4dgo63-zodiacsofficial.vercel.app",
      "path": "/assets/zodiac-icons/48/taurus.webp"
    },
    {
      "locale": "fr",
      "width": 390,
      "method": "GET",
      "origin": "https://zodiacs-q2i4dgo63-zodiacsofficial.vercel.app",
      "path": "/assets/zodiac-icons/48/gemini.webp"
    },
    {
      "locale": "fr",
      "width": 390,
      "method": "GET",
      "origin": "https://zodiacs-q2i4dgo63-zodiacsofficial.vercel.app",
      "path": "/assets/zodiac-icons/48/cancer.webp"
    },
    {
      "locale": "fr",
      "width": 390,
      "method": "GET",
      "origin": "https://zodiacs-q2i4dgo63-zodiacsofficial.vercel.app",
      "path": "/assets/zodiac-icons/48/leo.webp"
    },
    {
      "locale": "fr",
      "width": 390,
      "method": "GET",
      "origin": "https://zodiacs-q2i4dgo63-zodiacsofficial.vercel.app",
      "path": "/assets/zodiac-icons/48/virgo.webp"
    },
    {
      "locale": "fr",
      "width": 390,
      "method": "GET",
      "origin": "https://zodiacs-q2i4dgo63-zodiacsofficial.vercel.app",
      "path": "/assets/zodiac-icons/48/libra.webp"
    },
    {
      "locale": "fr",
      "width": 390,
      "method": "GET",
      "origin": "https://zodiacs-q2i4dgo63-zodiacsofficial.vercel.app",
      "path": "/assets/zodiac-icons/48/scorpio.webp"
    },
    {
      "locale": "fr",
      "width": 390,
      "method": "GET",
      "origin": "https://zodiacs-q2i4dgo63-zodiacsofficial.vercel.app",
      "path": "/assets/zodiac-icons/48/sagittarius.webp"
    },
    {
      "locale": "fr",
      "width": 390,
      "method": "GET",
      "origin": "https://zodiacs-q2i4dgo63-zodiacsofficial.vercel.app",
      "path": "/assets/zodiac-icons/48/capricorn.webp"
    },
    {
      "locale": "fr",
      "width": 390,
      "method": "GET",
      "origin": "https://zodiacs-q2i4dgo63-zodiacsofficial.vercel.app",
      "path": "/assets/zodiac-icons/48/aquarius.webp"
    },
    {
      "locale": "fr",
      "width": 390,
      "method": "GET",
      "origin": "https://zodiacs-q2i4dgo63-zodiacsofficial.vercel.app",
      "path": "/assets/zodiac-icons/48/pisces.webp"
    },
    {
      "locale": "fr",
      "width": 390,
      "method": "GET",
      "origin": "https://zodiacs-q2i4dgo63-zodiacsofficial.vercel.app",
      "path": "/assets/zodiac-icons/48/aries.avif"
    },
    {
      "locale": "it",
      "width": 1280,
      "method": "GET",
      "origin": "https://zodiacs-q2i4dgo63-zodiacsofficial.vercel.app",
      "path": "/it/moon-phase/"
    },
    {
      "locale": "it",
      "width": 1280,
      "method": "GET",
      "origin": "https://zodiacs-q2i4dgo63-zodiacsofficial.vercel.app",
      "path": "/fonts/instrument-sans-latin-wght-normal.woff2"
    },
    {
      "locale": "it",
      "width": 1280,
      "method": "GET",
      "origin": "https://zodiacs-q2i4dgo63-zodiacsofficial.vercel.app",
      "path": "/fonts/eb-garamond-latin-400-normal.woff2"
    },
    {
      "locale": "it",
      "width": 1280,
      "method": "GET",
      "origin": "https://zodiacs-q2i4dgo63-zodiacsofficial.vercel.app",
      "path": "/fonts/eb-garamond-latin-500-normal.woff2"
    },
    {
      "locale": "it",
      "width": 1280,
      "method": "GET",
      "origin": "https://zodiacs-q2i4dgo63-zodiacsofficial.vercel.app",
      "path": "/_astro/Base.Bryss0yT.css"
    },
    {
      "locale": "it",
      "width": 1280,
      "method": "GET",
      "origin": "https://zodiacs-q2i4dgo63-zodiacsofficial.vercel.app",
      "path": "/_astro/calculator.MBHg3tIV.css"
    },
    {
      "locale": "it",
      "width": 1280,
      "method": "GET",
      "origin": "https://plausible.io",
      "path": "/js/pa-HwF2IBb5Sw8eboNPSOgHv.js"
    },
    {
      "locale": "it",
      "width": 1280,
      "method": "GET",
      "origin": "https://zodiacs-q2i4dgo63-zodiacsofficial.vercel.app",
      "path": "/_astro/MoonPhaseTool.BTXtrlp9.js"
    },
    {
      "locale": "it",
      "width": 1280,
      "method": "GET",
      "origin": "https://zodiacs-q2i4dgo63-zodiacsofficial.vercel.app",
      "path": "/_astro/client.DPkn9Lbl.js"
    },
    {
      "locale": "it",
      "width": 1280,
      "method": "GET",
      "origin": "https://zodiacs-q2i4dgo63-zodiacsofficial.vercel.app",
      "path": "/fonts/jetbrains-mono-latin-wght-normal.woff2"
    },
    {
      "locale": "it",
      "width": 1280,
      "method": "GET",
      "origin": "https://zodiacs-q2i4dgo63-zodiacsofficial.vercel.app",
      "path": "/fonts/eb-garamond-latin-400-italic.woff2"
    },
    {
      "locale": "it",
      "width": 1280,
      "method": "GET",
      "origin": "https://zodiacs-q2i4dgo63-zodiacsofficial.vercel.app",
      "path": "/assets/guide-avatar.webp"
    },
    {
      "locale": "it",
      "width": 1280,
      "method": "GET",
      "origin": "https://zodiacs-q2i4dgo63-zodiacsofficial.vercel.app",
      "path": "/assets/zodiac-icons/48/aries.webp"
    },
    {
      "locale": "it",
      "width": 1280,
      "method": "GET",
      "origin": "https://zodiacs-q2i4dgo63-zodiacsofficial.vercel.app",
      "path": "/assets/zodiac-icons/48/taurus.webp"
    },
    {
      "locale": "it",
      "width": 1280,
      "method": "GET",
      "origin": "https://zodiacs-q2i4dgo63-zodiacsofficial.vercel.app",
      "path": "/_astro/preload-helper.L5lOfJxi.js"
    },
    {
      "locale": "it",
      "width": 1280,
      "method": "GET",
      "origin": "https://zodiacs-q2i4dgo63-zodiacsofficial.vercel.app",
      "path": "/_astro/preact.module.Bjq9tLsx.js"
    },
    {
      "locale": "it",
      "width": 1280,
      "method": "GET",
      "origin": "https://zodiacs-q2i4dgo63-zodiacsofficial.vercel.app",
      "path": "/_astro/hooks.module.C0_8FjiD.js"
    },
    {
      "locale": "it",
      "width": 1280,
      "method": "GET",
      "origin": "https://zodiacs-q2i4dgo63-zodiacsofficial.vercel.app",
      "path": "/_astro/signs.BMXPKoMF.js"
    },
    {
      "locale": "it",
      "width": 1280,
      "method": "GET",
      "origin": "https://zodiacs-q2i4dgo63-zodiacsofficial.vercel.app",
      "path": "/_astro/jsxRuntime.module.BG9KJlGc.js"
    },
    {
      "locale": "it",
      "width": 1280,
      "method": "GET",
      "origin": "https://zodiacs-q2i4dgo63-zodiacsofficial.vercel.app",
      "path": "/_astro/EvidenceDisclosure.LNSfDkU7.js"
    },
    {
      "locale": "it",
      "width": 1280,
      "method": "GET",
      "origin": "https://zodiacs-q2i4dgo63-zodiacsofficial.vercel.app",
      "path": "/_astro/i18n.Cg_lCJuc.js"
    },
    {
      "locale": "it",
      "width": 1280,
      "method": "GET",
      "origin": "https://zodiacs-q2i4dgo63-zodiacsofficial.vercel.app",
      "path": "/_astro/CalculationReload.DXyGkRsn.js"
    },
    {
      "locale": "it",
      "width": 1280,
      "method": "GET",
      "origin": "https://zodiacs-q2i4dgo63-zodiacsofficial.vercel.app",
      "path": "/_astro/astrology.BHib5efU.js"
    },
    {
      "locale": "it",
      "width": 1280,
      "method": "GET",
      "origin": "https://zodiacs-q2i4dgo63-zodiacsofficial.vercel.app",
      "path": "/_astro/dates.D4PDcYt5.js"
    },
    {
      "locale": "it",
      "width": 1280,
      "method": "GET",
      "origin": "https://zodiacs-q2i4dgo63-zodiacsofficial.vercel.app",
      "path": "/_astro/useEngine.BV92cVg4.js"
    },
    {
      "locale": "it",
      "width": 1280,
      "method": "GET",
      "origin": "https://zodiacs-q2i4dgo63-zodiacsofficial.vercel.app",
      "path": "/_astro/PlaceSearch.D1WsU_jW.js"
    },
    {
      "locale": "it",
      "width": 1280,
      "method": "GET",
      "origin": "https://zodiacs-q2i4dgo63-zodiacsofficial.vercel.app",
      "path": "/_astro/localToUtc.CrWG2CBc.js"
    },
    {
      "locale": "it",
      "width": 1280,
      "method": "GET",
      "origin": "https://zodiacs-q2i4dgo63-zodiacsofficial.vercel.app",
      "path": "/_astro/SignChip.Dx3tQVZl.js"
    },
    {
      "locale": "it",
      "width": 1280,
      "method": "GET",
      "origin": "https://zodiacs-q2i4dgo63-zodiacsofficial.vercel.app",
      "path": "/_astro/lite.DKWHZC5_.js"
    },
    {
      "locale": "it",
      "width": 1280,
      "method": "GET",
      "origin": "https://zodiacs-q2i4dgo63-zodiacsofficial.vercel.app",
      "path": "/assets/app-icons/v3/favicon.svg"
    },
    {
      "locale": "it",
      "width": 1280,
      "method": "GET",
      "origin": "https://zodiacs-q2i4dgo63-zodiacsofficial.vercel.app",
      "path": "/_astro/rolldown-runtime.DK3Fl9T5.js"
    },
    {
      "locale": "it",
      "width": 1280,
      "method": "GET",
      "origin": "https://zodiacs-q2i4dgo63-zodiacsofficial.vercel.app",
      "path": "/_astro/civil-date.CpOZUt7Z.js"
    },
    {
      "locale": "it",
      "width": 1280,
      "method": "GET",
      "origin": "https://zodiacs-q2i4dgo63-zodiacsofficial.vercel.app",
      "path": "/_astro/technical-locales.DDKucXXd.js"
    },
    {
      "locale": "it",
      "width": 1280,
      "method": "GET",
      "origin": "https://zodiacs-q2i4dgo63-zodiacsofficial.vercel.app",
      "path": "/assets/site-footer.css"
    },
    {
      "locale": "it",
      "width": 1280,
      "method": "GET",
      "origin": "https://zodiacs-q2i4dgo63-zodiacsofficial.vercel.app",
      "path": "/assets/assistant-ui.js"
    },
    {
      "locale": "it",
      "width": 1280,
      "method": "GET",
      "origin": "https://zodiacs-q2i4dgo63-zodiacsofficial.vercel.app",
      "path": "/assets/assistant-ui.css"
    },
    {
      "locale": "it",
      "width": 1280,
      "method": "GET",
      "origin": "https://zodiacs-q2i4dgo63-zodiacsofficial.vercel.app",
      "path": "/fonts/instrument-sans-latin-wght-italic.woff2"
    },
    {
      "locale": "it",
      "width": 1280,
      "method": "GET",
      "origin": "https://zodiacs-q2i4dgo63-zodiacsofficial.vercel.app",
      "path": "/fonts/golos-text-cyr-b.woff2"
    },
    {
      "locale": "it",
      "width": 1280,
      "method": "GET",
      "origin": "https://zodiacs-q2i4dgo63-zodiacsofficial.vercel.app",
      "path": "/fonts/golos-text-cyr-a.woff2"
    },
    {
      "locale": "it",
      "width": 1280,
      "method": "GET",
      "origin": "https://zodiacs-q2i4dgo63-zodiacsofficial.vercel.app",
      "path": "/fonts/eb-garamond-cyrillic-500-normal.woff2"
    },
    {
      "locale": "it",
      "width": 1280,
      "method": "GET",
      "origin": "https://zodiacs-q2i4dgo63-zodiacsofficial.vercel.app",
      "path": "/fonts/jetbrains-mono-cyrillic-400-500.woff2"
    },
    {
      "locale": "it",
      "width": 1280,
      "method": "GET",
      "origin": "https://zodiacs-q2i4dgo63-zodiacsofficial.vercel.app",
      "path": "/_astro/full.AQ--_mi-.js"
    },
    {
      "locale": "it",
      "width": 1280,
      "method": "GET",
      "origin": "https://zodiacs-q2i4dgo63-zodiacsofficial.vercel.app",
      "path": "/_astro/chart-adapter.K-QfJlbI.js"
    },
    {
      "locale": "it",
      "width": 1280,
      "method": "GET",
      "origin": "https://zodiacs-q2i4dgo63-zodiacsofficial.vercel.app",
      "path": "/_astro/chunk-INI453VG.BxjMUPBs.js"
    },
    {
      "locale": "it",
      "width": 1280,
      "method": "GET",
      "origin": "https://zodiacs-q2i4dgo63-zodiacsofficial.vercel.app",
      "path": "/_astro/chunk-H7RJKCBO.BUIGSNBz.js"
    },
    {
      "locale": "it",
      "width": 1280,
      "method": "GET",
      "origin": "https://zodiacs-q2i4dgo63-zodiacsofficial.vercel.app",
      "path": "/assets/zodiac-icons/48/gemini.webp"
    },
    {
      "locale": "it",
      "width": 1280,
      "method": "GET",
      "origin": "https://zodiacs-q2i4dgo63-zodiacsofficial.vercel.app",
      "path": "/assets/zodiac-icons/48/cancer.webp"
    },
    {
      "locale": "it",
      "width": 1280,
      "method": "GET",
      "origin": "https://zodiacs-q2i4dgo63-zodiacsofficial.vercel.app",
      "path": "/assets/zodiac-icons/48/leo.webp"
    },
    {
      "locale": "it",
      "width": 1280,
      "method": "GET",
      "origin": "https://zodiacs-q2i4dgo63-zodiacsofficial.vercel.app",
      "path": "/assets/zodiac-icons/48/virgo.webp"
    },
    {
      "locale": "it",
      "width": 1280,
      "method": "GET",
      "origin": "https://zodiacs-q2i4dgo63-zodiacsofficial.vercel.app",
      "path": "/assets/zodiac-icons/48/libra.webp"
    },
    {
      "locale": "it",
      "width": 1280,
      "method": "GET",
      "origin": "https://zodiacs-q2i4dgo63-zodiacsofficial.vercel.app",
      "path": "/assets/zodiac-icons/48/scorpio.webp"
    },
    {
      "locale": "it",
      "width": 1280,
      "method": "GET",
      "origin": "https://zodiacs-q2i4dgo63-zodiacsofficial.vercel.app",
      "path": "/assets/zodiac-icons/48/sagittarius.webp"
    },
    {
      "locale": "it",
      "width": 1280,
      "method": "GET",
      "origin": "https://zodiacs-q2i4dgo63-zodiacsofficial.vercel.app",
      "path": "/assets/zodiac-icons/48/capricorn.webp"
    },
    {
      "locale": "it",
      "width": 1280,
      "method": "GET",
      "origin": "https://zodiacs-q2i4dgo63-zodiacsofficial.vercel.app",
      "path": "/assets/zodiac-icons/48/aquarius.webp"
    },
    {
      "locale": "it",
      "width": 1280,
      "method": "GET",
      "origin": "https://zodiacs-q2i4dgo63-zodiacsofficial.vercel.app",
      "path": "/assets/zodiac-icons/48/pisces.webp"
    },
    {
      "locale": "it",
      "width": 1280,
      "method": "GET",
      "origin": "https://zodiacs-q2i4dgo63-zodiacsofficial.vercel.app",
      "path": "/assets/zodiac-icons/48/aries.avif"
    },
    {
      "locale": "it",
      "width": 390,
      "method": "GET",
      "origin": "https://zodiacs-q2i4dgo63-zodiacsofficial.vercel.app",
      "path": "/it/moon-phase/"
    },
    {
      "locale": "it",
      "width": 390,
      "method": "GET",
      "origin": "https://zodiacs-q2i4dgo63-zodiacsofficial.vercel.app",
      "path": "/fonts/instrument-sans-latin-wght-normal.woff2"
    },
    {
      "locale": "it",
      "width": 390,
      "method": "GET",
      "origin": "https://zodiacs-q2i4dgo63-zodiacsofficial.vercel.app",
      "path": "/fonts/eb-garamond-latin-400-normal.woff2"
    },
    {
      "locale": "it",
      "width": 390,
      "method": "GET",
      "origin": "https://zodiacs-q2i4dgo63-zodiacsofficial.vercel.app",
      "path": "/fonts/eb-garamond-latin-500-normal.woff2"
    },
    {
      "locale": "it",
      "width": 390,
      "method": "GET",
      "origin": "https://zodiacs-q2i4dgo63-zodiacsofficial.vercel.app",
      "path": "/_astro/Base.Bryss0yT.css"
    },
    {
      "locale": "it",
      "width": 390,
      "method": "GET",
      "origin": "https://zodiacs-q2i4dgo63-zodiacsofficial.vercel.app",
      "path": "/_astro/calculator.MBHg3tIV.css"
    },
    {
      "locale": "it",
      "width": 390,
      "method": "GET",
      "origin": "https://plausible.io",
      "path": "/js/pa-HwF2IBb5Sw8eboNPSOgHv.js"
    },
    {
      "locale": "it",
      "width": 390,
      "method": "GET",
      "origin": "https://zodiacs-q2i4dgo63-zodiacsofficial.vercel.app",
      "path": "/_astro/MoonPhaseTool.BTXtrlp9.js"
    },
    {
      "locale": "it",
      "width": 390,
      "method": "GET",
      "origin": "https://zodiacs-q2i4dgo63-zodiacsofficial.vercel.app",
      "path": "/_astro/client.DPkn9Lbl.js"
    },
    {
      "locale": "it",
      "width": 390,
      "method": "GET",
      "origin": "https://zodiacs-q2i4dgo63-zodiacsofficial.vercel.app",
      "path": "/fonts/jetbrains-mono-latin-wght-normal.woff2"
    },
    {
      "locale": "it",
      "width": 390,
      "method": "GET",
      "origin": "https://zodiacs-q2i4dgo63-zodiacsofficial.vercel.app",
      "path": "/fonts/eb-garamond-latin-400-italic.woff2"
    },
    {
      "locale": "it",
      "width": 390,
      "method": "GET",
      "origin": "https://zodiacs-q2i4dgo63-zodiacsofficial.vercel.app",
      "path": "/assets/guide-avatar.webp"
    },
    {
      "locale": "it",
      "width": 390,
      "method": "GET",
      "origin": "https://zodiacs-q2i4dgo63-zodiacsofficial.vercel.app",
      "path": "/assets/app-icons/v3/favicon.svg"
    },
    {
      "locale": "it",
      "width": 390,
      "method": "GET",
      "origin": "https://zodiacs-q2i4dgo63-zodiacsofficial.vercel.app",
      "path": "/_astro/preload-helper.L5lOfJxi.js"
    },
    {
      "locale": "it",
      "width": 390,
      "method": "GET",
      "origin": "https://zodiacs-q2i4dgo63-zodiacsofficial.vercel.app",
      "path": "/_astro/preact.module.Bjq9tLsx.js"
    },
    {
      "locale": "it",
      "width": 390,
      "method": "GET",
      "origin": "https://zodiacs-q2i4dgo63-zodiacsofficial.vercel.app",
      "path": "/_astro/hooks.module.C0_8FjiD.js"
    },
    {
      "locale": "it",
      "width": 390,
      "method": "GET",
      "origin": "https://zodiacs-q2i4dgo63-zodiacsofficial.vercel.app",
      "path": "/_astro/signs.BMXPKoMF.js"
    },
    {
      "locale": "it",
      "width": 390,
      "method": "GET",
      "origin": "https://zodiacs-q2i4dgo63-zodiacsofficial.vercel.app",
      "path": "/_astro/jsxRuntime.module.BG9KJlGc.js"
    },
    {
      "locale": "it",
      "width": 390,
      "method": "GET",
      "origin": "https://zodiacs-q2i4dgo63-zodiacsofficial.vercel.app",
      "path": "/_astro/EvidenceDisclosure.LNSfDkU7.js"
    },
    {
      "locale": "it",
      "width": 390,
      "method": "GET",
      "origin": "https://zodiacs-q2i4dgo63-zodiacsofficial.vercel.app",
      "path": "/_astro/i18n.Cg_lCJuc.js"
    },
    {
      "locale": "it",
      "width": 390,
      "method": "GET",
      "origin": "https://zodiacs-q2i4dgo63-zodiacsofficial.vercel.app",
      "path": "/_astro/CalculationReload.DXyGkRsn.js"
    },
    {
      "locale": "it",
      "width": 390,
      "method": "GET",
      "origin": "https://zodiacs-q2i4dgo63-zodiacsofficial.vercel.app",
      "path": "/_astro/astrology.BHib5efU.js"
    },
    {
      "locale": "it",
      "width": 390,
      "method": "GET",
      "origin": "https://zodiacs-q2i4dgo63-zodiacsofficial.vercel.app",
      "path": "/_astro/dates.D4PDcYt5.js"
    },
    {
      "locale": "it",
      "width": 390,
      "method": "GET",
      "origin": "https://zodiacs-q2i4dgo63-zodiacsofficial.vercel.app",
      "path": "/_astro/useEngine.BV92cVg4.js"
    },
    {
      "locale": "it",
      "width": 390,
      "method": "GET",
      "origin": "https://zodiacs-q2i4dgo63-zodiacsofficial.vercel.app",
      "path": "/_astro/PlaceSearch.D1WsU_jW.js"
    },
    {
      "locale": "it",
      "width": 390,
      "method": "GET",
      "origin": "https://zodiacs-q2i4dgo63-zodiacsofficial.vercel.app",
      "path": "/_astro/localToUtc.CrWG2CBc.js"
    },
    {
      "locale": "it",
      "width": 390,
      "method": "GET",
      "origin": "https://zodiacs-q2i4dgo63-zodiacsofficial.vercel.app",
      "path": "/_astro/SignChip.Dx3tQVZl.js"
    },
    {
      "locale": "it",
      "width": 390,
      "method": "GET",
      "origin": "https://zodiacs-q2i4dgo63-zodiacsofficial.vercel.app",
      "path": "/_astro/lite.DKWHZC5_.js"
    },
    {
      "locale": "it",
      "width": 390,
      "method": "GET",
      "origin": "https://zodiacs-q2i4dgo63-zodiacsofficial.vercel.app",
      "path": "/_astro/rolldown-runtime.DK3Fl9T5.js"
    },
    {
      "locale": "it",
      "width": 390,
      "method": "GET",
      "origin": "https://zodiacs-q2i4dgo63-zodiacsofficial.vercel.app",
      "path": "/_astro/civil-date.CpOZUt7Z.js"
    },
    {
      "locale": "it",
      "width": 390,
      "method": "GET",
      "origin": "https://zodiacs-q2i4dgo63-zodiacsofficial.vercel.app",
      "path": "/_astro/technical-locales.DDKucXXd.js"
    },
    {
      "locale": "it",
      "width": 390,
      "method": "GET",
      "origin": "https://zodiacs-q2i4dgo63-zodiacsofficial.vercel.app",
      "path": "/assets/site-footer.css"
    },
    {
      "locale": "it",
      "width": 390,
      "method": "GET",
      "origin": "https://zodiacs-q2i4dgo63-zodiacsofficial.vercel.app",
      "path": "/assets/assistant-ui.js"
    },
    {
      "locale": "it",
      "width": 390,
      "method": "GET",
      "origin": "https://zodiacs-q2i4dgo63-zodiacsofficial.vercel.app",
      "path": "/assets/assistant-ui.css"
    },
    {
      "locale": "it",
      "width": 390,
      "method": "GET",
      "origin": "https://zodiacs-q2i4dgo63-zodiacsofficial.vercel.app",
      "path": "/fonts/instrument-sans-latin-wght-italic.woff2"
    },
    {
      "locale": "it",
      "width": 390,
      "method": "GET",
      "origin": "https://zodiacs-q2i4dgo63-zodiacsofficial.vercel.app",
      "path": "/fonts/golos-text-cyr-b.woff2"
    },
    {
      "locale": "it",
      "width": 390,
      "method": "GET",
      "origin": "https://zodiacs-q2i4dgo63-zodiacsofficial.vercel.app",
      "path": "/fonts/golos-text-cyr-a.woff2"
    },
    {
      "locale": "it",
      "width": 390,
      "method": "GET",
      "origin": "https://zodiacs-q2i4dgo63-zodiacsofficial.vercel.app",
      "path": "/fonts/eb-garamond-cyrillic-500-normal.woff2"
    },
    {
      "locale": "it",
      "width": 390,
      "method": "GET",
      "origin": "https://zodiacs-q2i4dgo63-zodiacsofficial.vercel.app",
      "path": "/fonts/jetbrains-mono-cyrillic-400-500.woff2"
    },
    {
      "locale": "it",
      "width": 390,
      "method": "GET",
      "origin": "https://zodiacs-q2i4dgo63-zodiacsofficial.vercel.app",
      "path": "/_astro/full.AQ--_mi-.js"
    },
    {
      "locale": "it",
      "width": 390,
      "method": "GET",
      "origin": "https://zodiacs-q2i4dgo63-zodiacsofficial.vercel.app",
      "path": "/_astro/chart-adapter.K-QfJlbI.js"
    },
    {
      "locale": "it",
      "width": 390,
      "method": "GET",
      "origin": "https://zodiacs-q2i4dgo63-zodiacsofficial.vercel.app",
      "path": "/_astro/chunk-INI453VG.BxjMUPBs.js"
    },
    {
      "locale": "it",
      "width": 390,
      "method": "GET",
      "origin": "https://zodiacs-q2i4dgo63-zodiacsofficial.vercel.app",
      "path": "/_astro/chunk-H7RJKCBO.BUIGSNBz.js"
    },
    {
      "locale": "it",
      "width": 390,
      "method": "GET",
      "origin": "https://zodiacs-q2i4dgo63-zodiacsofficial.vercel.app",
      "path": "/assets/zodiac-icons/48/aries.webp"
    },
    {
      "locale": "it",
      "width": 390,
      "method": "GET",
      "origin": "https://zodiacs-q2i4dgo63-zodiacsofficial.vercel.app",
      "path": "/assets/zodiac-icons/48/taurus.webp"
    },
    {
      "locale": "it",
      "width": 390,
      "method": "GET",
      "origin": "https://zodiacs-q2i4dgo63-zodiacsofficial.vercel.app",
      "path": "/assets/zodiac-icons/48/gemini.webp"
    },
    {
      "locale": "it",
      "width": 390,
      "method": "GET",
      "origin": "https://zodiacs-q2i4dgo63-zodiacsofficial.vercel.app",
      "path": "/assets/zodiac-icons/48/cancer.webp"
    },
    {
      "locale": "it",
      "width": 390,
      "method": "GET",
      "origin": "https://zodiacs-q2i4dgo63-zodiacsofficial.vercel.app",
      "path": "/assets/zodiac-icons/48/leo.webp"
    },
    {
      "locale": "it",
      "width": 390,
      "method": "GET",
      "origin": "https://zodiacs-q2i4dgo63-zodiacsofficial.vercel.app",
      "path": "/assets/zodiac-icons/48/virgo.webp"
    },
    {
      "locale": "it",
      "width": 390,
      "method": "GET",
      "origin": "https://zodiacs-q2i4dgo63-zodiacsofficial.vercel.app",
      "path": "/assets/zodiac-icons/48/libra.webp"
    },
    {
      "locale": "it",
      "width": 390,
      "method": "GET",
      "origin": "https://zodiacs-q2i4dgo63-zodiacsofficial.vercel.app",
      "path": "/assets/zodiac-icons/48/scorpio.webp"
    },
    {
      "locale": "it",
      "width": 390,
      "method": "GET",
      "origin": "https://zodiacs-q2i4dgo63-zodiacsofficial.vercel.app",
      "path": "/assets/zodiac-icons/48/sagittarius.webp"
    },
    {
      "locale": "it",
      "width": 390,
      "method": "GET",
      "origin": "https://zodiacs-q2i4dgo63-zodiacsofficial.vercel.app",
      "path": "/assets/zodiac-icons/48/capricorn.webp"
    },
    {
      "locale": "it",
      "width": 390,
      "method": "GET",
      "origin": "https://zodiacs-q2i4dgo63-zodiacsofficial.vercel.app",
      "path": "/assets/zodiac-icons/48/aquarius.webp"
    },
    {
      "locale": "it",
      "width": 390,
      "method": "GET",
      "origin": "https://zodiacs-q2i4dgo63-zodiacsofficial.vercel.app",
      "path": "/assets/zodiac-icons/48/pisces.webp"
    },
    {
      "locale": "it",
      "width": 390,
      "method": "GET",
      "origin": "https://zodiacs-q2i4dgo63-zodiacsofficial.vercel.app",
      "path": "/assets/zodiac-icons/48/aries.avif"
    },
    {
      "locale": "pt",
      "width": 1280,
      "method": "GET",
      "origin": "https://zodiacs-q2i4dgo63-zodiacsofficial.vercel.app",
      "path": "/pt/moon-phase/"
    },
    {
      "locale": "pt",
      "width": 1280,
      "method": "GET",
      "origin": "https://zodiacs-q2i4dgo63-zodiacsofficial.vercel.app",
      "path": "/fonts/instrument-sans-latin-wght-normal.woff2"
    },
    {
      "locale": "pt",
      "width": 1280,
      "method": "GET",
      "origin": "https://zodiacs-q2i4dgo63-zodiacsofficial.vercel.app",
      "path": "/fonts/eb-garamond-latin-400-normal.woff2"
    },
    {
      "locale": "pt",
      "width": 1280,
      "method": "GET",
      "origin": "https://zodiacs-q2i4dgo63-zodiacsofficial.vercel.app",
      "path": "/fonts/eb-garamond-latin-500-normal.woff2"
    },
    {
      "locale": "pt",
      "width": 1280,
      "method": "GET",
      "origin": "https://zodiacs-q2i4dgo63-zodiacsofficial.vercel.app",
      "path": "/_astro/Base.Bryss0yT.css"
    },
    {
      "locale": "pt",
      "width": 1280,
      "method": "GET",
      "origin": "https://zodiacs-q2i4dgo63-zodiacsofficial.vercel.app",
      "path": "/_astro/calculator.MBHg3tIV.css"
    },
    {
      "locale": "pt",
      "width": 1280,
      "method": "GET",
      "origin": "https://plausible.io",
      "path": "/js/pa-HwF2IBb5Sw8eboNPSOgHv.js"
    },
    {
      "locale": "pt",
      "width": 1280,
      "method": "GET",
      "origin": "https://zodiacs-q2i4dgo63-zodiacsofficial.vercel.app",
      "path": "/_astro/MoonPhaseTool.BTXtrlp9.js"
    },
    {
      "locale": "pt",
      "width": 1280,
      "method": "GET",
      "origin": "https://zodiacs-q2i4dgo63-zodiacsofficial.vercel.app",
      "path": "/_astro/client.DPkn9Lbl.js"
    },
    {
      "locale": "pt",
      "width": 1280,
      "method": "GET",
      "origin": "https://zodiacs-q2i4dgo63-zodiacsofficial.vercel.app",
      "path": "/fonts/eb-garamond-latin-400-italic.woff2"
    },
    {
      "locale": "pt",
      "width": 1280,
      "method": "GET",
      "origin": "https://zodiacs-q2i4dgo63-zodiacsofficial.vercel.app",
      "path": "/fonts/jetbrains-mono-latin-wght-normal.woff2"
    },
    {
      "locale": "pt",
      "width": 1280,
      "method": "GET",
      "origin": "https://zodiacs-q2i4dgo63-zodiacsofficial.vercel.app",
      "path": "/assets/guide-avatar.webp"
    },
    {
      "locale": "pt",
      "width": 1280,
      "method": "GET",
      "origin": "https://zodiacs-q2i4dgo63-zodiacsofficial.vercel.app",
      "path": "/assets/zodiac-icons/48/aries.webp"
    },
    {
      "locale": "pt",
      "width": 1280,
      "method": "GET",
      "origin": "https://zodiacs-q2i4dgo63-zodiacsofficial.vercel.app",
      "path": "/assets/zodiac-icons/48/taurus.webp"
    },
    {
      "locale": "pt",
      "width": 1280,
      "method": "GET",
      "origin": "https://zodiacs-q2i4dgo63-zodiacsofficial.vercel.app",
      "path": "/assets/zodiac-icons/48/gemini.webp"
    },
    {
      "locale": "pt",
      "width": 1280,
      "method": "GET",
      "origin": "https://zodiacs-q2i4dgo63-zodiacsofficial.vercel.app",
      "path": "/assets/app-icons/v3/favicon.svg"
    },
    {
      "locale": "pt",
      "width": 1280,
      "method": "GET",
      "origin": "https://zodiacs-q2i4dgo63-zodiacsofficial.vercel.app",
      "path": "/_astro/preact.module.Bjq9tLsx.js"
    },
    {
      "locale": "pt",
      "width": 1280,
      "method": "GET",
      "origin": "https://zodiacs-q2i4dgo63-zodiacsofficial.vercel.app",
      "path": "/_astro/hooks.module.C0_8FjiD.js"
    },
    {
      "locale": "pt",
      "width": 1280,
      "method": "GET",
      "origin": "https://zodiacs-q2i4dgo63-zodiacsofficial.vercel.app",
      "path": "/_astro/signs.BMXPKoMF.js"
    },
    {
      "locale": "pt",
      "width": 1280,
      "method": "GET",
      "origin": "https://zodiacs-q2i4dgo63-zodiacsofficial.vercel.app",
      "path": "/_astro/jsxRuntime.module.BG9KJlGc.js"
    },
    {
      "locale": "pt",
      "width": 1280,
      "method": "GET",
      "origin": "https://zodiacs-q2i4dgo63-zodiacsofficial.vercel.app",
      "path": "/_astro/EvidenceDisclosure.LNSfDkU7.js"
    },
    {
      "locale": "pt",
      "width": 1280,
      "method": "GET",
      "origin": "https://zodiacs-q2i4dgo63-zodiacsofficial.vercel.app",
      "path": "/_astro/i18n.Cg_lCJuc.js"
    },
    {
      "locale": "pt",
      "width": 1280,
      "method": "GET",
      "origin": "https://zodiacs-q2i4dgo63-zodiacsofficial.vercel.app",
      "path": "/_astro/CalculationReload.DXyGkRsn.js"
    },
    {
      "locale": "pt",
      "width": 1280,
      "method": "GET",
      "origin": "https://zodiacs-q2i4dgo63-zodiacsofficial.vercel.app",
      "path": "/_astro/astrology.BHib5efU.js"
    },
    {
      "locale": "pt",
      "width": 1280,
      "method": "GET",
      "origin": "https://zodiacs-q2i4dgo63-zodiacsofficial.vercel.app",
      "path": "/_astro/dates.D4PDcYt5.js"
    },
    {
      "locale": "pt",
      "width": 1280,
      "method": "GET",
      "origin": "https://zodiacs-q2i4dgo63-zodiacsofficial.vercel.app",
      "path": "/_astro/useEngine.BV92cVg4.js"
    },
    {
      "locale": "pt",
      "width": 1280,
      "method": "GET",
      "origin": "https://zodiacs-q2i4dgo63-zodiacsofficial.vercel.app",
      "path": "/_astro/PlaceSearch.D1WsU_jW.js"
    },
    {
      "locale": "pt",
      "width": 1280,
      "method": "GET",
      "origin": "https://zodiacs-q2i4dgo63-zodiacsofficial.vercel.app",
      "path": "/_astro/localToUtc.CrWG2CBc.js"
    },
    {
      "locale": "pt",
      "width": 1280,
      "method": "GET",
      "origin": "https://zodiacs-q2i4dgo63-zodiacsofficial.vercel.app",
      "path": "/_astro/SignChip.Dx3tQVZl.js"
    },
    {
      "locale": "pt",
      "width": 1280,
      "method": "GET",
      "origin": "https://zodiacs-q2i4dgo63-zodiacsofficial.vercel.app",
      "path": "/_astro/lite.DKWHZC5_.js"
    },
    {
      "locale": "pt",
      "width": 1280,
      "method": "GET",
      "origin": "https://zodiacs-q2i4dgo63-zodiacsofficial.vercel.app",
      "path": "/assets/site-footer.css"
    },
    {
      "locale": "pt",
      "width": 1280,
      "method": "GET",
      "origin": "https://zodiacs-q2i4dgo63-zodiacsofficial.vercel.app",
      "path": "/_astro/preload-helper.L5lOfJxi.js"
    },
    {
      "locale": "pt",
      "width": 1280,
      "method": "GET",
      "origin": "https://zodiacs-q2i4dgo63-zodiacsofficial.vercel.app",
      "path": "/_astro/rolldown-runtime.DK3Fl9T5.js"
    },
    {
      "locale": "pt",
      "width": 1280,
      "method": "GET",
      "origin": "https://zodiacs-q2i4dgo63-zodiacsofficial.vercel.app",
      "path": "/_astro/civil-date.CpOZUt7Z.js"
    },
    {
      "locale": "pt",
      "width": 1280,
      "method": "GET",
      "origin": "https://zodiacs-q2i4dgo63-zodiacsofficial.vercel.app",
      "path": "/_astro/technical-locales.DDKucXXd.js"
    },
    {
      "locale": "pt",
      "width": 1280,
      "method": "GET",
      "origin": "https://zodiacs-q2i4dgo63-zodiacsofficial.vercel.app",
      "path": "/assets/assistant-ui.js"
    },
    {
      "locale": "pt",
      "width": 1280,
      "method": "GET",
      "origin": "https://zodiacs-q2i4dgo63-zodiacsofficial.vercel.app",
      "path": "/assets/assistant-ui.css"
    },
    {
      "locale": "pt",
      "width": 1280,
      "method": "GET",
      "origin": "https://zodiacs-q2i4dgo63-zodiacsofficial.vercel.app",
      "path": "/fonts/instrument-sans-latin-wght-italic.woff2"
    },
    {
      "locale": "pt",
      "width": 1280,
      "method": "GET",
      "origin": "https://zodiacs-q2i4dgo63-zodiacsofficial.vercel.app",
      "path": "/fonts/golos-text-cyr-b.woff2"
    },
    {
      "locale": "pt",
      "width": 1280,
      "method": "GET",
      "origin": "https://zodiacs-q2i4dgo63-zodiacsofficial.vercel.app",
      "path": "/fonts/golos-text-cyr-a.woff2"
    },
    {
      "locale": "pt",
      "width": 1280,
      "method": "GET",
      "origin": "https://zodiacs-q2i4dgo63-zodiacsofficial.vercel.app",
      "path": "/fonts/eb-garamond-cyrillic-500-normal.woff2"
    },
    {
      "locale": "pt",
      "width": 1280,
      "method": "GET",
      "origin": "https://zodiacs-q2i4dgo63-zodiacsofficial.vercel.app",
      "path": "/fonts/jetbrains-mono-cyrillic-400-500.woff2"
    },
    {
      "locale": "pt",
      "width": 1280,
      "method": "GET",
      "origin": "https://zodiacs-q2i4dgo63-zodiacsofficial.vercel.app",
      "path": "/_astro/full.AQ--_mi-.js"
    },
    {
      "locale": "pt",
      "width": 1280,
      "method": "GET",
      "origin": "https://zodiacs-q2i4dgo63-zodiacsofficial.vercel.app",
      "path": "/_astro/chart-adapter.K-QfJlbI.js"
    },
    {
      "locale": "pt",
      "width": 1280,
      "method": "GET",
      "origin": "https://zodiacs-q2i4dgo63-zodiacsofficial.vercel.app",
      "path": "/_astro/chunk-INI453VG.BxjMUPBs.js"
    },
    {
      "locale": "pt",
      "width": 1280,
      "method": "GET",
      "origin": "https://zodiacs-q2i4dgo63-zodiacsofficial.vercel.app",
      "path": "/_astro/chunk-H7RJKCBO.BUIGSNBz.js"
    },
    {
      "locale": "pt",
      "width": 1280,
      "method": "GET",
      "origin": "https://zodiacs-q2i4dgo63-zodiacsofficial.vercel.app",
      "path": "/assets/zodiac-icons/48/aries.avif"
    },
    {
      "locale": "pt",
      "width": 1280,
      "method": "GET",
      "origin": "https://zodiacs-q2i4dgo63-zodiacsofficial.vercel.app",
      "path": "/assets/zodiac-icons/48/cancer.webp"
    },
    {
      "locale": "pt",
      "width": 1280,
      "method": "GET",
      "origin": "https://zodiacs-q2i4dgo63-zodiacsofficial.vercel.app",
      "path": "/assets/zodiac-icons/48/leo.webp"
    },
    {
      "locale": "pt",
      "width": 1280,
      "method": "GET",
      "origin": "https://zodiacs-q2i4dgo63-zodiacsofficial.vercel.app",
      "path": "/assets/zodiac-icons/48/virgo.webp"
    },
    {
      "locale": "pt",
      "width": 1280,
      "method": "GET",
      "origin": "https://zodiacs-q2i4dgo63-zodiacsofficial.vercel.app",
      "path": "/assets/zodiac-icons/48/libra.webp"
    },
    {
      "locale": "pt",
      "width": 1280,
      "method": "GET",
      "origin": "https://zodiacs-q2i4dgo63-zodiacsofficial.vercel.app",
      "path": "/assets/zodiac-icons/48/scorpio.webp"
    },
    {
      "locale": "pt",
      "width": 1280,
      "method": "GET",
      "origin": "https://zodiacs-q2i4dgo63-zodiacsofficial.vercel.app",
      "path": "/assets/zodiac-icons/48/sagittarius.webp"
    },
    {
      "locale": "pt",
      "width": 1280,
      "method": "GET",
      "origin": "https://zodiacs-q2i4dgo63-zodiacsofficial.vercel.app",
      "path": "/assets/zodiac-icons/48/capricorn.webp"
    },
    {
      "locale": "pt",
      "width": 1280,
      "method": "GET",
      "origin": "https://zodiacs-q2i4dgo63-zodiacsofficial.vercel.app",
      "path": "/assets/zodiac-icons/48/aquarius.webp"
    },
    {
      "locale": "pt",
      "width": 1280,
      "method": "GET",
      "origin": "https://zodiacs-q2i4dgo63-zodiacsofficial.vercel.app",
      "path": "/assets/zodiac-icons/48/pisces.webp"
    },
    {
      "locale": "pt",
      "width": 390,
      "method": "GET",
      "origin": "https://zodiacs-q2i4dgo63-zodiacsofficial.vercel.app",
      "path": "/pt/moon-phase/"
    },
    {
      "locale": "pt",
      "width": 390,
      "method": "GET",
      "origin": "https://zodiacs-q2i4dgo63-zodiacsofficial.vercel.app",
      "path": "/fonts/instrument-sans-latin-wght-normal.woff2"
    },
    {
      "locale": "pt",
      "width": 390,
      "method": "GET",
      "origin": "https://zodiacs-q2i4dgo63-zodiacsofficial.vercel.app",
      "path": "/fonts/eb-garamond-latin-400-normal.woff2"
    },
    {
      "locale": "pt",
      "width": 390,
      "method": "GET",
      "origin": "https://zodiacs-q2i4dgo63-zodiacsofficial.vercel.app",
      "path": "/fonts/eb-garamond-latin-500-normal.woff2"
    },
    {
      "locale": "pt",
      "width": 390,
      "method": "GET",
      "origin": "https://zodiacs-q2i4dgo63-zodiacsofficial.vercel.app",
      "path": "/_astro/Base.Bryss0yT.css"
    },
    {
      "locale": "pt",
      "width": 390,
      "method": "GET",
      "origin": "https://zodiacs-q2i4dgo63-zodiacsofficial.vercel.app",
      "path": "/_astro/calculator.MBHg3tIV.css"
    },
    {
      "locale": "pt",
      "width": 390,
      "method": "GET",
      "origin": "https://plausible.io",
      "path": "/js/pa-HwF2IBb5Sw8eboNPSOgHv.js"
    },
    {
      "locale": "pt",
      "width": 390,
      "method": "GET",
      "origin": "https://zodiacs-q2i4dgo63-zodiacsofficial.vercel.app",
      "path": "/_astro/MoonPhaseTool.BTXtrlp9.js"
    },
    {
      "locale": "pt",
      "width": 390,
      "method": "GET",
      "origin": "https://zodiacs-q2i4dgo63-zodiacsofficial.vercel.app",
      "path": "/_astro/client.DPkn9Lbl.js"
    },
    {
      "locale": "pt",
      "width": 390,
      "method": "GET",
      "origin": "https://zodiacs-q2i4dgo63-zodiacsofficial.vercel.app",
      "path": "/fonts/jetbrains-mono-latin-wght-normal.woff2"
    },
    {
      "locale": "pt",
      "width": 390,
      "method": "GET",
      "origin": "https://zodiacs-q2i4dgo63-zodiacsofficial.vercel.app",
      "path": "/fonts/eb-garamond-latin-400-italic.woff2"
    },
    {
      "locale": "pt",
      "width": 390,
      "method": "GET",
      "origin": "https://zodiacs-q2i4dgo63-zodiacsofficial.vercel.app",
      "path": "/assets/guide-avatar.webp"
    },
    {
      "locale": "pt",
      "width": 390,
      "method": "GET",
      "origin": "https://zodiacs-q2i4dgo63-zodiacsofficial.vercel.app",
      "path": "/_astro/preload-helper.L5lOfJxi.js"
    },
    {
      "locale": "pt",
      "width": 390,
      "method": "GET",
      "origin": "https://zodiacs-q2i4dgo63-zodiacsofficial.vercel.app",
      "path": "/_astro/preact.module.Bjq9tLsx.js"
    },
    {
      "locale": "pt",
      "width": 390,
      "method": "GET",
      "origin": "https://zodiacs-q2i4dgo63-zodiacsofficial.vercel.app",
      "path": "/_astro/hooks.module.C0_8FjiD.js"
    },
    {
      "locale": "pt",
      "width": 390,
      "method": "GET",
      "origin": "https://zodiacs-q2i4dgo63-zodiacsofficial.vercel.app",
      "path": "/_astro/signs.BMXPKoMF.js"
    },
    {
      "locale": "pt",
      "width": 390,
      "method": "GET",
      "origin": "https://zodiacs-q2i4dgo63-zodiacsofficial.vercel.app",
      "path": "/_astro/jsxRuntime.module.BG9KJlGc.js"
    },
    {
      "locale": "pt",
      "width": 390,
      "method": "GET",
      "origin": "https://zodiacs-q2i4dgo63-zodiacsofficial.vercel.app",
      "path": "/_astro/EvidenceDisclosure.LNSfDkU7.js"
    },
    {
      "locale": "pt",
      "width": 390,
      "method": "GET",
      "origin": "https://zodiacs-q2i4dgo63-zodiacsofficial.vercel.app",
      "path": "/_astro/i18n.Cg_lCJuc.js"
    },
    {
      "locale": "pt",
      "width": 390,
      "method": "GET",
      "origin": "https://zodiacs-q2i4dgo63-zodiacsofficial.vercel.app",
      "path": "/_astro/CalculationReload.DXyGkRsn.js"
    },
    {
      "locale": "pt",
      "width": 390,
      "method": "GET",
      "origin": "https://zodiacs-q2i4dgo63-zodiacsofficial.vercel.app",
      "path": "/_astro/astrology.BHib5efU.js"
    },
    {
      "locale": "pt",
      "width": 390,
      "method": "GET",
      "origin": "https://zodiacs-q2i4dgo63-zodiacsofficial.vercel.app",
      "path": "/_astro/dates.D4PDcYt5.js"
    },
    {
      "locale": "pt",
      "width": 390,
      "method": "GET",
      "origin": "https://zodiacs-q2i4dgo63-zodiacsofficial.vercel.app",
      "path": "/_astro/useEngine.BV92cVg4.js"
    },
    {
      "locale": "pt",
      "width": 390,
      "method": "GET",
      "origin": "https://zodiacs-q2i4dgo63-zodiacsofficial.vercel.app",
      "path": "/_astro/PlaceSearch.D1WsU_jW.js"
    },
    {
      "locale": "pt",
      "width": 390,
      "method": "GET",
      "origin": "https://zodiacs-q2i4dgo63-zodiacsofficial.vercel.app",
      "path": "/_astro/localToUtc.CrWG2CBc.js"
    },
    {
      "locale": "pt",
      "width": 390,
      "method": "GET",
      "origin": "https://zodiacs-q2i4dgo63-zodiacsofficial.vercel.app",
      "path": "/_astro/SignChip.Dx3tQVZl.js"
    },
    {
      "locale": "pt",
      "width": 390,
      "method": "GET",
      "origin": "https://zodiacs-q2i4dgo63-zodiacsofficial.vercel.app",
      "path": "/_astro/lite.DKWHZC5_.js"
    },
    {
      "locale": "pt",
      "width": 390,
      "method": "GET",
      "origin": "https://zodiacs-q2i4dgo63-zodiacsofficial.vercel.app",
      "path": "/assets/app-icons/v3/favicon.svg"
    },
    {
      "locale": "pt",
      "width": 390,
      "method": "GET",
      "origin": "https://zodiacs-q2i4dgo63-zodiacsofficial.vercel.app",
      "path": "/_astro/rolldown-runtime.DK3Fl9T5.js"
    },
    {
      "locale": "pt",
      "width": 390,
      "method": "GET",
      "origin": "https://zodiacs-q2i4dgo63-zodiacsofficial.vercel.app",
      "path": "/_astro/civil-date.CpOZUt7Z.js"
    },
    {
      "locale": "pt",
      "width": 390,
      "method": "GET",
      "origin": "https://zodiacs-q2i4dgo63-zodiacsofficial.vercel.app",
      "path": "/_astro/technical-locales.DDKucXXd.js"
    },
    {
      "locale": "pt",
      "width": 390,
      "method": "GET",
      "origin": "https://zodiacs-q2i4dgo63-zodiacsofficial.vercel.app",
      "path": "/assets/site-footer.css"
    },
    {
      "locale": "pt",
      "width": 390,
      "method": "GET",
      "origin": "https://zodiacs-q2i4dgo63-zodiacsofficial.vercel.app",
      "path": "/assets/assistant-ui.js"
    },
    {
      "locale": "pt",
      "width": 390,
      "method": "GET",
      "origin": "https://zodiacs-q2i4dgo63-zodiacsofficial.vercel.app",
      "path": "/assets/assistant-ui.css"
    },
    {
      "locale": "pt",
      "width": 390,
      "method": "GET",
      "origin": "https://zodiacs-q2i4dgo63-zodiacsofficial.vercel.app",
      "path": "/fonts/instrument-sans-latin-wght-italic.woff2"
    },
    {
      "locale": "pt",
      "width": 390,
      "method": "GET",
      "origin": "https://zodiacs-q2i4dgo63-zodiacsofficial.vercel.app",
      "path": "/fonts/golos-text-cyr-b.woff2"
    },
    {
      "locale": "pt",
      "width": 390,
      "method": "GET",
      "origin": "https://zodiacs-q2i4dgo63-zodiacsofficial.vercel.app",
      "path": "/fonts/golos-text-cyr-a.woff2"
    },
    {
      "locale": "pt",
      "width": 390,
      "method": "GET",
      "origin": "https://zodiacs-q2i4dgo63-zodiacsofficial.vercel.app",
      "path": "/fonts/eb-garamond-cyrillic-500-normal.woff2"
    },
    {
      "locale": "pt",
      "width": 390,
      "method": "GET",
      "origin": "https://zodiacs-q2i4dgo63-zodiacsofficial.vercel.app",
      "path": "/fonts/jetbrains-mono-cyrillic-400-500.woff2"
    },
    {
      "locale": "pt",
      "width": 390,
      "method": "GET",
      "origin": "https://zodiacs-q2i4dgo63-zodiacsofficial.vercel.app",
      "path": "/_astro/full.AQ--_mi-.js"
    },
    {
      "locale": "pt",
      "width": 390,
      "method": "GET",
      "origin": "https://zodiacs-q2i4dgo63-zodiacsofficial.vercel.app",
      "path": "/_astro/chart-adapter.K-QfJlbI.js"
    },
    {
      "locale": "pt",
      "width": 390,
      "method": "GET",
      "origin": "https://zodiacs-q2i4dgo63-zodiacsofficial.vercel.app",
      "path": "/_astro/chunk-INI453VG.BxjMUPBs.js"
    },
    {
      "locale": "pt",
      "width": 390,
      "method": "GET",
      "origin": "https://zodiacs-q2i4dgo63-zodiacsofficial.vercel.app",
      "path": "/_astro/chunk-H7RJKCBO.BUIGSNBz.js"
    },
    {
      "locale": "pt",
      "width": 390,
      "method": "GET",
      "origin": "https://zodiacs-q2i4dgo63-zodiacsofficial.vercel.app",
      "path": "/assets/zodiac-icons/48/aries.webp"
    },
    {
      "locale": "pt",
      "width": 390,
      "method": "GET",
      "origin": "https://zodiacs-q2i4dgo63-zodiacsofficial.vercel.app",
      "path": "/assets/zodiac-icons/48/taurus.webp"
    },
    {
      "locale": "pt",
      "width": 390,
      "method": "GET",
      "origin": "https://zodiacs-q2i4dgo63-zodiacsofficial.vercel.app",
      "path": "/assets/zodiac-icons/48/gemini.webp"
    },
    {
      "locale": "pt",
      "width": 390,
      "method": "GET",
      "origin": "https://zodiacs-q2i4dgo63-zodiacsofficial.vercel.app",
      "path": "/assets/zodiac-icons/48/cancer.webp"
    },
    {
      "locale": "pt",
      "width": 390,
      "method": "GET",
      "origin": "https://zodiacs-q2i4dgo63-zodiacsofficial.vercel.app",
      "path": "/assets/zodiac-icons/48/leo.webp"
    },
    {
      "locale": "pt",
      "width": 390,
      "method": "GET",
      "origin": "https://zodiacs-q2i4dgo63-zodiacsofficial.vercel.app",
      "path": "/assets/zodiac-icons/48/virgo.webp"
    },
    {
      "locale": "pt",
      "width": 390,
      "method": "GET",
      "origin": "https://zodiacs-q2i4dgo63-zodiacsofficial.vercel.app",
      "path": "/assets/zodiac-icons/48/libra.webp"
    },
    {
      "locale": "pt",
      "width": 390,
      "method": "GET",
      "origin": "https://zodiacs-q2i4dgo63-zodiacsofficial.vercel.app",
      "path": "/assets/zodiac-icons/48/scorpio.webp"
    },
    {
      "locale": "pt",
      "width": 390,
      "method": "GET",
      "origin": "https://zodiacs-q2i4dgo63-zodiacsofficial.vercel.app",
      "path": "/assets/zodiac-icons/48/sagittarius.webp"
    },
    {
      "locale": "pt",
      "width": 390,
      "method": "GET",
      "origin": "https://zodiacs-q2i4dgo63-zodiacsofficial.vercel.app",
      "path": "/assets/zodiac-icons/48/capricorn.webp"
    },
    {
      "locale": "pt",
      "width": 390,
      "method": "GET",
      "origin": "https://zodiacs-q2i4dgo63-zodiacsofficial.vercel.app",
      "path": "/assets/zodiac-icons/48/aquarius.webp"
    },
    {
      "locale": "pt",
      "width": 390,
      "method": "GET",
      "origin": "https://zodiacs-q2i4dgo63-zodiacsofficial.vercel.app",
      "path": "/assets/zodiac-icons/48/pisces.webp"
    },
    {
      "locale": "pt",
      "width": 390,
      "method": "GET",
      "origin": "https://zodiacs-q2i4dgo63-zodiacsofficial.vercel.app",
      "path": "/assets/zodiac-icons/48/aries.avif"
    },
    {
      "locale": "ru",
      "width": 1280,
      "method": "GET",
      "origin": "https://zodiacs-q2i4dgo63-zodiacsofficial.vercel.app",
      "path": "/ru/moon-phase/"
    },
    {
      "locale": "ru",
      "width": 1280,
      "method": "GET",
      "origin": "https://zodiacs-q2i4dgo63-zodiacsofficial.vercel.app",
      "path": "/fonts/golos-text-cyr-a.woff2"
    },
    {
      "locale": "ru",
      "width": 1280,
      "method": "GET",
      "origin": "https://zodiacs-q2i4dgo63-zodiacsofficial.vercel.app",
      "path": "/fonts/golos-text-cyr-b.woff2"
    },
    {
      "locale": "ru",
      "width": 1280,
      "method": "GET",
      "origin": "https://zodiacs-q2i4dgo63-zodiacsofficial.vercel.app",
      "path": "/fonts/eb-garamond-cyrillic-500-normal.woff2"
    },
    {
      "locale": "ru",
      "width": 1280,
      "method": "GET",
      "origin": "https://zodiacs-q2i4dgo63-zodiacsofficial.vercel.app",
      "path": "/_astro/Base.Bryss0yT.css"
    },
    {
      "locale": "ru",
      "width": 1280,
      "method": "GET",
      "origin": "https://zodiacs-q2i4dgo63-zodiacsofficial.vercel.app",
      "path": "/_astro/calculator.MBHg3tIV.css"
    },
    {
      "locale": "ru",
      "width": 1280,
      "method": "GET",
      "origin": "https://plausible.io",
      "path": "/js/pa-HwF2IBb5Sw8eboNPSOgHv.js"
    },
    {
      "locale": "ru",
      "width": 1280,
      "method": "GET",
      "origin": "https://zodiacs-q2i4dgo63-zodiacsofficial.vercel.app",
      "path": "/_astro/MoonPhaseTool.BTXtrlp9.js"
    },
    {
      "locale": "ru",
      "width": 1280,
      "method": "GET",
      "origin": "https://zodiacs-q2i4dgo63-zodiacsofficial.vercel.app",
      "path": "/_astro/client.DPkn9Lbl.js"
    },
    {
      "locale": "ru",
      "width": 1280,
      "method": "GET",
      "origin": "https://zodiacs-q2i4dgo63-zodiacsofficial.vercel.app",
      "path": "/fonts/jetbrains-mono-cyrillic-400-500.woff2"
    },
    {
      "locale": "ru",
      "width": 1280,
      "method": "GET",
      "origin": "https://zodiacs-q2i4dgo63-zodiacsofficial.vercel.app",
      "path": "/assets/guide-avatar.webp"
    },
    {
      "locale": "ru",
      "width": 1280,
      "method": "GET",
      "origin": "https://zodiacs-q2i4dgo63-zodiacsofficial.vercel.app",
      "path": "/assets/zodiac-icons/48/aries.webp"
    },
    {
      "locale": "ru",
      "width": 1280,
      "method": "GET",
      "origin": "https://zodiacs-q2i4dgo63-zodiacsofficial.vercel.app",
      "path": "/_astro/preload-helper.L5lOfJxi.js"
    },
    {
      "locale": "ru",
      "width": 1280,
      "method": "GET",
      "origin": "https://zodiacs-q2i4dgo63-zodiacsofficial.vercel.app",
      "path": "/_astro/preact.module.Bjq9tLsx.js"
    },
    {
      "locale": "ru",
      "width": 1280,
      "method": "GET",
      "origin": "https://zodiacs-q2i4dgo63-zodiacsofficial.vercel.app",
      "path": "/_astro/hooks.module.C0_8FjiD.js"
    },
    {
      "locale": "ru",
      "width": 1280,
      "method": "GET",
      "origin": "https://zodiacs-q2i4dgo63-zodiacsofficial.vercel.app",
      "path": "/_astro/signs.BMXPKoMF.js"
    },
    {
      "locale": "ru",
      "width": 1280,
      "method": "GET",
      "origin": "https://zodiacs-q2i4dgo63-zodiacsofficial.vercel.app",
      "path": "/_astro/jsxRuntime.module.BG9KJlGc.js"
    },
    {
      "locale": "ru",
      "width": 1280,
      "method": "GET",
      "origin": "https://zodiacs-q2i4dgo63-zodiacsofficial.vercel.app",
      "path": "/_astro/EvidenceDisclosure.LNSfDkU7.js"
    },
    {
      "locale": "ru",
      "width": 1280,
      "method": "GET",
      "origin": "https://zodiacs-q2i4dgo63-zodiacsofficial.vercel.app",
      "path": "/_astro/i18n.Cg_lCJuc.js"
    },
    {
      "locale": "ru",
      "width": 1280,
      "method": "GET",
      "origin": "https://zodiacs-q2i4dgo63-zodiacsofficial.vercel.app",
      "path": "/_astro/CalculationReload.DXyGkRsn.js"
    },
    {
      "locale": "ru",
      "width": 1280,
      "method": "GET",
      "origin": "https://zodiacs-q2i4dgo63-zodiacsofficial.vercel.app",
      "path": "/_astro/astrology.BHib5efU.js"
    },
    {
      "locale": "ru",
      "width": 1280,
      "method": "GET",
      "origin": "https://zodiacs-q2i4dgo63-zodiacsofficial.vercel.app",
      "path": "/_astro/dates.D4PDcYt5.js"
    },
    {
      "locale": "ru",
      "width": 1280,
      "method": "GET",
      "origin": "https://zodiacs-q2i4dgo63-zodiacsofficial.vercel.app",
      "path": "/_astro/useEngine.BV92cVg4.js"
    },
    {
      "locale": "ru",
      "width": 1280,
      "method": "GET",
      "origin": "https://zodiacs-q2i4dgo63-zodiacsofficial.vercel.app",
      "path": "/_astro/PlaceSearch.D1WsU_jW.js"
    },
    {
      "locale": "ru",
      "width": 1280,
      "method": "GET",
      "origin": "https://zodiacs-q2i4dgo63-zodiacsofficial.vercel.app",
      "path": "/_astro/localToUtc.CrWG2CBc.js"
    },
    {
      "locale": "ru",
      "width": 1280,
      "method": "GET",
      "origin": "https://zodiacs-q2i4dgo63-zodiacsofficial.vercel.app",
      "path": "/_astro/SignChip.Dx3tQVZl.js"
    },
    {
      "locale": "ru",
      "width": 1280,
      "method": "GET",
      "origin": "https://zodiacs-q2i4dgo63-zodiacsofficial.vercel.app",
      "path": "/_astro/lite.DKWHZC5_.js"
    },
    {
      "locale": "ru",
      "width": 1280,
      "method": "GET",
      "origin": "https://zodiacs-q2i4dgo63-zodiacsofficial.vercel.app",
      "path": "/assets/app-icons/v3/favicon.svg"
    },
    {
      "locale": "ru",
      "width": 1280,
      "method": "GET",
      "origin": "https://zodiacs-q2i4dgo63-zodiacsofficial.vercel.app",
      "path": "/_astro/rolldown-runtime.DK3Fl9T5.js"
    },
    {
      "locale": "ru",
      "width": 1280,
      "method": "GET",
      "origin": "https://zodiacs-q2i4dgo63-zodiacsofficial.vercel.app",
      "path": "/_astro/civil-date.CpOZUt7Z.js"
    },
    {
      "locale": "ru",
      "width": 1280,
      "method": "GET",
      "origin": "https://zodiacs-q2i4dgo63-zodiacsofficial.vercel.app",
      "path": "/_astro/technical-locales.DDKucXXd.js"
    },
    {
      "locale": "ru",
      "width": 1280,
      "method": "GET",
      "origin": "https://zodiacs-q2i4dgo63-zodiacsofficial.vercel.app",
      "path": "/assets/site-footer.css"
    },
    {
      "locale": "ru",
      "width": 1280,
      "method": "GET",
      "origin": "https://zodiacs-q2i4dgo63-zodiacsofficial.vercel.app",
      "path": "/assets/assistant-ui.js"
    },
    {
      "locale": "ru",
      "width": 1280,
      "method": "GET",
      "origin": "https://zodiacs-q2i4dgo63-zodiacsofficial.vercel.app",
      "path": "/assets/assistant-ui.css"
    },
    {
      "locale": "ru",
      "width": 1280,
      "method": "GET",
      "origin": "https://zodiacs-q2i4dgo63-zodiacsofficial.vercel.app",
      "path": "/fonts/instrument-sans-latin-wght-normal.woff2"
    },
    {
      "locale": "ru",
      "width": 1280,
      "method": "GET",
      "origin": "https://zodiacs-q2i4dgo63-zodiacsofficial.vercel.app",
      "path": "/fonts/instrument-sans-latin-wght-italic.woff2"
    },
    {
      "locale": "ru",
      "width": 1280,
      "method": "GET",
      "origin": "https://zodiacs-q2i4dgo63-zodiacsofficial.vercel.app",
      "path": "/fonts/jetbrains-mono-latin-wght-normal.woff2"
    },
    {
      "locale": "ru",
      "width": 1280,
      "method": "GET",
      "origin": "https://zodiacs-q2i4dgo63-zodiacsofficial.vercel.app",
      "path": "/fonts/eb-garamond-latin-400-normal.woff2"
    },
    {
      "locale": "ru",
      "width": 1280,
      "method": "GET",
      "origin": "https://zodiacs-q2i4dgo63-zodiacsofficial.vercel.app",
      "path": "/fonts/eb-garamond-latin-500-normal.woff2"
    },
    {
      "locale": "ru",
      "width": 1280,
      "method": "GET",
      "origin": "https://zodiacs-q2i4dgo63-zodiacsofficial.vercel.app",
      "path": "/fonts/eb-garamond-latin-400-italic.woff2"
    },
    {
      "locale": "ru",
      "width": 1280,
      "method": "GET",
      "origin": "https://zodiacs-q2i4dgo63-zodiacsofficial.vercel.app",
      "path": "/_astro/full.AQ--_mi-.js"
    },
    {
      "locale": "ru",
      "width": 1280,
      "method": "GET",
      "origin": "https://zodiacs-q2i4dgo63-zodiacsofficial.vercel.app",
      "path": "/_astro/chart-adapter.K-QfJlbI.js"
    },
    {
      "locale": "ru",
      "width": 1280,
      "method": "GET",
      "origin": "https://zodiacs-q2i4dgo63-zodiacsofficial.vercel.app",
      "path": "/_astro/chunk-INI453VG.BxjMUPBs.js"
    },
    {
      "locale": "ru",
      "width": 1280,
      "method": "GET",
      "origin": "https://zodiacs-q2i4dgo63-zodiacsofficial.vercel.app",
      "path": "/_astro/chunk-H7RJKCBO.BUIGSNBz.js"
    },
    {
      "locale": "ru",
      "width": 1280,
      "method": "GET",
      "origin": "https://zodiacs-q2i4dgo63-zodiacsofficial.vercel.app",
      "path": "/assets/zodiac-icons/48/taurus.webp"
    },
    {
      "locale": "ru",
      "width": 1280,
      "method": "GET",
      "origin": "https://zodiacs-q2i4dgo63-zodiacsofficial.vercel.app",
      "path": "/assets/zodiac-icons/48/gemini.webp"
    },
    {
      "locale": "ru",
      "width": 1280,
      "method": "GET",
      "origin": "https://zodiacs-q2i4dgo63-zodiacsofficial.vercel.app",
      "path": "/assets/zodiac-icons/48/cancer.webp"
    },
    {
      "locale": "ru",
      "width": 1280,
      "method": "GET",
      "origin": "https://zodiacs-q2i4dgo63-zodiacsofficial.vercel.app",
      "path": "/assets/zodiac-icons/48/leo.webp"
    },
    {
      "locale": "ru",
      "width": 1280,
      "method": "GET",
      "origin": "https://zodiacs-q2i4dgo63-zodiacsofficial.vercel.app",
      "path": "/assets/zodiac-icons/48/virgo.webp"
    },
    {
      "locale": "ru",
      "width": 1280,
      "method": "GET",
      "origin": "https://zodiacs-q2i4dgo63-zodiacsofficial.vercel.app",
      "path": "/assets/zodiac-icons/48/libra.webp"
    },
    {
      "locale": "ru",
      "width": 1280,
      "method": "GET",
      "origin": "https://zodiacs-q2i4dgo63-zodiacsofficial.vercel.app",
      "path": "/assets/zodiac-icons/48/scorpio.webp"
    },
    {
      "locale": "ru",
      "width": 1280,
      "method": "GET",
      "origin": "https://zodiacs-q2i4dgo63-zodiacsofficial.vercel.app",
      "path": "/assets/zodiac-icons/48/sagittarius.webp"
    },
    {
      "locale": "ru",
      "width": 1280,
      "method": "GET",
      "origin": "https://zodiacs-q2i4dgo63-zodiacsofficial.vercel.app",
      "path": "/assets/zodiac-icons/48/capricorn.webp"
    },
    {
      "locale": "ru",
      "width": 1280,
      "method": "GET",
      "origin": "https://zodiacs-q2i4dgo63-zodiacsofficial.vercel.app",
      "path": "/assets/zodiac-icons/48/aquarius.webp"
    },
    {
      "locale": "ru",
      "width": 1280,
      "method": "GET",
      "origin": "https://zodiacs-q2i4dgo63-zodiacsofficial.vercel.app",
      "path": "/assets/zodiac-icons/48/pisces.webp"
    },
    {
      "locale": "ru",
      "width": 390,
      "method": "GET",
      "origin": "https://zodiacs-q2i4dgo63-zodiacsofficial.vercel.app",
      "path": "/ru/moon-phase/"
    },
    {
      "locale": "ru",
      "width": 390,
      "method": "GET",
      "origin": "https://zodiacs-q2i4dgo63-zodiacsofficial.vercel.app",
      "path": "/fonts/golos-text-cyr-a.woff2"
    },
    {
      "locale": "ru",
      "width": 390,
      "method": "GET",
      "origin": "https://zodiacs-q2i4dgo63-zodiacsofficial.vercel.app",
      "path": "/fonts/golos-text-cyr-b.woff2"
    },
    {
      "locale": "ru",
      "width": 390,
      "method": "GET",
      "origin": "https://zodiacs-q2i4dgo63-zodiacsofficial.vercel.app",
      "path": "/fonts/eb-garamond-cyrillic-500-normal.woff2"
    },
    {
      "locale": "ru",
      "width": 390,
      "method": "GET",
      "origin": "https://zodiacs-q2i4dgo63-zodiacsofficial.vercel.app",
      "path": "/_astro/Base.Bryss0yT.css"
    },
    {
      "locale": "ru",
      "width": 390,
      "method": "GET",
      "origin": "https://zodiacs-q2i4dgo63-zodiacsofficial.vercel.app",
      "path": "/_astro/calculator.MBHg3tIV.css"
    },
    {
      "locale": "ru",
      "width": 390,
      "method": "GET",
      "origin": "https://plausible.io",
      "path": "/js/pa-HwF2IBb5Sw8eboNPSOgHv.js"
    },
    {
      "locale": "ru",
      "width": 390,
      "method": "GET",
      "origin": "https://zodiacs-q2i4dgo63-zodiacsofficial.vercel.app",
      "path": "/_astro/MoonPhaseTool.BTXtrlp9.js"
    },
    {
      "locale": "ru",
      "width": 390,
      "method": "GET",
      "origin": "https://zodiacs-q2i4dgo63-zodiacsofficial.vercel.app",
      "path": "/_astro/client.DPkn9Lbl.js"
    },
    {
      "locale": "ru",
      "width": 390,
      "method": "GET",
      "origin": "https://zodiacs-q2i4dgo63-zodiacsofficial.vercel.app",
      "path": "/fonts/jetbrains-mono-cyrillic-400-500.woff2"
    },
    {
      "locale": "ru",
      "width": 390,
      "method": "GET",
      "origin": "https://zodiacs-q2i4dgo63-zodiacsofficial.vercel.app",
      "path": "/assets/guide-avatar.webp"
    },
    {
      "locale": "ru",
      "width": 390,
      "method": "GET",
      "origin": "https://zodiacs-q2i4dgo63-zodiacsofficial.vercel.app",
      "path": "/_astro/preact.module.Bjq9tLsx.js"
    },
    {
      "locale": "ru",
      "width": 390,
      "method": "GET",
      "origin": "https://zodiacs-q2i4dgo63-zodiacsofficial.vercel.app",
      "path": "/_astro/hooks.module.C0_8FjiD.js"
    },
    {
      "locale": "ru",
      "width": 390,
      "method": "GET",
      "origin": "https://zodiacs-q2i4dgo63-zodiacsofficial.vercel.app",
      "path": "/_astro/signs.BMXPKoMF.js"
    },
    {
      "locale": "ru",
      "width": 390,
      "method": "GET",
      "origin": "https://zodiacs-q2i4dgo63-zodiacsofficial.vercel.app",
      "path": "/_astro/jsxRuntime.module.BG9KJlGc.js"
    },
    {
      "locale": "ru",
      "width": 390,
      "method": "GET",
      "origin": "https://zodiacs-q2i4dgo63-zodiacsofficial.vercel.app",
      "path": "/_astro/EvidenceDisclosure.LNSfDkU7.js"
    },
    {
      "locale": "ru",
      "width": 390,
      "method": "GET",
      "origin": "https://zodiacs-q2i4dgo63-zodiacsofficial.vercel.app",
      "path": "/_astro/i18n.Cg_lCJuc.js"
    },
    {
      "locale": "ru",
      "width": 390,
      "method": "GET",
      "origin": "https://zodiacs-q2i4dgo63-zodiacsofficial.vercel.app",
      "path": "/_astro/CalculationReload.DXyGkRsn.js"
    },
    {
      "locale": "ru",
      "width": 390,
      "method": "GET",
      "origin": "https://zodiacs-q2i4dgo63-zodiacsofficial.vercel.app",
      "path": "/_astro/astrology.BHib5efU.js"
    },
    {
      "locale": "ru",
      "width": 390,
      "method": "GET",
      "origin": "https://zodiacs-q2i4dgo63-zodiacsofficial.vercel.app",
      "path": "/_astro/dates.D4PDcYt5.js"
    },
    {
      "locale": "ru",
      "width": 390,
      "method": "GET",
      "origin": "https://zodiacs-q2i4dgo63-zodiacsofficial.vercel.app",
      "path": "/_astro/useEngine.BV92cVg4.js"
    },
    {
      "locale": "ru",
      "width": 390,
      "method": "GET",
      "origin": "https://zodiacs-q2i4dgo63-zodiacsofficial.vercel.app",
      "path": "/_astro/PlaceSearch.D1WsU_jW.js"
    },
    {
      "locale": "ru",
      "width": 390,
      "method": "GET",
      "origin": "https://zodiacs-q2i4dgo63-zodiacsofficial.vercel.app",
      "path": "/_astro/localToUtc.CrWG2CBc.js"
    },
    {
      "locale": "ru",
      "width": 390,
      "method": "GET",
      "origin": "https://zodiacs-q2i4dgo63-zodiacsofficial.vercel.app",
      "path": "/_astro/SignChip.Dx3tQVZl.js"
    },
    {
      "locale": "ru",
      "width": 390,
      "method": "GET",
      "origin": "https://zodiacs-q2i4dgo63-zodiacsofficial.vercel.app",
      "path": "/_astro/lite.DKWHZC5_.js"
    },
    {
      "locale": "ru",
      "width": 390,
      "method": "GET",
      "origin": "https://zodiacs-q2i4dgo63-zodiacsofficial.vercel.app",
      "path": "/_astro/preload-helper.L5lOfJxi.js"
    },
    {
      "locale": "ru",
      "width": 390,
      "method": "GET",
      "origin": "https://zodiacs-q2i4dgo63-zodiacsofficial.vercel.app",
      "path": "/assets/app-icons/v3/favicon.svg"
    },
    {
      "locale": "ru",
      "width": 390,
      "method": "GET",
      "origin": "https://zodiacs-q2i4dgo63-zodiacsofficial.vercel.app",
      "path": "/_astro/rolldown-runtime.DK3Fl9T5.js"
    },
    {
      "locale": "ru",
      "width": 390,
      "method": "GET",
      "origin": "https://zodiacs-q2i4dgo63-zodiacsofficial.vercel.app",
      "path": "/_astro/civil-date.CpOZUt7Z.js"
    },
    {
      "locale": "ru",
      "width": 390,
      "method": "GET",
      "origin": "https://zodiacs-q2i4dgo63-zodiacsofficial.vercel.app",
      "path": "/_astro/technical-locales.DDKucXXd.js"
    },
    {
      "locale": "ru",
      "width": 390,
      "method": "GET",
      "origin": "https://zodiacs-q2i4dgo63-zodiacsofficial.vercel.app",
      "path": "/assets/site-footer.css"
    },
    {
      "locale": "ru",
      "width": 390,
      "method": "GET",
      "origin": "https://zodiacs-q2i4dgo63-zodiacsofficial.vercel.app",
      "path": "/assets/assistant-ui.js"
    },
    {
      "locale": "ru",
      "width": 390,
      "method": "GET",
      "origin": "https://zodiacs-q2i4dgo63-zodiacsofficial.vercel.app",
      "path": "/assets/assistant-ui.css"
    },
    {
      "locale": "ru",
      "width": 390,
      "method": "GET",
      "origin": "https://zodiacs-q2i4dgo63-zodiacsofficial.vercel.app",
      "path": "/fonts/instrument-sans-latin-wght-normal.woff2"
    },
    {
      "locale": "ru",
      "width": 390,
      "method": "GET",
      "origin": "https://zodiacs-q2i4dgo63-zodiacsofficial.vercel.app",
      "path": "/fonts/instrument-sans-latin-wght-italic.woff2"
    },
    {
      "locale": "ru",
      "width": 390,
      "method": "GET",
      "origin": "https://zodiacs-q2i4dgo63-zodiacsofficial.vercel.app",
      "path": "/fonts/jetbrains-mono-latin-wght-normal.woff2"
    },
    {
      "locale": "ru",
      "width": 390,
      "method": "GET",
      "origin": "https://zodiacs-q2i4dgo63-zodiacsofficial.vercel.app",
      "path": "/fonts/eb-garamond-latin-400-normal.woff2"
    },
    {
      "locale": "ru",
      "width": 390,
      "method": "GET",
      "origin": "https://zodiacs-q2i4dgo63-zodiacsofficial.vercel.app",
      "path": "/fonts/eb-garamond-latin-500-normal.woff2"
    },
    {
      "locale": "ru",
      "width": 390,
      "method": "GET",
      "origin": "https://zodiacs-q2i4dgo63-zodiacsofficial.vercel.app",
      "path": "/fonts/eb-garamond-latin-400-italic.woff2"
    },
    {
      "locale": "ru",
      "width": 390,
      "method": "GET",
      "origin": "https://zodiacs-q2i4dgo63-zodiacsofficial.vercel.app",
      "path": "/_astro/full.AQ--_mi-.js"
    },
    {
      "locale": "ru",
      "width": 390,
      "method": "GET",
      "origin": "https://zodiacs-q2i4dgo63-zodiacsofficial.vercel.app",
      "path": "/_astro/chart-adapter.K-QfJlbI.js"
    },
    {
      "locale": "ru",
      "width": 390,
      "method": "GET",
      "origin": "https://zodiacs-q2i4dgo63-zodiacsofficial.vercel.app",
      "path": "/_astro/chunk-INI453VG.BxjMUPBs.js"
    },
    {
      "locale": "ru",
      "width": 390,
      "method": "GET",
      "origin": "https://zodiacs-q2i4dgo63-zodiacsofficial.vercel.app",
      "path": "/_astro/chunk-H7RJKCBO.BUIGSNBz.js"
    },
    {
      "locale": "ru",
      "width": 390,
      "method": "GET",
      "origin": "https://zodiacs-q2i4dgo63-zodiacsofficial.vercel.app",
      "path": "/assets/zodiac-icons/48/aries.webp"
    },
    {
      "locale": "ru",
      "width": 390,
      "method": "GET",
      "origin": "https://zodiacs-q2i4dgo63-zodiacsofficial.vercel.app",
      "path": "/assets/zodiac-icons/48/taurus.webp"
    },
    {
      "locale": "ru",
      "width": 390,
      "method": "GET",
      "origin": "https://zodiacs-q2i4dgo63-zodiacsofficial.vercel.app",
      "path": "/assets/zodiac-icons/48/gemini.webp"
    },
    {
      "locale": "ru",
      "width": 390,
      "method": "GET",
      "origin": "https://zodiacs-q2i4dgo63-zodiacsofficial.vercel.app",
      "path": "/assets/zodiac-icons/48/cancer.webp"
    },
    {
      "locale": "ru",
      "width": 390,
      "method": "GET",
      "origin": "https://zodiacs-q2i4dgo63-zodiacsofficial.vercel.app",
      "path": "/assets/zodiac-icons/48/leo.webp"
    },
    {
      "locale": "ru",
      "width": 390,
      "method": "GET",
      "origin": "https://zodiacs-q2i4dgo63-zodiacsofficial.vercel.app",
      "path": "/assets/zodiac-icons/48/virgo.webp"
    },
    {
      "locale": "ru",
      "width": 390,
      "method": "GET",
      "origin": "https://zodiacs-q2i4dgo63-zodiacsofficial.vercel.app",
      "path": "/assets/zodiac-icons/48/libra.webp"
    },
    {
      "locale": "ru",
      "width": 390,
      "method": "GET",
      "origin": "https://zodiacs-q2i4dgo63-zodiacsofficial.vercel.app",
      "path": "/assets/zodiac-icons/48/scorpio.webp"
    },
    {
      "locale": "ru",
      "width": 390,
      "method": "GET",
      "origin": "https://zodiacs-q2i4dgo63-zodiacsofficial.vercel.app",
      "path": "/assets/zodiac-icons/48/sagittarius.webp"
    },
    {
      "locale": "ru",
      "width": 390,
      "method": "GET",
      "origin": "https://zodiacs-q2i4dgo63-zodiacsofficial.vercel.app",
      "path": "/assets/zodiac-icons/48/capricorn.webp"
    },
    {
      "locale": "ru",
      "width": 390,
      "method": "GET",
      "origin": "https://zodiacs-q2i4dgo63-zodiacsofficial.vercel.app",
      "path": "/assets/zodiac-icons/48/aquarius.webp"
    },
    {
      "locale": "ru",
      "width": 390,
      "method": "GET",
      "origin": "https://zodiacs-q2i4dgo63-zodiacsofficial.vercel.app",
      "path": "/assets/zodiac-icons/48/pisces.webp"
    }
  ],
  "responses": [
    {
      "locale": "en",
      "width": 1280,
      "path": "/moon-phase/",
      "status": 200,
      "bytes": 97170,
      "sha256": "bfc02377606789d7a7c7ebd6afc295a5c4b330181032139b7b458b287f30e896"
    },
    {
      "locale": "en",
      "width": 1280,
      "path": "/fonts/instrument-sans-latin-wght-normal.woff2",
      "status": 200,
      "bytes": 30092,
      "sha256": "2ee17598a98d8a59e4df8152d015bec9ab8e4d5672cc0ab42bef806b568e3971"
    },
    {
      "locale": "en",
      "width": 1280,
      "path": "/_astro/Base.Bryss0yT.css",
      "status": 200,
      "bytes": 46112,
      "sha256": "4877c6226e887495ac2c87605485f8011cbd605ab9c0ab4a5400310591712486"
    },
    {
      "locale": "en",
      "width": 1280,
      "path": "/fonts/eb-garamond-latin-500-normal.woff2",
      "status": 200,
      "bytes": 23012,
      "sha256": "d2bb3f624516d0233ef8a03bd7b2be47489c36809a02e83ac1bc859e85f4874a"
    },
    {
      "locale": "en",
      "width": 1280,
      "path": "/fonts/eb-garamond-latin-400-normal.woff2",
      "status": 200,
      "bytes": 21704,
      "sha256": "b63448e2680a0dbde70ebb2f3de78f6c515122835491f938e8a8595b46f29210"
    },
    {
      "locale": "en",
      "width": 1280,
      "path": "/_astro/calculator.MBHg3tIV.css",
      "status": 200,
      "bytes": 62573,
      "sha256": "e4606bd37837f898c7b5e0a5e2da987c1de2bcfe97130a72beb2e5c22d154004"
    },
    {
      "locale": "en",
      "width": 1280,
      "path": "/_astro/client.DPkn9Lbl.js",
      "status": 200,
      "bytes": 1447,
      "sha256": "d3be63c8d0105f6032306ace6829ffea98abed0096ddeb191582c25b21406999"
    },
    {
      "locale": "en",
      "width": 1280,
      "path": "/_astro/preload-helper.L5lOfJxi.js",
      "status": 200,
      "bytes": 1402,
      "sha256": "8bf772fcf734da4b451168642b9e1e058d1b50662c2a7d3898e381a93821e927"
    },
    {
      "locale": "en",
      "width": 1280,
      "path": "/_astro/preact.module.Bjq9tLsx.js",
      "status": 200,
      "bytes": 10499,
      "sha256": "796cb24cfe472a03b823ebf5cfbded9e8a72d0b2ca7e9b664ac86f00a4ae5635"
    },
    {
      "locale": "en",
      "width": 1280,
      "path": "/fonts/jetbrains-mono-latin-wght-normal.woff2",
      "status": 200,
      "bytes": 40404,
      "sha256": "18be452724bfdc236c074ca94a249a7f41a86752c7d04ab258ce9ed5651f6a7e"
    },
    {
      "locale": "en",
      "width": 1280,
      "path": "/fonts/eb-garamond-latin-400-italic.woff2",
      "status": 200,
      "bytes": 22172,
      "sha256": "1bd1b20fd55986b334ba42dbcb0d9bed7e2d08fd7a713000e8041bfafa37e8ec"
    },
    {
      "locale": "en",
      "width": 1280,
      "path": "/_astro/MoonPhaseTool.BTXtrlp9.js",
      "status": 200,
      "bytes": 5877,
      "sha256": "737f8ed5c5e9a19c9b3b238c4f99996ddcc98396522df7bdf8b691599bf5dcbe"
    },
    {
      "locale": "en",
      "width": 1280,
      "path": "/_astro/signs.BMXPKoMF.js",
      "status": 200,
      "bytes": 11693,
      "sha256": "21b146a22aa299589f659504f61ab2104f8ad9b0e1ed7e157225846e1380b2bc"
    },
    {
      "locale": "en",
      "width": 1280,
      "path": "/_astro/hooks.module.C0_8FjiD.js",
      "status": 200,
      "bytes": 2875,
      "sha256": "70a0edc427ea0e3966f512ed162307b8a5afb48573954980940e3192514f706d"
    },
    {
      "locale": "en",
      "width": 1280,
      "path": "/_astro/jsxRuntime.module.BG9KJlGc.js",
      "status": 200,
      "bytes": 430,
      "sha256": "7ddcbbccf1cc5b5de237799db0cae97c8f7fdd5d9165217bdb6589e1784c4daa"
    },
    {
      "locale": "en",
      "width": 1280,
      "path": "/_astro/SignChip.Dx3tQVZl.js",
      "status": 200,
      "bytes": 550,
      "sha256": "646a0460f7a067c5fb3a73900214c973dabf4876a2f86148e236d6c2d424a324"
    },
    {
      "locale": "en",
      "width": 1280,
      "path": "/assets/app-icons/v3/favicon.svg",
      "status": 200,
      "bytes": 791,
      "sha256": "7905102c09c8c80f73cca1f2b23d3921fd8a18f8666cbe7d1436e7acabca1f9b"
    },
    {
      "locale": "en",
      "width": 1280,
      "path": "/_astro/i18n.Cg_lCJuc.js",
      "status": 200,
      "bytes": 6936,
      "sha256": "70a9b92ff3baa35ed2be7696d32de5c76cae626de229e50c6487c25c2e18715d"
    },
    {
      "locale": "en",
      "width": 1280,
      "path": "/_astro/lite.DKWHZC5_.js",
      "status": 200,
      "bytes": 831,
      "sha256": "476fab7cec6bcb6af7fef8a37f86632f70def966fc429b9f9aba7e79e5bc191a"
    },
    {
      "locale": "en",
      "width": 1280,
      "path": "/_astro/PlaceSearch.D1WsU_jW.js",
      "status": 200,
      "bytes": 3472,
      "sha256": "9f384108f99e4e65ac31f34e627d405a5fad82aee9ff840d149be58183f380c9"
    },
    {
      "locale": "en",
      "width": 1280,
      "path": "/_astro/CalculationReload.DXyGkRsn.js",
      "status": 200,
      "bytes": 763,
      "sha256": "7e2446346104d1763f368f626e5985841253b06c69d963d70b805d9c97b4f0ef"
    },
    {
      "locale": "en",
      "width": 1280,
      "path": "/_astro/useEngine.BV92cVg4.js",
      "status": 200,
      "bytes": 504,
      "sha256": "36943543a570571105b171fbec02544260e7b56445610da713ee084c3d787ea4"
    },
    {
      "locale": "en",
      "width": 1280,
      "path": "/_astro/astrology.BHib5efU.js",
      "status": 200,
      "bytes": 3245,
      "sha256": "e94055469669e92e81c0dd91a9abfd798f3117b043722af9d00bed9862ea375d"
    },
    {
      "locale": "en",
      "width": 1280,
      "path": "/_astro/EvidenceDisclosure.LNSfDkU7.js",
      "status": 200,
      "bytes": 548,
      "sha256": "40817121a14b5ea05546b30f4ccbc321ef993fd0fea6cf79f2bd9b144d2ac55a"
    },
    {
      "locale": "en",
      "width": 1280,
      "path": "/_astro/localToUtc.CrWG2CBc.js",
      "status": 200,
      "bytes": 2236,
      "sha256": "f28d63762eadf519fd875bcb21a8f5a1c5b5c6934a079274d7e8ed12f27d744f"
    },
    {
      "locale": "en",
      "width": 1280,
      "path": "/assets/site-footer.css",
      "status": 200,
      "bytes": 10397,
      "sha256": "d6088ed5422a2ec37639adb906b1c6ed81ff93df7f36d3d50de1d23ab94e0700"
    },
    {
      "locale": "en",
      "width": 1280,
      "path": "/_astro/dates.D4PDcYt5.js",
      "status": 200,
      "bytes": 395,
      "sha256": "378304c0c70feb036cd849897964f4a4acb1b8f88ac05cadbefb2ccd6a95cf4a"
    },
    {
      "locale": "en",
      "width": 1280,
      "path": "/_astro/civil-date.CpOZUt7Z.js",
      "status": 200,
      "bytes": 533,
      "sha256": "74a94adc5da6547b114096c562cc0f2490d057a3b599d90578ea0972d2044df9"
    },
    {
      "locale": "en",
      "width": 1280,
      "path": "/_astro/technical-locales.DDKucXXd.js",
      "status": 200,
      "bytes": 46,
      "sha256": "69bc1979f1929b7cb2ce9131fe3d21dd6ea7462b6442d503d883d6aa64d1a5b6"
    },
    {
      "locale": "en",
      "width": 1280,
      "path": "/_astro/rolldown-runtime.DK3Fl9T5.js",
      "status": 200,
      "bytes": 158,
      "sha256": "a526d1bb3288ef04d001028843220a24b0867a4edf8c685b69506d6525af36ff"
    },
    {
      "locale": "en",
      "width": 1280,
      "path": "/assets/assistant-ui.js",
      "status": 200,
      "bytes": 4088,
      "sha256": "238a125c27cb9d23f5267524a6e2a30f38b357d6d54f4b396b776617b56563eb"
    },
    {
      "locale": "en",
      "width": 1280,
      "path": "/assets/assistant-ui.css",
      "status": 200,
      "bytes": 1396,
      "sha256": "eaf7e9531749d921c0947df7894e2fd447dcd800da620b3a14ba673af1cb7e0d"
    },
    {
      "locale": "en",
      "width": 1280,
      "path": "/assets/guide-avatar.webp",
      "status": 200,
      "bytes": 11384,
      "sha256": "9970c7c5d7d20343e20a7f59422f3647c2ff3bf38a0565ac145d5bed0f96bb11"
    },
    {
      "locale": "en",
      "width": 1280,
      "path": "/fonts/jetbrains-mono-cyrillic-400-500.woff2",
      "status": 200,
      "bytes": 8892,
      "sha256": "4995a9a43ac659ec32fcd8b463755cd6a07b31a6e6b3894a6a153b661cf490e2"
    },
    {
      "locale": "en",
      "width": 1280,
      "path": "/fonts/eb-garamond-cyrillic-500-normal.woff2",
      "status": 200,
      "bytes": 14428,
      "sha256": "d6cbde36e0e8a5355921c385f434ef60ba81bd2502abeb4f19d87a901b423e22"
    },
    {
      "locale": "en",
      "width": 1280,
      "path": "/fonts/instrument-sans-latin-wght-italic.woff2",
      "status": 200,
      "bytes": 31828,
      "sha256": "77210cdde0281b5ecb0d592e063a98656f1bc36993a3b98f506eb91ff4a433a5"
    },
    {
      "locale": "en",
      "width": 1280,
      "path": "/fonts/golos-text-cyr-b.woff2",
      "status": 200,
      "bytes": 22028,
      "sha256": "2f175b8fc40ed4e826742879f92ec903256fc2612d8d95c7c287232fd7138e4b"
    },
    {
      "locale": "en",
      "width": 1280,
      "path": "/fonts/golos-text-cyr-a.woff2",
      "status": 200,
      "bytes": 17532,
      "sha256": "10aa879203c4b62f61841bdeee64a2ca5d97f1cf21e717f45c96914ce7629710"
    },
    {
      "locale": "en",
      "width": 1280,
      "path": "/_astro/chunk-INI453VG.BxjMUPBs.js",
      "status": 200,
      "bytes": 2569,
      "sha256": "efa084e2eae5485eccfaad870772aec3ac07d92c962418d8cc609a54ebbc287b"
    },
    {
      "locale": "en",
      "width": 1280,
      "path": "/_astro/chunk-H7RJKCBO.BUIGSNBz.js",
      "status": 200,
      "bytes": 1763,
      "sha256": "512e429a3a775bc634547fce725852305dfe9ab982d5f42dd9478d10de9a8523"
    },
    {
      "locale": "en",
      "width": 1280,
      "path": "/_astro/full.AQ--_mi-.js",
      "status": 200,
      "bytes": 392,
      "sha256": "b051134ff641cb449c2c786973c7dea029240e9adecae82b909225b5bc123829"
    },
    {
      "locale": "en",
      "width": 1280,
      "path": "/_astro/chart-adapter.K-QfJlbI.js",
      "status": 200,
      "bytes": 50306,
      "sha256": "20f5ee939b52b2c435ab12f4c3fd20e8a3195f1ec57a727d7933b9356fdbeb95"
    },
    {
      "locale": "en",
      "width": 1280,
      "path": "/assets/zodiac-icons/48/aries.avif",
      "status": 200,
      "bytes": 5102,
      "sha256": "2424642d38ff70104004dfd27a9b6fd096f3e3165d40a4feba5939d88f86d95f"
    },
    {
      "locale": "en",
      "width": 390,
      "path": "/moon-phase/",
      "status": 200,
      "bytes": 97170,
      "sha256": "bfc02377606789d7a7c7ebd6afc295a5c4b330181032139b7b458b287f30e896"
    },
    {
      "locale": "en",
      "width": 390,
      "path": "/fonts/eb-garamond-latin-500-normal.woff2",
      "status": 200,
      "bytes": 23012,
      "sha256": "d2bb3f624516d0233ef8a03bd7b2be47489c36809a02e83ac1bc859e85f4874a"
    },
    {
      "locale": "en",
      "width": 390,
      "path": "/fonts/instrument-sans-latin-wght-normal.woff2",
      "status": 200,
      "bytes": 30092,
      "sha256": "2ee17598a98d8a59e4df8152d015bec9ab8e4d5672cc0ab42bef806b568e3971"
    },
    {
      "locale": "en",
      "width": 390,
      "path": "/fonts/eb-garamond-latin-400-normal.woff2",
      "status": 200,
      "bytes": 21704,
      "sha256": "b63448e2680a0dbde70ebb2f3de78f6c515122835491f938e8a8595b46f29210"
    },
    {
      "locale": "en",
      "width": 390,
      "path": "/_astro/Base.Bryss0yT.css",
      "status": 200,
      "bytes": 46112,
      "sha256": "4877c6226e887495ac2c87605485f8011cbd605ab9c0ab4a5400310591712486"
    },
    {
      "locale": "en",
      "width": 390,
      "path": "/_astro/calculator.MBHg3tIV.css",
      "status": 200,
      "bytes": 62573,
      "sha256": "e4606bd37837f898c7b5e0a5e2da987c1de2bcfe97130a72beb2e5c22d154004"
    },
    {
      "locale": "en",
      "width": 390,
      "path": "/_astro/client.DPkn9Lbl.js",
      "status": 200,
      "bytes": 1447,
      "sha256": "d3be63c8d0105f6032306ace6829ffea98abed0096ddeb191582c25b21406999"
    },
    {
      "locale": "en",
      "width": 390,
      "path": "/fonts/jetbrains-mono-latin-wght-normal.woff2",
      "status": 200,
      "bytes": 40404,
      "sha256": "18be452724bfdc236c074ca94a249a7f41a86752c7d04ab258ce9ed5651f6a7e"
    },
    {
      "locale": "en",
      "width": 390,
      "path": "/fonts/eb-garamond-latin-400-italic.woff2",
      "status": 200,
      "bytes": 22172,
      "sha256": "1bd1b20fd55986b334ba42dbcb0d9bed7e2d08fd7a713000e8041bfafa37e8ec"
    },
    {
      "locale": "en",
      "width": 390,
      "path": "/_astro/MoonPhaseTool.BTXtrlp9.js",
      "status": 200,
      "bytes": 5877,
      "sha256": "737f8ed5c5e9a19c9b3b238c4f99996ddcc98396522df7bdf8b691599bf5dcbe"
    },
    {
      "locale": "en",
      "width": 390,
      "path": "/_astro/hooks.module.C0_8FjiD.js",
      "status": 200,
      "bytes": 2875,
      "sha256": "70a0edc427ea0e3966f512ed162307b8a5afb48573954980940e3192514f706d"
    },
    {
      "locale": "en",
      "width": 390,
      "path": "/_astro/preload-helper.L5lOfJxi.js",
      "status": 200,
      "bytes": 1402,
      "sha256": "8bf772fcf734da4b451168642b9e1e058d1b50662c2a7d3898e381a93821e927"
    },
    {
      "locale": "en",
      "width": 390,
      "path": "/_astro/preact.module.Bjq9tLsx.js",
      "status": 200,
      "bytes": 10499,
      "sha256": "796cb24cfe472a03b823ebf5cfbded9e8a72d0b2ca7e9b664ac86f00a4ae5635"
    },
    {
      "locale": "en",
      "width": 390,
      "path": "/_astro/signs.BMXPKoMF.js",
      "status": 200,
      "bytes": 11693,
      "sha256": "21b146a22aa299589f659504f61ab2104f8ad9b0e1ed7e157225846e1380b2bc"
    },
    {
      "locale": "en",
      "width": 390,
      "path": "/_astro/CalculationReload.DXyGkRsn.js",
      "status": 200,
      "bytes": 763,
      "sha256": "7e2446346104d1763f368f626e5985841253b06c69d963d70b805d9c97b4f0ef"
    },
    {
      "locale": "en",
      "width": 390,
      "path": "/_astro/jsxRuntime.module.BG9KJlGc.js",
      "status": 200,
      "bytes": 430,
      "sha256": "7ddcbbccf1cc5b5de237799db0cae97c8f7fdd5d9165217bdb6589e1784c4daa"
    },
    {
      "locale": "en",
      "width": 390,
      "path": "/_astro/EvidenceDisclosure.LNSfDkU7.js",
      "status": 200,
      "bytes": 548,
      "sha256": "40817121a14b5ea05546b30f4ccbc321ef993fd0fea6cf79f2bd9b144d2ac55a"
    },
    {
      "locale": "en",
      "width": 390,
      "path": "/_astro/useEngine.BV92cVg4.js",
      "status": 200,
      "bytes": 504,
      "sha256": "36943543a570571105b171fbec02544260e7b56445610da713ee084c3d787ea4"
    },
    {
      "locale": "en",
      "width": 390,
      "path": "/_astro/dates.D4PDcYt5.js",
      "status": 200,
      "bytes": 395,
      "sha256": "378304c0c70feb036cd849897964f4a4acb1b8f88ac05cadbefb2ccd6a95cf4a"
    },
    {
      "locale": "en",
      "width": 390,
      "path": "/_astro/SignChip.Dx3tQVZl.js",
      "status": 200,
      "bytes": 550,
      "sha256": "646a0460f7a067c5fb3a73900214c973dabf4876a2f86148e236d6c2d424a324"
    },
    {
      "locale": "en",
      "width": 390,
      "path": "/_astro/localToUtc.CrWG2CBc.js",
      "status": 200,
      "bytes": 2236,
      "sha256": "f28d63762eadf519fd875bcb21a8f5a1c5b5c6934a079274d7e8ed12f27d744f"
    },
    {
      "locale": "en",
      "width": 390,
      "path": "/_astro/PlaceSearch.D1WsU_jW.js",
      "status": 200,
      "bytes": 3472,
      "sha256": "9f384108f99e4e65ac31f34e627d405a5fad82aee9ff840d149be58183f380c9"
    },
    {
      "locale": "en",
      "width": 390,
      "path": "/assets/app-icons/v3/favicon.svg",
      "status": 200,
      "bytes": 791,
      "sha256": "7905102c09c8c80f73cca1f2b23d3921fd8a18f8666cbe7d1436e7acabca1f9b"
    },
    {
      "locale": "en",
      "width": 390,
      "path": "/_astro/astrology.BHib5efU.js",
      "status": 200,
      "bytes": 3245,
      "sha256": "e94055469669e92e81c0dd91a9abfd798f3117b043722af9d00bed9862ea375d"
    },
    {
      "locale": "en",
      "width": 390,
      "path": "/_astro/lite.DKWHZC5_.js",
      "status": 200,
      "bytes": 831,
      "sha256": "476fab7cec6bcb6af7fef8a37f86632f70def966fc429b9f9aba7e79e5bc191a"
    },
    {
      "locale": "en",
      "width": 390,
      "path": "/_astro/i18n.Cg_lCJuc.js",
      "status": 200,
      "bytes": 6936,
      "sha256": "70a9b92ff3baa35ed2be7696d32de5c76cae626de229e50c6487c25c2e18715d"
    },
    {
      "locale": "en",
      "width": 390,
      "path": "/_astro/rolldown-runtime.DK3Fl9T5.js",
      "status": 200,
      "bytes": 158,
      "sha256": "a526d1bb3288ef04d001028843220a24b0867a4edf8c685b69506d6525af36ff"
    },
    {
      "locale": "en",
      "width": 390,
      "path": "/_astro/civil-date.CpOZUt7Z.js",
      "status": 200,
      "bytes": 533,
      "sha256": "74a94adc5da6547b114096c562cc0f2490d057a3b599d90578ea0972d2044df9"
    },
    {
      "locale": "en",
      "width": 390,
      "path": "/_astro/technical-locales.DDKucXXd.js",
      "status": 200,
      "bytes": 46,
      "sha256": "69bc1979f1929b7cb2ce9131fe3d21dd6ea7462b6442d503d883d6aa64d1a5b6"
    },
    {
      "locale": "en",
      "width": 390,
      "path": "/assets/site-footer.css",
      "status": 200,
      "bytes": 10397,
      "sha256": "d6088ed5422a2ec37639adb906b1c6ed81ff93df7f36d3d50de1d23ab94e0700"
    },
    {
      "locale": "en",
      "width": 390,
      "path": "/assets/assistant-ui.js",
      "status": 200,
      "bytes": 4088,
      "sha256": "238a125c27cb9d23f5267524a6e2a30f38b357d6d54f4b396b776617b56563eb"
    },
    {
      "locale": "en",
      "width": 390,
      "path": "/assets/assistant-ui.css",
      "status": 200,
      "bytes": 1396,
      "sha256": "eaf7e9531749d921c0947df7894e2fd447dcd800da620b3a14ba673af1cb7e0d"
    },
    {
      "locale": "en",
      "width": 390,
      "path": "/assets/guide-avatar.webp",
      "status": 200,
      "bytes": 11384,
      "sha256": "9970c7c5d7d20343e20a7f59422f3647c2ff3bf38a0565ac145d5bed0f96bb11"
    },
    {
      "locale": "en",
      "width": 390,
      "path": "/fonts/jetbrains-mono-cyrillic-400-500.woff2",
      "status": 200,
      "bytes": 8892,
      "sha256": "4995a9a43ac659ec32fcd8b463755cd6a07b31a6e6b3894a6a153b661cf490e2"
    },
    {
      "locale": "en",
      "width": 390,
      "path": "/fonts/golos-text-cyr-a.woff2",
      "status": 200,
      "bytes": 17532,
      "sha256": "10aa879203c4b62f61841bdeee64a2ca5d97f1cf21e717f45c96914ce7629710"
    },
    {
      "locale": "en",
      "width": 390,
      "path": "/fonts/eb-garamond-cyrillic-500-normal.woff2",
      "status": 200,
      "bytes": 14428,
      "sha256": "d6cbde36e0e8a5355921c385f434ef60ba81bd2502abeb4f19d87a901b423e22"
    },
    {
      "locale": "en",
      "width": 390,
      "path": "/fonts/instrument-sans-latin-wght-italic.woff2",
      "status": 200,
      "bytes": 31828,
      "sha256": "77210cdde0281b5ecb0d592e063a98656f1bc36993a3b98f506eb91ff4a433a5"
    },
    {
      "locale": "en",
      "width": 390,
      "path": "/fonts/golos-text-cyr-b.woff2",
      "status": 200,
      "bytes": 22028,
      "sha256": "2f175b8fc40ed4e826742879f92ec903256fc2612d8d95c7c287232fd7138e4b"
    },
    {
      "locale": "en",
      "width": 390,
      "path": "/_astro/full.AQ--_mi-.js",
      "status": 200,
      "bytes": 392,
      "sha256": "b051134ff641cb449c2c786973c7dea029240e9adecae82b909225b5bc123829"
    },
    {
      "locale": "en",
      "width": 390,
      "path": "/_astro/chunk-INI453VG.BxjMUPBs.js",
      "status": 200,
      "bytes": 2569,
      "sha256": "efa084e2eae5485eccfaad870772aec3ac07d92c962418d8cc609a54ebbc287b"
    },
    {
      "locale": "en",
      "width": 390,
      "path": "/_astro/chunk-H7RJKCBO.BUIGSNBz.js",
      "status": 200,
      "bytes": 1763,
      "sha256": "512e429a3a775bc634547fce725852305dfe9ab982d5f42dd9478d10de9a8523"
    },
    {
      "locale": "en",
      "width": 390,
      "path": "/_astro/chart-adapter.K-QfJlbI.js",
      "status": 200,
      "bytes": 50306,
      "sha256": "20f5ee939b52b2c435ab12f4c3fd20e8a3195f1ec57a727d7933b9356fdbeb95"
    },
    {
      "locale": "en",
      "width": 390,
      "path": "/assets/zodiac-icons/48/aries.avif",
      "status": 200,
      "bytes": 5102,
      "sha256": "2424642d38ff70104004dfd27a9b6fd096f3e3165d40a4feba5939d88f86d95f"
    },
    {
      "locale": "es",
      "width": 1280,
      "path": "/es/moon-phase/",
      "status": 200,
      "bytes": 95168,
      "sha256": "bf3fb199a53040df856a0fd5d03ad7c2a4a0dfbd1d8700b9a79236a0b94c41b2"
    },
    {
      "locale": "es",
      "width": 1280,
      "path": "/fonts/instrument-sans-latin-wght-normal.woff2",
      "status": 200,
      "bytes": 30092,
      "sha256": "2ee17598a98d8a59e4df8152d015bec9ab8e4d5672cc0ab42bef806b568e3971"
    },
    {
      "locale": "es",
      "width": 1280,
      "path": "/_astro/calculator.MBHg3tIV.css",
      "status": 200,
      "bytes": 62573,
      "sha256": "e4606bd37837f898c7b5e0a5e2da987c1de2bcfe97130a72beb2e5c22d154004"
    },
    {
      "locale": "es",
      "width": 1280,
      "path": "/fonts/eb-garamond-latin-500-normal.woff2",
      "status": 200,
      "bytes": 23012,
      "sha256": "d2bb3f624516d0233ef8a03bd7b2be47489c36809a02e83ac1bc859e85f4874a"
    },
    {
      "locale": "es",
      "width": 1280,
      "path": "/fonts/eb-garamond-latin-400-normal.woff2",
      "status": 200,
      "bytes": 21704,
      "sha256": "b63448e2680a0dbde70ebb2f3de78f6c515122835491f938e8a8595b46f29210"
    },
    {
      "locale": "es",
      "width": 1280,
      "path": "/_astro/Base.Bryss0yT.css",
      "status": 200,
      "bytes": 46112,
      "sha256": "4877c6226e887495ac2c87605485f8011cbd605ab9c0ab4a5400310591712486"
    },
    {
      "locale": "es",
      "width": 1280,
      "path": "/fonts/jetbrains-mono-latin-wght-normal.woff2",
      "status": 200,
      "bytes": 40404,
      "sha256": "18be452724bfdc236c074ca94a249a7f41a86752c7d04ab258ce9ed5651f6a7e"
    },
    {
      "locale": "es",
      "width": 1280,
      "path": "/assets/guide-avatar.webp",
      "status": 200,
      "bytes": 11384,
      "sha256": "9970c7c5d7d20343e20a7f59422f3647c2ff3bf38a0565ac145d5bed0f96bb11"
    },
    {
      "locale": "es",
      "width": 1280,
      "path": "/fonts/eb-garamond-latin-400-italic.woff2",
      "status": 200,
      "bytes": 22172,
      "sha256": "1bd1b20fd55986b334ba42dbcb0d9bed7e2d08fd7a713000e8041bfafa37e8ec"
    },
    {
      "locale": "es",
      "width": 1280,
      "path": "/_astro/client.DPkn9Lbl.js",
      "status": 200,
      "bytes": 1447,
      "sha256": "d3be63c8d0105f6032306ace6829ffea98abed0096ddeb191582c25b21406999"
    },
    {
      "locale": "es",
      "width": 1280,
      "path": "/_astro/MoonPhaseTool.BTXtrlp9.js",
      "status": 200,
      "bytes": 5877,
      "sha256": "737f8ed5c5e9a19c9b3b238c4f99996ddcc98396522df7bdf8b691599bf5dcbe"
    },
    {
      "locale": "es",
      "width": 1280,
      "path": "/assets/app-icons/v3/favicon.svg",
      "status": 200,
      "bytes": 791,
      "sha256": "7905102c09c8c80f73cca1f2b23d3921fd8a18f8666cbe7d1436e7acabca1f9b"
    },
    {
      "locale": "es",
      "width": 1280,
      "path": "/_astro/preact.module.Bjq9tLsx.js",
      "status": 200,
      "bytes": 10499,
      "sha256": "796cb24cfe472a03b823ebf5cfbded9e8a72d0b2ca7e9b664ac86f00a4ae5635"
    },
    {
      "locale": "es",
      "width": 1280,
      "path": "/_astro/preload-helper.L5lOfJxi.js",
      "status": 200,
      "bytes": 1402,
      "sha256": "8bf772fcf734da4b451168642b9e1e058d1b50662c2a7d3898e381a93821e927"
    },
    {
      "locale": "es",
      "width": 1280,
      "path": "/_astro/dates.D4PDcYt5.js",
      "status": 200,
      "bytes": 395,
      "sha256": "378304c0c70feb036cd849897964f4a4acb1b8f88ac05cadbefb2ccd6a95cf4a"
    },
    {
      "locale": "es",
      "width": 1280,
      "path": "/_astro/hooks.module.C0_8FjiD.js",
      "status": 200,
      "bytes": 2875,
      "sha256": "70a0edc427ea0e3966f512ed162307b8a5afb48573954980940e3192514f706d"
    },
    {
      "locale": "es",
      "width": 1280,
      "path": "/_astro/CalculationReload.DXyGkRsn.js",
      "status": 200,
      "bytes": 763,
      "sha256": "7e2446346104d1763f368f626e5985841253b06c69d963d70b805d9c97b4f0ef"
    },
    {
      "locale": "es",
      "width": 1280,
      "path": "/_astro/astrology.BHib5efU.js",
      "status": 200,
      "bytes": 3245,
      "sha256": "e94055469669e92e81c0dd91a9abfd798f3117b043722af9d00bed9862ea375d"
    },
    {
      "locale": "es",
      "width": 1280,
      "path": "/_astro/useEngine.BV92cVg4.js",
      "status": 200,
      "bytes": 504,
      "sha256": "36943543a570571105b171fbec02544260e7b56445610da713ee084c3d787ea4"
    },
    {
      "locale": "es",
      "width": 1280,
      "path": "/_astro/lite.DKWHZC5_.js",
      "status": 200,
      "bytes": 831,
      "sha256": "476fab7cec6bcb6af7fef8a37f86632f70def966fc429b9f9aba7e79e5bc191a"
    },
    {
      "locale": "es",
      "width": 1280,
      "path": "/_astro/PlaceSearch.D1WsU_jW.js",
      "status": 200,
      "bytes": 3472,
      "sha256": "9f384108f99e4e65ac31f34e627d405a5fad82aee9ff840d149be58183f380c9"
    },
    {
      "locale": "es",
      "width": 1280,
      "path": "/_astro/SignChip.Dx3tQVZl.js",
      "status": 200,
      "bytes": 550,
      "sha256": "646a0460f7a067c5fb3a73900214c973dabf4876a2f86148e236d6c2d424a324"
    },
    {
      "locale": "es",
      "width": 1280,
      "path": "/_astro/localToUtc.CrWG2CBc.js",
      "status": 200,
      "bytes": 2236,
      "sha256": "f28d63762eadf519fd875bcb21a8f5a1c5b5c6934a079274d7e8ed12f27d744f"
    },
    {
      "locale": "es",
      "width": 1280,
      "path": "/_astro/EvidenceDisclosure.LNSfDkU7.js",
      "status": 200,
      "bytes": 548,
      "sha256": "40817121a14b5ea05546b30f4ccbc321ef993fd0fea6cf79f2bd9b144d2ac55a"
    },
    {
      "locale": "es",
      "width": 1280,
      "path": "/_astro/signs.BMXPKoMF.js",
      "status": 200,
      "bytes": 11693,
      "sha256": "21b146a22aa299589f659504f61ab2104f8ad9b0e1ed7e157225846e1380b2bc"
    },
    {
      "locale": "es",
      "width": 1280,
      "path": "/_astro/i18n.Cg_lCJuc.js",
      "status": 200,
      "bytes": 6936,
      "sha256": "70a9b92ff3baa35ed2be7696d32de5c76cae626de229e50c6487c25c2e18715d"
    },
    {
      "locale": "es",
      "width": 1280,
      "path": "/_astro/civil-date.CpOZUt7Z.js",
      "status": 200,
      "bytes": 533,
      "sha256": "74a94adc5da6547b114096c562cc0f2490d057a3b599d90578ea0972d2044df9"
    },
    {
      "locale": "es",
      "width": 1280,
      "path": "/_astro/technical-locales.DDKucXXd.js",
      "status": 200,
      "bytes": 46,
      "sha256": "69bc1979f1929b7cb2ce9131fe3d21dd6ea7462b6442d503d883d6aa64d1a5b6"
    },
    {
      "locale": "es",
      "width": 1280,
      "path": "/_astro/rolldown-runtime.DK3Fl9T5.js",
      "status": 200,
      "bytes": 158,
      "sha256": "a526d1bb3288ef04d001028843220a24b0867a4edf8c685b69506d6525af36ff"
    },
    {
      "locale": "es",
      "width": 1280,
      "path": "/assets/zodiac-icons/48/taurus.webp",
      "status": 200,
      "bytes": 1566,
      "sha256": "9a1cf0fed1103cb251f70411e0edc318392da137b29bbbaec52ef621643f8174"
    },
    {
      "locale": "es",
      "width": 1280,
      "path": "/assets/zodiac-icons/48/aries.webp",
      "status": 200,
      "bytes": 1666,
      "sha256": "98ad83139bc0fe35d13096245869de4c342e65da7e33c5c767202931fd01feea"
    },
    {
      "locale": "es",
      "width": 1280,
      "path": "/assets/zodiac-icons/48/gemini.webp",
      "status": 200,
      "bytes": 1424,
      "sha256": "88aefd78320aa8c6abce1bddd38e0e801a469bf4c5f3cb3511d1492fe1ed30fb"
    },
    {
      "locale": "es",
      "width": 1280,
      "path": "/_astro/jsxRuntime.module.BG9KJlGc.js",
      "status": 200,
      "bytes": 430,
      "sha256": "7ddcbbccf1cc5b5de237799db0cae97c8f7fdd5d9165217bdb6589e1784c4daa"
    },
    {
      "locale": "es",
      "width": 1280,
      "path": "/assets/site-footer.css",
      "status": 200,
      "bytes": 10397,
      "sha256": "d6088ed5422a2ec37639adb906b1c6ed81ff93df7f36d3d50de1d23ab94e0700"
    },
    {
      "locale": "es",
      "width": 1280,
      "path": "/assets/assistant-ui.js",
      "status": 200,
      "bytes": 4088,
      "sha256": "238a125c27cb9d23f5267524a6e2a30f38b357d6d54f4b396b776617b56563eb"
    },
    {
      "locale": "es",
      "width": 1280,
      "path": "/assets/assistant-ui.css",
      "status": 200,
      "bytes": 1396,
      "sha256": "eaf7e9531749d921c0947df7894e2fd447dcd800da620b3a14ba673af1cb7e0d"
    },
    {
      "locale": "es",
      "width": 1280,
      "path": "/fonts/eb-garamond-cyrillic-500-normal.woff2",
      "status": 200,
      "bytes": 14428,
      "sha256": "d6cbde36e0e8a5355921c385f434ef60ba81bd2502abeb4f19d87a901b423e22"
    },
    {
      "locale": "es",
      "width": 1280,
      "path": "/fonts/jetbrains-mono-cyrillic-400-500.woff2",
      "status": 200,
      "bytes": 8892,
      "sha256": "4995a9a43ac659ec32fcd8b463755cd6a07b31a6e6b3894a6a153b661cf490e2"
    },
    {
      "locale": "es",
      "width": 1280,
      "path": "/fonts/golos-text-cyr-b.woff2",
      "status": 200,
      "bytes": 22028,
      "sha256": "2f175b8fc40ed4e826742879f92ec903256fc2612d8d95c7c287232fd7138e4b"
    },
    {
      "locale": "es",
      "width": 1280,
      "path": "/fonts/instrument-sans-latin-wght-italic.woff2",
      "status": 200,
      "bytes": 31828,
      "sha256": "77210cdde0281b5ecb0d592e063a98656f1bc36993a3b98f506eb91ff4a433a5"
    },
    {
      "locale": "es",
      "width": 1280,
      "path": "/fonts/golos-text-cyr-a.woff2",
      "status": 200,
      "bytes": 17532,
      "sha256": "10aa879203c4b62f61841bdeee64a2ca5d97f1cf21e717f45c96914ce7629710"
    },
    {
      "locale": "es",
      "width": 1280,
      "path": "/_astro/full.AQ--_mi-.js",
      "status": 200,
      "bytes": 392,
      "sha256": "b051134ff641cb449c2c786973c7dea029240e9adecae82b909225b5bc123829"
    },
    {
      "locale": "es",
      "width": 1280,
      "path": "/_astro/chunk-INI453VG.BxjMUPBs.js",
      "status": 200,
      "bytes": 2569,
      "sha256": "efa084e2eae5485eccfaad870772aec3ac07d92c962418d8cc609a54ebbc287b"
    },
    {
      "locale": "es",
      "width": 1280,
      "path": "/_astro/chunk-H7RJKCBO.BUIGSNBz.js",
      "status": 200,
      "bytes": 1763,
      "sha256": "512e429a3a775bc634547fce725852305dfe9ab982d5f42dd9478d10de9a8523"
    },
    {
      "locale": "es",
      "width": 1280,
      "path": "/_astro/chart-adapter.K-QfJlbI.js",
      "status": 200,
      "bytes": 50306,
      "sha256": "20f5ee939b52b2c435ab12f4c3fd20e8a3195f1ec57a727d7933b9356fdbeb95"
    },
    {
      "locale": "es",
      "width": 1280,
      "path": "/assets/zodiac-icons/48/aries.avif",
      "status": 200,
      "bytes": 5102,
      "sha256": "2424642d38ff70104004dfd27a9b6fd096f3e3165d40a4feba5939d88f86d95f"
    },
    {
      "locale": "es",
      "width": 390,
      "path": "/es/moon-phase/",
      "status": 200,
      "bytes": 95168,
      "sha256": "bf3fb199a53040df856a0fd5d03ad7c2a4a0dfbd1d8700b9a79236a0b94c41b2"
    },
    {
      "locale": "es",
      "width": 390,
      "path": "/fonts/instrument-sans-latin-wght-normal.woff2",
      "status": 200,
      "bytes": 30092,
      "sha256": "2ee17598a98d8a59e4df8152d015bec9ab8e4d5672cc0ab42bef806b568e3971"
    },
    {
      "locale": "es",
      "width": 390,
      "path": "/fonts/eb-garamond-latin-500-normal.woff2",
      "status": 200,
      "bytes": 23012,
      "sha256": "d2bb3f624516d0233ef8a03bd7b2be47489c36809a02e83ac1bc859e85f4874a"
    },
    {
      "locale": "es",
      "width": 390,
      "path": "/_astro/calculator.MBHg3tIV.css",
      "status": 200,
      "bytes": 62573,
      "sha256": "e4606bd37837f898c7b5e0a5e2da987c1de2bcfe97130a72beb2e5c22d154004"
    },
    {
      "locale": "es",
      "width": 390,
      "path": "/fonts/eb-garamond-latin-400-normal.woff2",
      "status": 200,
      "bytes": 21704,
      "sha256": "b63448e2680a0dbde70ebb2f3de78f6c515122835491f938e8a8595b46f29210"
    },
    {
      "locale": "es",
      "width": 390,
      "path": "/_astro/Base.Bryss0yT.css",
      "status": 200,
      "bytes": 46112,
      "sha256": "4877c6226e887495ac2c87605485f8011cbd605ab9c0ab4a5400310591712486"
    },
    {
      "locale": "es",
      "width": 390,
      "path": "/_astro/MoonPhaseTool.BTXtrlp9.js",
      "status": 200,
      "bytes": 5877,
      "sha256": "737f8ed5c5e9a19c9b3b238c4f99996ddcc98396522df7bdf8b691599bf5dcbe"
    },
    {
      "locale": "es",
      "width": 390,
      "path": "/_astro/client.DPkn9Lbl.js",
      "status": 200,
      "bytes": 1447,
      "sha256": "d3be63c8d0105f6032306ace6829ffea98abed0096ddeb191582c25b21406999"
    },
    {
      "locale": "es",
      "width": 390,
      "path": "/fonts/eb-garamond-latin-400-italic.woff2",
      "status": 200,
      "bytes": 22172,
      "sha256": "1bd1b20fd55986b334ba42dbcb0d9bed7e2d08fd7a713000e8041bfafa37e8ec"
    },
    {
      "locale": "es",
      "width": 390,
      "path": "/fonts/jetbrains-mono-latin-wght-normal.woff2",
      "status": 200,
      "bytes": 40404,
      "sha256": "18be452724bfdc236c074ca94a249a7f41a86752c7d04ab258ce9ed5651f6a7e"
    },
    {
      "locale": "es",
      "width": 390,
      "path": "/assets/guide-avatar.webp",
      "status": 200,
      "bytes": 11384,
      "sha256": "9970c7c5d7d20343e20a7f59422f3647c2ff3bf38a0565ac145d5bed0f96bb11"
    },
    {
      "locale": "es",
      "width": 390,
      "path": "/_astro/hooks.module.C0_8FjiD.js",
      "status": 200,
      "bytes": 2875,
      "sha256": "70a0edc427ea0e3966f512ed162307b8a5afb48573954980940e3192514f706d"
    },
    {
      "locale": "es",
      "width": 390,
      "path": "/_astro/jsxRuntime.module.BG9KJlGc.js",
      "status": 200,
      "bytes": 430,
      "sha256": "7ddcbbccf1cc5b5de237799db0cae97c8f7fdd5d9165217bdb6589e1784c4daa"
    },
    {
      "locale": "es",
      "width": 390,
      "path": "/_astro/signs.BMXPKoMF.js",
      "status": 200,
      "bytes": 11693,
      "sha256": "21b146a22aa299589f659504f61ab2104f8ad9b0e1ed7e157225846e1380b2bc"
    },
    {
      "locale": "es",
      "width": 390,
      "path": "/_astro/PlaceSearch.D1WsU_jW.js",
      "status": 200,
      "bytes": 3472,
      "sha256": "9f384108f99e4e65ac31f34e627d405a5fad82aee9ff840d149be58183f380c9"
    },
    {
      "locale": "es",
      "width": 390,
      "path": "/_astro/useEngine.BV92cVg4.js",
      "status": 200,
      "bytes": 504,
      "sha256": "36943543a570571105b171fbec02544260e7b56445610da713ee084c3d787ea4"
    },
    {
      "locale": "es",
      "width": 390,
      "path": "/assets/app-icons/v3/favicon.svg",
      "status": 200,
      "bytes": 791,
      "sha256": "7905102c09c8c80f73cca1f2b23d3921fd8a18f8666cbe7d1436e7acabca1f9b"
    },
    {
      "locale": "es",
      "width": 390,
      "path": "/_astro/dates.D4PDcYt5.js",
      "status": 200,
      "bytes": 395,
      "sha256": "378304c0c70feb036cd849897964f4a4acb1b8f88ac05cadbefb2ccd6a95cf4a"
    },
    {
      "locale": "es",
      "width": 390,
      "path": "/_astro/SignChip.Dx3tQVZl.js",
      "status": 200,
      "bytes": 550,
      "sha256": "646a0460f7a067c5fb3a73900214c973dabf4876a2f86148e236d6c2d424a324"
    },
    {
      "locale": "es",
      "width": 390,
      "path": "/_astro/lite.DKWHZC5_.js",
      "status": 200,
      "bytes": 831,
      "sha256": "476fab7cec6bcb6af7fef8a37f86632f70def966fc429b9f9aba7e79e5bc191a"
    },
    {
      "locale": "es",
      "width": 390,
      "path": "/_astro/CalculationReload.DXyGkRsn.js",
      "status": 200,
      "bytes": 763,
      "sha256": "7e2446346104d1763f368f626e5985841253b06c69d963d70b805d9c97b4f0ef"
    },
    {
      "locale": "es",
      "width": 390,
      "path": "/_astro/astrology.BHib5efU.js",
      "status": 200,
      "bytes": 3245,
      "sha256": "e94055469669e92e81c0dd91a9abfd798f3117b043722af9d00bed9862ea375d"
    },
    {
      "locale": "es",
      "width": 390,
      "path": "/_astro/localToUtc.CrWG2CBc.js",
      "status": 200,
      "bytes": 2236,
      "sha256": "f28d63762eadf519fd875bcb21a8f5a1c5b5c6934a079274d7e8ed12f27d744f"
    },
    {
      "locale": "es",
      "width": 390,
      "path": "/_astro/preload-helper.L5lOfJxi.js",
      "status": 200,
      "bytes": 1402,
      "sha256": "8bf772fcf734da4b451168642b9e1e058d1b50662c2a7d3898e381a93821e927"
    },
    {
      "locale": "es",
      "width": 390,
      "path": "/_astro/i18n.Cg_lCJuc.js",
      "status": 200,
      "bytes": 6936,
      "sha256": "70a9b92ff3baa35ed2be7696d32de5c76cae626de229e50c6487c25c2e18715d"
    },
    {
      "locale": "es",
      "width": 390,
      "path": "/_astro/EvidenceDisclosure.LNSfDkU7.js",
      "status": 200,
      "bytes": 548,
      "sha256": "40817121a14b5ea05546b30f4ccbc321ef993fd0fea6cf79f2bd9b144d2ac55a"
    },
    {
      "locale": "es",
      "width": 390,
      "path": "/_astro/rolldown-runtime.DK3Fl9T5.js",
      "status": 200,
      "bytes": 158,
      "sha256": "a526d1bb3288ef04d001028843220a24b0867a4edf8c685b69506d6525af36ff"
    },
    {
      "locale": "es",
      "width": 390,
      "path": "/_astro/technical-locales.DDKucXXd.js",
      "status": 200,
      "bytes": 46,
      "sha256": "69bc1979f1929b7cb2ce9131fe3d21dd6ea7462b6442d503d883d6aa64d1a5b6"
    },
    {
      "locale": "es",
      "width": 390,
      "path": "/_astro/preact.module.Bjq9tLsx.js",
      "status": 200,
      "bytes": 10499,
      "sha256": "796cb24cfe472a03b823ebf5cfbded9e8a72d0b2ca7e9b664ac86f00a4ae5635"
    },
    {
      "locale": "es",
      "width": 390,
      "path": "/_astro/civil-date.CpOZUt7Z.js",
      "status": 200,
      "bytes": 533,
      "sha256": "74a94adc5da6547b114096c562cc0f2490d057a3b599d90578ea0972d2044df9"
    },
    {
      "locale": "es",
      "width": 390,
      "path": "/assets/site-footer.css",
      "status": 200,
      "bytes": 10397,
      "sha256": "d6088ed5422a2ec37639adb906b1c6ed81ff93df7f36d3d50de1d23ab94e0700"
    },
    {
      "locale": "es",
      "width": 390,
      "path": "/assets/assistant-ui.js",
      "status": 200,
      "bytes": 4088,
      "sha256": "238a125c27cb9d23f5267524a6e2a30f38b357d6d54f4b396b776617b56563eb"
    },
    {
      "locale": "es",
      "width": 390,
      "path": "/assets/assistant-ui.css",
      "status": 200,
      "bytes": 1396,
      "sha256": "eaf7e9531749d921c0947df7894e2fd447dcd800da620b3a14ba673af1cb7e0d"
    },
    {
      "locale": "es",
      "width": 390,
      "path": "/fonts/instrument-sans-latin-wght-italic.woff2",
      "status": 200,
      "bytes": 31828,
      "sha256": "77210cdde0281b5ecb0d592e063a98656f1bc36993a3b98f506eb91ff4a433a5"
    },
    {
      "locale": "es",
      "width": 390,
      "path": "/fonts/jetbrains-mono-cyrillic-400-500.woff2",
      "status": 200,
      "bytes": 8892,
      "sha256": "4995a9a43ac659ec32fcd8b463755cd6a07b31a6e6b3894a6a153b661cf490e2"
    },
    {
      "locale": "es",
      "width": 390,
      "path": "/fonts/eb-garamond-cyrillic-500-normal.woff2",
      "status": 200,
      "bytes": 14428,
      "sha256": "d6cbde36e0e8a5355921c385f434ef60ba81bd2502abeb4f19d87a901b423e22"
    },
    {
      "locale": "es",
      "width": 390,
      "path": "/fonts/golos-text-cyr-a.woff2",
      "status": 200,
      "bytes": 17532,
      "sha256": "10aa879203c4b62f61841bdeee64a2ca5d97f1cf21e717f45c96914ce7629710"
    },
    {
      "locale": "es",
      "width": 390,
      "path": "/fonts/golos-text-cyr-b.woff2",
      "status": 200,
      "bytes": 22028,
      "sha256": "2f175b8fc40ed4e826742879f92ec903256fc2612d8d95c7c287232fd7138e4b"
    },
    {
      "locale": "es",
      "width": 390,
      "path": "/_astro/chunk-INI453VG.BxjMUPBs.js",
      "status": 200,
      "bytes": 2569,
      "sha256": "efa084e2eae5485eccfaad870772aec3ac07d92c962418d8cc609a54ebbc287b"
    },
    {
      "locale": "es",
      "width": 390,
      "path": "/_astro/full.AQ--_mi-.js",
      "status": 200,
      "bytes": 392,
      "sha256": "b051134ff641cb449c2c786973c7dea029240e9adecae82b909225b5bc123829"
    },
    {
      "locale": "es",
      "width": 390,
      "path": "/_astro/chunk-H7RJKCBO.BUIGSNBz.js",
      "status": 200,
      "bytes": 1763,
      "sha256": "512e429a3a775bc634547fce725852305dfe9ab982d5f42dd9478d10de9a8523"
    },
    {
      "locale": "es",
      "width": 390,
      "path": "/_astro/chart-adapter.K-QfJlbI.js",
      "status": 200,
      "bytes": 50306,
      "sha256": "20f5ee939b52b2c435ab12f4c3fd20e8a3195f1ec57a727d7933b9356fdbeb95"
    },
    {
      "locale": "es",
      "width": 390,
      "path": "/assets/zodiac-icons/48/sagittarius.webp",
      "status": 200,
      "bytes": 1588,
      "sha256": "85e9ee2e1978e24567bef73a6362a0088d870d0d4c5abe9c1604abaecb45fe33"
    },
    {
      "locale": "es",
      "width": 390,
      "path": "/assets/zodiac-icons/48/leo.webp",
      "status": 200,
      "bytes": 1638,
      "sha256": "364f3836dbf0a3252a9db785c2d33a9bff7b09e12f97c23c64e068b240f2bed8"
    },
    {
      "locale": "es",
      "width": 390,
      "path": "/assets/zodiac-icons/48/aquarius.webp",
      "status": 200,
      "bytes": 1534,
      "sha256": "a0016dd04b605028c890eaaffd11fc3d4230a633b4908dfc18d5e10ea239a753"
    },
    {
      "locale": "es",
      "width": 390,
      "path": "/assets/zodiac-icons/48/aries.webp",
      "status": 200,
      "bytes": 1666,
      "sha256": "98ad83139bc0fe35d13096245869de4c342e65da7e33c5c767202931fd01feea"
    },
    {
      "locale": "es",
      "width": 390,
      "path": "/assets/zodiac-icons/48/cancer.webp",
      "status": 200,
      "bytes": 1686,
      "sha256": "5f388b82448e3f88bf59b0016da48efbc48e8edbeba1082560f3e2dd83ae6a61"
    },
    {
      "locale": "es",
      "width": 390,
      "path": "/assets/zodiac-icons/48/taurus.webp",
      "status": 200,
      "bytes": 1566,
      "sha256": "9a1cf0fed1103cb251f70411e0edc318392da137b29bbbaec52ef621643f8174"
    },
    {
      "locale": "es",
      "width": 390,
      "path": "/assets/zodiac-icons/48/libra.webp",
      "status": 200,
      "bytes": 1556,
      "sha256": "6b6038053581a23103dc059debf8a1c35588ab13a6308881d016cb295ae59212"
    },
    {
      "locale": "es",
      "width": 390,
      "path": "/assets/zodiac-icons/48/gemini.webp",
      "status": 200,
      "bytes": 1424,
      "sha256": "88aefd78320aa8c6abce1bddd38e0e801a469bf4c5f3cb3511d1492fe1ed30fb"
    },
    {
      "locale": "es",
      "width": 390,
      "path": "/assets/zodiac-icons/48/pisces.webp",
      "status": 200,
      "bytes": 1476,
      "sha256": "0622ec5f5b51784e5d0cdbb0f99d993c9e5d0f4dceea345fe8783f415c0a670e"
    },
    {
      "locale": "es",
      "width": 390,
      "path": "/assets/zodiac-icons/48/scorpio.webp",
      "status": 200,
      "bytes": 1486,
      "sha256": "972c7916a97921865c1f83d1070f7deabce8221ba61ce8df2bce73a62c5b3b0b"
    },
    {
      "locale": "es",
      "width": 390,
      "path": "/assets/zodiac-icons/48/virgo.webp",
      "status": 200,
      "bytes": 1634,
      "sha256": "54741e8c95f3271cc214334e4f7286f67353a4b6d9f7cf7948d9675d7a1ebc9a"
    },
    {
      "locale": "es",
      "width": 390,
      "path": "/assets/zodiac-icons/48/aries.avif",
      "status": 200,
      "bytes": 5102,
      "sha256": "2424642d38ff70104004dfd27a9b6fd096f3e3165d40a4feba5939d88f86d95f"
    },
    {
      "locale": "es",
      "width": 390,
      "path": "/assets/zodiac-icons/48/capricorn.webp",
      "status": 200,
      "bytes": 1590,
      "sha256": "042f7ea66d9064e87fab58eb9e39c9a15e44306fd92974498c283f7a9f712e1f"
    },
    {
      "locale": "fr",
      "width": 1280,
      "path": "/fr/moon-phase/",
      "status": 200,
      "bytes": 98950,
      "sha256": "280bbbc13ba69b872568645d39336e6fb06efbeac0d1f13247b215c9fae5b96f"
    },
    {
      "locale": "fr",
      "width": 1280,
      "path": "/_astro/Base.Bryss0yT.css",
      "status": 200,
      "bytes": 46112,
      "sha256": "4877c6226e887495ac2c87605485f8011cbd605ab9c0ab4a5400310591712486"
    },
    {
      "locale": "fr",
      "width": 1280,
      "path": "/fonts/eb-garamond-latin-400-normal.woff2",
      "status": 200,
      "bytes": 21704,
      "sha256": "b63448e2680a0dbde70ebb2f3de78f6c515122835491f938e8a8595b46f29210"
    },
    {
      "locale": "fr",
      "width": 1280,
      "path": "/fonts/instrument-sans-latin-wght-normal.woff2",
      "status": 200,
      "bytes": 30092,
      "sha256": "2ee17598a98d8a59e4df8152d015bec9ab8e4d5672cc0ab42bef806b568e3971"
    },
    {
      "locale": "fr",
      "width": 1280,
      "path": "/_astro/calculator.MBHg3tIV.css",
      "status": 200,
      "bytes": 62573,
      "sha256": "e4606bd37837f898c7b5e0a5e2da987c1de2bcfe97130a72beb2e5c22d154004"
    },
    {
      "locale": "fr",
      "width": 1280,
      "path": "/fonts/eb-garamond-latin-500-normal.woff2",
      "status": 200,
      "bytes": 23012,
      "sha256": "d2bb3f624516d0233ef8a03bd7b2be47489c36809a02e83ac1bc859e85f4874a"
    },
    {
      "locale": "fr",
      "width": 1280,
      "path": "/_astro/client.DPkn9Lbl.js",
      "status": 200,
      "bytes": 1447,
      "sha256": "d3be63c8d0105f6032306ace6829ffea98abed0096ddeb191582c25b21406999"
    },
    {
      "locale": "fr",
      "width": 1280,
      "path": "/assets/zodiac-icons/48/taurus.webp",
      "status": 200,
      "bytes": 1566,
      "sha256": "9a1cf0fed1103cb251f70411e0edc318392da137b29bbbaec52ef621643f8174"
    },
    {
      "locale": "fr",
      "width": 1280,
      "path": "/assets/zodiac-icons/48/aries.webp",
      "status": 200,
      "bytes": 1666,
      "sha256": "98ad83139bc0fe35d13096245869de4c342e65da7e33c5c767202931fd01feea"
    },
    {
      "locale": "fr",
      "width": 1280,
      "path": "/_astro/MoonPhaseTool.BTXtrlp9.js",
      "status": 200,
      "bytes": 5877,
      "sha256": "737f8ed5c5e9a19c9b3b238c4f99996ddcc98396522df7bdf8b691599bf5dcbe"
    },
    {
      "locale": "fr",
      "width": 1280,
      "path": "/fonts/jetbrains-mono-latin-wght-normal.woff2",
      "status": 200,
      "bytes": 40404,
      "sha256": "18be452724bfdc236c074ca94a249a7f41a86752c7d04ab258ce9ed5651f6a7e"
    },
    {
      "locale": "fr",
      "width": 1280,
      "path": "/assets/guide-avatar.webp",
      "status": 200,
      "bytes": 11384,
      "sha256": "9970c7c5d7d20343e20a7f59422f3647c2ff3bf38a0565ac145d5bed0f96bb11"
    },
    {
      "locale": "fr",
      "width": 1280,
      "path": "/_astro/preload-helper.L5lOfJxi.js",
      "status": 200,
      "bytes": 1402,
      "sha256": "8bf772fcf734da4b451168642b9e1e058d1b50662c2a7d3898e381a93821e927"
    },
    {
      "locale": "fr",
      "width": 1280,
      "path": "/_astro/preact.module.Bjq9tLsx.js",
      "status": 200,
      "bytes": 10499,
      "sha256": "796cb24cfe472a03b823ebf5cfbded9e8a72d0b2ca7e9b664ac86f00a4ae5635"
    },
    {
      "locale": "fr",
      "width": 1280,
      "path": "/_astro/hooks.module.C0_8FjiD.js",
      "status": 200,
      "bytes": 2875,
      "sha256": "70a0edc427ea0e3966f512ed162307b8a5afb48573954980940e3192514f706d"
    },
    {
      "locale": "fr",
      "width": 1280,
      "path": "/_astro/jsxRuntime.module.BG9KJlGc.js",
      "status": 200,
      "bytes": 430,
      "sha256": "7ddcbbccf1cc5b5de237799db0cae97c8f7fdd5d9165217bdb6589e1784c4daa"
    },
    {
      "locale": "fr",
      "width": 1280,
      "path": "/_astro/signs.BMXPKoMF.js",
      "status": 200,
      "bytes": 11693,
      "sha256": "21b146a22aa299589f659504f61ab2104f8ad9b0e1ed7e157225846e1380b2bc"
    },
    {
      "locale": "fr",
      "width": 1280,
      "path": "/_astro/CalculationReload.DXyGkRsn.js",
      "status": 200,
      "bytes": 763,
      "sha256": "7e2446346104d1763f368f626e5985841253b06c69d963d70b805d9c97b4f0ef"
    },
    {
      "locale": "fr",
      "width": 1280,
      "path": "/_astro/EvidenceDisclosure.LNSfDkU7.js",
      "status": 200,
      "bytes": 548,
      "sha256": "40817121a14b5ea05546b30f4ccbc321ef993fd0fea6cf79f2bd9b144d2ac55a"
    },
    {
      "locale": "fr",
      "width": 1280,
      "path": "/_astro/astrology.BHib5efU.js",
      "status": 200,
      "bytes": 3245,
      "sha256": "e94055469669e92e81c0dd91a9abfd798f3117b043722af9d00bed9862ea375d"
    },
    {
      "locale": "fr",
      "width": 1280,
      "path": "/_astro/PlaceSearch.D1WsU_jW.js",
      "status": 200,
      "bytes": 3472,
      "sha256": "9f384108f99e4e65ac31f34e627d405a5fad82aee9ff840d149be58183f380c9"
    },
    {
      "locale": "fr",
      "width": 1280,
      "path": "/_astro/dates.D4PDcYt5.js",
      "status": 200,
      "bytes": 395,
      "sha256": "378304c0c70feb036cd849897964f4a4acb1b8f88ac05cadbefb2ccd6a95cf4a"
    },
    {
      "locale": "fr",
      "width": 1280,
      "path": "/_astro/i18n.Cg_lCJuc.js",
      "status": 200,
      "bytes": 6936,
      "sha256": "70a9b92ff3baa35ed2be7696d32de5c76cae626de229e50c6487c25c2e18715d"
    },
    {
      "locale": "fr",
      "width": 1280,
      "path": "/_astro/useEngine.BV92cVg4.js",
      "status": 200,
      "bytes": 504,
      "sha256": "36943543a570571105b171fbec02544260e7b56445610da713ee084c3d787ea4"
    },
    {
      "locale": "fr",
      "width": 1280,
      "path": "/_astro/SignChip.Dx3tQVZl.js",
      "status": 200,
      "bytes": 550,
      "sha256": "646a0460f7a067c5fb3a73900214c973dabf4876a2f86148e236d6c2d424a324"
    },
    {
      "locale": "fr",
      "width": 1280,
      "path": "/_astro/localToUtc.CrWG2CBc.js",
      "status": 200,
      "bytes": 2236,
      "sha256": "f28d63762eadf519fd875bcb21a8f5a1c5b5c6934a079274d7e8ed12f27d744f"
    },
    {
      "locale": "fr",
      "width": 1280,
      "path": "/_astro/lite.DKWHZC5_.js",
      "status": 200,
      "bytes": 831,
      "sha256": "476fab7cec6bcb6af7fef8a37f86632f70def966fc429b9f9aba7e79e5bc191a"
    },
    {
      "locale": "fr",
      "width": 1280,
      "path": "/fonts/eb-garamond-latin-400-italic.woff2",
      "status": 200,
      "bytes": 22172,
      "sha256": "1bd1b20fd55986b334ba42dbcb0d9bed7e2d08fd7a713000e8041bfafa37e8ec"
    },
    {
      "locale": "fr",
      "width": 1280,
      "path": "/_astro/civil-date.CpOZUt7Z.js",
      "status": 200,
      "bytes": 533,
      "sha256": "74a94adc5da6547b114096c562cc0f2490d057a3b599d90578ea0972d2044df9"
    },
    {
      "locale": "fr",
      "width": 1280,
      "path": "/_astro/rolldown-runtime.DK3Fl9T5.js",
      "status": 200,
      "bytes": 158,
      "sha256": "a526d1bb3288ef04d001028843220a24b0867a4edf8c685b69506d6525af36ff"
    },
    {
      "locale": "fr",
      "width": 1280,
      "path": "/assets/app-icons/v3/favicon.svg",
      "status": 200,
      "bytes": 791,
      "sha256": "7905102c09c8c80f73cca1f2b23d3921fd8a18f8666cbe7d1436e7acabca1f9b"
    },
    {
      "locale": "fr",
      "width": 1280,
      "path": "/_astro/technical-locales.DDKucXXd.js",
      "status": 200,
      "bytes": 46,
      "sha256": "69bc1979f1929b7cb2ce9131fe3d21dd6ea7462b6442d503d883d6aa64d1a5b6"
    },
    {
      "locale": "fr",
      "width": 1280,
      "path": "/assets/site-footer.css",
      "status": 200,
      "bytes": 10397,
      "sha256": "d6088ed5422a2ec37639adb906b1c6ed81ff93df7f36d3d50de1d23ab94e0700"
    },
    {
      "locale": "fr",
      "width": 1280,
      "path": "/assets/assistant-ui.js",
      "status": 200,
      "bytes": 4088,
      "sha256": "238a125c27cb9d23f5267524a6e2a30f38b357d6d54f4b396b776617b56563eb"
    },
    {
      "locale": "fr",
      "width": 1280,
      "path": "/assets/assistant-ui.css",
      "status": 200,
      "bytes": 1396,
      "sha256": "eaf7e9531749d921c0947df7894e2fd447dcd800da620b3a14ba673af1cb7e0d"
    },
    {
      "locale": "fr",
      "width": 1280,
      "path": "/fonts/golos-text-cyr-b.woff2",
      "status": 200,
      "bytes": 22028,
      "sha256": "2f175b8fc40ed4e826742879f92ec903256fc2612d8d95c7c287232fd7138e4b"
    },
    {
      "locale": "fr",
      "width": 1280,
      "path": "/fonts/instrument-sans-latin-wght-italic.woff2",
      "status": 200,
      "bytes": 31828,
      "sha256": "77210cdde0281b5ecb0d592e063a98656f1bc36993a3b98f506eb91ff4a433a5"
    },
    {
      "locale": "fr",
      "width": 1280,
      "path": "/fonts/eb-garamond-cyrillic-500-normal.woff2",
      "status": 200,
      "bytes": 14428,
      "sha256": "d6cbde36e0e8a5355921c385f434ef60ba81bd2502abeb4f19d87a901b423e22"
    },
    {
      "locale": "fr",
      "width": 1280,
      "path": "/fonts/jetbrains-mono-cyrillic-400-500.woff2",
      "status": 200,
      "bytes": 8892,
      "sha256": "4995a9a43ac659ec32fcd8b463755cd6a07b31a6e6b3894a6a153b661cf490e2"
    },
    {
      "locale": "fr",
      "width": 1280,
      "path": "/fonts/golos-text-cyr-a.woff2",
      "status": 200,
      "bytes": 17532,
      "sha256": "10aa879203c4b62f61841bdeee64a2ca5d97f1cf21e717f45c96914ce7629710"
    },
    {
      "locale": "fr",
      "width": 1280,
      "path": "/_astro/chart-adapter.K-QfJlbI.js",
      "status": 200,
      "bytes": 50306,
      "sha256": "20f5ee939b52b2c435ab12f4c3fd20e8a3195f1ec57a727d7933b9356fdbeb95"
    },
    {
      "locale": "fr",
      "width": 1280,
      "path": "/_astro/full.AQ--_mi-.js",
      "status": 200,
      "bytes": 392,
      "sha256": "b051134ff641cb449c2c786973c7dea029240e9adecae82b909225b5bc123829"
    },
    {
      "locale": "fr",
      "width": 1280,
      "path": "/_astro/chunk-H7RJKCBO.BUIGSNBz.js",
      "status": 200,
      "bytes": 1763,
      "sha256": "512e429a3a775bc634547fce725852305dfe9ab982d5f42dd9478d10de9a8523"
    },
    {
      "locale": "fr",
      "width": 1280,
      "path": "/_astro/chunk-INI453VG.BxjMUPBs.js",
      "status": 200,
      "bytes": 2569,
      "sha256": "efa084e2eae5485eccfaad870772aec3ac07d92c962418d8cc609a54ebbc287b"
    },
    {
      "locale": "fr",
      "width": 1280,
      "path": "/assets/zodiac-icons/48/cancer.webp",
      "status": 200,
      "bytes": 1686,
      "sha256": "5f388b82448e3f88bf59b0016da48efbc48e8edbeba1082560f3e2dd83ae6a61"
    },
    {
      "locale": "fr",
      "width": 1280,
      "path": "/assets/zodiac-icons/48/aquarius.webp",
      "status": 200,
      "bytes": 1534,
      "sha256": "a0016dd04b605028c890eaaffd11fc3d4230a633b4908dfc18d5e10ea239a753"
    },
    {
      "locale": "fr",
      "width": 1280,
      "path": "/assets/zodiac-icons/48/gemini.webp",
      "status": 200,
      "bytes": 1424,
      "sha256": "88aefd78320aa8c6abce1bddd38e0e801a469bf4c5f3cb3511d1492fe1ed30fb"
    },
    {
      "locale": "fr",
      "width": 1280,
      "path": "/assets/zodiac-icons/48/capricorn.webp",
      "status": 200,
      "bytes": 1590,
      "sha256": "042f7ea66d9064e87fab58eb9e39c9a15e44306fd92974498c283f7a9f712e1f"
    },
    {
      "locale": "fr",
      "width": 1280,
      "path": "/assets/zodiac-icons/48/virgo.webp",
      "status": 200,
      "bytes": 1634,
      "sha256": "54741e8c95f3271cc214334e4f7286f67353a4b6d9f7cf7948d9675d7a1ebc9a"
    },
    {
      "locale": "fr",
      "width": 1280,
      "path": "/assets/zodiac-icons/48/sagittarius.webp",
      "status": 200,
      "bytes": 1588,
      "sha256": "85e9ee2e1978e24567bef73a6362a0088d870d0d4c5abe9c1604abaecb45fe33"
    },
    {
      "locale": "fr",
      "width": 1280,
      "path": "/assets/zodiac-icons/48/libra.webp",
      "status": 200,
      "bytes": 1556,
      "sha256": "6b6038053581a23103dc059debf8a1c35588ab13a6308881d016cb295ae59212"
    },
    {
      "locale": "fr",
      "width": 1280,
      "path": "/assets/zodiac-icons/48/pisces.webp",
      "status": 200,
      "bytes": 1476,
      "sha256": "0622ec5f5b51784e5d0cdbb0f99d993c9e5d0f4dceea345fe8783f415c0a670e"
    },
    {
      "locale": "fr",
      "width": 1280,
      "path": "/assets/zodiac-icons/48/leo.webp",
      "status": 200,
      "bytes": 1638,
      "sha256": "364f3836dbf0a3252a9db785c2d33a9bff7b09e12f97c23c64e068b240f2bed8"
    },
    {
      "locale": "fr",
      "width": 1280,
      "path": "/assets/zodiac-icons/48/scorpio.webp",
      "status": 200,
      "bytes": 1486,
      "sha256": "972c7916a97921865c1f83d1070f7deabce8221ba61ce8df2bce73a62c5b3b0b"
    },
    {
      "locale": "fr",
      "width": 1280,
      "path": "/assets/zodiac-icons/48/aries.avif",
      "status": 200,
      "bytes": 5102,
      "sha256": "2424642d38ff70104004dfd27a9b6fd096f3e3165d40a4feba5939d88f86d95f"
    },
    {
      "locale": "fr",
      "width": 390,
      "path": "/fr/moon-phase/",
      "status": 200,
      "bytes": 98950,
      "sha256": "280bbbc13ba69b872568645d39336e6fb06efbeac0d1f13247b215c9fae5b96f"
    },
    {
      "locale": "fr",
      "width": 390,
      "path": "/_astro/calculator.MBHg3tIV.css",
      "status": 200,
      "bytes": 62573,
      "sha256": "e4606bd37837f898c7b5e0a5e2da987c1de2bcfe97130a72beb2e5c22d154004"
    },
    {
      "locale": "fr",
      "width": 390,
      "path": "/fonts/instrument-sans-latin-wght-normal.woff2",
      "status": 200,
      "bytes": 30092,
      "sha256": "2ee17598a98d8a59e4df8152d015bec9ab8e4d5672cc0ab42bef806b568e3971"
    },
    {
      "locale": "fr",
      "width": 390,
      "path": "/_astro/Base.Bryss0yT.css",
      "status": 200,
      "bytes": 46112,
      "sha256": "4877c6226e887495ac2c87605485f8011cbd605ab9c0ab4a5400310591712486"
    },
    {
      "locale": "fr",
      "width": 390,
      "path": "/fonts/eb-garamond-latin-500-normal.woff2",
      "status": 200,
      "bytes": 23012,
      "sha256": "d2bb3f624516d0233ef8a03bd7b2be47489c36809a02e83ac1bc859e85f4874a"
    },
    {
      "locale": "fr",
      "width": 390,
      "path": "/_astro/client.DPkn9Lbl.js",
      "status": 200,
      "bytes": 1447,
      "sha256": "d3be63c8d0105f6032306ace6829ffea98abed0096ddeb191582c25b21406999"
    },
    {
      "locale": "fr",
      "width": 390,
      "path": "/fonts/eb-garamond-latin-400-italic.woff2",
      "status": 200,
      "bytes": 22172,
      "sha256": "1bd1b20fd55986b334ba42dbcb0d9bed7e2d08fd7a713000e8041bfafa37e8ec"
    },
    {
      "locale": "fr",
      "width": 390,
      "path": "/_astro/MoonPhaseTool.BTXtrlp9.js",
      "status": 200,
      "bytes": 5877,
      "sha256": "737f8ed5c5e9a19c9b3b238c4f99996ddcc98396522df7bdf8b691599bf5dcbe"
    },
    {
      "locale": "fr",
      "width": 390,
      "path": "/fonts/jetbrains-mono-latin-wght-normal.woff2",
      "status": 200,
      "bytes": 40404,
      "sha256": "18be452724bfdc236c074ca94a249a7f41a86752c7d04ab258ce9ed5651f6a7e"
    },
    {
      "locale": "fr",
      "width": 390,
      "path": "/assets/guide-avatar.webp",
      "status": 200,
      "bytes": 11384,
      "sha256": "9970c7c5d7d20343e20a7f59422f3647c2ff3bf38a0565ac145d5bed0f96bb11"
    },
    {
      "locale": "fr",
      "width": 390,
      "path": "/fonts/eb-garamond-latin-400-normal.woff2",
      "status": 200,
      "bytes": 21704,
      "sha256": "b63448e2680a0dbde70ebb2f3de78f6c515122835491f938e8a8595b46f29210"
    },
    {
      "locale": "fr",
      "width": 390,
      "path": "/_astro/preload-helper.L5lOfJxi.js",
      "status": 200,
      "bytes": 1402,
      "sha256": "8bf772fcf734da4b451168642b9e1e058d1b50662c2a7d3898e381a93821e927"
    },
    {
      "locale": "fr",
      "width": 390,
      "path": "/_astro/preact.module.Bjq9tLsx.js",
      "status": 200,
      "bytes": 10499,
      "sha256": "796cb24cfe472a03b823ebf5cfbded9e8a72d0b2ca7e9b664ac86f00a4ae5635"
    },
    {
      "locale": "fr",
      "width": 390,
      "path": "/_astro/jsxRuntime.module.BG9KJlGc.js",
      "status": 200,
      "bytes": 430,
      "sha256": "7ddcbbccf1cc5b5de237799db0cae97c8f7fdd5d9165217bdb6589e1784c4daa"
    },
    {
      "locale": "fr",
      "width": 390,
      "path": "/_astro/useEngine.BV92cVg4.js",
      "status": 200,
      "bytes": 504,
      "sha256": "36943543a570571105b171fbec02544260e7b56445610da713ee084c3d787ea4"
    },
    {
      "locale": "fr",
      "width": 390,
      "path": "/_astro/dates.D4PDcYt5.js",
      "status": 200,
      "bytes": 395,
      "sha256": "378304c0c70feb036cd849897964f4a4acb1b8f88ac05cadbefb2ccd6a95cf4a"
    },
    {
      "locale": "fr",
      "width": 390,
      "path": "/_astro/i18n.Cg_lCJuc.js",
      "status": 200,
      "bytes": 6936,
      "sha256": "70a9b92ff3baa35ed2be7696d32de5c76cae626de229e50c6487c25c2e18715d"
    },
    {
      "locale": "fr",
      "width": 390,
      "path": "/_astro/astrology.BHib5efU.js",
      "status": 200,
      "bytes": 3245,
      "sha256": "e94055469669e92e81c0dd91a9abfd798f3117b043722af9d00bed9862ea375d"
    },
    {
      "locale": "fr",
      "width": 390,
      "path": "/_astro/localToUtc.CrWG2CBc.js",
      "status": 200,
      "bytes": 2236,
      "sha256": "f28d63762eadf519fd875bcb21a8f5a1c5b5c6934a079274d7e8ed12f27d744f"
    },
    {
      "locale": "fr",
      "width": 390,
      "path": "/_astro/SignChip.Dx3tQVZl.js",
      "status": 200,
      "bytes": 550,
      "sha256": "646a0460f7a067c5fb3a73900214c973dabf4876a2f86148e236d6c2d424a324"
    },
    {
      "locale": "fr",
      "width": 390,
      "path": "/_astro/signs.BMXPKoMF.js",
      "status": 200,
      "bytes": 11693,
      "sha256": "21b146a22aa299589f659504f61ab2104f8ad9b0e1ed7e157225846e1380b2bc"
    },
    {
      "locale": "fr",
      "width": 390,
      "path": "/_astro/EvidenceDisclosure.LNSfDkU7.js",
      "status": 200,
      "bytes": 548,
      "sha256": "40817121a14b5ea05546b30f4ccbc321ef993fd0fea6cf79f2bd9b144d2ac55a"
    },
    {
      "locale": "fr",
      "width": 390,
      "path": "/_astro/lite.DKWHZC5_.js",
      "status": 200,
      "bytes": 831,
      "sha256": "476fab7cec6bcb6af7fef8a37f86632f70def966fc429b9f9aba7e79e5bc191a"
    },
    {
      "locale": "fr",
      "width": 390,
      "path": "/_astro/CalculationReload.DXyGkRsn.js",
      "status": 200,
      "bytes": 763,
      "sha256": "7e2446346104d1763f368f626e5985841253b06c69d963d70b805d9c97b4f0ef"
    },
    {
      "locale": "fr",
      "width": 390,
      "path": "/assets/app-icons/v3/favicon.svg",
      "status": 200,
      "bytes": 791,
      "sha256": "7905102c09c8c80f73cca1f2b23d3921fd8a18f8666cbe7d1436e7acabca1f9b"
    },
    {
      "locale": "fr",
      "width": 390,
      "path": "/_astro/hooks.module.C0_8FjiD.js",
      "status": 200,
      "bytes": 2875,
      "sha256": "70a0edc427ea0e3966f512ed162307b8a5afb48573954980940e3192514f706d"
    },
    {
      "locale": "fr",
      "width": 390,
      "path": "/_astro/PlaceSearch.D1WsU_jW.js",
      "status": 200,
      "bytes": 3472,
      "sha256": "9f384108f99e4e65ac31f34e627d405a5fad82aee9ff840d149be58183f380c9"
    },
    {
      "locale": "fr",
      "width": 390,
      "path": "/_astro/civil-date.CpOZUt7Z.js",
      "status": 200,
      "bytes": 533,
      "sha256": "74a94adc5da6547b114096c562cc0f2490d057a3b599d90578ea0972d2044df9"
    },
    {
      "locale": "fr",
      "width": 390,
      "path": "/_astro/technical-locales.DDKucXXd.js",
      "status": 200,
      "bytes": 46,
      "sha256": "69bc1979f1929b7cb2ce9131fe3d21dd6ea7462b6442d503d883d6aa64d1a5b6"
    },
    {
      "locale": "fr",
      "width": 390,
      "path": "/_astro/rolldown-runtime.DK3Fl9T5.js",
      "status": 200,
      "bytes": 158,
      "sha256": "a526d1bb3288ef04d001028843220a24b0867a4edf8c685b69506d6525af36ff"
    },
    {
      "locale": "fr",
      "width": 390,
      "path": "/assets/site-footer.css",
      "status": 200,
      "bytes": 10397,
      "sha256": "d6088ed5422a2ec37639adb906b1c6ed81ff93df7f36d3d50de1d23ab94e0700"
    },
    {
      "locale": "fr",
      "width": 390,
      "path": "/assets/assistant-ui.js",
      "status": 200,
      "bytes": 4088,
      "sha256": "238a125c27cb9d23f5267524a6e2a30f38b357d6d54f4b396b776617b56563eb"
    },
    {
      "locale": "fr",
      "width": 390,
      "path": "/assets/assistant-ui.css",
      "status": 200,
      "bytes": 1396,
      "sha256": "eaf7e9531749d921c0947df7894e2fd447dcd800da620b3a14ba673af1cb7e0d"
    },
    {
      "locale": "fr",
      "width": 390,
      "path": "/fonts/instrument-sans-latin-wght-italic.woff2",
      "status": 200,
      "bytes": 31828,
      "sha256": "77210cdde0281b5ecb0d592e063a98656f1bc36993a3b98f506eb91ff4a433a5"
    },
    {
      "locale": "fr",
      "width": 390,
      "path": "/fonts/jetbrains-mono-cyrillic-400-500.woff2",
      "status": 200,
      "bytes": 8892,
      "sha256": "4995a9a43ac659ec32fcd8b463755cd6a07b31a6e6b3894a6a153b661cf490e2"
    },
    {
      "locale": "fr",
      "width": 390,
      "path": "/fonts/eb-garamond-cyrillic-500-normal.woff2",
      "status": 200,
      "bytes": 14428,
      "sha256": "d6cbde36e0e8a5355921c385f434ef60ba81bd2502abeb4f19d87a901b423e22"
    },
    {
      "locale": "fr",
      "width": 390,
      "path": "/fonts/golos-text-cyr-a.woff2",
      "status": 200,
      "bytes": 17532,
      "sha256": "10aa879203c4b62f61841bdeee64a2ca5d97f1cf21e717f45c96914ce7629710"
    },
    {
      "locale": "fr",
      "width": 390,
      "path": "/fonts/golos-text-cyr-b.woff2",
      "status": 200,
      "bytes": 22028,
      "sha256": "2f175b8fc40ed4e826742879f92ec903256fc2612d8d95c7c287232fd7138e4b"
    },
    {
      "locale": "fr",
      "width": 390,
      "path": "/_astro/full.AQ--_mi-.js",
      "status": 200,
      "bytes": 392,
      "sha256": "b051134ff641cb449c2c786973c7dea029240e9adecae82b909225b5bc123829"
    },
    {
      "locale": "fr",
      "width": 390,
      "path": "/_astro/chunk-INI453VG.BxjMUPBs.js",
      "status": 200,
      "bytes": 2569,
      "sha256": "efa084e2eae5485eccfaad870772aec3ac07d92c962418d8cc609a54ebbc287b"
    },
    {
      "locale": "fr",
      "width": 390,
      "path": "/_astro/chunk-H7RJKCBO.BUIGSNBz.js",
      "status": 200,
      "bytes": 1763,
      "sha256": "512e429a3a775bc634547fce725852305dfe9ab982d5f42dd9478d10de9a8523"
    },
    {
      "locale": "fr",
      "width": 390,
      "path": "/_astro/chart-adapter.K-QfJlbI.js",
      "status": 200,
      "bytes": 50306,
      "sha256": "20f5ee939b52b2c435ab12f4c3fd20e8a3195f1ec57a727d7933b9356fdbeb95"
    },
    {
      "locale": "fr",
      "width": 390,
      "path": "/assets/zodiac-icons/48/taurus.webp",
      "status": 200,
      "bytes": 1566,
      "sha256": "9a1cf0fed1103cb251f70411e0edc318392da137b29bbbaec52ef621643f8174"
    },
    {
      "locale": "fr",
      "width": 390,
      "path": "/assets/zodiac-icons/48/aries.webp",
      "status": 200,
      "bytes": 1666,
      "sha256": "98ad83139bc0fe35d13096245869de4c342e65da7e33c5c767202931fd01feea"
    },
    {
      "locale": "fr",
      "width": 390,
      "path": "/assets/zodiac-icons/48/cancer.webp",
      "status": 200,
      "bytes": 1686,
      "sha256": "5f388b82448e3f88bf59b0016da48efbc48e8edbeba1082560f3e2dd83ae6a61"
    },
    {
      "locale": "fr",
      "width": 390,
      "path": "/assets/zodiac-icons/48/gemini.webp",
      "status": 200,
      "bytes": 1424,
      "sha256": "88aefd78320aa8c6abce1bddd38e0e801a469bf4c5f3cb3511d1492fe1ed30fb"
    },
    {
      "locale": "fr",
      "width": 390,
      "path": "/assets/zodiac-icons/48/libra.webp",
      "status": 200,
      "bytes": 1556,
      "sha256": "6b6038053581a23103dc059debf8a1c35588ab13a6308881d016cb295ae59212"
    },
    {
      "locale": "fr",
      "width": 390,
      "path": "/assets/zodiac-icons/48/pisces.webp",
      "status": 200,
      "bytes": 1476,
      "sha256": "0622ec5f5b51784e5d0cdbb0f99d993c9e5d0f4dceea345fe8783f415c0a670e"
    },
    {
      "locale": "fr",
      "width": 390,
      "path": "/assets/zodiac-icons/48/capricorn.webp",
      "status": 200,
      "bytes": 1590,
      "sha256": "042f7ea66d9064e87fab58eb9e39c9a15e44306fd92974498c283f7a9f712e1f"
    },
    {
      "locale": "fr",
      "width": 390,
      "path": "/assets/zodiac-icons/48/aquarius.webp",
      "status": 200,
      "bytes": 1534,
      "sha256": "a0016dd04b605028c890eaaffd11fc3d4230a633b4908dfc18d5e10ea239a753"
    },
    {
      "locale": "fr",
      "width": 390,
      "path": "/assets/zodiac-icons/48/virgo.webp",
      "status": 200,
      "bytes": 1634,
      "sha256": "54741e8c95f3271cc214334e4f7286f67353a4b6d9f7cf7948d9675d7a1ebc9a"
    },
    {
      "locale": "fr",
      "width": 390,
      "path": "/assets/zodiac-icons/48/scorpio.webp",
      "status": 200,
      "bytes": 1486,
      "sha256": "972c7916a97921865c1f83d1070f7deabce8221ba61ce8df2bce73a62c5b3b0b"
    },
    {
      "locale": "fr",
      "width": 390,
      "path": "/assets/zodiac-icons/48/aries.avif",
      "status": 200,
      "bytes": 5102,
      "sha256": "2424642d38ff70104004dfd27a9b6fd096f3e3165d40a4feba5939d88f86d95f"
    },
    {
      "locale": "fr",
      "width": 390,
      "path": "/assets/zodiac-icons/48/leo.webp",
      "status": 200,
      "bytes": 1638,
      "sha256": "364f3836dbf0a3252a9db785c2d33a9bff7b09e12f97c23c64e068b240f2bed8"
    },
    {
      "locale": "fr",
      "width": 390,
      "path": "/assets/zodiac-icons/48/sagittarius.webp",
      "status": 200,
      "bytes": 1588,
      "sha256": "85e9ee2e1978e24567bef73a6362a0088d870d0d4c5abe9c1604abaecb45fe33"
    },
    {
      "locale": "it",
      "width": 1280,
      "path": "/it/moon-phase/",
      "status": 200,
      "bytes": 96369,
      "sha256": "547424f8d08112ab93060adb6674fdddd49f64d76b3b7b1c76d39282e6775b99"
    },
    {
      "locale": "it",
      "width": 1280,
      "path": "/_astro/Base.Bryss0yT.css",
      "status": 200,
      "bytes": 46112,
      "sha256": "4877c6226e887495ac2c87605485f8011cbd605ab9c0ab4a5400310591712486"
    },
    {
      "locale": "it",
      "width": 1280,
      "path": "/fonts/instrument-sans-latin-wght-normal.woff2",
      "status": 200,
      "bytes": 30092,
      "sha256": "2ee17598a98d8a59e4df8152d015bec9ab8e4d5672cc0ab42bef806b568e3971"
    },
    {
      "locale": "it",
      "width": 1280,
      "path": "/fonts/eb-garamond-latin-400-normal.woff2",
      "status": 200,
      "bytes": 21704,
      "sha256": "b63448e2680a0dbde70ebb2f3de78f6c515122835491f938e8a8595b46f29210"
    },
    {
      "locale": "it",
      "width": 1280,
      "path": "/_astro/calculator.MBHg3tIV.css",
      "status": 200,
      "bytes": 62573,
      "sha256": "e4606bd37837f898c7b5e0a5e2da987c1de2bcfe97130a72beb2e5c22d154004"
    },
    {
      "locale": "it",
      "width": 1280,
      "path": "/fonts/eb-garamond-latin-500-normal.woff2",
      "status": 200,
      "bytes": 23012,
      "sha256": "d2bb3f624516d0233ef8a03bd7b2be47489c36809a02e83ac1bc859e85f4874a"
    },
    {
      "locale": "it",
      "width": 1280,
      "path": "/_astro/client.DPkn9Lbl.js",
      "status": 200,
      "bytes": 1447,
      "sha256": "d3be63c8d0105f6032306ace6829ffea98abed0096ddeb191582c25b21406999"
    },
    {
      "locale": "it",
      "width": 1280,
      "path": "/fonts/jetbrains-mono-latin-wght-normal.woff2",
      "status": 200,
      "bytes": 40404,
      "sha256": "18be452724bfdc236c074ca94a249a7f41a86752c7d04ab258ce9ed5651f6a7e"
    },
    {
      "locale": "it",
      "width": 1280,
      "path": "/_astro/MoonPhaseTool.BTXtrlp9.js",
      "status": 200,
      "bytes": 5877,
      "sha256": "737f8ed5c5e9a19c9b3b238c4f99996ddcc98396522df7bdf8b691599bf5dcbe"
    },
    {
      "locale": "it",
      "width": 1280,
      "path": "/fonts/eb-garamond-latin-400-italic.woff2",
      "status": 200,
      "bytes": 22172,
      "sha256": "1bd1b20fd55986b334ba42dbcb0d9bed7e2d08fd7a713000e8041bfafa37e8ec"
    },
    {
      "locale": "it",
      "width": 1280,
      "path": "/assets/zodiac-icons/48/aries.webp",
      "status": 200,
      "bytes": 1666,
      "sha256": "98ad83139bc0fe35d13096245869de4c342e65da7e33c5c767202931fd01feea"
    },
    {
      "locale": "it",
      "width": 1280,
      "path": "/assets/guide-avatar.webp",
      "status": 200,
      "bytes": 11384,
      "sha256": "9970c7c5d7d20343e20a7f59422f3647c2ff3bf38a0565ac145d5bed0f96bb11"
    },
    {
      "locale": "it",
      "width": 1280,
      "path": "/assets/zodiac-icons/48/taurus.webp",
      "status": 200,
      "bytes": 1566,
      "sha256": "9a1cf0fed1103cb251f70411e0edc318392da137b29bbbaec52ef621643f8174"
    },
    {
      "locale": "it",
      "width": 1280,
      "path": "/_astro/preload-helper.L5lOfJxi.js",
      "status": 200,
      "bytes": 1402,
      "sha256": "8bf772fcf734da4b451168642b9e1e058d1b50662c2a7d3898e381a93821e927"
    },
    {
      "locale": "it",
      "width": 1280,
      "path": "/_astro/preact.module.Bjq9tLsx.js",
      "status": 200,
      "bytes": 10499,
      "sha256": "796cb24cfe472a03b823ebf5cfbded9e8a72d0b2ca7e9b664ac86f00a4ae5635"
    },
    {
      "locale": "it",
      "width": 1280,
      "path": "/_astro/jsxRuntime.module.BG9KJlGc.js",
      "status": 200,
      "bytes": 430,
      "sha256": "7ddcbbccf1cc5b5de237799db0cae97c8f7fdd5d9165217bdb6589e1784c4daa"
    },
    {
      "locale": "it",
      "width": 1280,
      "path": "/_astro/hooks.module.C0_8FjiD.js",
      "status": 200,
      "bytes": 2875,
      "sha256": "70a0edc427ea0e3966f512ed162307b8a5afb48573954980940e3192514f706d"
    },
    {
      "locale": "it",
      "width": 1280,
      "path": "/_astro/EvidenceDisclosure.LNSfDkU7.js",
      "status": 200,
      "bytes": 548,
      "sha256": "40817121a14b5ea05546b30f4ccbc321ef993fd0fea6cf79f2bd9b144d2ac55a"
    },
    {
      "locale": "it",
      "width": 1280,
      "path": "/_astro/signs.BMXPKoMF.js",
      "status": 200,
      "bytes": 11693,
      "sha256": "21b146a22aa299589f659504f61ab2104f8ad9b0e1ed7e157225846e1380b2bc"
    },
    {
      "locale": "it",
      "width": 1280,
      "path": "/_astro/useEngine.BV92cVg4.js",
      "status": 200,
      "bytes": 504,
      "sha256": "36943543a570571105b171fbec02544260e7b56445610da713ee084c3d787ea4"
    },
    {
      "locale": "it",
      "width": 1280,
      "path": "/_astro/SignChip.Dx3tQVZl.js",
      "status": 200,
      "bytes": 550,
      "sha256": "646a0460f7a067c5fb3a73900214c973dabf4876a2f86148e236d6c2d424a324"
    },
    {
      "locale": "it",
      "width": 1280,
      "path": "/_astro/astrology.BHib5efU.js",
      "status": 200,
      "bytes": 3245,
      "sha256": "e94055469669e92e81c0dd91a9abfd798f3117b043722af9d00bed9862ea375d"
    },
    {
      "locale": "it",
      "width": 1280,
      "path": "/assets/app-icons/v3/favicon.svg",
      "status": 200,
      "bytes": 791,
      "sha256": "7905102c09c8c80f73cca1f2b23d3921fd8a18f8666cbe7d1436e7acabca1f9b"
    },
    {
      "locale": "it",
      "width": 1280,
      "path": "/_astro/localToUtc.CrWG2CBc.js",
      "status": 200,
      "bytes": 2236,
      "sha256": "f28d63762eadf519fd875bcb21a8f5a1c5b5c6934a079274d7e8ed12f27d744f"
    },
    {
      "locale": "it",
      "width": 1280,
      "path": "/_astro/lite.DKWHZC5_.js",
      "status": 200,
      "bytes": 831,
      "sha256": "476fab7cec6bcb6af7fef8a37f86632f70def966fc429b9f9aba7e79e5bc191a"
    },
    {
      "locale": "it",
      "width": 1280,
      "path": "/_astro/dates.D4PDcYt5.js",
      "status": 200,
      "bytes": 395,
      "sha256": "378304c0c70feb036cd849897964f4a4acb1b8f88ac05cadbefb2ccd6a95cf4a"
    },
    {
      "locale": "it",
      "width": 1280,
      "path": "/_astro/CalculationReload.DXyGkRsn.js",
      "status": 200,
      "bytes": 763,
      "sha256": "7e2446346104d1763f368f626e5985841253b06c69d963d70b805d9c97b4f0ef"
    },
    {
      "locale": "it",
      "width": 1280,
      "path": "/_astro/i18n.Cg_lCJuc.js",
      "status": 200,
      "bytes": 6936,
      "sha256": "70a9b92ff3baa35ed2be7696d32de5c76cae626de229e50c6487c25c2e18715d"
    },
    {
      "locale": "it",
      "width": 1280,
      "path": "/_astro/technical-locales.DDKucXXd.js",
      "status": 200,
      "bytes": 46,
      "sha256": "69bc1979f1929b7cb2ce9131fe3d21dd6ea7462b6442d503d883d6aa64d1a5b6"
    },
    {
      "locale": "it",
      "width": 1280,
      "path": "/_astro/PlaceSearch.D1WsU_jW.js",
      "status": 200,
      "bytes": 3472,
      "sha256": "9f384108f99e4e65ac31f34e627d405a5fad82aee9ff840d149be58183f380c9"
    },
    {
      "locale": "it",
      "width": 1280,
      "path": "/_astro/rolldown-runtime.DK3Fl9T5.js",
      "status": 200,
      "bytes": 158,
      "sha256": "a526d1bb3288ef04d001028843220a24b0867a4edf8c685b69506d6525af36ff"
    },
    {
      "locale": "it",
      "width": 1280,
      "path": "/_astro/civil-date.CpOZUt7Z.js",
      "status": 200,
      "bytes": 533,
      "sha256": "74a94adc5da6547b114096c562cc0f2490d057a3b599d90578ea0972d2044df9"
    },
    {
      "locale": "it",
      "width": 1280,
      "path": "/assets/site-footer.css",
      "status": 200,
      "bytes": 10397,
      "sha256": "d6088ed5422a2ec37639adb906b1c6ed81ff93df7f36d3d50de1d23ab94e0700"
    },
    {
      "locale": "it",
      "width": 1280,
      "path": "/assets/assistant-ui.js",
      "status": 200,
      "bytes": 4088,
      "sha256": "238a125c27cb9d23f5267524a6e2a30f38b357d6d54f4b396b776617b56563eb"
    },
    {
      "locale": "it",
      "width": 1280,
      "path": "/assets/assistant-ui.css",
      "status": 200,
      "bytes": 1396,
      "sha256": "eaf7e9531749d921c0947df7894e2fd447dcd800da620b3a14ba673af1cb7e0d"
    },
    {
      "locale": "it",
      "width": 1280,
      "path": "/fonts/golos-text-cyr-a.woff2",
      "status": 200,
      "bytes": 17532,
      "sha256": "10aa879203c4b62f61841bdeee64a2ca5d97f1cf21e717f45c96914ce7629710"
    },
    {
      "locale": "it",
      "width": 1280,
      "path": "/fonts/instrument-sans-latin-wght-italic.woff2",
      "status": 200,
      "bytes": 31828,
      "sha256": "77210cdde0281b5ecb0d592e063a98656f1bc36993a3b98f506eb91ff4a433a5"
    },
    {
      "locale": "it",
      "width": 1280,
      "path": "/fonts/golos-text-cyr-b.woff2",
      "status": 200,
      "bytes": 22028,
      "sha256": "2f175b8fc40ed4e826742879f92ec903256fc2612d8d95c7c287232fd7138e4b"
    },
    {
      "locale": "it",
      "width": 1280,
      "path": "/fonts/eb-garamond-cyrillic-500-normal.woff2",
      "status": 200,
      "bytes": 14428,
      "sha256": "d6cbde36e0e8a5355921c385f434ef60ba81bd2502abeb4f19d87a901b423e22"
    },
    {
      "locale": "it",
      "width": 1280,
      "path": "/fonts/jetbrains-mono-cyrillic-400-500.woff2",
      "status": 200,
      "bytes": 8892,
      "sha256": "4995a9a43ac659ec32fcd8b463755cd6a07b31a6e6b3894a6a153b661cf490e2"
    },
    {
      "locale": "it",
      "width": 1280,
      "path": "/_astro/chunk-H7RJKCBO.BUIGSNBz.js",
      "status": 200,
      "bytes": 1763,
      "sha256": "512e429a3a775bc634547fce725852305dfe9ab982d5f42dd9478d10de9a8523"
    },
    {
      "locale": "it",
      "width": 1280,
      "path": "/_astro/chart-adapter.K-QfJlbI.js",
      "status": 200,
      "bytes": 50306,
      "sha256": "20f5ee939b52b2c435ab12f4c3fd20e8a3195f1ec57a727d7933b9356fdbeb95"
    },
    {
      "locale": "it",
      "width": 1280,
      "path": "/_astro/full.AQ--_mi-.js",
      "status": 200,
      "bytes": 392,
      "sha256": "b051134ff641cb449c2c786973c7dea029240e9adecae82b909225b5bc123829"
    },
    {
      "locale": "it",
      "width": 1280,
      "path": "/_astro/chunk-INI453VG.BxjMUPBs.js",
      "status": 200,
      "bytes": 2569,
      "sha256": "efa084e2eae5485eccfaad870772aec3ac07d92c962418d8cc609a54ebbc287b"
    },
    {
      "locale": "it",
      "width": 1280,
      "path": "/assets/zodiac-icons/48/scorpio.webp",
      "status": 200,
      "bytes": 1486,
      "sha256": "972c7916a97921865c1f83d1070f7deabce8221ba61ce8df2bce73a62c5b3b0b"
    },
    {
      "locale": "it",
      "width": 1280,
      "path": "/assets/zodiac-icons/48/libra.webp",
      "status": 200,
      "bytes": 1556,
      "sha256": "6b6038053581a23103dc059debf8a1c35588ab13a6308881d016cb295ae59212"
    },
    {
      "locale": "it",
      "width": 1280,
      "path": "/assets/zodiac-icons/48/leo.webp",
      "status": 200,
      "bytes": 1638,
      "sha256": "364f3836dbf0a3252a9db785c2d33a9bff7b09e12f97c23c64e068b240f2bed8"
    },
    {
      "locale": "it",
      "width": 1280,
      "path": "/assets/zodiac-icons/48/virgo.webp",
      "status": 200,
      "bytes": 1634,
      "sha256": "54741e8c95f3271cc214334e4f7286f67353a4b6d9f7cf7948d9675d7a1ebc9a"
    },
    {
      "locale": "it",
      "width": 1280,
      "path": "/assets/zodiac-icons/48/cancer.webp",
      "status": 200,
      "bytes": 1686,
      "sha256": "5f388b82448e3f88bf59b0016da48efbc48e8edbeba1082560f3e2dd83ae6a61"
    },
    {
      "locale": "it",
      "width": 1280,
      "path": "/assets/zodiac-icons/48/capricorn.webp",
      "status": 200,
      "bytes": 1590,
      "sha256": "042f7ea66d9064e87fab58eb9e39c9a15e44306fd92974498c283f7a9f712e1f"
    },
    {
      "locale": "it",
      "width": 1280,
      "path": "/assets/zodiac-icons/48/sagittarius.webp",
      "status": 200,
      "bytes": 1588,
      "sha256": "85e9ee2e1978e24567bef73a6362a0088d870d0d4c5abe9c1604abaecb45fe33"
    },
    {
      "locale": "it",
      "width": 1280,
      "path": "/assets/zodiac-icons/48/aries.avif",
      "status": 200,
      "bytes": 5102,
      "sha256": "2424642d38ff70104004dfd27a9b6fd096f3e3165d40a4feba5939d88f86d95f"
    },
    {
      "locale": "it",
      "width": 1280,
      "path": "/assets/zodiac-icons/48/pisces.webp",
      "status": 200,
      "bytes": 1476,
      "sha256": "0622ec5f5b51784e5d0cdbb0f99d993c9e5d0f4dceea345fe8783f415c0a670e"
    },
    {
      "locale": "it",
      "width": 1280,
      "path": "/assets/zodiac-icons/48/aquarius.webp",
      "status": 200,
      "bytes": 1534,
      "sha256": "a0016dd04b605028c890eaaffd11fc3d4230a633b4908dfc18d5e10ea239a753"
    },
    {
      "locale": "it",
      "width": 1280,
      "path": "/assets/zodiac-icons/48/gemini.webp",
      "status": 200,
      "bytes": 1424,
      "sha256": "88aefd78320aa8c6abce1bddd38e0e801a469bf4c5f3cb3511d1492fe1ed30fb"
    },
    {
      "locale": "it",
      "width": 390,
      "path": "/it/moon-phase/",
      "status": 200,
      "bytes": 96369,
      "sha256": "547424f8d08112ab93060adb6674fdddd49f64d76b3b7b1c76d39282e6775b99"
    },
    {
      "locale": "it",
      "width": 390,
      "path": "/_astro/calculator.MBHg3tIV.css",
      "status": 200,
      "bytes": 62573,
      "sha256": "e4606bd37837f898c7b5e0a5e2da987c1de2bcfe97130a72beb2e5c22d154004"
    },
    {
      "locale": "it",
      "width": 390,
      "path": "/_astro/Base.Bryss0yT.css",
      "status": 200,
      "bytes": 46112,
      "sha256": "4877c6226e887495ac2c87605485f8011cbd605ab9c0ab4a5400310591712486"
    },
    {
      "locale": "it",
      "width": 390,
      "path": "/fonts/eb-garamond-latin-400-normal.woff2",
      "status": 200,
      "bytes": 21704,
      "sha256": "b63448e2680a0dbde70ebb2f3de78f6c515122835491f938e8a8595b46f29210"
    },
    {
      "locale": "it",
      "width": 390,
      "path": "/fonts/instrument-sans-latin-wght-normal.woff2",
      "status": 200,
      "bytes": 30092,
      "sha256": "2ee17598a98d8a59e4df8152d015bec9ab8e4d5672cc0ab42bef806b568e3971"
    },
    {
      "locale": "it",
      "width": 390,
      "path": "/fonts/eb-garamond-latin-500-normal.woff2",
      "status": 200,
      "bytes": 23012,
      "sha256": "d2bb3f624516d0233ef8a03bd7b2be47489c36809a02e83ac1bc859e85f4874a"
    },
    {
      "locale": "it",
      "width": 390,
      "path": "/fonts/eb-garamond-latin-400-italic.woff2",
      "status": 200,
      "bytes": 22172,
      "sha256": "1bd1b20fd55986b334ba42dbcb0d9bed7e2d08fd7a713000e8041bfafa37e8ec"
    },
    {
      "locale": "it",
      "width": 390,
      "path": "/fonts/jetbrains-mono-latin-wght-normal.woff2",
      "status": 200,
      "bytes": 40404,
      "sha256": "18be452724bfdc236c074ca94a249a7f41a86752c7d04ab258ce9ed5651f6a7e"
    },
    {
      "locale": "it",
      "width": 390,
      "path": "/assets/guide-avatar.webp",
      "status": 200,
      "bytes": 11384,
      "sha256": "9970c7c5d7d20343e20a7f59422f3647c2ff3bf38a0565ac145d5bed0f96bb11"
    },
    {
      "locale": "it",
      "width": 390,
      "path": "/_astro/client.DPkn9Lbl.js",
      "status": 200,
      "bytes": 1447,
      "sha256": "d3be63c8d0105f6032306ace6829ffea98abed0096ddeb191582c25b21406999"
    },
    {
      "locale": "it",
      "width": 390,
      "path": "/_astro/MoonPhaseTool.BTXtrlp9.js",
      "status": 200,
      "bytes": 5877,
      "sha256": "737f8ed5c5e9a19c9b3b238c4f99996ddcc98396522df7bdf8b691599bf5dcbe"
    },
    {
      "locale": "it",
      "width": 390,
      "path": "/assets/app-icons/v3/favicon.svg",
      "status": 200,
      "bytes": 791,
      "sha256": "7905102c09c8c80f73cca1f2b23d3921fd8a18f8666cbe7d1436e7acabca1f9b"
    },
    {
      "locale": "it",
      "width": 390,
      "path": "/_astro/i18n.Cg_lCJuc.js",
      "status": 200,
      "bytes": 6936,
      "sha256": "70a9b92ff3baa35ed2be7696d32de5c76cae626de229e50c6487c25c2e18715d"
    },
    {
      "locale": "it",
      "width": 390,
      "path": "/_astro/preload-helper.L5lOfJxi.js",
      "status": 200,
      "bytes": 1402,
      "sha256": "8bf772fcf734da4b451168642b9e1e058d1b50662c2a7d3898e381a93821e927"
    },
    {
      "locale": "it",
      "width": 390,
      "path": "/_astro/jsxRuntime.module.BG9KJlGc.js",
      "status": 200,
      "bytes": 430,
      "sha256": "7ddcbbccf1cc5b5de237799db0cae97c8f7fdd5d9165217bdb6589e1784c4daa"
    },
    {
      "locale": "it",
      "width": 390,
      "path": "/_astro/dates.D4PDcYt5.js",
      "status": 200,
      "bytes": 395,
      "sha256": "378304c0c70feb036cd849897964f4a4acb1b8f88ac05cadbefb2ccd6a95cf4a"
    },
    {
      "locale": "it",
      "width": 390,
      "path": "/_astro/useEngine.BV92cVg4.js",
      "status": 200,
      "bytes": 504,
      "sha256": "36943543a570571105b171fbec02544260e7b56445610da713ee084c3d787ea4"
    },
    {
      "locale": "it",
      "width": 390,
      "path": "/_astro/PlaceSearch.D1WsU_jW.js",
      "status": 200,
      "bytes": 3472,
      "sha256": "9f384108f99e4e65ac31f34e627d405a5fad82aee9ff840d149be58183f380c9"
    },
    {
      "locale": "it",
      "width": 390,
      "path": "/_astro/SignChip.Dx3tQVZl.js",
      "status": 200,
      "bytes": 550,
      "sha256": "646a0460f7a067c5fb3a73900214c973dabf4876a2f86148e236d6c2d424a324"
    },
    {
      "locale": "it",
      "width": 390,
      "path": "/_astro/CalculationReload.DXyGkRsn.js",
      "status": 200,
      "bytes": 763,
      "sha256": "7e2446346104d1763f368f626e5985841253b06c69d963d70b805d9c97b4f0ef"
    },
    {
      "locale": "it",
      "width": 390,
      "path": "/_astro/localToUtc.CrWG2CBc.js",
      "status": 200,
      "bytes": 2236,
      "sha256": "f28d63762eadf519fd875bcb21a8f5a1c5b5c6934a079274d7e8ed12f27d744f"
    },
    {
      "locale": "it",
      "width": 390,
      "path": "/_astro/EvidenceDisclosure.LNSfDkU7.js",
      "status": 200,
      "bytes": 548,
      "sha256": "40817121a14b5ea05546b30f4ccbc321ef993fd0fea6cf79f2bd9b144d2ac55a"
    },
    {
      "locale": "it",
      "width": 390,
      "path": "/_astro/hooks.module.C0_8FjiD.js",
      "status": 200,
      "bytes": 2875,
      "sha256": "70a0edc427ea0e3966f512ed162307b8a5afb48573954980940e3192514f706d"
    },
    {
      "locale": "it",
      "width": 390,
      "path": "/_astro/lite.DKWHZC5_.js",
      "status": 200,
      "bytes": 831,
      "sha256": "476fab7cec6bcb6af7fef8a37f86632f70def966fc429b9f9aba7e79e5bc191a"
    },
    {
      "locale": "it",
      "width": 390,
      "path": "/_astro/preact.module.Bjq9tLsx.js",
      "status": 200,
      "bytes": 10499,
      "sha256": "796cb24cfe472a03b823ebf5cfbded9e8a72d0b2ca7e9b664ac86f00a4ae5635"
    },
    {
      "locale": "it",
      "width": 390,
      "path": "/_astro/astrology.BHib5efU.js",
      "status": 200,
      "bytes": 3245,
      "sha256": "e94055469669e92e81c0dd91a9abfd798f3117b043722af9d00bed9862ea375d"
    },
    {
      "locale": "it",
      "width": 390,
      "path": "/_astro/signs.BMXPKoMF.js",
      "status": 200,
      "bytes": 11693,
      "sha256": "21b146a22aa299589f659504f61ab2104f8ad9b0e1ed7e157225846e1380b2bc"
    },
    {
      "locale": "it",
      "width": 390,
      "path": "/_astro/civil-date.CpOZUt7Z.js",
      "status": 200,
      "bytes": 533,
      "sha256": "74a94adc5da6547b114096c562cc0f2490d057a3b599d90578ea0972d2044df9"
    },
    {
      "locale": "it",
      "width": 390,
      "path": "/_astro/technical-locales.DDKucXXd.js",
      "status": 200,
      "bytes": 46,
      "sha256": "69bc1979f1929b7cb2ce9131fe3d21dd6ea7462b6442d503d883d6aa64d1a5b6"
    },
    {
      "locale": "it",
      "width": 390,
      "path": "/_astro/rolldown-runtime.DK3Fl9T5.js",
      "status": 200,
      "bytes": 158,
      "sha256": "a526d1bb3288ef04d001028843220a24b0867a4edf8c685b69506d6525af36ff"
    },
    {
      "locale": "it",
      "width": 390,
      "path": "/assets/site-footer.css",
      "status": 200,
      "bytes": 10397,
      "sha256": "d6088ed5422a2ec37639adb906b1c6ed81ff93df7f36d3d50de1d23ab94e0700"
    },
    {
      "locale": "it",
      "width": 390,
      "path": "/assets/assistant-ui.js",
      "status": 200,
      "bytes": 4088,
      "sha256": "238a125c27cb9d23f5267524a6e2a30f38b357d6d54f4b396b776617b56563eb"
    },
    {
      "locale": "it",
      "width": 390,
      "path": "/assets/assistant-ui.css",
      "status": 200,
      "bytes": 1396,
      "sha256": "eaf7e9531749d921c0947df7894e2fd447dcd800da620b3a14ba673af1cb7e0d"
    },
    {
      "locale": "it",
      "width": 390,
      "path": "/fonts/eb-garamond-cyrillic-500-normal.woff2",
      "status": 200,
      "bytes": 14428,
      "sha256": "d6cbde36e0e8a5355921c385f434ef60ba81bd2502abeb4f19d87a901b423e22"
    },
    {
      "locale": "it",
      "width": 390,
      "path": "/fonts/instrument-sans-latin-wght-italic.woff2",
      "status": 200,
      "bytes": 31828,
      "sha256": "77210cdde0281b5ecb0d592e063a98656f1bc36993a3b98f506eb91ff4a433a5"
    },
    {
      "locale": "it",
      "width": 390,
      "path": "/fonts/jetbrains-mono-cyrillic-400-500.woff2",
      "status": 200,
      "bytes": 8892,
      "sha256": "4995a9a43ac659ec32fcd8b463755cd6a07b31a6e6b3894a6a153b661cf490e2"
    },
    {
      "locale": "it",
      "width": 390,
      "path": "/fonts/golos-text-cyr-b.woff2",
      "status": 200,
      "bytes": 22028,
      "sha256": "2f175b8fc40ed4e826742879f92ec903256fc2612d8d95c7c287232fd7138e4b"
    },
    {
      "locale": "it",
      "width": 390,
      "path": "/fonts/golos-text-cyr-a.woff2",
      "status": 200,
      "bytes": 17532,
      "sha256": "10aa879203c4b62f61841bdeee64a2ca5d97f1cf21e717f45c96914ce7629710"
    },
    {
      "locale": "it",
      "width": 390,
      "path": "/_astro/full.AQ--_mi-.js",
      "status": 200,
      "bytes": 392,
      "sha256": "b051134ff641cb449c2c786973c7dea029240e9adecae82b909225b5bc123829"
    },
    {
      "locale": "it",
      "width": 390,
      "path": "/_astro/chunk-H7RJKCBO.BUIGSNBz.js",
      "status": 200,
      "bytes": 1763,
      "sha256": "512e429a3a775bc634547fce725852305dfe9ab982d5f42dd9478d10de9a8523"
    },
    {
      "locale": "it",
      "width": 390,
      "path": "/_astro/chunk-INI453VG.BxjMUPBs.js",
      "status": 200,
      "bytes": 2569,
      "sha256": "efa084e2eae5485eccfaad870772aec3ac07d92c962418d8cc609a54ebbc287b"
    },
    {
      "locale": "it",
      "width": 390,
      "path": "/_astro/chart-adapter.K-QfJlbI.js",
      "status": 200,
      "bytes": 50306,
      "sha256": "20f5ee939b52b2c435ab12f4c3fd20e8a3195f1ec57a727d7933b9356fdbeb95"
    },
    {
      "locale": "it",
      "width": 390,
      "path": "/assets/zodiac-icons/48/taurus.webp",
      "status": 200,
      "bytes": 1566,
      "sha256": "9a1cf0fed1103cb251f70411e0edc318392da137b29bbbaec52ef621643f8174"
    },
    {
      "locale": "it",
      "width": 390,
      "path": "/assets/zodiac-icons/48/gemini.webp",
      "status": 200,
      "bytes": 1424,
      "sha256": "88aefd78320aa8c6abce1bddd38e0e801a469bf4c5f3cb3511d1492fe1ed30fb"
    },
    {
      "locale": "it",
      "width": 390,
      "path": "/assets/zodiac-icons/48/leo.webp",
      "status": 200,
      "bytes": 1638,
      "sha256": "364f3836dbf0a3252a9db785c2d33a9bff7b09e12f97c23c64e068b240f2bed8"
    },
    {
      "locale": "it",
      "width": 390,
      "path": "/assets/zodiac-icons/48/cancer.webp",
      "status": 200,
      "bytes": 1686,
      "sha256": "5f388b82448e3f88bf59b0016da48efbc48e8edbeba1082560f3e2dd83ae6a61"
    },
    {
      "locale": "it",
      "width": 390,
      "path": "/assets/zodiac-icons/48/sagittarius.webp",
      "status": 200,
      "bytes": 1588,
      "sha256": "85e9ee2e1978e24567bef73a6362a0088d870d0d4c5abe9c1604abaecb45fe33"
    },
    {
      "locale": "it",
      "width": 390,
      "path": "/assets/zodiac-icons/48/libra.webp",
      "status": 200,
      "bytes": 1556,
      "sha256": "6b6038053581a23103dc059debf8a1c35588ab13a6308881d016cb295ae59212"
    },
    {
      "locale": "it",
      "width": 390,
      "path": "/assets/zodiac-icons/48/aquarius.webp",
      "status": 200,
      "bytes": 1534,
      "sha256": "a0016dd04b605028c890eaaffd11fc3d4230a633b4908dfc18d5e10ea239a753"
    },
    {
      "locale": "it",
      "width": 390,
      "path": "/assets/zodiac-icons/48/scorpio.webp",
      "status": 200,
      "bytes": 1486,
      "sha256": "972c7916a97921865c1f83d1070f7deabce8221ba61ce8df2bce73a62c5b3b0b"
    },
    {
      "locale": "it",
      "width": 390,
      "path": "/assets/zodiac-icons/48/virgo.webp",
      "status": 200,
      "bytes": 1634,
      "sha256": "54741e8c95f3271cc214334e4f7286f67353a4b6d9f7cf7948d9675d7a1ebc9a"
    },
    {
      "locale": "it",
      "width": 390,
      "path": "/assets/zodiac-icons/48/capricorn.webp",
      "status": 200,
      "bytes": 1590,
      "sha256": "042f7ea66d9064e87fab58eb9e39c9a15e44306fd92974498c283f7a9f712e1f"
    },
    {
      "locale": "it",
      "width": 390,
      "path": "/assets/zodiac-icons/48/aries.webp",
      "status": 200,
      "bytes": 1666,
      "sha256": "98ad83139bc0fe35d13096245869de4c342e65da7e33c5c767202931fd01feea"
    },
    {
      "locale": "it",
      "width": 390,
      "path": "/assets/zodiac-icons/48/pisces.webp",
      "status": 200,
      "bytes": 1476,
      "sha256": "0622ec5f5b51784e5d0cdbb0f99d993c9e5d0f4dceea345fe8783f415c0a670e"
    },
    {
      "locale": "it",
      "width": 390,
      "path": "/assets/zodiac-icons/48/aries.avif",
      "status": 200,
      "bytes": 5102,
      "sha256": "2424642d38ff70104004dfd27a9b6fd096f3e3165d40a4feba5939d88f86d95f"
    },
    {
      "locale": "pt",
      "width": 1280,
      "path": "/pt/moon-phase/",
      "status": 200,
      "bytes": 95565,
      "sha256": "add0e099a4932c47c02c17fdc5c21021543859af3f2df42e308353c0579d2199"
    },
    {
      "locale": "pt",
      "width": 1280,
      "path": "/fonts/eb-garamond-latin-400-normal.woff2",
      "status": 200,
      "bytes": 21704,
      "sha256": "b63448e2680a0dbde70ebb2f3de78f6c515122835491f938e8a8595b46f29210"
    },
    {
      "locale": "pt",
      "width": 1280,
      "path": "/fonts/instrument-sans-latin-wght-normal.woff2",
      "status": 200,
      "bytes": 30092,
      "sha256": "2ee17598a98d8a59e4df8152d015bec9ab8e4d5672cc0ab42bef806b568e3971"
    },
    {
      "locale": "pt",
      "width": 1280,
      "path": "/_astro/Base.Bryss0yT.css",
      "status": 200,
      "bytes": 46112,
      "sha256": "4877c6226e887495ac2c87605485f8011cbd605ab9c0ab4a5400310591712486"
    },
    {
      "locale": "pt",
      "width": 1280,
      "path": "/fonts/eb-garamond-latin-500-normal.woff2",
      "status": 200,
      "bytes": 23012,
      "sha256": "d2bb3f624516d0233ef8a03bd7b2be47489c36809a02e83ac1bc859e85f4874a"
    },
    {
      "locale": "pt",
      "width": 1280,
      "path": "/_astro/calculator.MBHg3tIV.css",
      "status": 200,
      "bytes": 62573,
      "sha256": "e4606bd37837f898c7b5e0a5e2da987c1de2bcfe97130a72beb2e5c22d154004"
    },
    {
      "locale": "pt",
      "width": 1280,
      "path": "/fonts/eb-garamond-latin-400-italic.woff2",
      "status": 200,
      "bytes": 22172,
      "sha256": "1bd1b20fd55986b334ba42dbcb0d9bed7e2d08fd7a713000e8041bfafa37e8ec"
    },
    {
      "locale": "pt",
      "width": 1280,
      "path": "/fonts/jetbrains-mono-latin-wght-normal.woff2",
      "status": 200,
      "bytes": 40404,
      "sha256": "18be452724bfdc236c074ca94a249a7f41a86752c7d04ab258ce9ed5651f6a7e"
    },
    {
      "locale": "pt",
      "width": 1280,
      "path": "/assets/zodiac-icons/48/aries.webp",
      "status": 200,
      "bytes": 1666,
      "sha256": "98ad83139bc0fe35d13096245869de4c342e65da7e33c5c767202931fd01feea"
    },
    {
      "locale": "pt",
      "width": 1280,
      "path": "/assets/zodiac-icons/48/gemini.webp",
      "status": 200,
      "bytes": 1424,
      "sha256": "88aefd78320aa8c6abce1bddd38e0e801a469bf4c5f3cb3511d1492fe1ed30fb"
    },
    {
      "locale": "pt",
      "width": 1280,
      "path": "/assets/guide-avatar.webp",
      "status": 200,
      "bytes": 11384,
      "sha256": "9970c7c5d7d20343e20a7f59422f3647c2ff3bf38a0565ac145d5bed0f96bb11"
    },
    {
      "locale": "pt",
      "width": 1280,
      "path": "/_astro/MoonPhaseTool.BTXtrlp9.js",
      "status": 200,
      "bytes": 5877,
      "sha256": "737f8ed5c5e9a19c9b3b238c4f99996ddcc98396522df7bdf8b691599bf5dcbe"
    },
    {
      "locale": "pt",
      "width": 1280,
      "path": "/assets/zodiac-icons/48/taurus.webp",
      "status": 200,
      "bytes": 1566,
      "sha256": "9a1cf0fed1103cb251f70411e0edc318392da137b29bbbaec52ef621643f8174"
    },
    {
      "locale": "pt",
      "width": 1280,
      "path": "/assets/app-icons/v3/favicon.svg",
      "status": 200,
      "bytes": 791,
      "sha256": "7905102c09c8c80f73cca1f2b23d3921fd8a18f8666cbe7d1436e7acabca1f9b"
    },
    {
      "locale": "pt",
      "width": 1280,
      "path": "/_astro/EvidenceDisclosure.LNSfDkU7.js",
      "status": 200,
      "bytes": 548,
      "sha256": "40817121a14b5ea05546b30f4ccbc321ef993fd0fea6cf79f2bd9b144d2ac55a"
    },
    {
      "locale": "pt",
      "width": 1280,
      "path": "/_astro/i18n.Cg_lCJuc.js",
      "status": 200,
      "bytes": 6936,
      "sha256": "70a9b92ff3baa35ed2be7696d32de5c76cae626de229e50c6487c25c2e18715d"
    },
    {
      "locale": "pt",
      "width": 1280,
      "path": "/_astro/hooks.module.C0_8FjiD.js",
      "status": 200,
      "bytes": 2875,
      "sha256": "70a0edc427ea0e3966f512ed162307b8a5afb48573954980940e3192514f706d"
    },
    {
      "locale": "pt",
      "width": 1280,
      "path": "/_astro/CalculationReload.DXyGkRsn.js",
      "status": 200,
      "bytes": 763,
      "sha256": "7e2446346104d1763f368f626e5985841253b06c69d963d70b805d9c97b4f0ef"
    },
    {
      "locale": "pt",
      "width": 1280,
      "path": "/_astro/dates.D4PDcYt5.js",
      "status": 200,
      "bytes": 395,
      "sha256": "378304c0c70feb036cd849897964f4a4acb1b8f88ac05cadbefb2ccd6a95cf4a"
    },
    {
      "locale": "pt",
      "width": 1280,
      "path": "/_astro/PlaceSearch.D1WsU_jW.js",
      "status": 200,
      "bytes": 3472,
      "sha256": "9f384108f99e4e65ac31f34e627d405a5fad82aee9ff840d149be58183f380c9"
    },
    {
      "locale": "pt",
      "width": 1280,
      "path": "/_astro/preact.module.Bjq9tLsx.js",
      "status": 200,
      "bytes": 10499,
      "sha256": "796cb24cfe472a03b823ebf5cfbded9e8a72d0b2ca7e9b664ac86f00a4ae5635"
    },
    {
      "locale": "pt",
      "width": 1280,
      "path": "/_astro/jsxRuntime.module.BG9KJlGc.js",
      "status": 200,
      "bytes": 430,
      "sha256": "7ddcbbccf1cc5b5de237799db0cae97c8f7fdd5d9165217bdb6589e1784c4daa"
    },
    {
      "locale": "pt",
      "width": 1280,
      "path": "/_astro/localToUtc.CrWG2CBc.js",
      "status": 200,
      "bytes": 2236,
      "sha256": "f28d63762eadf519fd875bcb21a8f5a1c5b5c6934a079274d7e8ed12f27d744f"
    },
    {
      "locale": "pt",
      "width": 1280,
      "path": "/_astro/signs.BMXPKoMF.js",
      "status": 200,
      "bytes": 11693,
      "sha256": "21b146a22aa299589f659504f61ab2104f8ad9b0e1ed7e157225846e1380b2bc"
    },
    {
      "locale": "pt",
      "width": 1280,
      "path": "/_astro/SignChip.Dx3tQVZl.js",
      "status": 200,
      "bytes": 550,
      "sha256": "646a0460f7a067c5fb3a73900214c973dabf4876a2f86148e236d6c2d424a324"
    },
    {
      "locale": "pt",
      "width": 1280,
      "path": "/_astro/useEngine.BV92cVg4.js",
      "status": 200,
      "bytes": 504,
      "sha256": "36943543a570571105b171fbec02544260e7b56445610da713ee084c3d787ea4"
    },
    {
      "locale": "pt",
      "width": 1280,
      "path": "/_astro/astrology.BHib5efU.js",
      "status": 200,
      "bytes": 3245,
      "sha256": "e94055469669e92e81c0dd91a9abfd798f3117b043722af9d00bed9862ea375d"
    },
    {
      "locale": "pt",
      "width": 1280,
      "path": "/_astro/client.DPkn9Lbl.js",
      "status": 200,
      "bytes": 1447,
      "sha256": "d3be63c8d0105f6032306ace6829ffea98abed0096ddeb191582c25b21406999"
    },
    {
      "locale": "pt",
      "width": 1280,
      "path": "/assets/site-footer.css",
      "status": 200,
      "bytes": 10397,
      "sha256": "d6088ed5422a2ec37639adb906b1c6ed81ff93df7f36d3d50de1d23ab94e0700"
    },
    {
      "locale": "pt",
      "width": 1280,
      "path": "/_astro/lite.DKWHZC5_.js",
      "status": 200,
      "bytes": 831,
      "sha256": "476fab7cec6bcb6af7fef8a37f86632f70def966fc429b9f9aba7e79e5bc191a"
    },
    {
      "locale": "pt",
      "width": 1280,
      "path": "/_astro/rolldown-runtime.DK3Fl9T5.js",
      "status": 200,
      "bytes": 158,
      "sha256": "a526d1bb3288ef04d001028843220a24b0867a4edf8c685b69506d6525af36ff"
    },
    {
      "locale": "pt",
      "width": 1280,
      "path": "/_astro/civil-date.CpOZUt7Z.js",
      "status": 200,
      "bytes": 533,
      "sha256": "74a94adc5da6547b114096c562cc0f2490d057a3b599d90578ea0972d2044df9"
    },
    {
      "locale": "pt",
      "width": 1280,
      "path": "/_astro/preload-helper.L5lOfJxi.js",
      "status": 200,
      "bytes": 1402,
      "sha256": "8bf772fcf734da4b451168642b9e1e058d1b50662c2a7d3898e381a93821e927"
    },
    {
      "locale": "pt",
      "width": 1280,
      "path": "/_astro/technical-locales.DDKucXXd.js",
      "status": 200,
      "bytes": 46,
      "sha256": "69bc1979f1929b7cb2ce9131fe3d21dd6ea7462b6442d503d883d6aa64d1a5b6"
    },
    {
      "locale": "pt",
      "width": 1280,
      "path": "/assets/assistant-ui.js",
      "status": 200,
      "bytes": 4088,
      "sha256": "238a125c27cb9d23f5267524a6e2a30f38b357d6d54f4b396b776617b56563eb"
    },
    {
      "locale": "pt",
      "width": 1280,
      "path": "/assets/assistant-ui.css",
      "status": 200,
      "bytes": 1396,
      "sha256": "eaf7e9531749d921c0947df7894e2fd447dcd800da620b3a14ba673af1cb7e0d"
    },
    {
      "locale": "pt",
      "width": 1280,
      "path": "/fonts/golos-text-cyr-a.woff2",
      "status": 200,
      "bytes": 17532,
      "sha256": "10aa879203c4b62f61841bdeee64a2ca5d97f1cf21e717f45c96914ce7629710"
    },
    {
      "locale": "pt",
      "width": 1280,
      "path": "/fonts/golos-text-cyr-b.woff2",
      "status": 200,
      "bytes": 22028,
      "sha256": "2f175b8fc40ed4e826742879f92ec903256fc2612d8d95c7c287232fd7138e4b"
    },
    {
      "locale": "pt",
      "width": 1280,
      "path": "/fonts/instrument-sans-latin-wght-italic.woff2",
      "status": 200,
      "bytes": 31828,
      "sha256": "77210cdde0281b5ecb0d592e063a98656f1bc36993a3b98f506eb91ff4a433a5"
    },
    {
      "locale": "pt",
      "width": 1280,
      "path": "/fonts/eb-garamond-cyrillic-500-normal.woff2",
      "status": 200,
      "bytes": 14428,
      "sha256": "d6cbde36e0e8a5355921c385f434ef60ba81bd2502abeb4f19d87a901b423e22"
    },
    {
      "locale": "pt",
      "width": 1280,
      "path": "/fonts/jetbrains-mono-cyrillic-400-500.woff2",
      "status": 200,
      "bytes": 8892,
      "sha256": "4995a9a43ac659ec32fcd8b463755cd6a07b31a6e6b3894a6a153b661cf490e2"
    },
    {
      "locale": "pt",
      "width": 1280,
      "path": "/_astro/chunk-INI453VG.BxjMUPBs.js",
      "status": 200,
      "bytes": 2569,
      "sha256": "efa084e2eae5485eccfaad870772aec3ac07d92c962418d8cc609a54ebbc287b"
    },
    {
      "locale": "pt",
      "width": 1280,
      "path": "/_astro/chunk-H7RJKCBO.BUIGSNBz.js",
      "status": 200,
      "bytes": 1763,
      "sha256": "512e429a3a775bc634547fce725852305dfe9ab982d5f42dd9478d10de9a8523"
    },
    {
      "locale": "pt",
      "width": 1280,
      "path": "/_astro/full.AQ--_mi-.js",
      "status": 200,
      "bytes": 392,
      "sha256": "b051134ff641cb449c2c786973c7dea029240e9adecae82b909225b5bc123829"
    },
    {
      "locale": "pt",
      "width": 1280,
      "path": "/_astro/chart-adapter.K-QfJlbI.js",
      "status": 200,
      "bytes": 50306,
      "sha256": "20f5ee939b52b2c435ab12f4c3fd20e8a3195f1ec57a727d7933b9356fdbeb95"
    },
    {
      "locale": "pt",
      "width": 1280,
      "path": "/assets/zodiac-icons/48/aries.avif",
      "status": 200,
      "bytes": 5102,
      "sha256": "2424642d38ff70104004dfd27a9b6fd096f3e3165d40a4feba5939d88f86d95f"
    },
    {
      "locale": "pt",
      "width": 1280,
      "path": "/assets/zodiac-icons/48/scorpio.webp",
      "status": 200,
      "bytes": 1486,
      "sha256": "972c7916a97921865c1f83d1070f7deabce8221ba61ce8df2bce73a62c5b3b0b"
    },
    {
      "locale": "pt",
      "width": 1280,
      "path": "/assets/zodiac-icons/48/leo.webp",
      "status": 200,
      "bytes": 1638,
      "sha256": "364f3836dbf0a3252a9db785c2d33a9bff7b09e12f97c23c64e068b240f2bed8"
    },
    {
      "locale": "pt",
      "width": 1280,
      "path": "/assets/zodiac-icons/48/virgo.webp",
      "status": 200,
      "bytes": 1634,
      "sha256": "54741e8c95f3271cc214334e4f7286f67353a4b6d9f7cf7948d9675d7a1ebc9a"
    },
    {
      "locale": "pt",
      "width": 1280,
      "path": "/assets/zodiac-icons/48/cancer.webp",
      "status": 200,
      "bytes": 1686,
      "sha256": "5f388b82448e3f88bf59b0016da48efbc48e8edbeba1082560f3e2dd83ae6a61"
    },
    {
      "locale": "pt",
      "width": 1280,
      "path": "/assets/zodiac-icons/48/capricorn.webp",
      "status": 200,
      "bytes": 1590,
      "sha256": "042f7ea66d9064e87fab58eb9e39c9a15e44306fd92974498c283f7a9f712e1f"
    },
    {
      "locale": "pt",
      "width": 1280,
      "path": "/assets/zodiac-icons/48/pisces.webp",
      "status": 200,
      "bytes": 1476,
      "sha256": "0622ec5f5b51784e5d0cdbb0f99d993c9e5d0f4dceea345fe8783f415c0a670e"
    },
    {
      "locale": "pt",
      "width": 1280,
      "path": "/assets/zodiac-icons/48/aquarius.webp",
      "status": 200,
      "bytes": 1534,
      "sha256": "a0016dd04b605028c890eaaffd11fc3d4230a633b4908dfc18d5e10ea239a753"
    },
    {
      "locale": "pt",
      "width": 1280,
      "path": "/assets/zodiac-icons/48/libra.webp",
      "status": 200,
      "bytes": 1556,
      "sha256": "6b6038053581a23103dc059debf8a1c35588ab13a6308881d016cb295ae59212"
    },
    {
      "locale": "pt",
      "width": 390,
      "path": "/pt/moon-phase/",
      "status": 200,
      "bytes": 95565,
      "sha256": "add0e099a4932c47c02c17fdc5c21021543859af3f2df42e308353c0579d2199"
    },
    {
      "locale": "pt",
      "width": 390,
      "path": "/_astro/calculator.MBHg3tIV.css",
      "status": 200,
      "bytes": 62573,
      "sha256": "e4606bd37837f898c7b5e0a5e2da987c1de2bcfe97130a72beb2e5c22d154004"
    },
    {
      "locale": "pt",
      "width": 390,
      "path": "/_astro/Base.Bryss0yT.css",
      "status": 200,
      "bytes": 46112,
      "sha256": "4877c6226e887495ac2c87605485f8011cbd605ab9c0ab4a5400310591712486"
    },
    {
      "locale": "pt",
      "width": 390,
      "path": "/fonts/eb-garamond-latin-400-normal.woff2",
      "status": 200,
      "bytes": 21704,
      "sha256": "b63448e2680a0dbde70ebb2f3de78f6c515122835491f938e8a8595b46f29210"
    },
    {
      "locale": "pt",
      "width": 390,
      "path": "/fonts/instrument-sans-latin-wght-normal.woff2",
      "status": 200,
      "bytes": 30092,
      "sha256": "2ee17598a98d8a59e4df8152d015bec9ab8e4d5672cc0ab42bef806b568e3971"
    },
    {
      "locale": "pt",
      "width": 390,
      "path": "/fonts/eb-garamond-latin-500-normal.woff2",
      "status": 200,
      "bytes": 23012,
      "sha256": "d2bb3f624516d0233ef8a03bd7b2be47489c36809a02e83ac1bc859e85f4874a"
    },
    {
      "locale": "pt",
      "width": 390,
      "path": "/_astro/client.DPkn9Lbl.js",
      "status": 200,
      "bytes": 1447,
      "sha256": "d3be63c8d0105f6032306ace6829ffea98abed0096ddeb191582c25b21406999"
    },
    {
      "locale": "pt",
      "width": 390,
      "path": "/fonts/jetbrains-mono-latin-wght-normal.woff2",
      "status": 200,
      "bytes": 40404,
      "sha256": "18be452724bfdc236c074ca94a249a7f41a86752c7d04ab258ce9ed5651f6a7e"
    },
    {
      "locale": "pt",
      "width": 390,
      "path": "/_astro/MoonPhaseTool.BTXtrlp9.js",
      "status": 200,
      "bytes": 5877,
      "sha256": "737f8ed5c5e9a19c9b3b238c4f99996ddcc98396522df7bdf8b691599bf5dcbe"
    },
    {
      "locale": "pt",
      "width": 390,
      "path": "/assets/guide-avatar.webp",
      "status": 200,
      "bytes": 11384,
      "sha256": "9970c7c5d7d20343e20a7f59422f3647c2ff3bf38a0565ac145d5bed0f96bb11"
    },
    {
      "locale": "pt",
      "width": 390,
      "path": "/fonts/eb-garamond-latin-400-italic.woff2",
      "status": 200,
      "bytes": 22172,
      "sha256": "1bd1b20fd55986b334ba42dbcb0d9bed7e2d08fd7a713000e8041bfafa37e8ec"
    },
    {
      "locale": "pt",
      "width": 390,
      "path": "/_astro/hooks.module.C0_8FjiD.js",
      "status": 200,
      "bytes": 2875,
      "sha256": "70a0edc427ea0e3966f512ed162307b8a5afb48573954980940e3192514f706d"
    },
    {
      "locale": "pt",
      "width": 390,
      "path": "/_astro/jsxRuntime.module.BG9KJlGc.js",
      "status": 200,
      "bytes": 430,
      "sha256": "7ddcbbccf1cc5b5de237799db0cae97c8f7fdd5d9165217bdb6589e1784c4daa"
    },
    {
      "locale": "pt",
      "width": 390,
      "path": "/_astro/EvidenceDisclosure.LNSfDkU7.js",
      "status": 200,
      "bytes": 548,
      "sha256": "40817121a14b5ea05546b30f4ccbc321ef993fd0fea6cf79f2bd9b144d2ac55a"
    },
    {
      "locale": "pt",
      "width": 390,
      "path": "/_astro/i18n.Cg_lCJuc.js",
      "status": 200,
      "bytes": 6936,
      "sha256": "70a9b92ff3baa35ed2be7696d32de5c76cae626de229e50c6487c25c2e18715d"
    },
    {
      "locale": "pt",
      "width": 390,
      "path": "/_astro/preload-helper.L5lOfJxi.js",
      "status": 200,
      "bytes": 1402,
      "sha256": "8bf772fcf734da4b451168642b9e1e058d1b50662c2a7d3898e381a93821e927"
    },
    {
      "locale": "pt",
      "width": 390,
      "path": "/_astro/lite.DKWHZC5_.js",
      "status": 200,
      "bytes": 831,
      "sha256": "476fab7cec6bcb6af7fef8a37f86632f70def966fc429b9f9aba7e79e5bc191a"
    },
    {
      "locale": "pt",
      "width": 390,
      "path": "/_astro/astrology.BHib5efU.js",
      "status": 200,
      "bytes": 3245,
      "sha256": "e94055469669e92e81c0dd91a9abfd798f3117b043722af9d00bed9862ea375d"
    },
    {
      "locale": "pt",
      "width": 390,
      "path": "/_astro/signs.BMXPKoMF.js",
      "status": 200,
      "bytes": 11693,
      "sha256": "21b146a22aa299589f659504f61ab2104f8ad9b0e1ed7e157225846e1380b2bc"
    },
    {
      "locale": "pt",
      "width": 390,
      "path": "/_astro/dates.D4PDcYt5.js",
      "status": 200,
      "bytes": 395,
      "sha256": "378304c0c70feb036cd849897964f4a4acb1b8f88ac05cadbefb2ccd6a95cf4a"
    },
    {
      "locale": "pt",
      "width": 390,
      "path": "/_astro/PlaceSearch.D1WsU_jW.js",
      "status": 200,
      "bytes": 3472,
      "sha256": "9f384108f99e4e65ac31f34e627d405a5fad82aee9ff840d149be58183f380c9"
    },
    {
      "locale": "pt",
      "width": 390,
      "path": "/_astro/SignChip.Dx3tQVZl.js",
      "status": 200,
      "bytes": 550,
      "sha256": "646a0460f7a067c5fb3a73900214c973dabf4876a2f86148e236d6c2d424a324"
    },
    {
      "locale": "pt",
      "width": 390,
      "path": "/_astro/localToUtc.CrWG2CBc.js",
      "status": 200,
      "bytes": 2236,
      "sha256": "f28d63762eadf519fd875bcb21a8f5a1c5b5c6934a079274d7e8ed12f27d744f"
    },
    {
      "locale": "pt",
      "width": 390,
      "path": "/assets/app-icons/v3/favicon.svg",
      "status": 200,
      "bytes": 791,
      "sha256": "7905102c09c8c80f73cca1f2b23d3921fd8a18f8666cbe7d1436e7acabca1f9b"
    },
    {
      "locale": "pt",
      "width": 390,
      "path": "/_astro/useEngine.BV92cVg4.js",
      "status": 200,
      "bytes": 504,
      "sha256": "36943543a570571105b171fbec02544260e7b56445610da713ee084c3d787ea4"
    },
    {
      "locale": "pt",
      "width": 390,
      "path": "/_astro/CalculationReload.DXyGkRsn.js",
      "status": 200,
      "bytes": 763,
      "sha256": "7e2446346104d1763f368f626e5985841253b06c69d963d70b805d9c97b4f0ef"
    },
    {
      "locale": "pt",
      "width": 390,
      "path": "/_astro/preact.module.Bjq9tLsx.js",
      "status": 200,
      "bytes": 10499,
      "sha256": "796cb24cfe472a03b823ebf5cfbded9e8a72d0b2ca7e9b664ac86f00a4ae5635"
    },
    {
      "locale": "pt",
      "width": 390,
      "path": "/_astro/civil-date.CpOZUt7Z.js",
      "status": 200,
      "bytes": 533,
      "sha256": "74a94adc5da6547b114096c562cc0f2490d057a3b599d90578ea0972d2044df9"
    },
    {
      "locale": "pt",
      "width": 390,
      "path": "/_astro/technical-locales.DDKucXXd.js",
      "status": 200,
      "bytes": 46,
      "sha256": "69bc1979f1929b7cb2ce9131fe3d21dd6ea7462b6442d503d883d6aa64d1a5b6"
    },
    {
      "locale": "pt",
      "width": 390,
      "path": "/_astro/rolldown-runtime.DK3Fl9T5.js",
      "status": 200,
      "bytes": 158,
      "sha256": "a526d1bb3288ef04d001028843220a24b0867a4edf8c685b69506d6525af36ff"
    },
    {
      "locale": "pt",
      "width": 390,
      "path": "/assets/site-footer.css",
      "status": 200,
      "bytes": 10397,
      "sha256": "d6088ed5422a2ec37639adb906b1c6ed81ff93df7f36d3d50de1d23ab94e0700"
    },
    {
      "locale": "pt",
      "width": 390,
      "path": "/assets/assistant-ui.js",
      "status": 200,
      "bytes": 4088,
      "sha256": "238a125c27cb9d23f5267524a6e2a30f38b357d6d54f4b396b776617b56563eb"
    },
    {
      "locale": "pt",
      "width": 390,
      "path": "/assets/assistant-ui.css",
      "status": 200,
      "bytes": 1396,
      "sha256": "eaf7e9531749d921c0947df7894e2fd447dcd800da620b3a14ba673af1cb7e0d"
    },
    {
      "locale": "pt",
      "width": 390,
      "path": "/fonts/instrument-sans-latin-wght-italic.woff2",
      "status": 200,
      "bytes": 31828,
      "sha256": "77210cdde0281b5ecb0d592e063a98656f1bc36993a3b98f506eb91ff4a433a5"
    },
    {
      "locale": "pt",
      "width": 390,
      "path": "/fonts/jetbrains-mono-cyrillic-400-500.woff2",
      "status": 200,
      "bytes": 8892,
      "sha256": "4995a9a43ac659ec32fcd8b463755cd6a07b31a6e6b3894a6a153b661cf490e2"
    },
    {
      "locale": "pt",
      "width": 390,
      "path": "/fonts/golos-text-cyr-b.woff2",
      "status": 200,
      "bytes": 22028,
      "sha256": "2f175b8fc40ed4e826742879f92ec903256fc2612d8d95c7c287232fd7138e4b"
    },
    {
      "locale": "pt",
      "width": 390,
      "path": "/fonts/golos-text-cyr-a.woff2",
      "status": 200,
      "bytes": 17532,
      "sha256": "10aa879203c4b62f61841bdeee64a2ca5d97f1cf21e717f45c96914ce7629710"
    },
    {
      "locale": "pt",
      "width": 390,
      "path": "/fonts/eb-garamond-cyrillic-500-normal.woff2",
      "status": 200,
      "bytes": 14428,
      "sha256": "d6cbde36e0e8a5355921c385f434ef60ba81bd2502abeb4f19d87a901b423e22"
    },
    {
      "locale": "pt",
      "width": 390,
      "path": "/_astro/chunk-H7RJKCBO.BUIGSNBz.js",
      "status": 200,
      "bytes": 1763,
      "sha256": "512e429a3a775bc634547fce725852305dfe9ab982d5f42dd9478d10de9a8523"
    },
    {
      "locale": "pt",
      "width": 390,
      "path": "/_astro/full.AQ--_mi-.js",
      "status": 200,
      "bytes": 392,
      "sha256": "b051134ff641cb449c2c786973c7dea029240e9adecae82b909225b5bc123829"
    },
    {
      "locale": "pt",
      "width": 390,
      "path": "/_astro/chunk-INI453VG.BxjMUPBs.js",
      "status": 200,
      "bytes": 2569,
      "sha256": "efa084e2eae5485eccfaad870772aec3ac07d92c962418d8cc609a54ebbc287b"
    },
    {
      "locale": "pt",
      "width": 390,
      "path": "/_astro/chart-adapter.K-QfJlbI.js",
      "status": 200,
      "bytes": 50306,
      "sha256": "20f5ee939b52b2c435ab12f4c3fd20e8a3195f1ec57a727d7933b9356fdbeb95"
    },
    {
      "locale": "pt",
      "width": 390,
      "path": "/assets/zodiac-icons/48/aries.webp",
      "status": 200,
      "bytes": 1666,
      "sha256": "98ad83139bc0fe35d13096245869de4c342e65da7e33c5c767202931fd01feea"
    },
    {
      "locale": "pt",
      "width": 390,
      "path": "/assets/zodiac-icons/48/gemini.webp",
      "status": 200,
      "bytes": 1424,
      "sha256": "88aefd78320aa8c6abce1bddd38e0e801a469bf4c5f3cb3511d1492fe1ed30fb"
    },
    {
      "locale": "pt",
      "width": 390,
      "path": "/assets/zodiac-icons/48/taurus.webp",
      "status": 200,
      "bytes": 1566,
      "sha256": "9a1cf0fed1103cb251f70411e0edc318392da137b29bbbaec52ef621643f8174"
    },
    {
      "locale": "pt",
      "width": 390,
      "path": "/assets/zodiac-icons/48/leo.webp",
      "status": 200,
      "bytes": 1638,
      "sha256": "364f3836dbf0a3252a9db785c2d33a9bff7b09e12f97c23c64e068b240f2bed8"
    },
    {
      "locale": "pt",
      "width": 390,
      "path": "/assets/zodiac-icons/48/aquarius.webp",
      "status": 200,
      "bytes": 1534,
      "sha256": "a0016dd04b605028c890eaaffd11fc3d4230a633b4908dfc18d5e10ea239a753"
    },
    {
      "locale": "pt",
      "width": 390,
      "path": "/assets/zodiac-icons/48/libra.webp",
      "status": 200,
      "bytes": 1556,
      "sha256": "6b6038053581a23103dc059debf8a1c35588ab13a6308881d016cb295ae59212"
    },
    {
      "locale": "pt",
      "width": 390,
      "path": "/assets/zodiac-icons/48/scorpio.webp",
      "status": 200,
      "bytes": 1486,
      "sha256": "972c7916a97921865c1f83d1070f7deabce8221ba61ce8df2bce73a62c5b3b0b"
    },
    {
      "locale": "pt",
      "width": 390,
      "path": "/assets/zodiac-icons/48/virgo.webp",
      "status": 200,
      "bytes": 1634,
      "sha256": "54741e8c95f3271cc214334e4f7286f67353a4b6d9f7cf7948d9675d7a1ebc9a"
    },
    {
      "locale": "pt",
      "width": 390,
      "path": "/assets/zodiac-icons/48/pisces.webp",
      "status": 200,
      "bytes": 1476,
      "sha256": "0622ec5f5b51784e5d0cdbb0f99d993c9e5d0f4dceea345fe8783f415c0a670e"
    },
    {
      "locale": "pt",
      "width": 390,
      "path": "/assets/zodiac-icons/48/cancer.webp",
      "status": 200,
      "bytes": 1686,
      "sha256": "5f388b82448e3f88bf59b0016da48efbc48e8edbeba1082560f3e2dd83ae6a61"
    },
    {
      "locale": "pt",
      "width": 390,
      "path": "/assets/zodiac-icons/48/sagittarius.webp",
      "status": 200,
      "bytes": 1588,
      "sha256": "85e9ee2e1978e24567bef73a6362a0088d870d0d4c5abe9c1604abaecb45fe33"
    },
    {
      "locale": "pt",
      "width": 390,
      "path": "/assets/zodiac-icons/48/capricorn.webp",
      "status": 200,
      "bytes": 1590,
      "sha256": "042f7ea66d9064e87fab58eb9e39c9a15e44306fd92974498c283f7a9f712e1f"
    },
    {
      "locale": "pt",
      "width": 390,
      "path": "/assets/zodiac-icons/48/aries.avif",
      "status": 200,
      "bytes": 5102,
      "sha256": "2424642d38ff70104004dfd27a9b6fd096f3e3165d40a4feba5939d88f86d95f"
    },
    {
      "locale": "ru",
      "width": 1280,
      "path": "/ru/moon-phase/",
      "status": 200,
      "bytes": 116926,
      "sha256": "015b6d8c9d3cc0594d2c638d6a31d2323c8899dce8a991ed354e3852d94e75f0"
    },
    {
      "locale": "ru",
      "width": 1280,
      "path": "/fonts/golos-text-cyr-b.woff2",
      "status": 200,
      "bytes": 22028,
      "sha256": "2f175b8fc40ed4e826742879f92ec903256fc2612d8d95c7c287232fd7138e4b"
    },
    {
      "locale": "ru",
      "width": 1280,
      "path": "/fonts/golos-text-cyr-a.woff2",
      "status": 200,
      "bytes": 17532,
      "sha256": "10aa879203c4b62f61841bdeee64a2ca5d97f1cf21e717f45c96914ce7629710"
    },
    {
      "locale": "ru",
      "width": 1280,
      "path": "/_astro/Base.Bryss0yT.css",
      "status": 200,
      "bytes": 46112,
      "sha256": "4877c6226e887495ac2c87605485f8011cbd605ab9c0ab4a5400310591712486"
    },
    {
      "locale": "ru",
      "width": 1280,
      "path": "/_astro/calculator.MBHg3tIV.css",
      "status": 200,
      "bytes": 62573,
      "sha256": "e4606bd37837f898c7b5e0a5e2da987c1de2bcfe97130a72beb2e5c22d154004"
    },
    {
      "locale": "ru",
      "width": 1280,
      "path": "/fonts/eb-garamond-cyrillic-500-normal.woff2",
      "status": 200,
      "bytes": 14428,
      "sha256": "d6cbde36e0e8a5355921c385f434ef60ba81bd2502abeb4f19d87a901b423e22"
    },
    {
      "locale": "ru",
      "width": 1280,
      "path": "/_astro/client.DPkn9Lbl.js",
      "status": 200,
      "bytes": 1447,
      "sha256": "d3be63c8d0105f6032306ace6829ffea98abed0096ddeb191582c25b21406999"
    },
    {
      "locale": "ru",
      "width": 1280,
      "path": "/_astro/MoonPhaseTool.BTXtrlp9.js",
      "status": 200,
      "bytes": 5877,
      "sha256": "737f8ed5c5e9a19c9b3b238c4f99996ddcc98396522df7bdf8b691599bf5dcbe"
    },
    {
      "locale": "ru",
      "width": 1280,
      "path": "/fonts/jetbrains-mono-cyrillic-400-500.woff2",
      "status": 200,
      "bytes": 8892,
      "sha256": "4995a9a43ac659ec32fcd8b463755cd6a07b31a6e6b3894a6a153b661cf490e2"
    },
    {
      "locale": "ru",
      "width": 1280,
      "path": "/assets/zodiac-icons/48/aries.webp",
      "status": 200,
      "bytes": 1666,
      "sha256": "98ad83139bc0fe35d13096245869de4c342e65da7e33c5c767202931fd01feea"
    },
    {
      "locale": "ru",
      "width": 1280,
      "path": "/assets/guide-avatar.webp",
      "status": 200,
      "bytes": 11384,
      "sha256": "9970c7c5d7d20343e20a7f59422f3647c2ff3bf38a0565ac145d5bed0f96bb11"
    },
    {
      "locale": "ru",
      "width": 1280,
      "path": "/_astro/preload-helper.L5lOfJxi.js",
      "status": 200,
      "bytes": 1402,
      "sha256": "8bf772fcf734da4b451168642b9e1e058d1b50662c2a7d3898e381a93821e927"
    },
    {
      "locale": "ru",
      "width": 1280,
      "path": "/_astro/jsxRuntime.module.BG9KJlGc.js",
      "status": 200,
      "bytes": 430,
      "sha256": "7ddcbbccf1cc5b5de237799db0cae97c8f7fdd5d9165217bdb6589e1784c4daa"
    },
    {
      "locale": "ru",
      "width": 1280,
      "path": "/_astro/hooks.module.C0_8FjiD.js",
      "status": 200,
      "bytes": 2875,
      "sha256": "70a0edc427ea0e3966f512ed162307b8a5afb48573954980940e3192514f706d"
    },
    {
      "locale": "ru",
      "width": 1280,
      "path": "/_astro/PlaceSearch.D1WsU_jW.js",
      "status": 200,
      "bytes": 3472,
      "sha256": "9f384108f99e4e65ac31f34e627d405a5fad82aee9ff840d149be58183f380c9"
    },
    {
      "locale": "ru",
      "width": 1280,
      "path": "/_astro/EvidenceDisclosure.LNSfDkU7.js",
      "status": 200,
      "bytes": 548,
      "sha256": "40817121a14b5ea05546b30f4ccbc321ef993fd0fea6cf79f2bd9b144d2ac55a"
    },
    {
      "locale": "ru",
      "width": 1280,
      "path": "/_astro/preact.module.Bjq9tLsx.js",
      "status": 200,
      "bytes": 10499,
      "sha256": "796cb24cfe472a03b823ebf5cfbded9e8a72d0b2ca7e9b664ac86f00a4ae5635"
    },
    {
      "locale": "ru",
      "width": 1280,
      "path": "/_astro/i18n.Cg_lCJuc.js",
      "status": 200,
      "bytes": 6936,
      "sha256": "70a9b92ff3baa35ed2be7696d32de5c76cae626de229e50c6487c25c2e18715d"
    },
    {
      "locale": "ru",
      "width": 1280,
      "path": "/_astro/localToUtc.CrWG2CBc.js",
      "status": 200,
      "bytes": 2236,
      "sha256": "f28d63762eadf519fd875bcb21a8f5a1c5b5c6934a079274d7e8ed12f27d744f"
    },
    {
      "locale": "ru",
      "width": 1280,
      "path": "/_astro/dates.D4PDcYt5.js",
      "status": 200,
      "bytes": 395,
      "sha256": "378304c0c70feb036cd849897964f4a4acb1b8f88ac05cadbefb2ccd6a95cf4a"
    },
    {
      "locale": "ru",
      "width": 1280,
      "path": "/_astro/useEngine.BV92cVg4.js",
      "status": 200,
      "bytes": 504,
      "sha256": "36943543a570571105b171fbec02544260e7b56445610da713ee084c3d787ea4"
    },
    {
      "locale": "ru",
      "width": 1280,
      "path": "/_astro/CalculationReload.DXyGkRsn.js",
      "status": 200,
      "bytes": 763,
      "sha256": "7e2446346104d1763f368f626e5985841253b06c69d963d70b805d9c97b4f0ef"
    },
    {
      "locale": "ru",
      "width": 1280,
      "path": "/_astro/lite.DKWHZC5_.js",
      "status": 200,
      "bytes": 831,
      "sha256": "476fab7cec6bcb6af7fef8a37f86632f70def966fc429b9f9aba7e79e5bc191a"
    },
    {
      "locale": "ru",
      "width": 1280,
      "path": "/assets/app-icons/v3/favicon.svg",
      "status": 200,
      "bytes": 791,
      "sha256": "7905102c09c8c80f73cca1f2b23d3921fd8a18f8666cbe7d1436e7acabca1f9b"
    },
    {
      "locale": "ru",
      "width": 1280,
      "path": "/_astro/signs.BMXPKoMF.js",
      "status": 200,
      "bytes": 11693,
      "sha256": "21b146a22aa299589f659504f61ab2104f8ad9b0e1ed7e157225846e1380b2bc"
    },
    {
      "locale": "ru",
      "width": 1280,
      "path": "/_astro/SignChip.Dx3tQVZl.js",
      "status": 200,
      "bytes": 550,
      "sha256": "646a0460f7a067c5fb3a73900214c973dabf4876a2f86148e236d6c2d424a324"
    },
    {
      "locale": "ru",
      "width": 1280,
      "path": "/_astro/technical-locales.DDKucXXd.js",
      "status": 200,
      "bytes": 46,
      "sha256": "69bc1979f1929b7cb2ce9131fe3d21dd6ea7462b6442d503d883d6aa64d1a5b6"
    },
    {
      "locale": "ru",
      "width": 1280,
      "path": "/_astro/rolldown-runtime.DK3Fl9T5.js",
      "status": 200,
      "bytes": 158,
      "sha256": "a526d1bb3288ef04d001028843220a24b0867a4edf8c685b69506d6525af36ff"
    },
    {
      "locale": "ru",
      "width": 1280,
      "path": "/_astro/civil-date.CpOZUt7Z.js",
      "status": 200,
      "bytes": 533,
      "sha256": "74a94adc5da6547b114096c562cc0f2490d057a3b599d90578ea0972d2044df9"
    },
    {
      "locale": "ru",
      "width": 1280,
      "path": "/_astro/astrology.BHib5efU.js",
      "status": 200,
      "bytes": 3245,
      "sha256": "e94055469669e92e81c0dd91a9abfd798f3117b043722af9d00bed9862ea375d"
    },
    {
      "locale": "ru",
      "width": 1280,
      "path": "/assets/site-footer.css",
      "status": 200,
      "bytes": 10397,
      "sha256": "d6088ed5422a2ec37639adb906b1c6ed81ff93df7f36d3d50de1d23ab94e0700"
    },
    {
      "locale": "ru",
      "width": 1280,
      "path": "/assets/assistant-ui.js",
      "status": 200,
      "bytes": 4088,
      "sha256": "238a125c27cb9d23f5267524a6e2a30f38b357d6d54f4b396b776617b56563eb"
    },
    {
      "locale": "ru",
      "width": 1280,
      "path": "/assets/assistant-ui.css",
      "status": 200,
      "bytes": 1396,
      "sha256": "eaf7e9531749d921c0947df7894e2fd447dcd800da620b3a14ba673af1cb7e0d"
    },
    {
      "locale": "ru",
      "width": 1280,
      "path": "/fonts/instrument-sans-latin-wght-italic.woff2",
      "status": 200,
      "bytes": 31828,
      "sha256": "77210cdde0281b5ecb0d592e063a98656f1bc36993a3b98f506eb91ff4a433a5"
    },
    {
      "locale": "ru",
      "width": 1280,
      "path": "/fonts/instrument-sans-latin-wght-normal.woff2",
      "status": 200,
      "bytes": 30092,
      "sha256": "2ee17598a98d8a59e4df8152d015bec9ab8e4d5672cc0ab42bef806b568e3971"
    },
    {
      "locale": "ru",
      "width": 1280,
      "path": "/fonts/eb-garamond-latin-400-normal.woff2",
      "status": 200,
      "bytes": 21704,
      "sha256": "b63448e2680a0dbde70ebb2f3de78f6c515122835491f938e8a8595b46f29210"
    },
    {
      "locale": "ru",
      "width": 1280,
      "path": "/fonts/eb-garamond-latin-500-normal.woff2",
      "status": 200,
      "bytes": 23012,
      "sha256": "d2bb3f624516d0233ef8a03bd7b2be47489c36809a02e83ac1bc859e85f4874a"
    },
    {
      "locale": "ru",
      "width": 1280,
      "path": "/fonts/eb-garamond-latin-400-italic.woff2",
      "status": 200,
      "bytes": 22172,
      "sha256": "1bd1b20fd55986b334ba42dbcb0d9bed7e2d08fd7a713000e8041bfafa37e8ec"
    },
    {
      "locale": "ru",
      "width": 1280,
      "path": "/fonts/jetbrains-mono-latin-wght-normal.woff2",
      "status": 200,
      "bytes": 40404,
      "sha256": "18be452724bfdc236c074ca94a249a7f41a86752c7d04ab258ce9ed5651f6a7e"
    },
    {
      "locale": "ru",
      "width": 1280,
      "path": "/assets/zodiac-icons/48/scorpio.webp",
      "status": 200,
      "bytes": 1486,
      "sha256": "972c7916a97921865c1f83d1070f7deabce8221ba61ce8df2bce73a62c5b3b0b"
    },
    {
      "locale": "ru",
      "width": 1280,
      "path": "/assets/zodiac-icons/48/sagittarius.webp",
      "status": 200,
      "bytes": 1588,
      "sha256": "85e9ee2e1978e24567bef73a6362a0088d870d0d4c5abe9c1604abaecb45fe33"
    },
    {
      "locale": "ru",
      "width": 1280,
      "path": "/assets/zodiac-icons/48/cancer.webp",
      "status": 200,
      "bytes": 1686,
      "sha256": "5f388b82448e3f88bf59b0016da48efbc48e8edbeba1082560f3e2dd83ae6a61"
    },
    {
      "locale": "ru",
      "width": 1280,
      "path": "/assets/zodiac-icons/48/capricorn.webp",
      "status": 200,
      "bytes": 1590,
      "sha256": "042f7ea66d9064e87fab58eb9e39c9a15e44306fd92974498c283f7a9f712e1f"
    },
    {
      "locale": "ru",
      "width": 1280,
      "path": "/assets/zodiac-icons/48/pisces.webp",
      "status": 200,
      "bytes": 1476,
      "sha256": "0622ec5f5b51784e5d0cdbb0f99d993c9e5d0f4dceea345fe8783f415c0a670e"
    },
    {
      "locale": "ru",
      "width": 1280,
      "path": "/assets/zodiac-icons/48/libra.webp",
      "status": 200,
      "bytes": 1556,
      "sha256": "6b6038053581a23103dc059debf8a1c35588ab13a6308881d016cb295ae59212"
    },
    {
      "locale": "ru",
      "width": 1280,
      "path": "/assets/zodiac-icons/48/gemini.webp",
      "status": 200,
      "bytes": 1424,
      "sha256": "88aefd78320aa8c6abce1bddd38e0e801a469bf4c5f3cb3511d1492fe1ed30fb"
    },
    {
      "locale": "ru",
      "width": 1280,
      "path": "/_astro/chunk-INI453VG.BxjMUPBs.js",
      "status": 200,
      "bytes": 2569,
      "sha256": "efa084e2eae5485eccfaad870772aec3ac07d92c962418d8cc609a54ebbc287b"
    },
    {
      "locale": "ru",
      "width": 1280,
      "path": "/_astro/chunk-H7RJKCBO.BUIGSNBz.js",
      "status": 200,
      "bytes": 1763,
      "sha256": "512e429a3a775bc634547fce725852305dfe9ab982d5f42dd9478d10de9a8523"
    },
    {
      "locale": "ru",
      "width": 1280,
      "path": "/_astro/chart-adapter.K-QfJlbI.js",
      "status": 200,
      "bytes": 50306,
      "sha256": "20f5ee939b52b2c435ab12f4c3fd20e8a3195f1ec57a727d7933b9356fdbeb95"
    },
    {
      "locale": "ru",
      "width": 1280,
      "path": "/assets/zodiac-icons/48/leo.webp",
      "status": 200,
      "bytes": 1638,
      "sha256": "364f3836dbf0a3252a9db785c2d33a9bff7b09e12f97c23c64e068b240f2bed8"
    },
    {
      "locale": "ru",
      "width": 1280,
      "path": "/assets/zodiac-icons/48/taurus.webp",
      "status": 200,
      "bytes": 1566,
      "sha256": "9a1cf0fed1103cb251f70411e0edc318392da137b29bbbaec52ef621643f8174"
    },
    {
      "locale": "ru",
      "width": 1280,
      "path": "/assets/zodiac-icons/48/aquarius.webp",
      "status": 200,
      "bytes": 1534,
      "sha256": "a0016dd04b605028c890eaaffd11fc3d4230a633b4908dfc18d5e10ea239a753"
    },
    {
      "locale": "ru",
      "width": 1280,
      "path": "/assets/zodiac-icons/48/virgo.webp",
      "status": 200,
      "bytes": 1634,
      "sha256": "54741e8c95f3271cc214334e4f7286f67353a4b6d9f7cf7948d9675d7a1ebc9a"
    },
    {
      "locale": "ru",
      "width": 1280,
      "path": "/_astro/full.AQ--_mi-.js",
      "status": 200,
      "bytes": 392,
      "sha256": "b051134ff641cb449c2c786973c7dea029240e9adecae82b909225b5bc123829"
    },
    {
      "locale": "ru",
      "width": 390,
      "path": "/ru/moon-phase/",
      "status": 200,
      "bytes": 116926,
      "sha256": "015b6d8c9d3cc0594d2c638d6a31d2323c8899dce8a991ed354e3852d94e75f0"
    },
    {
      "locale": "ru",
      "width": 390,
      "path": "/_astro/calculator.MBHg3tIV.css",
      "status": 200,
      "bytes": 62573,
      "sha256": "e4606bd37837f898c7b5e0a5e2da987c1de2bcfe97130a72beb2e5c22d154004"
    },
    {
      "locale": "ru",
      "width": 390,
      "path": "/_astro/Base.Bryss0yT.css",
      "status": 200,
      "bytes": 46112,
      "sha256": "4877c6226e887495ac2c87605485f8011cbd605ab9c0ab4a5400310591712486"
    },
    {
      "locale": "ru",
      "width": 390,
      "path": "/fonts/golos-text-cyr-a.woff2",
      "status": 200,
      "bytes": 17532,
      "sha256": "10aa879203c4b62f61841bdeee64a2ca5d97f1cf21e717f45c96914ce7629710"
    },
    {
      "locale": "ru",
      "width": 390,
      "path": "/fonts/eb-garamond-cyrillic-500-normal.woff2",
      "status": 200,
      "bytes": 14428,
      "sha256": "d6cbde36e0e8a5355921c385f434ef60ba81bd2502abeb4f19d87a901b423e22"
    },
    {
      "locale": "ru",
      "width": 390,
      "path": "/fonts/golos-text-cyr-b.woff2",
      "status": 200,
      "bytes": 22028,
      "sha256": "2f175b8fc40ed4e826742879f92ec903256fc2612d8d95c7c287232fd7138e4b"
    },
    {
      "locale": "ru",
      "width": 390,
      "path": "/_astro/MoonPhaseTool.BTXtrlp9.js",
      "status": 200,
      "bytes": 5877,
      "sha256": "737f8ed5c5e9a19c9b3b238c4f99996ddcc98396522df7bdf8b691599bf5dcbe"
    },
    {
      "locale": "ru",
      "width": 390,
      "path": "/_astro/client.DPkn9Lbl.js",
      "status": 200,
      "bytes": 1447,
      "sha256": "d3be63c8d0105f6032306ace6829ffea98abed0096ddeb191582c25b21406999"
    },
    {
      "locale": "ru",
      "width": 390,
      "path": "/assets/guide-avatar.webp",
      "status": 200,
      "bytes": 11384,
      "sha256": "9970c7c5d7d20343e20a7f59422f3647c2ff3bf38a0565ac145d5bed0f96bb11"
    },
    {
      "locale": "ru",
      "width": 390,
      "path": "/fonts/jetbrains-mono-cyrillic-400-500.woff2",
      "status": 200,
      "bytes": 8892,
      "sha256": "4995a9a43ac659ec32fcd8b463755cd6a07b31a6e6b3894a6a153b661cf490e2"
    },
    {
      "locale": "ru",
      "width": 390,
      "path": "/_astro/hooks.module.C0_8FjiD.js",
      "status": 200,
      "bytes": 2875,
      "sha256": "70a0edc427ea0e3966f512ed162307b8a5afb48573954980940e3192514f706d"
    },
    {
      "locale": "ru",
      "width": 390,
      "path": "/_astro/jsxRuntime.module.BG9KJlGc.js",
      "status": 200,
      "bytes": 430,
      "sha256": "7ddcbbccf1cc5b5de237799db0cae97c8f7fdd5d9165217bdb6589e1784c4daa"
    },
    {
      "locale": "ru",
      "width": 390,
      "path": "/_astro/signs.BMXPKoMF.js",
      "status": 200,
      "bytes": 11693,
      "sha256": "21b146a22aa299589f659504f61ab2104f8ad9b0e1ed7e157225846e1380b2bc"
    },
    {
      "locale": "ru",
      "width": 390,
      "path": "/_astro/i18n.Cg_lCJuc.js",
      "status": 200,
      "bytes": 6936,
      "sha256": "70a9b92ff3baa35ed2be7696d32de5c76cae626de229e50c6487c25c2e18715d"
    },
    {
      "locale": "ru",
      "width": 390,
      "path": "/_astro/preload-helper.L5lOfJxi.js",
      "status": 200,
      "bytes": 1402,
      "sha256": "8bf772fcf734da4b451168642b9e1e058d1b50662c2a7d3898e381a93821e927"
    },
    {
      "locale": "ru",
      "width": 390,
      "path": "/_astro/preact.module.Bjq9tLsx.js",
      "status": 200,
      "bytes": 10499,
      "sha256": "796cb24cfe472a03b823ebf5cfbded9e8a72d0b2ca7e9b664ac86f00a4ae5635"
    },
    {
      "locale": "ru",
      "width": 390,
      "path": "/_astro/dates.D4PDcYt5.js",
      "status": 200,
      "bytes": 395,
      "sha256": "378304c0c70feb036cd849897964f4a4acb1b8f88ac05cadbefb2ccd6a95cf4a"
    },
    {
      "locale": "ru",
      "width": 390,
      "path": "/_astro/PlaceSearch.D1WsU_jW.js",
      "status": 200,
      "bytes": 3472,
      "sha256": "9f384108f99e4e65ac31f34e627d405a5fad82aee9ff840d149be58183f380c9"
    },
    {
      "locale": "ru",
      "width": 390,
      "path": "/_astro/useEngine.BV92cVg4.js",
      "status": 200,
      "bytes": 504,
      "sha256": "36943543a570571105b171fbec02544260e7b56445610da713ee084c3d787ea4"
    },
    {
      "locale": "ru",
      "width": 390,
      "path": "/_astro/EvidenceDisclosure.LNSfDkU7.js",
      "status": 200,
      "bytes": 548,
      "sha256": "40817121a14b5ea05546b30f4ccbc321ef993fd0fea6cf79f2bd9b144d2ac55a"
    },
    {
      "locale": "ru",
      "width": 390,
      "path": "/_astro/CalculationReload.DXyGkRsn.js",
      "status": 200,
      "bytes": 763,
      "sha256": "7e2446346104d1763f368f626e5985841253b06c69d963d70b805d9c97b4f0ef"
    },
    {
      "locale": "ru",
      "width": 390,
      "path": "/_astro/localToUtc.CrWG2CBc.js",
      "status": 200,
      "bytes": 2236,
      "sha256": "f28d63762eadf519fd875bcb21a8f5a1c5b5c6934a079274d7e8ed12f27d744f"
    },
    {
      "locale": "ru",
      "width": 390,
      "path": "/_astro/SignChip.Dx3tQVZl.js",
      "status": 200,
      "bytes": 550,
      "sha256": "646a0460f7a067c5fb3a73900214c973dabf4876a2f86148e236d6c2d424a324"
    },
    {
      "locale": "ru",
      "width": 390,
      "path": "/_astro/lite.DKWHZC5_.js",
      "status": 200,
      "bytes": 831,
      "sha256": "476fab7cec6bcb6af7fef8a37f86632f70def966fc429b9f9aba7e79e5bc191a"
    },
    {
      "locale": "ru",
      "width": 390,
      "path": "/assets/app-icons/v3/favicon.svg",
      "status": 200,
      "bytes": 791,
      "sha256": "7905102c09c8c80f73cca1f2b23d3921fd8a18f8666cbe7d1436e7acabca1f9b"
    },
    {
      "locale": "ru",
      "width": 390,
      "path": "/_astro/astrology.BHib5efU.js",
      "status": 200,
      "bytes": 3245,
      "sha256": "e94055469669e92e81c0dd91a9abfd798f3117b043722af9d00bed9862ea375d"
    },
    {
      "locale": "ru",
      "width": 390,
      "path": "/_astro/technical-locales.DDKucXXd.js",
      "status": 200,
      "bytes": 46,
      "sha256": "69bc1979f1929b7cb2ce9131fe3d21dd6ea7462b6442d503d883d6aa64d1a5b6"
    },
    {
      "locale": "ru",
      "width": 390,
      "path": "/_astro/civil-date.CpOZUt7Z.js",
      "status": 200,
      "bytes": 533,
      "sha256": "74a94adc5da6547b114096c562cc0f2490d057a3b599d90578ea0972d2044df9"
    },
    {
      "locale": "ru",
      "width": 390,
      "path": "/_astro/rolldown-runtime.DK3Fl9T5.js",
      "status": 200,
      "bytes": 158,
      "sha256": "a526d1bb3288ef04d001028843220a24b0867a4edf8c685b69506d6525af36ff"
    },
    {
      "locale": "ru",
      "width": 390,
      "path": "/assets/site-footer.css",
      "status": 200,
      "bytes": 10397,
      "sha256": "d6088ed5422a2ec37639adb906b1c6ed81ff93df7f36d3d50de1d23ab94e0700"
    },
    {
      "locale": "ru",
      "width": 390,
      "path": "/assets/assistant-ui.js",
      "status": 200,
      "bytes": 4088,
      "sha256": "238a125c27cb9d23f5267524a6e2a30f38b357d6d54f4b396b776617b56563eb"
    },
    {
      "locale": "ru",
      "width": 390,
      "path": "/assets/assistant-ui.css",
      "status": 200,
      "bytes": 1396,
      "sha256": "eaf7e9531749d921c0947df7894e2fd447dcd800da620b3a14ba673af1cb7e0d"
    },
    {
      "locale": "ru",
      "width": 390,
      "path": "/fonts/instrument-sans-latin-wght-normal.woff2",
      "status": 200,
      "bytes": 30092,
      "sha256": "2ee17598a98d8a59e4df8152d015bec9ab8e4d5672cc0ab42bef806b568e3971"
    },
    {
      "locale": "ru",
      "width": 390,
      "path": "/fonts/instrument-sans-latin-wght-italic.woff2",
      "status": 200,
      "bytes": 31828,
      "sha256": "77210cdde0281b5ecb0d592e063a98656f1bc36993a3b98f506eb91ff4a433a5"
    },
    {
      "locale": "ru",
      "width": 390,
      "path": "/fonts/eb-garamond-latin-400-italic.woff2",
      "status": 200,
      "bytes": 22172,
      "sha256": "1bd1b20fd55986b334ba42dbcb0d9bed7e2d08fd7a713000e8041bfafa37e8ec"
    },
    {
      "locale": "ru",
      "width": 390,
      "path": "/fonts/jetbrains-mono-latin-wght-normal.woff2",
      "status": 200,
      "bytes": 40404,
      "sha256": "18be452724bfdc236c074ca94a249a7f41a86752c7d04ab258ce9ed5651f6a7e"
    },
    {
      "locale": "ru",
      "width": 390,
      "path": "/fonts/eb-garamond-latin-400-normal.woff2",
      "status": 200,
      "bytes": 21704,
      "sha256": "b63448e2680a0dbde70ebb2f3de78f6c515122835491f938e8a8595b46f29210"
    },
    {
      "locale": "ru",
      "width": 390,
      "path": "/fonts/eb-garamond-latin-500-normal.woff2",
      "status": 200,
      "bytes": 23012,
      "sha256": "d2bb3f624516d0233ef8a03bd7b2be47489c36809a02e83ac1bc859e85f4874a"
    },
    {
      "locale": "ru",
      "width": 390,
      "path": "/_astro/chunk-INI453VG.BxjMUPBs.js",
      "status": 200,
      "bytes": 2569,
      "sha256": "efa084e2eae5485eccfaad870772aec3ac07d92c962418d8cc609a54ebbc287b"
    },
    {
      "locale": "ru",
      "width": 390,
      "path": "/_astro/full.AQ--_mi-.js",
      "status": 200,
      "bytes": 392,
      "sha256": "b051134ff641cb449c2c786973c7dea029240e9adecae82b909225b5bc123829"
    },
    {
      "locale": "ru",
      "width": 390,
      "path": "/_astro/chart-adapter.K-QfJlbI.js",
      "status": 200,
      "bytes": 50306,
      "sha256": "20f5ee939b52b2c435ab12f4c3fd20e8a3195f1ec57a727d7933b9356fdbeb95"
    },
    {
      "locale": "ru",
      "width": 390,
      "path": "/_astro/chunk-H7RJKCBO.BUIGSNBz.js",
      "status": 200,
      "bytes": 1763,
      "sha256": "512e429a3a775bc634547fce725852305dfe9ab982d5f42dd9478d10de9a8523"
    },
    {
      "locale": "ru",
      "width": 390,
      "path": "/assets/zodiac-icons/48/leo.webp",
      "status": 200,
      "bytes": 1638,
      "sha256": "364f3836dbf0a3252a9db785c2d33a9bff7b09e12f97c23c64e068b240f2bed8"
    },
    {
      "locale": "ru",
      "width": 390,
      "path": "/assets/zodiac-icons/48/virgo.webp",
      "status": 200,
      "bytes": 1634,
      "sha256": "54741e8c95f3271cc214334e4f7286f67353a4b6d9f7cf7948d9675d7a1ebc9a"
    },
    {
      "locale": "ru",
      "width": 390,
      "path": "/assets/zodiac-icons/48/taurus.webp",
      "status": 200,
      "bytes": 1566,
      "sha256": "9a1cf0fed1103cb251f70411e0edc318392da137b29bbbaec52ef621643f8174"
    },
    {
      "locale": "ru",
      "width": 390,
      "path": "/assets/zodiac-icons/48/cancer.webp",
      "status": 200,
      "bytes": 1686,
      "sha256": "5f388b82448e3f88bf59b0016da48efbc48e8edbeba1082560f3e2dd83ae6a61"
    },
    {
      "locale": "ru",
      "width": 390,
      "path": "/assets/zodiac-icons/48/sagittarius.webp",
      "status": 200,
      "bytes": 1588,
      "sha256": "85e9ee2e1978e24567bef73a6362a0088d870d0d4c5abe9c1604abaecb45fe33"
    },
    {
      "locale": "ru",
      "width": 390,
      "path": "/assets/zodiac-icons/48/aquarius.webp",
      "status": 200,
      "bytes": 1534,
      "sha256": "a0016dd04b605028c890eaaffd11fc3d4230a633b4908dfc18d5e10ea239a753"
    },
    {
      "locale": "ru",
      "width": 390,
      "path": "/assets/zodiac-icons/48/libra.webp",
      "status": 200,
      "bytes": 1556,
      "sha256": "6b6038053581a23103dc059debf8a1c35588ab13a6308881d016cb295ae59212"
    },
    {
      "locale": "ru",
      "width": 390,
      "path": "/assets/zodiac-icons/48/gemini.webp",
      "status": 200,
      "bytes": 1424,
      "sha256": "88aefd78320aa8c6abce1bddd38e0e801a469bf4c5f3cb3511d1492fe1ed30fb"
    },
    {
      "locale": "ru",
      "width": 390,
      "path": "/assets/zodiac-icons/48/pisces.webp",
      "status": 200,
      "bytes": 1476,
      "sha256": "0622ec5f5b51784e5d0cdbb0f99d993c9e5d0f4dceea345fe8783f415c0a670e"
    },
    {
      "locale": "ru",
      "width": 390,
      "path": "/assets/zodiac-icons/48/capricorn.webp",
      "status": 200,
      "bytes": 1590,
      "sha256": "042f7ea66d9064e87fab58eb9e39c9a15e44306fd92974498c283f7a9f712e1f"
    },
    {
      "locale": "ru",
      "width": 390,
      "path": "/assets/zodiac-icons/48/scorpio.webp",
      "status": 200,
      "bytes": 1486,
      "sha256": "972c7916a97921865c1f83d1070f7deabce8221ba61ce8df2bce73a62c5b3b0b"
    },
    {
      "locale": "ru",
      "width": 390,
      "path": "/assets/zodiac-icons/48/aries.webp",
      "status": 200,
      "bytes": 1666,
      "sha256": "98ad83139bc0fe35d13096245869de4c342e65da7e33c5c767202931fd01feea"
    }
  ],
  "checks": [
    {
      "locale": "en",
      "width": 1280,
      "path": "/moon-phase/",
      "resultText": "Moon phase\nFirst Quarter\n51% illuminated\nMoon in\nAries\nHow we compute\nGet the birth chart for this date\n↗",
      "exactLocalResultText": true,
      "screenshotSha256": "da6101b18429e01942b354aba1dd9e4252688261c9cbb2fd402372cc80ec4eea",
      "noSavedProfile": true,
      "editAndRecovery": true,
      "noSavedProfileAfterRecovery": true
    },
    {
      "locale": "en",
      "width": 390,
      "path": "/moon-phase/",
      "resultText": "Moon phase\nFirst Quarter\n51% illuminated\nMoon in\nAries\nHow we compute\nGet the birth chart for this date\n↗",
      "exactLocalResultText": true,
      "screenshotSha256": "a98e756d4f353920288646f669ad69607b0b515d065c40be4bb1e87952a3868a",
      "noSavedProfile": true,
      "editAndRecovery": true,
      "noSavedProfileAfterRecovery": true
    },
    {
      "locale": "es",
      "width": 1280,
      "path": "/es/moon-phase/",
      "resultText": "Fase lunar\nCuarto creciente\n51% iluminada\nLuna en\nAries\nCómo calculamos\nObtener la carta natal de esta fecha\n↗",
      "exactLocalResultText": true,
      "screenshotSha256": "40d321c2de8160af292743c13093b2c45e2e228d6a7b78e8e22cb34d888b1151",
      "noSavedProfile": true,
      "editAndRecovery": true,
      "noSavedProfileAfterRecovery": true
    },
    {
      "locale": "es",
      "width": 390,
      "path": "/es/moon-phase/",
      "resultText": "Fase lunar\nCuarto creciente\n51% iluminada\nLuna en\nAries\nCómo calculamos\nObtener la carta natal de esta fecha\n↗",
      "exactLocalResultText": true,
      "screenshotSha256": "63ade52716df6152a7a183415f02a7c41ebd1e170d4b1ee1165fdc7c35c4618d",
      "noSavedProfile": true,
      "editAndRecovery": true,
      "noSavedProfileAfterRecovery": true
    },
    {
      "locale": "fr",
      "width": 1280,
      "path": "/fr/moon-phase/",
      "resultText": "Phase de la Lune\nPremier quartier\n51% éclairée\nLune en\nBélier\nNos calculs\nCalculer le thème astral de cette date\n↗",
      "exactLocalResultText": true,
      "screenshotSha256": "2aabfb390618c218c5f900ab394f305c3a796abaa09204b26d269931b467b24e",
      "noSavedProfile": true,
      "editAndRecovery": true,
      "noSavedProfileAfterRecovery": true
    },
    {
      "locale": "fr",
      "width": 390,
      "path": "/fr/moon-phase/",
      "resultText": "Phase de la Lune\nPremier quartier\n51% éclairée\nLune en\nBélier\nNos calculs\nCalculer le thème astral de cette date\n↗",
      "exactLocalResultText": true,
      "screenshotSha256": "14a943edc283c288548112818efc55958ded76c5ff0a955141e938dd6c8fce0d",
      "noSavedProfile": true,
      "editAndRecovery": true,
      "noSavedProfileAfterRecovery": true
    },
    {
      "locale": "it",
      "width": 1280,
      "path": "/it/moon-phase/",
      "resultText": "Fase lunare\nPrimo quarto\n51% illuminata\nLuna in\nAriete\nCome calcoliamo\nCalcola il tema natale per questa data\n↗",
      "exactLocalResultText": true,
      "screenshotSha256": "b1b72859cbc08d8a6dca8e552b4436efa44d617244a975114f6cb7821e2c74d1",
      "noSavedProfile": true,
      "editAndRecovery": true,
      "noSavedProfileAfterRecovery": true
    },
    {
      "locale": "it",
      "width": 390,
      "path": "/it/moon-phase/",
      "resultText": "Fase lunare\nPrimo quarto\n51% illuminata\nLuna in\nAriete\nCome calcoliamo\nCalcola il tema natale per questa data\n↗",
      "exactLocalResultText": true,
      "screenshotSha256": "fcc2d961b17484c04c6255ab66009a052cdf2a08fa26c978e167cb88bfc8e4d0",
      "noSavedProfile": true,
      "editAndRecovery": true,
      "noSavedProfileAfterRecovery": true
    },
    {
      "locale": "pt",
      "width": 1280,
      "path": "/pt/moon-phase/",
      "resultText": "Fase da Lua\nQuarto crescente\n51% iluminada\nLua em\nÁries\nComo calculamos\nFazer o mapa astral desta data\n↗",
      "exactLocalResultText": true,
      "screenshotSha256": "8c996ed2a212f3f1cb3818eb994c30a7b50daf61267d8a606d3be7e5da7e8d6a",
      "noSavedProfile": true,
      "editAndRecovery": true,
      "noSavedProfileAfterRecovery": true
    },
    {
      "locale": "pt",
      "width": 390,
      "path": "/pt/moon-phase/",
      "resultText": "Fase da Lua\nQuarto crescente\n51% iluminada\nLua em\nÁries\nComo calculamos\nFazer o mapa astral desta data\n↗",
      "exactLocalResultText": true,
      "screenshotSha256": "6f22c801985499533b96d1cb24c38fba31409a751042afd5c8a7be6148f8124d",
      "noSavedProfile": true,
      "editAndRecovery": true,
      "noSavedProfileAfterRecovery": true
    },
    {
      "locale": "ru",
      "width": 1280,
      "path": "/ru/moon-phase/",
      "resultText": "Фаза Луны\nПервая четверть\n51% освещено\nЛуна в: Овне\nКак мы считаем\nПостроить натальную карту на эту дату\n↗",
      "exactLocalResultText": true,
      "screenshotSha256": "d3fa9b7d050db0b1c707eb5f81157537544308c9f186412f2be6c97ffcfa4eb5",
      "noSavedProfile": true,
      "editAndRecovery": true,
      "noSavedProfileAfterRecovery": true
    },
    {
      "locale": "ru",
      "width": 390,
      "path": "/ru/moon-phase/",
      "resultText": "Фаза Луны\nПервая четверть\n51% освещено\nЛуна в: Овне\nКак мы считаем\nПостроить натальную карту на эту дату\n↗",
      "exactLocalResultText": true,
      "screenshotSha256": "79aada0b8cd9f6d78e40ad78ed902f042a96a143ffc4002c04679540866589b2",
      "noSavedProfile": true,
      "editAndRecovery": true,
      "noSavedProfileAfterRecovery": true
    }
  ],
  "pageErrors": [],
  "externalRequests": [
    {
      "locale": "en",
      "width": 1280,
      "url": "https://plausible.io/js/pa-HwF2IBb5Sw8eboNPSOgHv.js"
    },
    {
      "locale": "en",
      "width": 390,
      "url": "https://plausible.io/js/pa-HwF2IBb5Sw8eboNPSOgHv.js"
    },
    {
      "locale": "es",
      "width": 1280,
      "url": "https://plausible.io/js/pa-HwF2IBb5Sw8eboNPSOgHv.js"
    },
    {
      "locale": "es",
      "width": 390,
      "url": "https://plausible.io/js/pa-HwF2IBb5Sw8eboNPSOgHv.js"
    },
    {
      "locale": "fr",
      "width": 1280,
      "url": "https://plausible.io/js/pa-HwF2IBb5Sw8eboNPSOgHv.js"
    },
    {
      "locale": "fr",
      "width": 390,
      "url": "https://plausible.io/js/pa-HwF2IBb5Sw8eboNPSOgHv.js"
    },
    {
      "locale": "it",
      "width": 1280,
      "url": "https://plausible.io/js/pa-HwF2IBb5Sw8eboNPSOgHv.js"
    },
    {
      "locale": "it",
      "width": 390,
      "url": "https://plausible.io/js/pa-HwF2IBb5Sw8eboNPSOgHv.js"
    },
    {
      "locale": "pt",
      "width": 1280,
      "url": "https://plausible.io/js/pa-HwF2IBb5Sw8eboNPSOgHv.js"
    },
    {
      "locale": "pt",
      "width": 390,
      "url": "https://plausible.io/js/pa-HwF2IBb5Sw8eboNPSOgHv.js"
    },
    {
      "locale": "ru",
      "width": 1280,
      "url": "https://plausible.io/js/pa-HwF2IBb5Sw8eboNPSOgHv.js"
    },
    {
      "locale": "ru",
      "width": 390,
      "url": "https://plausible.io/js/pa-HwF2IBb5Sw8eboNPSOgHv.js"
    }
  ],
  "outcome": "passed",
  "browser": "152.0.7977.83",
  "cleanup": "Owned browser contexts closed; no local server started"
}
