# sha256	bytes	path — scratch artifacts cited by this record and not committed
68913a90082c5afae53efa258815b9a76fc01604ac1c7ae1f36c38028cdc12b1	1670	<audit>/alpha-reduction-math/centre/sat-offsets.json
0fe3b919908c7072612a6d4249f807c9906324e3c01ee2b3371a031499736c74	12465	<audit>/alpha-reduction-math/centre/swiss-centre.json
399d5373387a3ce0d5c9eac9a124810134c488d4f6316d44b2b8910d8f14901d	4742	<audit>/alpha-reduction-math/enclosures/boundary.mjs
d3c17de0ba492f91e7475c1869c023bf6e7eb7529ce35d9c180f6135ff172614	4214	<audit>/alpha-reduction-math/enclosures/clenshaw-bound2.mjs
80d7621026536ae87f893abc4c290de17128eaa62406ea84da3d54ebf4b3ef38	4270	<audit>/alpha-reduction-math/enclosures/interval-fuzz.mjs
95580a52a10c93347a6a3a2bab7dd4ea3ccd481ae3597c8f184d8bfd0387bdec	729023	<audit>/alpha-reduction-math/erfa-chain/erfa-chain-results.json
e1d31f59079796eaa73d42099ca9874299b72cf6b3102ac265894a6ac78741e6	131059	<audit>/alpha-reduction-math/erfa-chain/spk2-dump.json
9c3b089dbaacfd1b4dee9d99d91d0bc73ea6b388c2c03e3e9221d0b035f83e7f	230	<audit>/alpha-reduction-math/horizons/q-5-2460000.query
36e1d0d8c26b4ed97d286a117a88f667b0efaa160d1afcfa83c81fd2f18d7be9	5364	<audit>/alpha-reduction-math/horizons/q-5-2460000.txt
a78c833ec035fbf2ab875fba32010d9a07f7c2068d5781211b012002337e25cd	232	<audit>/alpha-reduction-math/horizons/q-599-2460000.query
4aaadbdfedbadd14efd77e9884e892e3dfaa512f84b59b46a5f9b49a1dce6098	5428	<audit>/alpha-reduction-math/horizons/q-599-2460000.txt
282084cc710c2ac0ec490510b69d8d775caf88118263c34bee28679ac2b60d71	230	<audit>/alpha-reduction-math/horizons/q-9-2460000.query
a6fc716bd7b51f582f303068cb80bd16295d7c042b2549b507cfdf585207b482	5364	<audit>/alpha-reduction-math/horizons/q-9-2460000.txt
a6db7b4a4bc2755677dbf5de8a01aa8c44ba06b1ae1b187acdd1540c125c0f50	232	<audit>/alpha-reduction-math/horizons/q-999-2460000.query
5a26eb28d1c00c6684586a26a8599879a9773a93b80502f06cf5647dc2f6f255	5428	<audit>/alpha-reduction-math/horizons/q-999-2460000.txt
17d4a8fbeaecfaab9a979003dd59106ac6b6803019a28061c9a1d47495e22ca9	232	<audit>/alpha-reduction-math/horizons/q1-mars-2451545.query
9fd1abe0751ffe0826186e2c08e688965e9cfccf99c6e17c601079aeb011835b	5413	<audit>/alpha-reduction-math/horizons/q1-mars-2451545.txt
2b8edf0f4af433b1be9f7b6da17a836a506b8f17818afd98d80754920cf16be6	567677	<audit>/alpha-reduction-math/swiss/swiss-vs-alpha.json
dfabf3d3a1533234063fcbdf2aa8c35119d5688b66c699064ec121ace9addb66	2406	<audit>/alpha-reduction-math/swiss/swiss-vs-alpha.py
fb0d21d48f5a2c8ea5922368dda97904086ce67a68cfb49a49de52268a270725	7165	<audit>/alpha-search-partition/fixtures/results-edges-retarded.json
31380e0fcb3fda1d87898ab63ad67bbfac5496cede960f4c0eaaa823fe723241	49279	<audit>/alpha-search-partition/fixtures/results.json
97c22e62f010c49225903ef0f27ffeca2c039e35db23f5ceca5a26a1d3792202	4408	<audit>/alpha-search-partition/fixtures/run-edges-retarded.mjs
ca0d93cf018967993ea2d6d9d059fe4f16914586f74bf8780f1a25fbe41fecbc	7311	<audit>/alpha-search-partition/fixtures/run.mjs
063f4996eeb6249f9e9424c37a4cee53ed7062fcdf991afb9dbe381131256181	1737664	<audit>/alpha-search-partition/pack/D.v2.zeph
258cd56278d915a7830c15202b695deeb088cc7fda19d97768bfe0923c6ca75e	1737632	<audit>/alpha-search-partition/pack/D.zeph
4abc7ef39778da9ae533cd45c7d4658c3cabd542c0dd00d81ebfbd3f442ed636	656	<audit>/alpha-search-partition/partition/accept-partial.json
c41517b19adc334bb01eec60b0b0b8b24d98eb2226f3046a36a18eeb8214842c	3401	<audit>/alpha-search-partition/partition/accept-partial.mjs
bf74d7f17d815a9e9ca162518123a962dc88bfaa751a3d6feab032e0acbdf249	14946	<audit>/alpha-search-partition/partition/enclosure-width.json
35bbae445e52640f72eff0bb9b7eacdc5794fa34b9df667f06650e01f3616226	7252	<audit>/alpha-search-partition/partition/enclosure-width.mjs
0b61bc528c31b5a9ddd16cbeaa600112bbbf65a35b91c206f5937eba6155ba89	1507	<audit>/alpha-search-partition/partition/moon-relative-state.json
3d4d72e3339cf6688670c667a81633ed9bb0f77eb81b4936a9bd642b3ac159ce	3239	<audit>/alpha-search-partition/partition/moon-relative-state.mjs
a4f5302bac42abf234ee9c970b261c55ae1499a58f786c0d97417a468310c4c4	2346	<audit>/alpha-search-partition/partition/phase-share.json
ea370b5cf7ffb1809a2cb679c4b848f57593698704c976af951991b40b4cefda	4326	<audit>/alpha-search-partition/partition/phase-share.mjs
a474c924ea4872e92a52535fee03d9a3d3d5ed164023b2f32fae4a7e6a93ac6f	2588	<audit>/alpha-search-partition/tierb/real-pack-and-deflection-families.log
4c45c1f13b76cbb0672879302b6132642208a0330ac257f211eb83f7687e7ab5	4145	<audit>/angles-houses-aspects/aspects-applying.json
d97ddd4463a2456137027d21dde88baa973fa0c1f116552c4e75ccf0b5b292f7	39252	<audit>/angles-houses-aspects/engine-vs-swiss.json
f6c856fd5c3b7a6e8d5a1e95f6d47dbaa47a9ecdea8db33020cfeb064427a25c	1039797	<audit>/angles-houses-aspects/gridB-rows.json
b090bdb57124797f29edfc8e398244b228b7a28ec86e3eece301d29ac59117aa	397717	<audit>/angles-houses-aspects/gridC-rows.json
d53422790a907d48dc73ecf2a29719f171b4d63ccd69c939e461924fd36d8a9c	1571	<audit>/angles-houses-aspects/stations-engine.json
1e51824b59c61f24066a2ee52b72192f2de0eea75a16e8d0f72d005bbad5355c	8883069	<audit>/angles-houses-aspects/swiss.json
93e995373faf8be4a82353dbb885fe29fb2f05542d916e229cf1df3b034b2983	2046	<audit>/data-toolchain-packaging/D-header.txt
063f4996eeb6249f9e9424c37a4cee53ed7062fcdf991afb9dbe381131256181	1737664	<audit>/data-toolchain-packaging/D.v2.zeph
258cd56278d915a7830c15202b695deeb088cc7fda19d97768bfe0923c6ca75e	1737632	<audit>/data-toolchain-packaging/D.zeph
ad5077c6f41d053d706581ab01cdc8c82795ca307b70ab9afcb464d3f18f3561	70	<audit>/data-toolchain-packaging/alpha-bundle-size.txt
ae9a2868b5090b9e81953b7cd8316b3002e7cd6897320c2aa69ee71fc27be3ae	6	<audit>/data-toolchain-packaging/alpha-copy/.gitignore
12f3da7c4b3cf1812470f6d8393e34c0458692312f8b975d85629c5b47bf35c1	10754	<audit>/data-toolchain-packaging/alpha-copy/ABERRATED-PREREGISTRATION.md
a1cebed95a710c86217fd72df3a9901af0ccc585877c9ba6835deef3633deda9	24328	<audit>/data-toolchain-packaging/alpha-copy/ABERRATED-RESULTS.md
75e1938aedeb283942b184b74d0a862d91dc5b4925c0845df29293480262f119	5115	<audit>/data-toolchain-packaging/alpha-copy/ACCEPTANCE-PREVIEW.md
be13114ec7e1f47a6d1d2bd724a49d2b55f788d437a3d0899391639057a5f4f0	13664	<audit>/data-toolchain-packaging/alpha-copy/ACCEPTANCE.md
6240ae4c0d55b3ec0cbd97355d08f7df8ad527834670264a5047c72448bf4715	26269	<audit>/data-toolchain-packaging/alpha-copy/CHART-ADAPTER-CONTRACT.md
26ced5c6143e00946cc9ba62508513145f958ee02e3655189dd4f3d4b7f306ab	13094	<audit>/data-toolchain-packaging/alpha-copy/DEFLECTION-EVALUATION.md
06a1e177ec312045c290e8d3367d5524c25c6ecc6133c01534a2edc82f590799	42455	<audit>/data-toolchain-packaging/alpha-copy/DEFLECTION-PROFILE.md
fcd780bf641c18ded8e02fe5667e351f9ee0cf9ce0846c4bd9731455e57a878a	12116	<audit>/data-toolchain-packaging/alpha-copy/DEFLECTION-RESULTS.md
cc5e936c2d30e058967463727e3db8031839f018c3805977f745fe012b37a57f	7356	<audit>/data-toolchain-packaging/alpha-copy/EVALUATION-PLAN.md
132bb6ffed0c8781f5da5580e5fd791a91706daec9c9e7cc1b1dd3149547f17f	16362	<audit>/data-toolchain-packaging/alpha-copy/EVALUATION-RESULTS.md
b1858f9a263f22c438a455a32945da51a31a0ae25a21055da13bb7ed57cc3b51	2651	<audit>/data-toolchain-packaging/alpha-copy/LICENSE-erfa
10c0b6e6fa8aa1d7f406f5ff309dae7ce61a01c913fc29cc8080dd209ef9e144	6304	<audit>/data-toolchain-packaging/alpha-copy/MIGRATION.md
2b4084cf4c22c386cd08834adf62958696e1db297526ddbeebd4bf9e14a18cda	3129	<audit>/data-toolchain-packaging/alpha-copy/NOTICE.md
ae2e93da14fc5c2adafdb7a343641f3760c7b31a4d5452289465a94808395791	16195	<audit>/data-toolchain-packaging/alpha-copy/OF-DATE-PREREGISTRATION.md
5909149eb4d3fa3270025d924a294f1b185c553fb57648094d6100427e9ff2d2	28331	<audit>/data-toolchain-packaging/alpha-copy/OF-DATE-RESULTS.md
27c505ce26dfb23946e54a3647d3d3d095db9916a6f0c451a4128e3a94f785c8	11927	<audit>/data-toolchain-packaging/alpha-copy/PARTITION-EVALUATION.md
34a6567854aa4facce5854b5b6e904b39698f793414ba45d8d578673e230936f	17806	<audit>/data-toolchain-packaging/alpha-copy/PARTITION-RESULTS.md
13beabad69e136614c9c003b04eddd498903d67db8ead2bde8a9ac94750376aa	18737	<audit>/data-toolchain-packaging/alpha-copy/README.md
55f84153cba55a94d5919be2017bbe9783ced8f07ee2e4e62f773874d253fc46	19191	<audit>/data-toolchain-packaging/alpha-copy/REPORT.md
65faec3ff5c957665a4f103c7f565e7cd197a73f31ef0ba5b9f1986a90ccc523	10227	<audit>/data-toolchain-packaging/alpha-copy/RETARDED-PREREGISTRATION.md
c3018e73e16559e9923810271add140222de9e5ec9a43f01707572828fa3f9c4	38824	<audit>/data-toolchain-packaging/alpha-copy/RETARDED-RESULTS.md
a75c2d12b9e27f4e8d89a898d90b4dd7643dff8819c4faba8592c1ceb13b63e0	1998	<audit>/data-toolchain-packaging/alpha-copy/examples/00-prepare-a-pack.md
d561855a979c698af690789d50f460a10dd496791c9d0671418bfe0230746190	1205	<audit>/data-toolchain-packaging/alpha-copy/examples/01-open-and-calculate.mjs
189799c90bb60beb0cebda8e4973c6ea294838a624738deb15a6e07ff9ce9099	2262	<audit>/data-toolchain-packaging/alpha-copy/examples/02-search-both-modes.mjs
4c3f381b1efc5483b03e0418cd31dcec75a01f97edd92184d0e1c599911fb678	2088	<audit>/data-toolchain-packaging/alpha-copy/examples/03-cancel-and-recover.mjs
5a02d64be84451fdbbdc6110bbd9ba8d265bb899878364c80967cee0d2911e31	3273	<audit>/data-toolchain-packaging/alpha-copy/examples/04-experimental-aberrated.mjs
cfa75334cd20d57c47e856824331ffe658362912e52dc6060ff1eb0fcd8a06ef	6009	<audit>/data-toolchain-packaging/alpha-copy/examples/05-experimental-deflected.mjs
cbf13db4f5cd194384eb37d2d8563e997bdbeed988613ce99eedecba86356a3c	7120	<audit>/data-toolchain-packaging/alpha-copy/examples/06-plan-once-many-longitudes.mjs
71911ba520c5272865679f06a70dcf0510d342abde45ceab328c6843e10a97e1	7560	<audit>/data-toolchain-packaging/alpha-copy/examples/synthetic-pack.mjs
cdfd2b6159d5db4421671ccd0bf17328cf49b8efd3ef070fffe1975f2f12c842	1686	<audit>/data-toolchain-packaging/alpha-copy/package.json
41e66e9c0d19766a47fda3a417c89ff891b690cdcab6e1a3f1930df93e3618f0	3889	<audit>/data-toolchain-packaging/alpha-copy/research/INGRESS-ALIASING.md
1fb0df996544b8764e39590717aba73dab6f38150a8c6f59a2efe12452654821	3182	<audit>/data-toolchain-packaging/alpha-copy/research/ingress-density.mjs
1aea51a20f8da67377b121ee71d39a2ab76c60eb42a2c120bbb2d25c4390e51b	2984	<audit>/data-toolchain-packaging/alpha-copy/research/station-margin.mjs
bb888fd77a77a03f2f968fffb209a9fecd376ac21d6ba9f3539f8e8fa082b816	3089	<audit>/data-toolchain-packaging/alpha-copy/src/browser.mjs
ad2007872f82b81927efe0fca440a31abe2c849513d81396e28f2bc682a512bf	10564	<audit>/data-toolchain-packaging/alpha-copy/src/core/aberration.mjs
a9da4c8d3aab253594765051e8532ec0ed64d83bfda7b3a9470a1b72f8a105c1	4474	<audit>/data-toolchain-packaging/alpha-copy/src/core/cheb.mjs
8e8f6230ed9b50f7b7f00b7e742173d21b5e9f27d8410c7874d0d4dc60eaf095	15600	<audit>/data-toolchain-packaging/alpha-copy/src/core/container.mjs
aa9eaf40fb75a5075f648621e4141b4eab85bd38bb21c72fb536d449e86fed3d	34259	<audit>/data-toolchain-packaging/alpha-copy/src/core/deflection.mjs
1ba0ecdd1ccc39006c20beaa99107e5a8f5108c5961f927dbe56aac2ff60f110	40930	<audit>/data-toolchain-packaging/alpha-copy/src/core/domain-partition.mjs
f8c19e4dfec348211a49a1ba678ff5d9d4d841295a89f3c5a256400aceba2d0d	10865	<audit>/data-toolchain-packaging/alpha-copy/src/core/ephemeris.mjs
b4ab95b7dec0fa5e8dd018f302374d3f402c34fcca5f616f61fc6d88826c9d57	1876	<audit>/data-toolchain-packaging/alpha-copy/src/core/errors.mjs
113bead5a8e558bcc348bda2a02e96cbccef893d12af9c8359ac0380fe23be37	19682	<audit>/data-toolchain-packaging/alpha-copy/src/core/frame-of-date.mjs
16257de59d5b89db29d34415d50e3d19553f33953fa861fdc05e70f3a023ac38	6464	<audit>/data-toolchain-packaging/alpha-copy/src/core/frames.mjs
823b8fbb377afd2812420727ecbb9c1f0e6dc07b77379239b23e67a7ec9df437	4307	<audit>/data-toolchain-packaging/alpha-copy/src/core/instrument.mjs
09ae9ea96bae80635c7ed439365b7cad6e4a715fd233465cd083a5797284de3e	30054	<audit>/data-toolchain-packaging/alpha-copy/src/core/interval-search.mjs
6fe8ee0e2ba6b89f0863362bc14693da530f72965718bc8da9c7540693e85048	5720	<audit>/data-toolchain-packaging/alpha-copy/src/core/interval.mjs
2331f7b3cb66a980d5e1fab92da57bf351bb542a41bd8a805d09fdaf019b2855	3222	<audit>/data-toolchain-packaging/alpha-copy/src/core/nutation-series-2000b.mjs
9d94180bf053ca8bc7505f9c2828a02af3b318047b8d9611d94c43602ad12137	6472	<audit>/data-toolchain-packaging/alpha-copy/src/core/nutation.mjs
cd6a66a8eb44cf174fd5361dc2f7ea0a286fae0d3eb397425183171ccb9ca8a9	31446	<audit>/data-toolchain-packaging/alpha-copy/src/core/partitioned-search.mjs
77840fdb23b358603324002cd8bd22d59ccba29cc08a34ac45c01d2ddc1fa561	13860	<audit>/data-toolchain-packaging/alpha-copy/src/core/reduce.mjs
09f92016c679b1af47159223a383688560b45f0f885d790474703b9a0358e638	9873	<audit>/data-toolchain-packaging/alpha-copy/src/core/result.mjs
2e6f0fc8fc4cbded075aa1fbf99c84c10945c67d5f2f8f92887168c8e6d2cfee	88098	<audit>/data-toolchain-packaging/alpha-copy/src/core/retarded-search.mjs
48f42c5b8992265587a1d1a8b5fd40dd2fa9d746ccd90d03b08fd07b4664001f	11184	<audit>/data-toolchain-packaging/alpha-copy/src/core/retarded.mjs
3993ecdab9ec4bc0da29cc9b443b71c3389c518a3b9520ee47ee6e7517815f67	42036	<audit>/data-toolchain-packaging/alpha-copy/src/core/search.mjs
f008e440d774a3f5356e4f8faa91f27eca941977ad1a991a07c8deb3a98f0e81	3364	<audit>/data-toolchain-packaging/alpha-copy/src/core/source.mjs
2682fa238cf2f8b318b7aab62ff5d4816c4fdf9619bbb86016364c666d3448a1	8988	<audit>/data-toolchain-packaging/alpha-copy/src/core/trig.mjs
1e61931e34cf07ed11829996dfc3b2823743c6ab04cb1e4f48145bd4796210cd	28115	<audit>/data-toolchain-packaging/alpha-copy/src/core/validated-search.mjs
59504a0f053642da58db9b99f32910f6fd5c7430baed732dfbba54264cc4a502	15759	<audit>/data-toolchain-packaging/alpha-copy/src/experimental.mjs
182c8a693d7fada518a3b278ac755d104089e9eba43b0dbfad2fe88b51d282e9	6001	<audit>/data-toolchain-packaging/alpha-copy/src/index.mjs
b2f562d8ac998a53592d8f198757fff811bcffcafe4e0a9ce71a93266b8386cf	5439	<audit>/data-toolchain-packaging/alpha-copy/src/node.mjs
0f0db95764907d5a3c9d4cc989577a1885fc7d109a430ad622b5577a4de3497c	5801	<audit>/data-toolchain-packaging/alpha-copy/test/tier-a/_analytic-cases.mjs
9ccdfd62c9d0d66421de4331e616b9885fd96cd24f5f3ec7f7056a9014e3d6a9	198064	<audit>/data-toolchain-packaging/alpha-copy/test/tier-a/_erfa-ld-vectors.json
2bfdc00d7a8329697981fae6c4a18e0464552f63997c22440cb54ab9ad19e2e4	11758	<audit>/data-toolchain-packaging/alpha-copy/test/tier-a/_geometry.mjs
81c995af4d9dae4acb0d472f47062013146f06829b8f3ec59b9b621df9369c31	8800	<audit>/data-toolchain-packaging/alpha-copy/test/tier-a/_pack.mjs
a5504fdf43b8f861168cb1d0a3b38f860a8f507bb5e603ef5e2e37b39ef6d5e9	39640	<audit>/data-toolchain-packaging/alpha-copy/test/tier-a/aberrated-search.nodetest.mjs
877a3c323c5af78402f83a2720daf5a89cf1de139e0692eb9f19b11671ef45cf	7015	<audit>/data-toolchain-packaging/alpha-copy/test/tier-a/aberration.nodetest.mjs
e7561a3c1c04909aca584cdc6f14ba5482c138719aaad1fb9c6dca274b55002f	12034	<audit>/data-toolchain-packaging/alpha-copy/test/tier-a/angle-counterexamples.nodetest.mjs
29f946d6c8d079d5f409aa1801f47d497d95d4301ec9a1139bc1eddf18dcdb3c	19100	<audit>/data-toolchain-packaging/alpha-copy/test/tier-a/container.nodetest.mjs
ae7764285bbb93f38f5007c9c51c84493927e726b3f566863bace80bb944ad35	2917	<audit>/data-toolchain-packaging/alpha-copy/test/tier-a/core-purity.nodetest.mjs
6008433a6104a89b26dfd2d2e7d720ebce74b993896377b9f412e98068dfb05b	53510	<audit>/data-toolchain-packaging/alpha-copy/test/tier-a/deflected-search.nodetest.mjs
deb1aa1ca307d1a0958436d34238c6fabd2499f95b55d4264a886c152753c776	58975	<audit>/data-toolchain-packaging/alpha-copy/test/tier-a/deflection.nodetest.mjs
2fb673b04817b1cac91418f4660b861442e53f9f4201a968a25b4b07f34a56a4	71219	<audit>/data-toolchain-packaging/alpha-copy/test/tier-a/domain-partition.nodetest.mjs
e4d9130f5806b9b2cade7013735eeef404ae83a2a95f3e6c1c078486152df6fd	8608	<audit>/data-toolchain-packaging/alpha-copy/test/tier-a/ephemeris.nodetest.mjs
39d9bea60f52b66c7b345521a9d8bf995526589207c3c6dadc9ad3e419f4c6b8	12205	<audit>/data-toolchain-packaging/alpha-copy/test/tier-a/experimental-entry.nodetest.mjs
88514be8c6bf15f7cc067de5d7b853f92d59fcc5dc9b87e06218a9de1bb4be3e	27589	<audit>/data-toolchain-packaging/alpha-copy/test/tier-a/frame-of-date.nodetest.mjs
f9c96bf9491dfbbc88723defd61c6d466e3203a45cc55ac3ec4451dc9c9da15d	3824	<audit>/data-toolchain-packaging/alpha-copy/test/tier-a/interval-search.nodetest.mjs
535b117d23ac76c153fde6cf001d8a53bd1b184ed6c605bacf23fb3ae74d6d48	6127	<audit>/data-toolchain-packaging/alpha-copy/test/tier-a/loaders.nodetest.mjs
fc201687c81304b246d9dacaa87d61de4283fc3fe2e6316bdb72f517f2c79d2a	36145	<audit>/data-toolchain-packaging/alpha-copy/test/tier-a/of-date-frames.nodetest.mjs
b8d654669abcd14e4cf9722ca2fee9ddf0f743ecc9cd8105be6e6d4002511ce4	35456	<audit>/data-toolchain-packaging/alpha-copy/test/tier-a/partition-enclosure-intervals.nodetest.mjs
3bcec0715554fdc9d8e16ef2ec12392e229b8259ba3a6a81e982f6b65777a05e	34766	<audit>/data-toolchain-packaging/alpha-copy/test/tier-a/partition-enclosure-lighttime.nodetest.mjs
4e75b1abb46194ecdea6388d5c4713df10e271158c4086f6a56e94c308788db3	21300	<audit>/data-toolchain-packaging/alpha-copy/test/tier-a/partitioned-search.nodetest.mjs
66c83d2ef25d429df180f1b055fd3f8040f4fc4c6860df38752cca957268414b	22406	<audit>/data-toolchain-packaging/alpha-copy/test/tier-a/reduce-search.nodetest.mjs
829a772f8711f0a5bd0187eddb2f1e89d032ace71323e4650a1199a0fc1831bb	34401	<audit>/data-toolchain-packaging/alpha-copy/test/tier-a/retarded-search.nodetest.mjs
d378e1c44df5b14cac5c9d7fbdf21f0c41267dc24dc2d41fd047859e6c316d7c	8654	<audit>/data-toolchain-packaging/alpha-copy/test/tier-a/trig.nodetest.mjs
964f8d91e4535d870e341540a01d4d13b70e3492bcb1150022a92a6032667e3a	25950	<audit>/data-toolchain-packaging/alpha-copy/test/tier-a/validated-search.nodetest.mjs
26a157220f02f4f2da487328ab126c7fa9b1c0c31cb3912d1b4ca3962779be69	4753	<audit>/data-toolchain-packaging/alpha-copy/test/tier-a/vendored-compiler.nodetest.mjs
b8b6e78277a18306eca11b188bca3efca3dad8d3770b18cef0245e829aba747e	937	<audit>/data-toolchain-packaging/alpha-copy/test/tier-b/README.md
9379872d0bd2d6bdd4e3e1633001280775c09b8bcd4598ae7cc151d4e5c7116b	4350	<audit>/data-toolchain-packaging/alpha-copy/test/tier-b/_aberrated-reference.mjs
01f4d5bac1eb7e52598741217e3068bbd7fef75af860f6b0155e8fd22d649cf6	9386	<audit>/data-toolchain-packaging/alpha-copy/test/tier-b/_deflected-reference.mjs
5a1c32e73ac6819b1d545679c30af18a287bb24878d86b4d55e5ca3f1f35e712	5774	<audit>/data-toolchain-packaging/alpha-copy/test/tier-b/_of-date-reference.mjs
d7e6121c2089d527d327a0f1691e4b60d9aea7bc13ea89abd8b0ead6c9b35630	3446	<audit>/data-toolchain-packaging/alpha-copy/test/tier-b/_retarded-reference.mjs
78b987dafbfc113d9a4fc14ee27d77e071a1764df7763ba046f20f2aa06fcbd4	8724	<audit>/data-toolchain-packaging/alpha-copy/test/tier-b/aberrated-holdout.nodetest.mjs
e54df53154dfae08ffc82568e47b5965f9cc00dff1dd0d0f535d3d97081bb49e	7442	<audit>/data-toolchain-packaging/alpha-copy/test/tier-b/deflection-families.nodetest.mjs
5aaa2d85b0010ca111b13fad57f1fd750807c3632a2778aed1b1ec16e4fc8f87	9590	<audit>/data-toolchain-packaging/alpha-copy/test/tier-b/of-date-holdout.nodetest.mjs
ba9cde2068bdc307b1b77a1310d1aa22cc258137f57ff02934c65d841727bf54	2363	<audit>/data-toolchain-packaging/alpha-copy/test/tier-b/pack-versus-kernel.nodetest.mjs
0b7456fe542b4f85eae00528d7987c0c2ff246fe5edde5183660b229b85055a6	9416	<audit>/data-toolchain-packaging/alpha-copy/test/tier-b/real-pack.nodetest.mjs
5591b4784ab12466356e25eb220251f7348e98eca892dfd10c63deb62e15baab	7514	<audit>/data-toolchain-packaging/alpha-copy/test/tier-b/retarded-holdout.nodetest.mjs
11f8fc15857e07b542028a2fbb778e7ec25873cfd551bd63782e722f8537ca97	2196	<audit>/data-toolchain-packaging/alpha-copy/tools/compiler/SOURCE.md
e3d1793ad9db89df925d7e14493420bdb4cda0f3d29645c9c13577e2f47fbb65	1804	<audit>/data-toolchain-packaging/alpha-copy/tools/compiler/cheb.mjs
a5cb5f13ab6b3cb593e12d1590794f72dd12893d8500162d96a365fb4b1bc472	28852	<audit>/data-toolchain-packaging/alpha-copy/tools/compiler/compile.mjs
7f509db1f0d69448c26894936c066c6f9a10fbc3f78d68a209f123ab799782db	2650	<audit>/data-toolchain-packaging/alpha-copy/tools/compiler/format.mjs
258cd56278d915a7830c15202b695deeb088cc7fda19d97768bfe0923c6ca75e	1737632	<audit>/data-toolchain-packaging/alpha-copy/tools/compiler/packs/D.zeph
bd433a11cb062e46cf00ca7c1fa63383c28deba0f15956597d47a159c8c99d14	4620	<audit>/data-toolchain-packaging/alpha-copy/tools/compiler/raw/choice.json
3d7f7aca14153e9ac15cbda239ef12ed695fbef5c19877d8e71f8b9d19bc987d	16936	<audit>/data-toolchain-packaging/alpha-copy/tools/compiler/runtime.mjs
4fbf3098d970b3ddfb5f8d0acf92b6d3fe4e2979cb9073fe00673261dab18d68	2363	<audit>/data-toolchain-packaging/alpha-copy/tools/compiler/sources.mjs
eda035a677c9f3898c4039c3156202ce6f812b394d1c89fd5d401b448c307c68	4746	<audit>/data-toolchain-packaging/alpha-copy/tools/compiler/spkref.mjs
4d487dff8c9c08a4e1be6decb9934f81fb73e718f35ded6e66ad07b9ff4e4910	20753	<audit>/data-toolchain-packaging/alpha-copy/tools/consumer/clean-consumer.mjs
a27c219d1183bb2a86a54497e852ddf22d99be829f4da4b977a37dbee48be96d	11102	<audit>/data-toolchain-packaging/alpha-copy/tools/measure/aberrated-holdout.mjs
a942465cd909e1f5abbf79028277d06e49bcdb1f3200ba3660d82324e3a52fdf	1926	<audit>/data-toolchain-packaging/alpha-copy/tools/measure/aberration-cases.mjs
cd0d9585c5a8cef27f5fe9ce8235e75bd785ec86ce1d3e0334bc50fdefa95c09	5022	<audit>/data-toolchain-packaging/alpha-copy/tools/measure/aberration-vs-erfa.mjs
df74485940b222637e25e1edad9688c3595d52072dee9f9df1d207ac3192cadd	10252	<audit>/data-toolchain-packaging/alpha-copy/tools/measure/cost-baseline.mjs
d7195815e52dd873e994b87278bfb67e0f3a1f716ef96d0b7d5f35f4c5577af1	8538	<audit>/data-toolchain-packaging/alpha-copy/tools/measure/deflection-audit.mjs
6144906a6b41c82dff1cf19362b30acf1c4e4d8c8ca535376a50eac6e5d379f0	19774	<audit>/data-toolchain-packaging/alpha-copy/tools/measure/deflection-holdout.mjs
91ba159f3f78309e0432cd77296dfdea6e5f5e650dd81a5c6fe96f709d09acba	9541	<audit>/data-toolchain-packaging/alpha-copy/tools/measure/domain-agreement.mjs
ff4bac5fc8a2ccb5d1f63404c96734fd125069382c7f7a29add598721a122527	5209	<audit>/data-toolchain-packaging/alpha-copy/tools/measure/erfa-ab.c.pinned
ee3294acff52a99793fdbea5e4606609deb71b9891e377820c0c15f5cb5f4c54	876	<audit>/data-toolchain-packaging/alpha-copy/tools/measure/erfa-ab.py
22cfe74b2fdecc884ab6d7cce05bcc88411f531979485f2976a8412e205d7744	18	<audit>/data-toolchain-packaging/alpha-copy/tools/measure/erfa-deflection/.gitignore
ea9f60ff1163fc6fa9316ba3fb8fce6445de6cb9a22f742332e069b0b9c38c24	1942	<audit>/data-toolchain-packaging/alpha-copy/tools/measure/erfa-deflection/PROVENANCE.md
ff4bac5fc8a2ccb5d1f63404c96734fd125069382c7f7a29add598721a122527	5209	<audit>/data-toolchain-packaging/alpha-copy/tools/measure/erfa-deflection/ab.c
db010b12be5d12269d27b6d2e0553b6fd1e4458a4519b7f96503df48d09ce316	16096	<audit>/data-toolchain-packaging/alpha-copy/tools/measure/erfa-deflection/driver
cc00954b7873febe59a4e68c6393e0143093f3b14ba3ee5f27a484942ebf3696	1049	<audit>/data-toolchain-packaging/alpha-copy/tools/measure/erfa-deflection/driver.c
affa41a6028f8f2ec23978c6b707771ab654438c2bdb9fcd4a1c4b1a42dad06a	6265	<audit>/data-toolchain-packaging/alpha-copy/tools/measure/erfa-deflection/ld.c
8176b0927e5c88254cd37d07b7f492046269ceec1fcf249747cb235294abaabf	557	<audit>/data-toolchain-packaging/alpha-copy/tools/measure/erfa-deflection/ld_body.h
42c5ffb96f12c8364a25880795a389546ab1126ec272a00a73246c30b174083e	4554	<audit>/data-toolchain-packaging/alpha-copy/tools/measure/erfa-deflection/ldsun.c
fa38e3eb521091142a8384bbde8b824bc4d7d93e8e83e92b6b3e4e3398bdedcb	8245	<audit>/data-toolchain-packaging/alpha-copy/tools/measure/erfa-deflection/make-vectors.mjs
2f76176c49d91c1e80af54cdfdb382a05651e065271dde043f24a23a0af1d1ea	11418	<audit>/data-toolchain-packaging/alpha-copy/tools/measure/erfa-deflection/measure-claims.mjs
654befadd83052522b00933e84b8b770888965d7f5a9e7022090bcd573a66ac9	27839	<audit>/data-toolchain-packaging/alpha-copy/tools/measure/evaluate-search.mjs
a82f1a95907cbb0230009d7c913017b0cfc67276644e680da486f3445d514ebd	19282	<audit>/data-toolchain-packaging/alpha-copy/tools/measure/four-configurations.mjs
084b536e359a3ff5c122b25267fd4a67128f50bcd64b736edd09d50501b86acd	19104	<audit>/data-toolchain-packaging/alpha-copy/tools/measure/of-date-holdout.mjs
1b41c4bb50eb496c1141a45caf75bf4f3fa214833df7455848c229f978fbb6b2	28650	<audit>/data-toolchain-packaging/alpha-copy/tools/measure/partition-evaluation.mjs
7f0a6a48738248c0e1d17e4fdf64913bccfc397df210e338208d367aa41c440c	8219	<audit>/data-toolchain-packaging/alpha-copy/tools/measure/replay-of-date-pass-rule.mjs
5606119d4570c848b0040a4befdfe30c6c7df23a6cc26440f21eacbbb159a36f	3644	<audit>/data-toolchain-packaging/alpha-copy/tools/measure/swiss.py
82de29547a814ff50af8f3f7272e7c4ce7f3670f4f950969b822ee89db8b11c4	10572	<audit>/data-toolchain-packaging/alpha-copy/tools/measure/write-results.mjs
72f354a8775f9716377a8835096e34a69d9b6dccf710aee6a1f162e7ced55a81	2346	<audit>/data-toolchain-packaging/alpha-copy/tools/seal.mjs
6a4610a7870d8bb24f54d299c2c9148e5e0c7041768c82ad2c4f50ee10ff2bd1	2088	<audit>/data-toolchain-packaging/alpha-copy/tools/spk-backend.mjs
8e0d8a68da9ac774df31b992db1f18bca8d9a1c7a40df4c09d5c410e1ca837b1	628	<audit>/data-toolchain-packaging/alpha-copy/types/browser.d.ts
43d846dc079262094c9aad5ea068901791f266ac23e7fe57a2c16dbb0e3a6141	20215	<audit>/data-toolchain-packaging/alpha-copy/types/experimental.d.ts
ca2cf1d6d198a871d888ac9c4f84bda5ec6b6a1ea92920d52365ad8518544430	13628	<audit>/data-toolchain-packaging/alpha-copy/types/index.d.ts
5e24fc954a69ba2509b92fbb5e498d979f1de6ebddbc24e0d9b121d1416c8f35	815	<audit>/data-toolchain-packaging/alpha-copy/types/node.d.ts
ec4099f02bf3565dc15ba10ff9ce804ae10278674c690583f6cb1ce63a6e477a	286	<audit>/data-toolchain-packaging/compile-D.log
7cdb199a5c5d44f7742cf93925b6e76dd9518e5612f4cae32846f4ebc67d17ff	25	<audit>/data-toolchain-packaging/compile-D.time
94215b3178fbd8cf57551e98515a33f02a1269e2462d4cc0654cb05d28042e30	536	<audit>/data-toolchain-packaging/coverage-probe.log
1067e7ecdb5383c3c6b2d0d9545c61e781f4f8e01a884c27f5082ca85345b813	1114	<audit>/data-toolchain-packaging/example01.log
f1bebdea1d1dabad3bb40a9b52a955b4216427a908e9bd985ffaa9ddae10f4fb	1011	<audit>/data-toolchain-packaging/flip.log
d2e3ee4228e8bd38885d8e750cf321ae910cf5ef481e7b1993cf393e1941f146	3422	<audit>/data-toolchain-packaging/flip.mjs
85db82bce16fe68d698c1cc75d38a3e40e7c261b42091f3375f9452a0d8dbb11	979	<audit>/data-toolchain-packaging/header-attribution.txt
9bfd71affe59a61e0173095db33929f0546fbfe21db99821b39002898e8bd0cd	1847	<audit>/data-toolchain-packaging/measurements.json
a3085fc9a6acd8d743401ef3c64459127fcd117ccbdf6708f5ce13b736f3c6ed	9759	<audit>/data-toolchain-packaging/npm-pack-dryrun.json
c837882064ca0022ea5d1f00a6cc355f182b0107535777dba3128410d099cd45	341	<audit>/data-toolchain-packaging/npm-pack-packs-hazard.txt
c8d3eae160a892e32837db3dcae515e843e5383fef52b8141940c8bcf8b6d59f	21	<audit>/data-toolchain-packaging/npm-zodiacs-engine.json
09c3e63432f8ba2e9df05af137c42f65ab039740a207a89418d9e6470ea3db3e	36591	<audit>/data-toolchain-packaging/rc6-from-github.tgz
f80ceff8931e899921698cfe54345546f10ebb8e83b03ba1b332683967dd197f	2588	<audit>/data-toolchain-packaging/sdk-build.log
f32c7c35209c51c65d966bfdab9fee40debe6e73d98de2e348b4091d4cf3ceea	1116	<audit>/data-toolchain-packaging/sdk-install.log
73f31fc8e785b1160612bb95f42ea0e825429dbccef24ee7cc315926ac73574e	980	<audit>/data-toolchain-packaging/sdk-rebuild/.github/workflows/app-ci.yml
edf569c5500c1087ae0b983a2e8b162487c363b05e2e3546cc537a48b0fd08d6	1142	<audit>/data-toolchain-packaging/sdk-rebuild/.github/workflows/ci.yml
fc177e6bb30f4f32ad3552d7d3fc086bf752b896fd296886a852582dfebdb277	304	<audit>/data-toolchain-packaging/sdk-rebuild/.gitignore
70925dfeacfc61eabd93a6f09041d00e9d419e6b443c179cb3dd03d455c76b86	123	<audit>/data-toolchain-packaging/sdk-rebuild/.prettierignore
c0eabd54ab89f46ff0c42d3874a7582865dfe10f9742e470a36c381d458aeeac	5546	<audit>/data-toolchain-packaging/sdk-rebuild/AGENTS.md
98e5b788500cbf6cf03c89f94c7e0beee2d3b7bdd50e9a5990d0a87a7fb27764	1477	<audit>/data-toolchain-packaging/sdk-rebuild/CHANGELOG.md
63e4d31b6199a00435fe6a5ebd1991d76dad339810bb079c4884ab500344bff3	501	<audit>/data-toolchain-packaging/sdk-rebuild/CONTRIBUTING.md
9a8ab25f278db9d59a00ee82d1a82d63ee4891a9c417c53b4e2b9942aaab10df	1068	<audit>/data-toolchain-packaging/sdk-rebuild/LICENSE
8ce45ed4548dd598eee3c6876001ba0df395340d52a5173aa5516af3466ba028	15196	<audit>/data-toolchain-packaging/sdk-rebuild/README.md
8fc8e9f7dcbf1c92f7b2c42f8d9aca20c5fdfa6e477ad973e26cc7dbf4285da2	478	<audit>/data-toolchain-packaging/sdk-rebuild/SECURITY.md
cb657d8c0bd78ba6a1a7e9f154e5c7256f92e996f7a3cf13950473d55135b927	1504	<audit>/data-toolchain-packaging/sdk-rebuild/apps/zodia/.env.example
4854bf4549e7e1461b84900b992aa678e9b6da6834debfedf43c1716e8df891d	2059	<audit>/data-toolchain-packaging/sdk-rebuild/apps/zodia/AGENTS.md
1a915fecebcb5577f168d4a8ae8c4dea6dea80b889b50666c788d867e237a289	4367	<audit>/data-toolchain-packaging/sdk-rebuild/apps/zodia/README.md
39b92989f325269a68e01c8dd199d1035955cab933243b74eda0dd36185f5cf3	1954	<audit>/data-toolchain-packaging/sdk-rebuild/apps/zodia/app/(tabs)/board/page.tsx
40d92b0c5eb327d363d106b8628c063241c0839318be68814acfbc2d1d7336a5	420	<audit>/data-toolchain-packaging/sdk-rebuild/apps/zodia/app/(tabs)/chat/page.tsx
f06a29ab9c1df009b109d420cb957d6850df22936847534172ab6d4fee74f0b9	578	<audit>/data-toolchain-packaging/sdk-rebuild/apps/zodia/app/(tabs)/exchange/[sign]/page.tsx
165a809801e32f4a283515a00376c62fb1dead70352b67775e7d7dc86def6556	1283	<audit>/data-toolchain-packaging/sdk-rebuild/apps/zodia/app/(tabs)/exchange/page.tsx
0deef45bb4cda3a0ea539de25bcc8abd0155e179b7f77a258b70c45c95585944	566	<audit>/data-toolchain-packaging/sdk-rebuild/apps/zodia/app/(tabs)/layout.tsx
9a086220d3a357418536df0de22c7baea59c5b7e77a70a2ce66146d741a149ec	508	<audit>/data-toolchain-packaging/sdk-rebuild/apps/zodia/app/(tabs)/profile/page.tsx
c015f87179fa467b018b4a37ee95337d7b704d38802e45aafde5fff21360c4a0	3076	<audit>/data-toolchain-packaging/sdk-rebuild/apps/zodia/app/(tabs)/sky/page.tsx
eed975d3ea371d6c1dedb18b9c94cac3f521ccff5a4da8b554af68529073bac6	881	<audit>/data-toolchain-packaging/sdk-rebuild/apps/zodia/app/.well-known/farcaster.json/route.ts
3ed152aecfb6b0150b930405b1138ebd97fca68e0b30e72bd3f8af355c70be26	1048	<audit>/data-toolchain-packaging/sdk-rebuild/apps/zodia/app/api/auth/nonce/route.ts
67e37fdc44226f3e0af49a4a3c040e65d79d5a4229caec794dd1275a78a658e7	2052	<audit>/data-toolchain-packaging/sdk-rebuild/apps/zodia/app/api/auth/session/route.ts
4e0b3220795ea410bb5fb7430a939529cc88b7ab111df0693a592aae37b82bd7	1622	<audit>/data-toolchain-packaging/sdk-rebuild/apps/zodia/app/api/cron/horoscope/route.ts
588813e5123c23bb34c7db7da8aa85395a3856c4487bf898518706967d5f682b	2487	<audit>/data-toolchain-packaging/sdk-rebuild/apps/zodia/app/api/cron/notify/route.ts
e60082fe8f4c7aa379b51194c605bffa610e8ef59d928c5d17ded79f3deef0a8	273	<audit>/data-toolchain-packaging/sdk-rebuild/apps/zodia/app/api/cup/route.ts
60edb88067879160b1386b3b4bafc65fc43132b89bf5e01997520fcd40218d47	1196	<audit>/data-toolchain-packaging/sdk-rebuild/apps/zodia/app/api/horoscope/route.ts
853123afa58daa06fe4836f37d88d72319e3bfc6728847be72b6ff4091ff4485	754	<audit>/data-toolchain-packaging/sdk-rebuild/apps/zodia/app/api/leaderboard/route.ts
16170cd3bb00f334ea91a6f57b75352fdcd67bed2a3818337881e5dbfc7676db	483	<audit>/data-toolchain-packaging/sdk-rebuild/apps/zodia/app/api/market/route.ts
2afe783e9d9d69b34e39a1deb2c438ec1e5e08f41413f45e2ea322be050f9e28	1284	<audit>/data-toolchain-packaging/sdk-rebuild/apps/zodia/app/api/me/route.ts
03cfb785d4651e24f810b60115de9f3bcbdf77f9a76202d8f16dd139d73f2cdb	2050	<audit>/data-toolchain-packaging/sdk-rebuild/apps/zodia/app/api/ops/status/route.ts
be2cf9892ff3d9dacccde6c5b259d183b6d429e26fe657d4c743dcf00430657d	737	<audit>/data-toolchain-packaging/sdk-rebuild/apps/zodia/app/api/social/astrotalk/route.ts
0384c1f4947c8c1dd1f588bd743416de949edf51e1ef6655fcdb70978035ad21	962	<audit>/data-toolchain-packaging/sdk-rebuild/apps/zodia/app/api/social/feed/route.ts
14bb51a6c4e6dafdea78fcee46909a5f216f3e330573b5fb7c802315cd9dd440	3441	<audit>/data-toolchain-packaging/sdk-rebuild/apps/zodia/app/api/trades/route.ts
9bb1d57935085227891bac22a41a8cda7e2a768c45955c1dd1309575201acba1	1778	<audit>/data-toolchain-packaging/sdk-rebuild/apps/zodia/app/api/webhook/route.ts
6e688d38dac3ca38b379427178d16e8cb2f4fce2557cd861e943955eb3136fa9	24176	<audit>/data-toolchain-packaging/sdk-rebuild/apps/zodia/app/globals.css
8a72fca2a6ae770edf18f96a406996a6aab5924c40984bbbb872b5c978b134d2	1353	<audit>/data-toolchain-packaging/sdk-rebuild/apps/zodia/app/layout.tsx
21c4208ed046b69cdd27d5062217f60f3e4e04b257e5af1206a9ed6793204aac	100	<audit>/data-toolchain-packaging/sdk-rebuild/apps/zodia/app/page.tsx
b325744f4517d238a3631c34575ef8d985118eab7d41f5497ab2bd84a2d02889	682	<audit>/data-toolchain-packaging/sdk-rebuild/apps/zodia/app/providers.tsx
480a5287d432831c98c9d6684d72de5f573f99f59f0e2f203e9decc22c9fcfad	2681	<audit>/data-toolchain-packaging/sdk-rebuild/apps/zodia/app/share/cup/opengraph-image.tsx
ae2a78bc70db1b8fb76d5d45cb79b0e032b94ae54b81ad4c0092c1768791f260	2096	<audit>/data-toolchain-packaging/sdk-rebuild/apps/zodia/app/share/cup/page.tsx
84aeee9bef4917af16616d15a2382becd657ce6d2b5a27fe68f45204431f9c9d	3174	<audit>/data-toolchain-packaging/sdk-rebuild/apps/zodia/app/share/horoscope/[sign]/opengraph-image.tsx
7991d226e9a2d030e2331a380c8c669de05bdbab764dc3e3981f217154f57309	2511	<audit>/data-toolchain-packaging/sdk-rebuild/apps/zodia/app/share/horoscope/[sign]/page.tsx
ab50f83f1c43f7b5891777a0486f544128094a6fc192cd30b9109c16e7b19344	1705	<audit>/data-toolchain-packaging/sdk-rebuild/apps/zodia/app/share/rank/[fid]/page.tsx
e01b294fe492339d15bda52ae30bf6aed05e60d8746b4cab73804e249e328b60	2274	<audit>/data-toolchain-packaging/sdk-rebuild/apps/zodia/app/share/trade/[txHash]/page.tsx
f576b3b3bc1cc2c18004831251b80088b7eae9cfbb9a8a6eceec537aeb2a32aa	846	<audit>/data-toolchain-packaging/sdk-rebuild/apps/zodia/components/AppHeader.tsx
e1c47b35f4ed339625475282f0a4123226ed6ff738e21710d7ad0eaa7bbf571a	389	<audit>/data-toolchain-packaging/sdk-rebuild/apps/zodia/components/EmptyState.tsx
8b534df2907d2e4b8e7fe617ddea6f32268d473c66fb71d662608a04331609f4	3241	<audit>/data-toolchain-packaging/sdk-rebuild/apps/zodia/components/SeasonCup.tsx
4a4cdfed35690516daa359d4a5e9563e62b9dd657872182c9f9625f55e5b646d	579	<audit>/data-toolchain-packaging/sdk-rebuild/apps/zodia/components/Segmented.tsx
3b440338351d5b9cd0cb6bc5c28657950485fda7082815cabcd8733e2b0a64a1	1139	<audit>/data-toolchain-packaging/sdk-rebuild/apps/zodia/components/ShareButton.tsx
ea1e233e06a64aa0ee50a0ea63f9ca37ac03c262143af61d4503e4b2b0235787	1547	<audit>/data-toolchain-packaging/sdk-rebuild/apps/zodia/components/SignIcon.tsx
c69b82a2ff145183a3d4780aa49c5412e183522fc200750303b88fd3bd4f5862	2034	<audit>/data-toolchain-packaging/sdk-rebuild/apps/zodia/components/TabBar.tsx
d337e6f8fc8a26ffcf73f9eec6d9c4bfd1ed37401094e5ad80128e6ce09458e8	2964	<audit>/data-toolchain-packaging/sdk-rebuild/apps/zodia/components/board/LeaderboardTable.tsx
b7c326a8685eed2e9f9cd391e3fa531b211092954b28bafc8dbe6a2688996b80	3504	<audit>/data-toolchain-packaging/sdk-rebuild/apps/zodia/components/chat/AstroTalk.tsx
feb62b87fb39556048bb9c1341e54eb626105ae9cfbc3a35364475bcecaedc58	8791	<audit>/data-toolchain-packaging/sdk-rebuild/apps/zodia/components/exchange/SwapSheet.tsx
6cb588c867b0cb2db72d4e3cee22774edaf357ecf7e6164bfa6157d1839bb728	7109	<audit>/data-toolchain-packaging/sdk-rebuild/apps/zodia/components/exchange/TokenDetail.tsx
a51d90b6ebbc5057c99fa603cbb1ca74b24bd69fa2b41043f07428819698d61e	1503	<audit>/data-toolchain-packaging/sdk-rebuild/apps/zodia/components/exchange/TokenRow.tsx
e571d806a9c7d2495ddea6c39158bfefa747432e79e9dc50c6c60b6ab0624ddd	11174	<audit>/data-toolchain-packaging/sdk-rebuild/apps/zodia/components/profile/CosmicProfile.tsx
4885a290069795f4b4e9487a40725e6533dd800c7e5472797e7313586db9603f	3521	<audit>/data-toolchain-packaging/sdk-rebuild/apps/zodia/components/profile/ProfilePanel.tsx
dbb943d2a6633e1809bb8f4de2d47cb9e4b8fdf46fbb0c9c80d8ed236c8dbd67	455	<audit>/data-toolchain-packaging/sdk-rebuild/apps/zodia/components/signTheme.ts
3a499d1d8689424ac571ac0457fb50ac06062dbccb9186b3c7eee5aa5c08a283	2469	<audit>/data-toolchain-packaging/sdk-rebuild/apps/zodia/components/sky/EventsCalendar.tsx
825345a33d1209cd0fef69c0c35c3c4155cae23ed89b9448a66a86f19803799c	1267	<audit>/data-toolchain-packaging/sdk-rebuild/apps/zodia/components/sky/HoroscopeCard.tsx
7d8f287aec3b6386cbc6c6ab0b45a4614f21fbbd470641cd3302d6eaec14ad1c	2337	<audit>/data-toolchain-packaging/sdk-rebuild/apps/zodia/components/social/SocialCastRow.tsx
4d4bd4d8aeb6c2b1cac1c8cedff0f8b7f652f077040df6053767b28cfde62e10	931	<audit>/data-toolchain-packaging/sdk-rebuild/apps/zodia/config/wagmi.ts
aac2d1b058f1a7ebcab5a1a668696e20c93fd8b4cee12a2dfe071a4441ffcd39	2943	<audit>/data-toolchain-packaging/sdk-rebuild/apps/zodia/lib/astro/events.test.ts
7f45f5042e0ff6b982e21095a3e3e7228fca1452e71eb97460c30d11f3a67c81	7002	<audit>/data-toolchain-packaging/sdk-rebuild/apps/zodia/lib/astro/events.ts
75135d5f12ea718946a74efe43d432a346e5db49d800c2fb1e2291b30e933f7d	2794	<audit>/data-toolchain-packaging/sdk-rebuild/apps/zodia/lib/astroProfile.test.ts
b05319d0bbb21c5f5e487fc3ae09d47d45102159ba8a3fdc72988385a7cb9f6c	11532	<audit>/data-toolchain-packaging/sdk-rebuild/apps/zodia/lib/astroProfile.ts
8affdb68a656a181116b89ecd0431eae20582057416e53ec0ee67a4b01c5afa0	2251	<audit>/data-toolchain-packaging/sdk-rebuild/apps/zodia/lib/auth.test.ts
def9b43becfb7a1327616e62c8d8447da73794e47f14586493da7ec5db24d215	6437	<audit>/data-toolchain-packaging/sdk-rebuild/apps/zodia/lib/auth.ts
2f5ba60b0348f76cd7f0ee3170d390425cb71f78d91900156fad80761bdab483	3259	<audit>/data-toolchain-packaging/sdk-rebuild/apps/zodia/lib/clientApi.ts
dc1fe500bf089cc7458698ebf206d9a3fba533b4d76ca7a8a93bb4444352c389	2074	<audit>/data-toolchain-packaging/sdk-rebuild/apps/zodia/lib/cup.test.ts
595f35ec3d435345ad6c21a4daeb4cc7d4c86b51bc12aa91249aa6e50cb74453	4661	<audit>/data-toolchain-packaging/sdk-rebuild/apps/zodia/lib/cup.ts
9c9ec4f8a462ff958517298c8e8f29e3d68865246a8e10c7f80c40528f3acabf	1367	<audit>/data-toolchain-packaging/sdk-rebuild/apps/zodia/lib/horoscope/fallback.test.ts
b8961c41745b7c6003a4a7d926e457c113d96144a9742f0a334a684a215da962	3211	<audit>/data-toolchain-packaging/sdk-rebuild/apps/zodia/lib/horoscope/fallback.ts
44efd099d314c4d9c3d35716f818201103430bb35ca850b24bac9070cbe41e74	1918	<audit>/data-toolchain-packaging/sdk-rebuild/apps/zodia/lib/horoscope/generate.ts
0623d71332ac0c409704ecc45a1f39c2d579b165c014c80fb99e2f90d3712d74	1647	<audit>/data-toolchain-packaging/sdk-rebuild/apps/zodia/lib/horoscope/schema.ts
339ddcae4b49592d2491fe531f32235fb6e84ec9374f9ed90400aa1fe515d82e	2098	<audit>/data-toolchain-packaging/sdk-rebuild/apps/zodia/lib/market.ts
bf7036f8d62b7060e8170220d1b43d526b91cd0681dd480e57a26d68f09f238a	2945	<audit>/data-toolchain-packaging/sdk-rebuild/apps/zodia/lib/notifications.ts
e644c8906213eab7414e7723abcaf4e91ef2e9f0fe59ca7ef1fd78e0c83c9503	511	<audit>/data-toolchain-packaging/sdk-rebuild/apps/zodia/lib/rateLimit.ts
eb74432d228fb864cade24d926f252ee2fe433bcbbe4edfb92b570107c179257	2567	<audit>/data-toolchain-packaging/sdk-rebuild/apps/zodia/lib/redis.ts
8365b2308ec2d4b7b73a6c10201afe6609d955ac25e13a6b380e391a6b321127	13893	<audit>/data-toolchain-packaging/sdk-rebuild/apps/zodia/lib/social.test.ts
9b02182593be5b04a4a4efb38d7f0cfcc8c05c9c614586e68219ec6209e3115d	9728	<audit>/data-toolchain-packaging/sdk-rebuild/apps/zodia/lib/social.ts
e616ed95e49558518df985bc020ea94be95f5826a0bc62bda796348c25cd5a62	10058	<audit>/data-toolchain-packaging/sdk-rebuild/apps/zodia/lib/trades/leaderboard.ts
497b81091fa78973ddff2771466e94ac97800410d25b973050c79d811d3cfbf0	3379	<audit>/data-toolchain-packaging/sdk-rebuild/apps/zodia/lib/trades/pnl.test.ts
92d7a7f6a638382cd52862cc3dc383941ecef77b69240a488a5447b8786ff816	3530	<audit>/data-toolchain-packaging/sdk-rebuild/apps/zodia/lib/trades/pnl.ts
89e83729d131934d1a031c1337b8ddcdc5c764e15b31ae446437c7e4620636b8	2921	<audit>/data-toolchain-packaging/sdk-rebuild/apps/zodia/lib/trades/verify.test.ts
83369c4f3399678601e97b7cc3fef575fa17c6dce39537558992cdc4b8d03fb3	5309	<audit>/data-toolchain-packaging/sdk-rebuild/apps/zodia/lib/trades/verify.ts
e126c1e210359ab6e0f260b427e2ee654ba7d0cdec4b92a2f2cb294962fe23b3	409	<audit>/data-toolchain-packaging/sdk-rebuild/apps/zodia/lib/viem.ts
1c3494d9fce32842da5896a0208a6ef89dc5294bf398d00fa8e0385d42cc4c8f	1406	<audit>/data-toolchain-packaging/sdk-rebuild/apps/zodia/lib/zodiac.ts
0fb0a124680e8718cc250b7b1c51ae8027f5ac9978e530f25c6f36c1a79a2103	1163	<audit>/data-toolchain-packaging/sdk-rebuild/apps/zodia/minikit.config.ts
85ae5aee75f011967cf2d25cbc342f62d69314e9d925f7f4aa3456fc2cffcca6	262	<audit>/data-toolchain-packaging/sdk-rebuild/apps/zodia/next-env.d.ts
10499bf3cc00ef97622fcd1a94b1ade5f9a9dfd5c2a1b6b1b614de76d36e5a09	289	<audit>/data-toolchain-packaging/sdk-rebuild/apps/zodia/next.config.mjs
e38c803e30141f63a141a43e31ed5a20392f37253d2b3e6bf4115deb45cf509f	1038	<audit>/data-toolchain-packaging/sdk-rebuild/apps/zodia/package.json
38be23627d9c86b37917d83b908af8ec41eff63d1ba07a45a1f82fddea98519e	307046	<audit>/data-toolchain-packaging/sdk-rebuild/apps/zodia/public/hero.png
f73ae9c1b01994e98ce10b6a053ab5c922f70d29be960c9128f04f98ddba1314	408930	<audit>/data-toolchain-packaging/sdk-rebuild/apps/zodia/public/icon.png
251f82b8ed350be40ce62d7ea731f467516ee88d48d1adb2c4e3d6f3d776f35d	20078	<audit>/data-toolchain-packaging/sdk-rebuild/apps/zodia/public/splash.png
4f4d60fc0bc6111af4f1e0fb37555b1968702b2cfdc8757a847ac193c00a3646	745	<audit>/data-toolchain-packaging/sdk-rebuild/apps/zodia/tsconfig.json
9c21569c71d19a599dc30e80363abc8c232aaf8c98ce65a3b10e3f66a2cb5f97	1046	<audit>/data-toolchain-packaging/sdk-rebuild/apps/zodia/tsconfig.typecheck.json
144a454f7f4de50d9f285a14678bc0caf55d74136f12c443afe790dd5e34c4cf	148	<audit>/data-toolchain-packaging/sdk-rebuild/apps/zodia/vercel.json
3ca61ed8ffd8fc480cb6e39e2d708614140442c466f961ad0c04773776c63961	504	<audit>/data-toolchain-packaging/sdk-rebuild/apps/zodia/vitest.config.ts
72531077c51bcd2007460ae4b49eabf668e5a18d8b71f39da418c988c3815103	966	<audit>/data-toolchain-packaging/sdk-rebuild/artifacts/README.md
b5c0c63bddc8c1ccfc717551bdd57b1bfe7c439568851780575c8586456e0826	21946	<audit>/data-toolchain-packaging/sdk-rebuild/artifacts/zodiacs-engine-0.1.1-rc.2.tgz
09eac431cd747fa33010872e0d21235d40805f622ecd4b4810617d01e163b8fc	676	<audit>/data-toolchain-packaging/sdk-rebuild/artifacts/zodiacs-engine-0.1.1-rc.3.json
aeab68793129517abe7498c5f5a17197d387eed7cbdaa9614f3b8cd939b11a17	32079	<audit>/data-toolchain-packaging/sdk-rebuild/artifacts/zodiacs-engine-0.1.1-rc.3.tgz
86161d649c36a4398b46c848be7775eb4af5679220bf158646390f36768ffcd8	676	<audit>/data-toolchain-packaging/sdk-rebuild/artifacts/zodiacs-engine-0.1.1-rc.4.json
0146fdff7abb6b937cf4d66b4cdaf0c80ecf238ea71f1f4f9fb27eae687a0d20	33669	<audit>/data-toolchain-packaging/sdk-rebuild/artifacts/zodiacs-engine-0.1.1-rc.4.tgz
7cf759c9d32dbb191ddb3dda46dafbd45b339d5f242108ce5b65e8c7fc99fd36	676	<audit>/data-toolchain-packaging/sdk-rebuild/artifacts/zodiacs-engine-0.1.1-rc.5.json
1809c1686843a6be148eb185535e32059a20c35896e29ccfc7583a6b2738da65	36065	<audit>/data-toolchain-packaging/sdk-rebuild/artifacts/zodiacs-engine-0.1.1-rc.5.tgz
7b79d10cd53dce1def3a32851c33171980592047e573dfe609e134dd2a0800a1	5978	<audit>/data-toolchain-packaging/sdk-rebuild/docs/RELEASE_AUDIT_CHECKPOINT.md
6ff04ca734af1064203145a09bd66dbab83fee8851a8da1aa00d1cd4126219dc	2802	<audit>/data-toolchain-packaging/sdk-rebuild/docs/api-reference.md
71531b46f3de4baaa8df42a44f3525e7b7fd4e695b76cfd52a1201a96bd7b47a	1912	<audit>/data-toolchain-packaging/sdk-rebuild/docs/assets.md
539e2d0800c1c9a3ed759d9ed7a220546af5f6a64bb137d5f5b04fea97b7eee2	466	<audit>/data-toolchain-packaging/sdk-rebuild/docs/base-app-starter.md
294eededb4e4afce0c42a2d4e3dd3f1f4ba42d4f145635f7f1fc017a8cd36ca0	1051	<audit>/data-toolchain-packaging/sdk-rebuild/docs/base-integration.md
1d4bce8c55b82a00337a9fb6ee2e4030b10e5ead26e15f170be948e4fdee65e1	790	<audit>/data-toolchain-packaging/sdk-rebuild/docs/bridged-base.md
dff146815b98d43ce024df190e241a0e6dc179203e7e05b1258ca1719b8f4d3a	143	<audit>/data-toolchain-packaging/sdk-rebuild/docs/engine-api/.nojekyll
ad5a4df7df5f246bee8bc2074e419e7793caf0ec26a9bf70b5058afae4e5ebb6	2638	<audit>/data-toolchain-packaging/sdk-rebuild/docs/engine-api/assets/custom.css
e85d0487d8b21b0b54273b30564285b22785603ea7fb71baed13b0800a12e58d	233	<audit>/data-toolchain-packaging/sdk-rebuild/docs/engine-api/assets/hierarchy.js
3dfdb6292ddda61ae7186316a872ff83853e93574d5c7374d53ed9275b641c98	2378	<audit>/data-toolchain-packaging/sdk-rebuild/docs/engine-api/assets/highlight.css
ef46752ace8ec936ceeaf75e4499774ba970ae6e8fc663f35a3a6c08ed7c7e1b	15087	<audit>/data-toolchain-packaging/sdk-rebuild/docs/engine-api/assets/icons.js
6e6463c759b66b92fad51bdb72d93c937d609b4039607b39815457f82ace36db	14445	<audit>/data-toolchain-packaging/sdk-rebuild/docs/engine-api/assets/icons.svg
a91e49305d77aa7e55d9e1f3dc0ee0d64a472b1218d3b52fb261632a1a9f60d8	51129	<audit>/data-toolchain-packaging/sdk-rebuild/docs/engine-api/assets/main.js
02da74410d0f0d08a8720e45cb33e813156c2fdd8b25fe9e5b1498315ddf3467	1754	<audit>/data-toolchain-packaging/sdk-rebuild/docs/engine-api/assets/navigation.js
8a38229db26bc9132dbf68e4400c5f0c4e1c649aabef2891cf6114f2cd187024	20603	<audit>/data-toolchain-packaging/sdk-rebuild/docs/engine-api/assets/search.js
f8e91600fb75222763624abb9015ddec164d8a11d6f2c4f3b6a1db04a7bad0ba	49683	<audit>/data-toolchain-packaging/sdk-rebuild/docs/engine-api/assets/style.css
693aafd08cb68f98d9170f0dad7536e5265161a95bd5e4f39fa16f6cdd54b58a	30140	<audit>/data-toolchain-packaging/sdk-rebuild/docs/engine-api/classes/receipt.NatalEnvelopeError.html
9b2667d8bd3097139a939c105a481be18b909f366f82a285c025a54156e24fe1	9017	<audit>/data-toolchain-packaging/sdk-rebuild/docs/engine-api/functions/geo.createGeoNamesClient.html
ce560fc0e5542e4a9354fbdef77e94feb6bf9c9002d9d9458a2af0abaf65f8a0	9062	<audit>/data-toolchain-packaging/sdk-rebuild/docs/engine-api/functions/geo.offsetAt.html
8dc6a0a4add812ef9bf93adbecb9d98d70601e3aa1c8f4df678c30a3d4bb3c0b	9052	<audit>/data-toolchain-packaging/sdk-rebuild/docs/engine-api/functions/geo.resolveBirth.html
904a74dca661bb535b5dd9caa1c6c295267860008e201d2b4abf590751ad5e43	9730	<audit>/data-toolchain-packaging/sdk-rebuild/docs/engine-api/functions/geo.resolveLocalToUtc.html
38e9fde3f2f5e6f8bfc5d1e9cf960f171f7d0fef742aef2e4e9a5bf36b31bfb4	8902	<audit>/data-toolchain-packaging/sdk-rebuild/docs/engine-api/functions/index.computeAngles.html
ed51da080c4a9ccaca475479b8cc30023073b59002ad84a9ec37c24e8deb6769	10519	<audit>/data-toolchain-packaging/sdk-rebuild/docs/engine-api/functions/index.computeHouses.html
95aa533a0f085269f04a5602a57baa0f041797c14902b8518cbaf2dd7067b476	8667	<audit>/data-toolchain-packaging/sdk-rebuild/docs/engine-api/functions/index.degreeInSign.html
a2a600ff9b6124eb5ec38b8bc1e7b3bf5e60d783022766c00e33afe2e26d879b	9559	<audit>/data-toolchain-packaging/sdk-rebuild/docs/engine-api/functions/index.elementBalance.html
ff7b80d959ba71ee789a4f3499227f286143cae8dfe67b5da5c4cac992f03562	9178	<audit>/data-toolchain-packaging/sdk-rebuild/docs/engine-api/functions/index.findAspects.html
f446455385bf9e0dcfc0b46964ebb244be5507bf9a8a09db1aea19b009ade3a7	9913	<audit>/data-toolchain-packaging/sdk-rebuild/docs/engine-api/functions/index.findInterAspects.html
38ec5a4c9ddb1694603edb5063505e61413683717170e0a528c23bef71febf5d	11061	<audit>/data-toolchain-packaging/sdk-rebuild/docs/engine-api/functions/index.findLongitudeCrossings.html
0cb052cd729efbaa5ece608b4923e865c4ea54303c7309dc8d11de0d0f8a220d	9684	<audit>/data-toolchain-packaging/sdk-rebuild/docs/engine-api/functions/index.groupIntoSeasons.html
28c33dd47261143a1e2b2ebf7c567dcdaa9ae7bde4dece1d41136f0ab85fde85	9247	<audit>/data-toolchain-packaging/sdk-rebuild/docs/engine-api/functions/index.houseOf.html
9bf3263af3101d58d4e86471acab57ac1614662f1708427274feb7d398304ee6	10702	<audit>/data-toolchain-packaging/sdk-rebuild/docs/engine-api/functions/index.matchAspect.html
26b97889a40753236a93d3e087ef6bf72567064e191104056a2818b720982db8	8807	<audit>/data-toolchain-packaging/sdk-rebuild/docs/engine-api/functions/index.meanObliquity.html
da2bc8cd108d41e720ae65e0149eff1a80de671212ec20810ba8e30842d9c8ef	9570	<audit>/data-toolchain-packaging/sdk-rebuild/docs/engine-api/functions/index.modalityBalance.html
7751b55643ad33ae3ede7bf6304647acc30fadb0b6550333f2f27ae389f2900f	8995	<audit>/data-toolchain-packaging/sdk-rebuild/docs/engine-api/functions/index.moonPhase.html
f1066215c0b88fc993eb9e6f78e8b7e4ff6b0e658f2b4b62fe271617b631b5fb	8989	<audit>/data-toolchain-packaging/sdk-rebuild/docs/engine-api/functions/index.natalChart.html
717a0102787046e164072b71f1de7a0b31906a20949004c250c9bdb0c954a17b	8709	<audit>/data-toolchain-packaging/sdk-rebuild/docs/engine-api/functions/index.normalizeLongitude.html
8edafa090215c9627b151c1cd6053aeda820ccc4c0a3b37b762b82b40b3a25a0	9663	<audit>/data-toolchain-packaging/sdk-rebuild/docs/engine-api/functions/index.placidusCusps.html
20d8ba754feb2301a2356813432ec243fa6e7d924f1324dae8510f131684bfab	9081	<audit>/data-toolchain-packaging/sdk-rebuild/docs/engine-api/functions/index.positions.html
6a16cdf3fa16fb285a5a7d066717e43284d31f452d2dc8b3cd9d697ee598c0d6	9443	<audit>/data-toolchain-packaging/sdk-rebuild/docs/engine-api/functions/index.ramcOf.html
1fab30422addf75781dd82792e64a6c25dcfa8dfc2e5417555137e2c6b921953	9083	<audit>/data-toolchain-packaging/sdk-rebuild/docs/engine-api/functions/index.saturnReturn.html
2a0456bc11e4dde064f09d62c01beda172bc1954e0694ea8a809732926943d7c	9031	<audit>/data-toolchain-packaging/sdk-rebuild/docs/engine-api/functions/index.separation.html
835f68d18a6208e0f72ef382a2c3211e94600b929e25e5a147f2cd625bcd1f19	8831	<audit>/data-toolchain-packaging/sdk-rebuild/docs/engine-api/functions/index.signForLongitude.html
bd04498e00eaf1a5e7cf03ea35888b4a4e457de775ff4df1ec303b30b6bccd9b	8730	<audit>/data-toolchain-packaging/sdk-rebuild/docs/engine-api/functions/index.signIndexForLongitude.html
ce897ac048c194daa6a0610acd4d5134481883da4c753fc6ebffad8268f6f9d2	10164	<audit>/data-toolchain-packaging/sdk-rebuild/docs/engine-api/functions/index.summarizePair.html
979ea2f52f810da89b57eb9c45ab9099750ea2fe20867f616dcbd017013c96a2	9419	<audit>/data-toolchain-packaging/sdk-rebuild/docs/engine-api/functions/index.synastry.html
6f739a8b414164ebd48a2b3a116f52d9db98d310dd33a59eb347827bfe8e3569	9418	<audit>/data-toolchain-packaging/sdk-rebuild/docs/engine-api/functions/index.transits.html
d24b823d2a24611408979218ec005c763e5ec6b3ddd1ace5cb85329658f5ee62	8781	<audit>/data-toolchain-packaging/sdk-rebuild/docs/engine-api/functions/index.wholeSignCusps.html
734a4a460d6efec7458f23f65fe57e4fa33c183584378fd6a4b7e20772a02385	9748	<audit>/data-toolchain-packaging/sdk-rebuild/docs/engine-api/functions/receipt.createNatalEnvelope.html
715c7b9426c32d0e05615136a04e10725679cc36407a227f6f9d8be46aa7c374	9105	<audit>/data-toolchain-packaging/sdk-rebuild/docs/engine-api/functions/receipt.natalReplayInput.html
df3f267fe8acf6bb3b949e241e89be326f2a3f66657851fd59c323d8a2002940	9027	<audit>/data-toolchain-packaging/sdk-rebuild/docs/engine-api/functions/receipt.parseNatalEnvelope.html
9a20443b051867a90f5ea7307e7205e9710cdc50e689bf86fd165b671991db27	9157	<audit>/data-toolchain-packaging/sdk-rebuild/docs/engine-api/functions/receipt.redactNatalEnvelope.html
ab69a81fb6a748d146db15efb2d5397bc0230d0e2c342e180bf7ab6b630df71a	8889	<audit>/data-toolchain-packaging/sdk-rebuild/docs/engine-api/functions/receipt.serializeNatalEnvelope.html
cadaa1c9f283e24ae23e7e128b0e67b4e4fe367dbc953ffea1da5a40b695b6e6	7912	<audit>/data-toolchain-packaging/sdk-rebuild/docs/engine-api/hierarchy.html
06c00a5b08440e2af9e1783d7d94753ca4b6096773d202e46fb3d95282fac3e7	38232	<audit>/data-toolchain-packaging/sdk-rebuild/docs/engine-api/index.html
9f31c1d93a1a377fd44ee1ea2d174a881452eb5a43865573d4b4d3c327678f45	16943	<audit>/data-toolchain-packaging/sdk-rebuild/docs/engine-api/interfaces/geo.City.html
80a5931366c6e625bdc98f88607e6702b13c2b865c28c15b135f03e3723bb052	15382	<audit>/data-toolchain-packaging/sdk-rebuild/docs/engine-api/interfaces/geo.GeoNamesClient.html
93d81b8b218550a2dbf97c0ae43c3a43bddff632321af2a6732bc3aff31baaaa	19149	<audit>/data-toolchain-packaging/sdk-rebuild/docs/engine-api/interfaces/geo.GeoNamesClientOptions.html
c0191166809ff60f02deff2bc371cbfc01280670cbdd9a5fe61afbd2cff37a5f	15334	<audit>/data-toolchain-packaging/sdk-rebuild/docs/engine-api/interfaces/geo.GeoNamesIndexMetadata.html
9f3c28f53c784c4a60cd8750fef7c1ac8dddaa9cc3bf76b64599b1ef86404d9a	17496	<audit>/data-toolchain-packaging/sdk-rebuild/docs/engine-api/interfaces/geo.LocalBirthInput.html
bc2bc859437ccbcaab7121f42e823e2cba092c14c6807fa24387a1dfdfcb4f8d	13581	<audit>/data-toolchain-packaging/sdk-rebuild/docs/engine-api/interfaces/geo.LocalTimeResolution.html
aedda9c838a03e75468fe63225d3d49dfcae7625fef28e7a3be0df32d45fa29a	14166	<audit>/data-toolchain-packaging/sdk-rebuild/docs/engine-api/interfaces/index.AngleInput.html
e6d1f39921c8a974ebd6e00931cb4dc9f00587d03e858e6329a2cea00346dfc6	13689	<audit>/data-toolchain-packaging/sdk-rebuild/docs/engine-api/interfaces/index.Angles.html
2ec0614926b9312b91ca62ee0266df5479259506a43a884f9a38f973706b27bf	15230	<audit>/data-toolchain-packaging/sdk-rebuild/docs/engine-api/interfaces/index.Aspect.html
c99370a003fa8116811ad6a806ad2126e5d9bd5c85488d5584fb28d0e8608469	13999	<audit>/data-toolchain-packaging/sdk-rebuild/docs/engine-api/interfaces/index.AspectDefinition.html
8b2ca01ad64c61470f17903bb36a08d172729b10545fa991d0cfef49bbb94108	17463	<audit>/data-toolchain-packaging/sdk-rebuild/docs/engine-api/interfaces/index.BirthInput.html
2810a3c465aa43d1e9f80fcee35e103dbdd36447c2a57603a9381fa9432308ad	17462	<audit>/data-toolchain-packaging/sdk-rebuild/docs/engine-api/interfaces/index.BodyPosition.html
50a7ec6684b18e2899053e830afc4559d7464efb882777dfa5c163e7767bee2d	18172	<audit>/data-toolchain-packaging/sdk-rebuild/docs/engine-api/interfaces/index.Chart.html
d0c878454650b34b58bdddbb2834df8fab0a61ddbb0924011a4d62a99abaa0f9	16517	<audit>/data-toolchain-packaging/sdk-rebuild/docs/engine-api/interfaces/index.ChartInput.html
d66ee69b6a52a87bea9d15fe26549a58e1b92e016fc1ad7613cc47f06f214cc8	12123	<audit>/data-toolchain-packaging/sdk-rebuild/docs/engine-api/interfaces/index.Houses.html
a025d2076380d61a3a046f7f74366a2097bb95ebe526e3592bdd0b59b3487bd1	16072	<audit>/data-toolchain-packaging/sdk-rebuild/docs/engine-api/interfaces/index.InterAspect.html
e9ce96594085c9c33ee0397879ca41cda0edb294bad6e146a6300638540f0c11	11874	<audit>/data-toolchain-packaging/sdk-rebuild/docs/engine-api/interfaces/index.LongitudeCrossing.html
723dd50e44aa36d5b0465e3a2b5a05f7169dadb18acfeda9537f01c62a3d6beb	11796	<audit>/data-toolchain-packaging/sdk-rebuild/docs/engine-api/interfaces/index.MinimalBody.html
f83c419dee3afeaef33cc822be38f98f2a9e0fc64c94d49fc170018774ff5ea5	15148	<audit>/data-toolchain-packaging/sdk-rebuild/docs/engine-api/interfaces/index.MoonPhase.html
facc91e5fe9aee1ea768b36ab53edcdeb135edb5a2bd85e7fdc74283b0074ddd	21921	<audit>/data-toolchain-packaging/sdk-rebuild/docs/engine-api/interfaces/index.PairSummary.html
ece7fca9a24e7f71e07e0e7242911ba5465645ba457c7639e650407287cbc0bd	14128	<audit>/data-toolchain-packaging/sdk-rebuild/docs/engine-api/interfaces/index.ReturnSeason.html
25692fdc332c2e28c810b197a6fc3526075042cfa14203428da6256e9b14c7a3	13231	<audit>/data-toolchain-packaging/sdk-rebuild/docs/engine-api/interfaces/index.SaturnReturnResult.html
a3840e90cccf2faaed38d054564a0ac0c0a7c912b87a5acaebc981bdcb1fdd2a	16501	<audit>/data-toolchain-packaging/sdk-rebuild/docs/engine-api/interfaces/index.SignDefinition.html
21cae85bb9ca29da26a1f5623df60557bd868be7f1c3b3c9b369d598f5cd0427	25512	<audit>/data-toolchain-packaging/sdk-rebuild/docs/engine-api/interfaces/index.SynastryResult.html
ebcc469f2929d49ff1d1d9027c58ac5ead83ac44c8c78644846af12ca985af2a	14398	<audit>/data-toolchain-packaging/sdk-rebuild/docs/engine-api/interfaces/index.TransitResult.html
fb9d2e5c70c9dc2b1e38275fae879a28ade552852d48bb95f476bcb588b7d066	18728	<audit>/data-toolchain-packaging/sdk-rebuild/docs/engine-api/interfaces/receipt.NatalDiagnostic.html
38da8a1904499f816615e60e2a728f9a6b1f61cada8ba944aa7963f6b78a0083	16765	<audit>/data-toolchain-packaging/sdk-rebuild/docs/engine-api/interfaces/receipt.NatalEnvelope.html
e9ccabd513bf7c0fdaa1e4d822c4a6a15b5ef24ef82a842d83ab02dc71631e52	16682	<audit>/data-toolchain-packaging/sdk-rebuild/docs/engine-api/interfaces/receipt.NatalEnvelopeContext.html
5e9b1fb6cd0a28f66397728921d2e95ea7753ed16a4fea49fc27ab7b40cbf0e1	8109	<audit>/data-toolchain-packaging/sdk-rebuild/docs/engine-api/interfaces/receipt.NatalJsonObject.html
b7288248d7c97a229e248d68cb8f03fe5593ebb1a9a92d198506f7034bc4c757	17322	<audit>/data-toolchain-packaging/sdk-rebuild/docs/engine-api/interfaces/receipt.NatalLocalResolution.html
05a61193fc9861508bd6c5c246eb644673f0027a77582f83c6d7ebbd6e1e41b6	19206	<audit>/data-toolchain-packaging/sdk-rebuild/docs/engine-api/interfaces/receipt.NatalProvenanceClaims.html
68bf34402a2cc01e055546bccfadf1febb8575f23b9e757d4d7b9695694da2da	37952	<audit>/data-toolchain-packaging/sdk-rebuild/docs/engine-api/interfaces/receipt.NatalReceipt.html
a5e81b23b9b9664c72b76408bbe096117b5e00e0bd67f6fc297e203821439f0c	6727	<audit>/data-toolchain-packaging/sdk-rebuild/docs/engine-api/media/CHANGELOG.md
8a2010524ad7ebf388dabe0bda5ed2ed8753b8bb112f284f0c23826546410096	2591	<audit>/data-toolchain-packaging/sdk-rebuild/docs/engine-api/media/LICENSING.md
06a8e2e2bae6d6113e738f8c4ee3869f698fbf39756a26ce842d549dde423450	1378	<audit>/data-toolchain-packaging/sdk-rebuild/docs/engine-api/media/NOTICE
41965afdb2962f1e419eb1f11152fba8584ea9c2286abe11022e38e963c88d47	16592	<audit>/data-toolchain-packaging/sdk-rebuild/docs/engine-api/modules/geo.html
ba5a23e2517a7162c6069055f87dae343b9b891385f65079dde0a0ea21692f84	56519	<audit>/data-toolchain-packaging/sdk-rebuild/docs/engine-api/modules/index.html
880d6a8e4cf1a8325116e9b41e7f4b4f05635f27cfa5deb46ea85e9bf8227d02	27447	<audit>/data-toolchain-packaging/sdk-rebuild/docs/engine-api/modules/receipt.html
00d4a697b18b67070b157cada684f1ee99f472c501516d4e9fb741b25952daee	10420	<audit>/data-toolchain-packaging/sdk-rebuild/docs/engine-api/modules.html
9fd5616726c386b9043d3d837b81b9f4d10d9cb885e3677604549a1b9841eaea	8205	<audit>/data-toolchain-packaging/sdk-rebuild/docs/engine-api/types/index.AspectType.html
15bb408e54816d4aa3399d2dc42436a1ac80a150d467d459f6fef8224a2ea48e	9097	<audit>/data-toolchain-packaging/sdk-rebuild/docs/engine-api/types/index.BodyName.html
557a6e2af7507c01d3e74bd848b6d9a8750ce0a92f5ede3f43f995e1acdd28e8	8200	<audit>/data-toolchain-packaging/sdk-rebuild/docs/engine-api/types/index.ChartFlag.html
b4b83902dea713cdeb2978a5c3fc827d57cc47b834c1cd3e8a9037aeadc6459c	8059	<audit>/data-toolchain-packaging/sdk-rebuild/docs/engine-api/types/index.DateInput.html
b20779df2c40e76a14386986750389ddd8adc159df9d6523ad66b5da5af7cc62	8071	<audit>/data-toolchain-packaging/sdk-rebuild/docs/engine-api/types/index.Element.html
588b0e7f12d0e297ecba71d3fbf148205f4345ded2e2caf66e7a2addd0aed68a	8721	<audit>/data-toolchain-packaging/sdk-rebuild/docs/engine-api/types/index.HouseNumber.html
5fca0f76891a2ba7912b70dd8f1f912063f42c36d2eff0c1610b8f466edce779	7893	<audit>/data-toolchain-packaging/sdk-rebuild/docs/engine-api/types/index.HouseSystem.html
e2be29e4f17908c6050d99904952c3ca625e5453a2bd4942ad72ec47dbbfa840	7982	<audit>/data-toolchain-packaging/sdk-rebuild/docs/engine-api/types/index.Modality.html
a4742de4d96e496d58e6ca395745a20ef6525366d5526894e44914d54b4214a0	8712	<audit>/data-toolchain-packaging/sdk-rebuild/docs/engine-api/types/index.MoonPhaseName.html
49d3835ab36ae597692e509489329e29c1612bb59f09528bce147e55a657dbe2	7978	<audit>/data-toolchain-packaging/sdk-rebuild/docs/engine-api/types/index.NatalSource.html
00c60d71228c023aec03cbbd716dba7ffdab0cf36bd739543fa93b4d4c618545	7873	<audit>/data-toolchain-packaging/sdk-rebuild/docs/engine-api/types/index.Polarity.html
ed0dd61505f4df344b4b1dc7ca88a6783e4f1d2fa6359c74aa9881570e16a266	7997	<audit>/data-toolchain-packaging/sdk-rebuild/docs/engine-api/types/index.SaturnReturnSource.html
3d20e15e44d7c33ba2b6d2aa2401bb4a86cdde323e978d7fc19cab42dbeda6b8	9110	<audit>/data-toolchain-packaging/sdk-rebuild/docs/engine-api/types/index.ZodiacSign.html
18b2043dcf2db2c807e98fd63920ad7c2a4fb7ec20a8a6267c2d8d59608ec499	8908	<audit>/data-toolchain-packaging/sdk-rebuild/docs/engine-api/types/receipt.NatalEnvelopeErrorCode.html
1ba35cc4a964ef508642a8864e5916db3fd7513f2c168558e3f539bebe7c4328	8849	<audit>/data-toolchain-packaging/sdk-rebuild/docs/engine-api/types/receipt.NatalEnvelopeParseResult.html
31eb7768e9e90084f07cfdabb46cda7313bf2b886ac05ff29cf3876bc29283ea	8514	<audit>/data-toolchain-packaging/sdk-rebuild/docs/engine-api/types/receipt.NatalJsonValue.html
c6b9a497a160e5561751c6cb362d10eedcfda299e71766aa08f270bc2ed42969	8032	<audit>/data-toolchain-packaging/sdk-rebuild/docs/engine-api/types/receipt.NatalReference.html
499d7f6357313bd2e2596ba3b14822c2fa8413edf4965a9e1952b51daad6885e	12013	<audit>/data-toolchain-packaging/sdk-rebuild/docs/engine-api/variables/index.ASPECTS.html
250a29d27336f4bf2bf74d403782f04554ffafc76902afb7d738382463cf4bc8	8004	<audit>/data-toolchain-packaging/sdk-rebuild/docs/engine-api/variables/index.ASPECT_BODIES.html
8806ffdcafadfc3a621dedaf78f841226975eba03627efc659a7f522cf409ef4	8540	<audit>/data-toolchain-packaging/sdk-rebuild/docs/engine-api/variables/index.ASPECT_TYPES.html
9eb05b0ebf57a75a993cc38e579214ebfd3920a12d1cb0474a6526a5ecb803bd	8293	<audit>/data-toolchain-packaging/sdk-rebuild/docs/engine-api/variables/index.ELEMENTS.html
fc4a4f606a4d5eac18702c4d99fb46b0667becdab1b4a2db8cab1e02fe937e08	7842	<audit>/data-toolchain-packaging/sdk-rebuild/docs/engine-api/variables/index.ENGINE_VERSION.html
6d3815710550f263001f02fefe77dd078b8802072cf83e162dd297f94eb21abc	8122	<audit>/data-toolchain-packaging/sdk-rebuild/docs/engine-api/variables/index.HOUSE_SYSTEMS.html
1b716433b0f4e482e49a0e3f50cdc10f04a45b01a81d5c2fa36b676297161108	8210	<audit>/data-toolchain-packaging/sdk-rebuild/docs/engine-api/variables/index.MODALITIES.html
04a63e33b716f9e9e40e0a2e41f65c1f66e6c9bcda485403bd5d0037a05d419a	24834	<audit>/data-toolchain-packaging/sdk-rebuild/docs/engine-api/variables/index.SIGNS.html
06a08c6533b8978eff53218eae9afdd96a26410f2daf9e580ba4fef38204463b	8006	<audit>/data-toolchain-packaging/sdk-rebuild/docs/engine-api/variables/index.SIGN_NAMES.html
67adcde72a79b44e4d4c6fa71839c2cd3120c39d6e5be58fbddfe04c212b4e37	7916	<audit>/data-toolchain-packaging/sdk-rebuild/docs/engine-api/variables/receipt.NATAL_DIAGNOSTIC_SCHEMA.html
cbcdcfaf17578c888ae33ff27f32d4fd872162c4bea9859136b93e9d274d524d	8580	<audit>/data-toolchain-packaging/sdk-rebuild/docs/engine-api/variables/receipt.NATAL_ENVELOPE_LIMITS.html
fa42cf9626de7f279b41104c00c8e1a99eb792ac4ec4485e6a373607a7a91b78	8033	<audit>/data-toolchain-packaging/sdk-rebuild/docs/engine-api/variables/receipt.NATAL_ENVELOPE_SCHEMA.html
2af3f7cb98d65bb30695b60599ec57cbdd22c97fca3fdc5e15262bf3a6733344	7904	<audit>/data-toolchain-packaging/sdk-rebuild/docs/engine-api/variables/receipt.NATAL_RECEIPT_SCHEMA.html
e8b04bfc55cab18b1dc78f78591bc45e435ede0e34346eebf233e1a620fa262c	4689	<audit>/data-toolchain-packaging/sdk-rebuild/docs/ios-react-native.md
9007642a9982bbfb9750abcb19514e5f70c580bb97129a7eb0fd5a0e94683f59	1688	<audit>/data-toolchain-packaging/sdk-rebuild/docs/migration.md
faf2f02eccab33e124dbd317b0b1f55613e66cabe3d83b134dab648faf414aac	3197	<audit>/data-toolchain-packaging/sdk-rebuild/docs/native-ios.md
7d7a2f43929346cc363559ff54d59225c9d9bbcb5c75b8ef9a94b7e2e0d00554	545	<audit>/data-toolchain-packaging/sdk-rebuild/docs/native-solana.md
cca82734785ee22f6c08a47413ea670e05a185ec252331f417b6355a82bb00ef	893	<audit>/data-toolchain-packaging/sdk-rebuild/docs/performance.md
1f3ed46fd0ab3edb3660682ed410cf9417d851e7fc39170ed1df2ecde0f0cfce	385	<audit>/data-toolchain-packaging/sdk-rebuild/docs/phase-1.md
7ac9ffa721341ff9c53c467feef45a67fce4856a67b00f49be13511ccfd819d5	33193	<audit>/data-toolchain-packaging/sdk-rebuild/docs/platform/EVIDENCE.md
71565c3dffd375ef9411f3329b1902282a8c685b39f70314221b0c312f141fbb	11003	<audit>/data-toolchain-packaging/sdk-rebuild/docs/platform/STATUS.md
11527c7e9cf55e36a07dc28186b5bc7bcadfd5abe6e4b85cabc29c6ae5dcbb2f	7209	<audit>/data-toolchain-packaging/sdk-rebuild/docs/platform/evidence/geo-build.log
210e30c8e0c21e3a8ea78f4b26306cd41769eb68aabf3a72bcdb065f8b7d6cac	355	<audit>/data-toolchain-packaging/sdk-rebuild/docs/platform/evidence/geo-checksum.log
b6712766ae51e2ff9780a9b422c95f36a54e179768d1cd70d640a5ad1b12c61d	358	<audit>/data-toolchain-packaging/sdk-rebuild/docs/platform/evidence/geo-consumer-audit.json
bc1b4c7bf83532210b2109710c40ca773f502b63e1334724b0294ce814dc346c	482	<audit>/data-toolchain-packaging/sdk-rebuild/docs/platform/evidence/geo-consumer20.json
dfd18046039ba06f92be5b66e1238cdc2ff2c750ad9a6ec76cd9b703745d3078	482	<audit>/data-toolchain-packaging/sdk-rebuild/docs/platform/evidence/geo-consumer22.json
6241df88239995f06009024858030ad03bcf194f6d01c206fe6e2f31cc2c82a9	1154	<audit>/data-toolchain-packaging/sdk-rebuild/docs/platform/evidence/geo-contents.log
3b13696d4e16be89e6f014185bdddcd20ec2d9e5bb8b78e3f75d0c6e16374f16	414	<audit>/data-toolchain-packaging/sdk-rebuild/docs/platform/evidence/geo-docs.log
860dd52dd5ebddf6f561d5f288cd0293a543b4631d1b82760c672779aa28972a	807	<audit>/data-toolchain-packaging/sdk-rebuild/docs/platform/evidence/geo-exports.log
5b7274a567cba35fe65522e300d64a8e11871ba858252aa63fd371edafb916a2	203	<audit>/data-toolchain-packaging/sdk-rebuild/docs/platform/evidence/geo-format.log
ba4a492ef337ccc4b8c334ad089273eba76c4755ca6a84ac2614ea39891de432	4786	<audit>/data-toolchain-packaging/sdk-rebuild/docs/platform/evidence/geo-independent-REVIEW.md
2eb2e9694912591f046f0b2500cc81a411466611feb2d8a49becbdfdd9195265	1843	<audit>/data-toolchain-packaging/sdk-rebuild/docs/platform/evidence/geo-independent-review-result.json
aed0ff6fe1f44e3df2b08b95723c62bcdfecccd910c320634e92005efbd60a30	2660	<audit>/data-toolchain-packaging/sdk-rebuild/docs/platform/evidence/geo-independent-review-tests.log
8b2d183621b3b6794aa3009d48ca9d4c9e95ff5eb225c6b8eafb21732d7149af	621	<audit>/data-toolchain-packaging/sdk-rebuild/docs/platform/evidence/geo-lint.log
b1398d5aafa0a558abfd720c6840e39a36bd3b8e02a088c372905f3580fc74e0	4692	<audit>/data-toolchain-packaging/sdk-rebuild/docs/platform/evidence/geo-log-normalization.json
c895534fb0f94b45547a0e8b22b9145ceaf5ace6ae3ff7c87bc67882d2c3fd18	285	<audit>/data-toolchain-packaging/sdk-rebuild/docs/platform/evidence/geo-neutrality.log
0be384d18b3172c75764cfd3047d4ac48dfc5e7be5e973b38dcb123dc6aa4402	506	<audit>/data-toolchain-packaging/sdk-rebuild/docs/platform/evidence/geo-numerical-parity.json
ae433b9766c79b172414d69fa2da34e697fc38feee9bedd001c8aaa1c7ba9e5d	9207	<audit>/data-toolchain-packaging/sdk-rebuild/docs/platform/evidence/geo-pack-dry.log
1f3f50f519320bf57a2fd47290f5a0811748767ec027bc4b73592a48530fa916	2149	<audit>/data-toolchain-packaging/sdk-rebuild/docs/platform/evidence/geo-pack.json
4700a452039a411c26bd0f0b469c09a0e62a9de99d691ec471d9ec422212f12f	358	<audit>/data-toolchain-packaging/sdk-rebuild/docs/platform/evidence/geo-reproduction-green.log
c3759efece77fcd766a2f0fd804f36667b3dd3b89a2c592dea6ca396d111da45	5333	<audit>/data-toolchain-packaging/sdk-rebuild/docs/platform/evidence/geo-reproduction-red.log
dd1099ffb219b677ebc9fc5be5924fd4d8a03adb24b921faf509cdeb7bcc51af	1861	<audit>/data-toolchain-packaging/sdk-rebuild/docs/platform/evidence/geo-reproduction-result.json
9b2dd5e220d28dd9eee9f6a6807fdd47b7065c621e860283887e53dc434e9958	6780	<audit>/data-toolchain-packaging/sdk-rebuild/docs/platform/evidence/geo-schema/REVIEW.md.log
012056fbce5e83903c46810035fd2067c5e7a308d92b100cc70feed33146d5da	3348	<audit>/data-toolchain-packaging/sdk-rebuild/docs/platform/evidence/geo-schema/asset-contract.json.log
bb31d10e63475f22ad1fafb321a692d80b5c785d33ba93e59525441aa999aa3b	4635	<audit>/data-toolchain-packaging/sdk-rebuild/docs/platform/evidence/geo-schema/baseline-probe.json.log
505d85f63efa025e9fdc1f7c9040647b6739c572aa259c79a1e9ec40ddb9be61	5810	<audit>/data-toolchain-packaging/sdk-rebuild/docs/platform/evidence/geo-schema/browser/README.md.log
d81195ec688a2525938d92d62b30d9760d64bfa82d205836eddb71de148e1950	2267	<audit>/data-toolchain-packaging/sdk-rebuild/docs/platform/evidence/geo-schema/browser/attempt-1/README-prepared.md.log
d85be212b843bfa398801be3741da372400c46f73f7015c9b76b46bd68541ddd	748	<audit>/data-toolchain-packaging/sdk-rebuild/docs/platform/evidence/geo-schema/browser/attempt-1/browser-probe.log
9803728827373011b0980f438044914bdc8ea730cf301515e096f203c7b803d9	17991	<audit>/data-toolchain-packaging/sdk-rebuild/docs/platform/evidence/geo-schema/browser/attempt-1/browser-probe.mjs.log
14088ba46b651ab94a2955c170fa9c13071028561e1db1cfb0258f4153951698	275	<audit>/data-toolchain-packaging/sdk-rebuild/docs/platform/evidence/geo-schema/browser/browser-probe.log
0ae09bc477900f532e17f285be1ad1fbb5617b029d82e4fca670d121495d5f3f	18007	<audit>/data-toolchain-packaging/sdk-rebuild/docs/platform/evidence/geo-schema/browser/browser-probe.mjs.log
6aebbc8b38145486ce99d8f2707089fa092dd2e61852d8073144de3dffd0b096	22519	<audit>/data-toolchain-packaging/sdk-rebuild/docs/platform/evidence/geo-schema/browser/browser-probe.png
86a52f4b7a789a95e2eb47fbf50d70bbde882e4d0aa7679947fb615b0915f445	10308	<audit>/data-toolchain-packaging/sdk-rebuild/docs/platform/evidence/geo-schema/browser/browser-result.json.log
8f6d9d1bc41abbeaa37277a17adef18379245101a82544b708db98da24f2a965	9626	<audit>/data-toolchain-packaging/sdk-rebuild/docs/platform/evidence/geo-schema/browser/bundle-graphs.json.log
b6712766ae51e2ff9780a9b422c95f36a54e179768d1cd70d640a5ad1b12c61d	358	<audit>/data-toolchain-packaging/sdk-rebuild/docs/platform/evidence/geo-schema/consumer-audit.json.log
3ce29081ac73ea4eaedf64b9f97df6855b373636cbb0b1f4639902dfb844470f	840	<audit>/data-toolchain-packaging/sdk-rebuild/docs/platform/evidence/geo-schema/consumer20.log
d6a4a6368eb2fe675043006bcbb663e3b865ac03442024c1ce31eeaf99dd71b2	840	<audit>/data-toolchain-packaging/sdk-rebuild/docs/platform/evidence/geo-schema/consumer22.log
97ce45708b6dc13b4729bfcd89db796161c828c5b026c13f2f60cb94543fd1c8	46656	<audit>/data-toolchain-packaging/sdk-rebuild/docs/platform/evidence/geo-schema/corpus.json.log
1a8174b590e65b00dca3530a3e464d7f156f4b2effe6f42ee55041ea13b702d4	2836	<audit>/data-toolchain-packaging/sdk-rebuild/docs/platform/evidence/geo-schema/delivery-inputs.json.log
3d18dab231750af940325553f206dea0e6cfdb00080bc65d59cf68d4ac04dac3	7403	<audit>/data-toolchain-packaging/sdk-rebuild/docs/platform/evidence/geo-schema/final-build.log
2cb32505ff9f511c43130d2072b62c7f0528116643d61971499a5378cc105b86	1155	<audit>/data-toolchain-packaging/sdk-rebuild/docs/platform/evidence/geo-schema/final-contents.log
cbf3aa45b47914cb79589809a94d39d3f7ca4179e1ad90e058e4cd2f8d106f83	846	<audit>/data-toolchain-packaging/sdk-rebuild/docs/platform/evidence/geo-schema/final-exports.log
5b7274a567cba35fe65522e300d64a8e11871ba858252aa63fd371edafb916a2	203	<audit>/data-toolchain-packaging/sdk-rebuild/docs/platform/evidence/geo-schema/final-format-ledger.log
5b7274a567cba35fe65522e300d64a8e11871ba858252aa63fd371edafb916a2	203	<audit>/data-toolchain-packaging/sdk-rebuild/docs/platform/evidence/geo-schema/final-format.log
9f976c7305f7d21630797ebeddb6a78ca3c600ea79000670b90015a213fb01ac	9542	<audit>/data-toolchain-packaging/sdk-rebuild/docs/platform/evidence/geo-schema/final-pack-dry-run.log
3198497be5757fee812d80ed91b0a2b3b47d4d41894bf94ae9706552da7f1987	1017	<audit>/data-toolchain-packaging/sdk-rebuild/docs/platform/evidence/geo-schema/final-typecheck.log
860cecb201a19e2ee04e4926041ab5ac6d691046201b2d799c7deb01dd9fdd97	414	<audit>/data-toolchain-packaging/sdk-rebuild/docs/platform/evidence/geo-schema/final-typedoc.log
9e3214c81de7e127ccd13bddc8d797f414c98323dfad4ca4e45403efacd10aa8	5733	<audit>/data-toolchain-packaging/sdk-rebuild/docs/platform/evidence/geo-schema/fixed-probe.json.log
36921576cf2a75ec2c6eb43e66d2c5bcb1c7bc00cee3db2c557c6ec8e494ff3c	4953	<audit>/data-toolchain-packaging/sdk-rebuild/docs/platform/evidence/geo-schema/independent-REVIEW.md.log
75cabfde592f636ff0e0aa68738e21bd66105aec37387b8759f9e2f095f1e62e	9755	<audit>/data-toolchain-packaging/sdk-rebuild/docs/platform/evidence/geo-schema/independent-probe.mjs.log
15f5e238d057bc0e30258973bdabf162ff749d1f771424246d11c195b2f509d4	2769	<audit>/data-toolchain-packaging/sdk-rebuild/docs/platform/evidence/geo-schema/independent-result.json.log
aee9993d2a0b09837858e15ef710f12fb7089f05fe8b26f506970ff8000c808f	5200	<audit>/data-toolchain-packaging/sdk-rebuild/docs/platform/evidence/geo-schema/inputs.json.log
890fc4b86254514fd4e424d596839403a47fa1bbb04f369a8e9e1797d6e94a77	622	<audit>/data-toolchain-packaging/sdk-rebuild/docs/platform/evidence/geo-schema/integrated-lint.log
c895534fb0f94b45547a0e8b22b9145ceaf5ace6ae3ff7c87bc67882d2c3fd18	285	<audit>/data-toolchain-packaging/sdk-rebuild/docs/platform/evidence/geo-schema/integrated-neutrality.log
7388a3215d9549ffd197877b11f3b3527cfabc0f66973303873e4b466207b0f6	2142	<audit>/data-toolchain-packaging/sdk-rebuild/docs/platform/evidence/geo-schema/integrated-node20-tests.log
ab349e0595751cf4b9a38ca4cd1f69dcc476b63f1e248a12d4db0932aa0b114b	2139	<audit>/data-toolchain-packaging/sdk-rebuild/docs/platform/evidence/geo-schema/integrated-node22-tests.log
210e30c8e0c21e3a8ea78f4b26306cd41769eb68aabf3a72bcdb065f8b7d6cac	355	<audit>/data-toolchain-packaging/sdk-rebuild/docs/platform/evidence/geo-schema/integrated-registry.log
d2122cb4b4dea0340ee9e4581c21c43c079d576ed7a431559b94d28caf665224	2545	<audit>/data-toolchain-packaging/sdk-rebuild/docs/platform/evidence/geo-schema/pack-rc4-normalized.json.log
16fdc6e51365317734d1988a8205d8ff130856140925373c1bc701965f3d5aee	245	<audit>/data-toolchain-packaging/sdk-rebuild/docs/platform/evidence/geo-schema/pack-rc4-stderr.log
f670f5a7f32c85b406a0774bd6ce8edc4d49d42783bdddc5a2e628b22e6d0d3f	3484	<audit>/data-toolchain-packaging/sdk-rebuild/docs/platform/evidence/geo-schema/pack-rc4.json.log
525abc1366874e25f0bb2b69ec12044785961fcea009c0f62b0846441189e769	677	<audit>/data-toolchain-packaging/sdk-rebuild/docs/platform/evidence/geo-schema/packed-parity.json.log
f39dd90233d67b580aa3f518c1840b78f4d4a4892f93cdd96bf41a84df32adf8	2291	<audit>/data-toolchain-packaging/sdk-rebuild/docs/platform/evidence/geo-schema/packed-parity.mjs.log
5f74282eac1874bcd8f247f7c10d2938c5e44dbce55758f4106d029c05e1a6da	353	<audit>/data-toolchain-packaging/sdk-rebuild/docs/platform/evidence/geo-schema/public-artifact.json.log
8fcc08367e91231374e581bf1949a2457580fe7694d4b72934e0a6d157773790	25564	<audit>/data-toolchain-packaging/sdk-rebuild/docs/platform/evidence/geo-schema/red-schema.log
d529d80b18b637fb1daa4a9afb35afc1f957550789864ab672d48bd0b2f1a960	506	<audit>/data-toolchain-packaging/sdk-rebuild/docs/platform/evidence/geo-schema/release-refresh.json.log
df29c2b7e5c071a87fd10d0136f099b912e6c39bda79874bf98da5e493b6ed54	2268	<audit>/data-toolchain-packaging/sdk-rebuild/docs/platform/evidence/geo-schema/summary.json.log
638bfd885b88fdd7791e91cf1e480db4366aa98e2dca482c3777c775495b770f	1850	<audit>/data-toolchain-packaging/sdk-rebuild/docs/platform/evidence/geo-tests-node20.log
c705c7c2cc6ede79b2593e40fce2723b6fa77b5d651d275590fef0cbd2f20eaf	1950	<audit>/data-toolchain-packaging/sdk-rebuild/docs/platform/evidence/geo-tests.log
8d21dfc06a591f2035361708b5245b9277ec46ff553dcff3702c224be2a8f16a	1016	<audit>/data-toolchain-packaging/sdk-rebuild/docs/platform/evidence/geo-typecheck.log
03f32708998b2f3169df2da18d8806a3bd8629e3588dca6b66366cd426d3003c	8292	<audit>/data-toolchain-packaging/sdk-rebuild/docs/platform/evidence/input-flags/REVIEW.md.log
effa1bef2f2917cc99dcbe53ff82e0e936e1ad86f88a6811d5d3f5a1baa7ef97	12443	<audit>/data-toolchain-packaging/sdk-rebuild/docs/platform/evidence/input-flags/baseline.json.log
afc4f109b0bd0f5ecb2b43d3514e7ce9d542e1c03e297576eb7e567e08f4d754	4516	<audit>/data-toolchain-packaging/sdk-rebuild/docs/platform/evidence/input-flags/browser/README.md.log
436695bef90ba13b1ff6c7f29c1495e52c79309ab0c2ea09b5c5228bdaa47067	18261	<audit>/data-toolchain-packaging/sdk-rebuild/docs/platform/evidence/input-flags/browser/browser-probe.mjs.log
1be160482572480bd22baa0fc5d3e28c11020bc853acd3dc5f648cacabbfbbaf	16300	<audit>/data-toolchain-packaging/sdk-rebuild/docs/platform/evidence/input-flags/browser/cases.mjs.log
810405da49a6469c31dcd27efca4467604e3141114b8acd53194241847477e1c	9422	<audit>/data-toolchain-packaging/sdk-rebuild/docs/platform/evidence/input-flags/browser/inputs.json.log
7c67353323516bbc29d6f181b62f1d0983b628f3149575d8f1cc501a724d6fbe	6176	<audit>/data-toolchain-packaging/sdk-rebuild/docs/platform/evidence/input-flags/browser/manifest.json.log
4685bc4672460c5344583cc9c7927110bbcf20c5ba77e0c4ea10b6fa09e9c640	699	<audit>/data-toolchain-packaging/sdk-rebuild/docs/platform/evidence/input-flags/browser/run-1788825254705-62322/agent-1-open-failure.log
21512f75b3d80919cc0398f2f9061cfba988328c25d9a2c971c6a1234a50cae5	655	<audit>/data-toolchain-packaging/sdk-rebuild/docs/platform/evidence/input-flags/browser/run-1788825254705-62322/agent-2-close-failure.log
ca3d163bab055381827226140568f3bef7eaac187cebd76878e0b63e9e442356	3	<audit>/data-toolchain-packaging/sdk-rebuild/docs/platform/evidence/input-flags/browser/run-1788825254705-62322/agent-browser-config.json.log
6059f1cd8917ae3831e492a415d087a2b7507014c131507044d4377328bf434f	3965	<audit>/data-toolchain-packaging/sdk-rebuild/docs/platform/evidence/input-flags/browser/run-1788825254705-62322/archive-members.json.log
a72356e63e4df98c6d297d806450c35d269be4791a5e686ebffa7c224a9c04df	18199	<audit>/data-toolchain-packaging/sdk-rebuild/docs/platform/evidence/input-flags/browser/run-1788825254705-62322/browser-probe.mjs.log
39be8d2d58eeb9336090c756759463796c12d5e5480dd275bbeb26cb527870ca	7581	<audit>/data-toolchain-packaging/sdk-rebuild/docs/platform/evidence/input-flags/browser/run-1788825254705-62322/browser-result.json.log
9fc7409abcb974944cbc6e02e4736ce63749e0b65e185b593a08cfa60f2e4a69	14988	<audit>/data-toolchain-packaging/sdk-rebuild/docs/platform/evidence/input-flags/browser/run-1788825254705-62322/bundle-graphs.json.log
1be160482572480bd22baa0fc5d3e28c11020bc853acd3dc5f648cacabbfbbaf	16300	<audit>/data-toolchain-packaging/sdk-rebuild/docs/platform/evidence/input-flags/browser/run-1788825254705-62322/cases.mjs.log
c450b4ef29d194a520f0b0bd78a063eab6f258bcd3c30ac15b687a79ac5abfbb	141	<audit>/data-toolchain-packaging/sdk-rebuild/docs/platform/evidence/input-flags/browser/run-1788825287747-62400/agent-1-open.log
60b9972fbc32dcda9832a32e7ed4ae42b4ccd4665515b985aa51a710c2528cfc	49	<audit>/data-toolchain-packaging/sdk-rebuild/docs/platform/evidence/input-flags/browser/run-1788825287747-62400/agent-2-wait.log
afaaa28454eee3568aa6286d4482a67ac5f8c5ed921d1a215d168c1ca8bd1ad1	338	<audit>/data-toolchain-packaging/sdk-rebuild/docs/platform/evidence/input-flags/browser/run-1788825287747-62400/agent-3-eval.log
655930ff10426afa1921a262b92c96cae9f187088421455000aee9b947bcbdae	229	<audit>/data-toolchain-packaging/sdk-rebuild/docs/platform/evidence/input-flags/browser/run-1788825287747-62400/agent-4-snapshot.log
246fecde93d293df1f9e0840e5e23829e096efee21c791db612765ffc01cd288	92	<audit>/data-toolchain-packaging/sdk-rebuild/docs/platform/evidence/input-flags/browser/run-1788825287747-62400/agent-5-snapshot.log
19361d50a1c335d77b9088c29de7b89032508af6212e0f661266c23e142d5a88	23	<audit>/data-toolchain-packaging/sdk-rebuild/docs/platform/evidence/input-flags/browser/run-1788825287747-62400/agent-6-errors.log
412d328328075ef6357d98147ecbc26bb369ebebf5f28aac3fe726eaf5a25ad3	234	<audit>/data-toolchain-packaging/sdk-rebuild/docs/platform/evidence/input-flags/browser/run-1788825287747-62400/agent-7-screenshot.log
58e095d4bd20a60ed7683a53ac578e2788ff2b7eb3b77665045d41fe97452543	41	<audit>/data-toolchain-packaging/sdk-rebuild/docs/platform/evidence/input-flags/browser/run-1788825287747-62400/agent-8-close.log
ca3d163bab055381827226140568f3bef7eaac187cebd76878e0b63e9e442356	3	<audit>/data-toolchain-packaging/sdk-rebuild/docs/platform/evidence/input-flags/browser/run-1788825287747-62400/agent-browser-config.json.log
6059f1cd8917ae3831e492a415d087a2b7507014c131507044d4377328bf434f	3965	<audit>/data-toolchain-packaging/sdk-rebuild/docs/platform/evidence/input-flags/browser/run-1788825287747-62400/archive-members.json.log
436695bef90ba13b1ff6c7f29c1495e52c79309ab0c2ea09b5c5228bdaa47067	18261	<audit>/data-toolchain-packaging/sdk-rebuild/docs/platform/evidence/input-flags/browser/run-1788825287747-62400/browser-probe.mjs.log
fda2d5da1cd6cc12ed82a0bcdcf5ee9b44e24db2dc70b214d9f4bd943357d6c4	99175	<audit>/data-toolchain-packaging/sdk-rebuild/docs/platform/evidence/input-flags/browser/run-1788825287747-62400/browser-probe.png
bfbdfd6770c26b432cd49317e3d0a17f0fddea290d2a41865ccce89ebdab206c	25160	<audit>/data-toolchain-packaging/sdk-rebuild/docs/platform/evidence/input-flags/browser/run-1788825287747-62400/browser-result.json.log
9fc7409abcb974944cbc6e02e4736ce63749e0b65e185b593a08cfa60f2e4a69	14988	<audit>/data-toolchain-packaging/sdk-rebuild/docs/platform/evidence/input-flags/browser/run-1788825287747-62400/bundle-graphs.json.log
1be160482572480bd22baa0fc5d3e28c11020bc853acd3dc5f648cacabbfbbaf	16300	<audit>/data-toolchain-packaging/sdk-rebuild/docs/platform/evidence/input-flags/browser/run-1788825287747-62400/cases.mjs.log
981bfd5b8100fcbd111b10b16c0ffabfca741d3c5ae65640617f2f0fe9d6c1e7	18831	<audit>/data-toolchain-packaging/sdk-rebuild/docs/platform/evidence/input-flags/browser/run-1788825287747-62400/preflight.png
7889c0e29d8b0cc400fad189e7406f29ac54898c16db5bed3e117d87ba02f1a4	131097	<audit>/data-toolchain-packaging/sdk-rebuild/docs/platform/evidence/input-flags/browser/run-1788825287747-62400/trace.zip
63e9027f1ef62c77bdc87bece2f8c4251a7abd57edad17ea393dc61032c6cd2a	2697	<audit>/data-toolchain-packaging/sdk-rebuild/docs/platform/evidence/input-flags/browser/summary.json.log
85afda410a87a1025a6e2c37416c9555920112274fd42e775784a8be512f8df2	1223	<audit>/data-toolchain-packaging/sdk-rebuild/docs/platform/evidence/input-flags/build.log
e172f06a22a1d2adbe7e6441563410d0572369bcc467493d9f35eeab51131603	692	<audit>/data-toolchain-packaging/sdk-rebuild/docs/platform/evidence/input-flags/delivery-artifact.json.log
b6712766ae51e2ff9780a9b422c95f36a54e179768d1cd70d640a5ad1b12c61d	358	<audit>/data-toolchain-packaging/sdk-rebuild/docs/platform/evidence/input-flags/delivery-consumer-audit.json.log
54d3a916c0029a378f5207c068b5f482e0ca13e5cb2f16a0467dff510e83615e	1050	<audit>/data-toolchain-packaging/sdk-rebuild/docs/platform/evidence/input-flags/delivery-consumer20.log
19691a87624c045377440a85ee8ff7e0007083b6faaecfa642240d220dabc47d	1050	<audit>/data-toolchain-packaging/sdk-rebuild/docs/platform/evidence/input-flags/delivery-consumer22.log
7ac466f6856010c2f58526869538fd90574c29aa8160f285823319deb9902dcf	3055	<audit>/data-toolchain-packaging/sdk-rebuild/docs/platform/evidence/input-flags/delivery-inputs.json.log
5daba51cadfd6b437884cefeebb6d40abf5685250d43ab2b78bef9f3a37604a2	2203	<audit>/data-toolchain-packaging/sdk-rebuild/docs/platform/evidence/input-flags/delivery-pack-attempt-1.log
42f4a695df7fc38e4c87c104f7f70dcfe7ae3c5e8fca09c70e89bac20a252cee	2646	<audit>/data-toolchain-packaging/sdk-rebuild/docs/platform/evidence/input-flags/delivery-pack-inventory.json.log
deec7066e3702ee336187ba515845e3a82478bbb9cae60381065de94d9253e91	3865	<audit>/data-toolchain-packaging/sdk-rebuild/docs/platform/evidence/input-flags/delivery-pack.log
eed30eec832992b5f1ef2c59d09ccdc55783ac33ba1e089a4b648fd79776a71b	721	<audit>/data-toolchain-packaging/sdk-rebuild/docs/platform/evidence/input-flags/delivery-packed-parity.json.log
4c2aa7e83752f39be43d48b80f394c3f86bd41ec2fec4ae5a4e5b60636852873	676	<audit>/data-toolchain-packaging/sdk-rebuild/docs/platform/evidence/input-flags/delivery-packed-parity.log
12520b79e2ae1a9d041acff9e66b721cd2ac621bd77b02b059ae917e31dbd117	2500	<audit>/data-toolchain-packaging/sdk-rebuild/docs/platform/evidence/input-flags/delivery-packed-parity.mjs.log
fb3daf1a6df11595821173f5aedf23259961b62bcdef7ca832d3e7ca1a4db3df	369	<audit>/data-toolchain-packaging/sdk-rebuild/docs/platform/evidence/input-flags/delivery-public-artifact.json.log
5b7274a567cba35fe65522e300d64a8e11871ba858252aa63fd371edafb916a2	203	<audit>/data-toolchain-packaging/sdk-rebuild/docs/platform/evidence/input-flags/delivery-source-format.log
eb09f4159cf0f6d4dea3c0225ec40139471ab07e183d0ccca8868f5b857ecf07	925	<audit>/data-toolchain-packaging/sdk-rebuild/docs/platform/evidence/input-flags/engine-tests-final.log
769f53537f9343af7131c2605623c5526d7f1e641039bcb741efd800b3ee5af7	80	<audit>/data-toolchain-packaging/sdk-rebuild/docs/platform/evidence/input-flags/exports-smoke.log
54e908e327d07b4394d958482dcef3789ce9b3aab2f083aebfed6e210521e4e6	8693	<audit>/data-toolchain-packaging/sdk-rebuild/docs/platform/evidence/input-flags/fixed.json.log
17aa973d3f004560237d9a95171210b0671deff23d61628eecf7322ff5938f20	66	<audit>/data-toolchain-packaging/sdk-rebuild/docs/platform/evidence/input-flags/format-check.log
5fdc24caf026ac5fd07e8f523e5ae56cdcf1ed5635bd88bac278056ce5c0716e	421	<audit>/data-toolchain-packaging/sdk-rebuild/docs/platform/evidence/input-flags/geo-build-graph.json.log
a2bfada4f4028891da84056b165a16356919c9e57ed8872aa394191f24c31887	2466	<audit>/data-toolchain-packaging/sdk-rebuild/docs/platform/evidence/input-flags/independent-PLAN.md.log
5080721502d26aa1532e29d54bb31e6d7d2cf90ece2b8233a1633c91423c9971	6280	<audit>/data-toolchain-packaging/sdk-rebuild/docs/platform/evidence/input-flags/independent-REVIEW.md.log
9fd6997dabd25e8854641b799eae066eac997d637371561835b93cf1fadee6c0	2315	<audit>/data-toolchain-packaging/sdk-rebuild/docs/platform/evidence/input-flags/independent-probe.log
1552a45f075f18a0f0c360f29c5710165b35173340499703a021b2a9550da3ec	11299	<audit>/data-toolchain-packaging/sdk-rebuild/docs/platform/evidence/input-flags/independent-probe.test.ts.log
c07b8c57ed01e2b35ee083f5e7f04946aa69fb137aebed61029d7447c0d80991	5732	<audit>/data-toolchain-packaging/sdk-rebuild/docs/platform/evidence/input-flags/independent-result.json.log
2b74683273f9a92d3f1891c7d1bcc43a842aabc3a195bdde98d1975d040f71ea	2108	<audit>/data-toolchain-packaging/sdk-rebuild/docs/platform/evidence/input-flags/independent-source-manifest.json.log
cd24ac24235e0332fac9c34b45904f92c9079a2f5d491bbf38930c31b6111caf	159	<audit>/data-toolchain-packaging/sdk-rebuild/docs/platform/evidence/input-flags/independent-vitest.config.mjs.log
33f03b34d580b042ee35337d44a62c6ce112980c924c1017a9713db6fbc6f12a	34740	<audit>/data-toolchain-packaging/sdk-rebuild/docs/platform/evidence/input-flags/input-flags.patch.log
20c3bfbc326be39dac12c9231e895f66d628df509cf852f1b6673a83dcecd68f	4969	<audit>/data-toolchain-packaging/sdk-rebuild/docs/platform/evidence/input-flags/probe.mjs.log
2f3a4751c21aea5f6dc9fb417ab03986d9f4759b3f6c9c5805d9abe409b4b389	31168	<audit>/data-toolchain-packaging/sdk-rebuild/docs/platform/evidence/input-flags/red-final-suite.log
e0ba573b4f34202ffb7995663aec39d610661d15e20e21b0308c1ef6dbdf57e1	25056	<audit>/data-toolchain-packaging/sdk-rebuild/docs/platform/evidence/input-flags/red.log
81a618cb84fb4b04e3472da720686df64d6e6b51ba3b7f6a80fba30a41b3fa45	7439	<audit>/data-toolchain-packaging/sdk-rebuild/docs/platform/evidence/input-flags/release-build.log
d7a9991cf57c8e0eb62e4e39fa2b1b36aa77f142e151c09bb624223697fc30b5	414	<audit>/data-toolchain-packaging/sdk-rebuild/docs/platform/evidence/input-flags/release-docs-engine.log
83a27fea0014c908bfe53e99910910b8461a20f06088460c72ed5adf3242c335	846	<audit>/data-toolchain-packaging/sdk-rebuild/docs/platform/evidence/input-flags/release-exports-smoke.log
5b7274a567cba35fe65522e300d64a8e11871ba858252aa63fd371edafb916a2	203	<audit>/data-toolchain-packaging/sdk-rebuild/docs/platform/evidence/input-flags/release-format-check.log
bdb3f8bbf4df799fe2f6d91e02dd1c59bf9b1bad07ba61ec9b518adf7ece0ae1	1541	<audit>/data-toolchain-packaging/sdk-rebuild/docs/platform/evidence/input-flags/release-gates.json.log
995d4800fe010ab7b3d77bc592603a57edfdba2b154c3bd23457688ee49f6e86	3752	<audit>/data-toolchain-packaging/sdk-rebuild/docs/platform/evidence/input-flags/release-inputs.json.log
17e363894c98c555ca91f378402accfff9f70f64ab485dff839ee9e6aabc0e77	622	<audit>/data-toolchain-packaging/sdk-rebuild/docs/platform/evidence/input-flags/release-lint.log
c895534fb0f94b45547a0e8b22b9145ceaf5ace6ae3ff7c87bc67882d2c3fd18	285	<audit>/data-toolchain-packaging/sdk-rebuild/docs/platform/evidence/input-flags/release-neutrality-guard.log
ec93245307e322afdee843f9ed42478fadb74e140e2154125e2aef26de8e72f3	9617	<audit>/data-toolchain-packaging/sdk-rebuild/docs/platform/evidence/input-flags/release-pack-dry-run.log
e89ef18fc4869f405632f36573f708b09073061e7845cece3121456a084b5fdc	1155	<audit>/data-toolchain-packaging/sdk-rebuild/docs/platform/evidence/input-flags/release-package-contents.log
c5da1e0b7d40733086e74e93b6631d954893da374558b05312004eae8a425a80	430	<audit>/data-toolchain-packaging/sdk-rebuild/docs/platform/evidence/input-flags/release-production-refresh.json.log
210e30c8e0c21e3a8ea78f4b26306cd41769eb68aabf3a72bcdb065f8b7d6cac	355	<audit>/data-toolchain-packaging/sdk-rebuild/docs/platform/evidence/input-flags/release-registry-checksum.log
56e5ad8d9474013fa55003c550826e329539f93eb63d3fa9697f0147fe8708d0	5093	<audit>/data-toolchain-packaging/sdk-rebuild/docs/platform/evidence/input-flags/release-release-refresh.json.log
33ed87972e32be41cf07cbbf8a97c3bb78523285833ddcd9a269c18f571926aa	2200	<audit>/data-toolchain-packaging/sdk-rebuild/docs/platform/evidence/input-flags/release-test.log
9da7d8cccdceb775d84e2bf5f3980102d7578340d2d1e9da5f552cf6a7442fc8	2203	<audit>/data-toolchain-packaging/sdk-rebuild/docs/platform/evidence/input-flags/release-test20.log
75684d338c8f65ea63f18fb422f0a1f0dc710b44065070c6a9418b8050285ab8	1017	<audit>/data-toolchain-packaging/sdk-rebuild/docs/platform/evidence/input-flags/release-typecheck.log
d6ae5044ee6b5320d569f6b240b41d9cd991a501ea3b716bc3c93a7ee0e0c3bd	5147	<audit>/data-toolchain-packaging/sdk-rebuild/docs/platform/evidence/input-flags/source-inputs.json.log
330a3cf48048288d46c273735f728d4057536b8fdd4f196968ecc56a0b692452	3770	<audit>/data-toolchain-packaging/sdk-rebuild/docs/platform/evidence/input-flags/summary.json.log
6948a24e890e6bcf5504b86c01f924d07970a8edb7e57c79735cc870c9f857fe	147	<audit>/data-toolchain-packaging/sdk-rebuild/docs/platform/evidence/input-flags/typecheck-final.log
817634aa52ffd2c29b5b4e5bd3be723399d7a15c5771f353676c66e5f968b88b	3361	<audit>/data-toolchain-packaging/sdk-rebuild/docs/platform/evidence/receipt/browser-README.md
b956266373cace0309a04d4f02395684da002d137a0b39c5970ff02ab06d9011	345	<audit>/data-toolchain-packaging/sdk-rebuild/docs/platform/evidence/receipt/browser-harness-initialization-failure.log
02b2b67e388603a98ca9730b68f9d8a71047896283d77f2b134a8fa3c4cdacc6	4898	<audit>/data-toolchain-packaging/sdk-rebuild/docs/platform/evidence/receipt/browser-probe.log
f0fd9236537aea620dcc3aa7f74e0cedb56158724f797f86e5fa3ba0bac215ec	11105	<audit>/data-toolchain-packaging/sdk-rebuild/docs/platform/evidence/receipt/browser-probe.mjs.log
1b132a90c388470b078ea88c867ec4e73ce41c239d76b794001361f38569e0a1	18077	<audit>/data-toolchain-packaging/sdk-rebuild/docs/platform/evidence/receipt/browser-probe.png
249c744ed9bab4681236ae93044ac4262473eedc7525009bb709f89b24e3ab74	4874	<audit>/data-toolchain-packaging/sdk-rebuild/docs/platform/evidence/receipt/browser-result.json
e7eabe6331d8aafdaaa2d028fb49e35292b27ca3d54e2c0c8b97ffc4cd0a1242	481	<audit>/data-toolchain-packaging/sdk-rebuild/docs/platform/evidence/receipt/browser-sandbox-failure.log
c90c42a498fb200ee48a323be39313f065528f2076cf7f47b7eddbe14c4dfb91	2737	<audit>/data-toolchain-packaging/sdk-rebuild/docs/platform/evidence/receipt/fixture-generation.json
5a1def9f4677ea2e3725ee3ad80986248a292bd75fb85803968c947866357e2a	2003	<audit>/data-toolchain-packaging/sdk-rebuild/docs/platform/evidence/receipt/fixture-verification.json
130edb36086370935050f974ba8010cbeee1e41b11a0288da756d746732acfd0	4431	<audit>/data-toolchain-packaging/sdk-rebuild/docs/platform/evidence/receipt/independent-REVIEW.md
0c760b4b291e3fb5fa539c739b055fd0112e7764cf51b4bfb271a5e6bce6240e	2344	<audit>/data-toolchain-packaging/sdk-rebuild/docs/platform/evidence/receipt/independent-summary.json
fca6b53c1992ad5c5786a198dd4df6291439a58691982bee18a920685d8d2ea5	16173	<audit>/data-toolchain-packaging/sdk-rebuild/docs/platform/evidence/receipt/integrator-counterexamples.json
510a27ec34c4a9961904f3d9b55f20dd0450edf831f16a24827f921f03360324	2484	<audit>/data-toolchain-packaging/sdk-rebuild/docs/platform/evidence/receipt/integrator-counterexamples.mjs.log
eb2629bd6f8b17523dcd88e20b54f2f442d2c6662d4721298f56f0c98404814d	5550	<audit>/data-toolchain-packaging/sdk-rebuild/docs/platform/evidence/receipt/integrator-error-probes.json
a1eb63998dfb6d4b31df89095451cba2f6098cbe7f54b4e8f0f6436061f22199	4707	<audit>/data-toolchain-packaging/sdk-rebuild/docs/platform/evidence/receipt/integrator-error-probes.mjs.log
c71adebce2645b29368b383ec90793c37b40e2a581cfe7e543f956fc54b11cc7	415	<audit>/data-toolchain-packaging/sdk-rebuild/docs/platform/evidence/receipt/integrator-json-differential.json
92c435a111748a68b99c727d944c139700e5d4b2d8d51634cbc43ddc088766ae	3097	<audit>/data-toolchain-packaging/sdk-rebuild/docs/platform/evidence/receipt/integrator-json-differential.mjs.log
a1ad44335db0860bf85044ff2d6c2d6e7f3d150a6a5b7fba75cfc779935420ed	4791	<audit>/data-toolchain-packaging/sdk-rebuild/docs/platform/evidence/receipt/integrator-probe.json
bc8691ebae739d1183270d03f521b32bd7bc3a9131650f2749ee1b08e93f6ebb	7352	<audit>/data-toolchain-packaging/sdk-rebuild/docs/platform/evidence/receipt/integrator-probe.mjs.log
57c39cc8655c1d28a656c7cd24c8988a7e798912542831c516463658f3060900	3435	<audit>/data-toolchain-packaging/sdk-rebuild/docs/platform/evidence/receipt/integrator-temporal.json
cce9b9ca61971926f7239879b2219740e481a7052eda76b6ff2c9d1064551769	5475	<audit>/data-toolchain-packaging/sdk-rebuild/docs/platform/evidence/receipt/integrator-temporal.mjs.log
5d8fbe7941dd3fb01fff8e9efa29f85153313adc442a66712f8bba3cb0e62274	18545	<audit>/data-toolchain-packaging/sdk-rebuild/docs/platform/evidence/receipt/normalization.json
fcd426fe4b7f31850dc9fe7a3084094b9529a3c1578d12a7798a0a42c7a3609f	538	<audit>/data-toolchain-packaging/sdk-rebuild/docs/platform/evidence/receipt/public-artifact.json
c3c6d67896e45c71db9865c33c154d33afebeeb311408ca10c2a3aef8883c80c	7389	<audit>/data-toolchain-packaging/sdk-rebuild/docs/platform/evidence/receipt/receipt-build.log
b6712766ae51e2ff9780a9b422c95f36a54e179768d1cd70d640a5ad1b12c61d	358	<audit>/data-toolchain-packaging/sdk-rebuild/docs/platform/evidence/receipt/receipt-consumer-audit.json
2ffe7ded97945534323b1e8912c000e0914edc9df978d1063711d505b25af51d	544	<audit>/data-toolchain-packaging/sdk-rebuild/docs/platform/evidence/receipt/receipt-consumer20.json
d6bbc0a0293482e04e85e08b4084b288a1ff221fc40762eaf963a3464bf612be	544	<audit>/data-toolchain-packaging/sdk-rebuild/docs/platform/evidence/receipt/receipt-consumer22.json
77871cb53ca18dbde8976a52e4633daa51e6be13b161bf4aa3184ed29d73b881	1154	<audit>/data-toolchain-packaging/sdk-rebuild/docs/platform/evidence/receipt/receipt-contents-final.log
a55b6513ac18bafd9f09905ab84de17dc07c50057a9d341fcc57ae7253ed5ad0	413	<audit>/data-toolchain-packaging/sdk-rebuild/docs/platform/evidence/receipt/receipt-docs-final.log
a55b6513ac18bafd9f09905ab84de17dc07c50057a9d341fcc57ae7253ed5ad0	413	<audit>/data-toolchain-packaging/sdk-rebuild/docs/platform/evidence/receipt/receipt-docs.log
01c319df3ba23f010fd1ac7b0a33a2f83091b554906a57624d08fc66800b364b	1177	<audit>/data-toolchain-packaging/sdk-rebuild/docs/platform/evidence/receipt/receipt-engine-build-final.log
979c30f2e74aea3c3111d141917b19d8bea61f09195cd9dfea501e1a66bcbbdd	1096	<audit>/data-toolchain-packaging/sdk-rebuild/docs/platform/evidence/receipt/receipt-error-final.json
b9492329bd2d31924c6b96999388cbd68faf4e98c6a03b953783e8f37000f694	1904	<audit>/data-toolchain-packaging/sdk-rebuild/docs/platform/evidence/receipt/receipt-error-probe.cjs.log
a8675d7fe75cc7b0a70a058e027359947bf260afa4a78b43ab5d42820ee2f70b	775	<audit>/data-toolchain-packaging/sdk-rebuild/docs/platform/evidence/receipt/receipt-error-working.json
c639b3a9c09fff02adf283ab2791c6b3486953f952648c88dfc4d30b176fa8a8	845	<audit>/data-toolchain-packaging/sdk-rebuild/docs/platform/evidence/receipt/receipt-exports-final.log
c639b3a9c09fff02adf283ab2791c6b3486953f952648c88dfc4d30b176fa8a8	845	<audit>/data-toolchain-packaging/sdk-rebuild/docs/platform/evidence/receipt/receipt-exports-smoke.log
cc4adfe1dc36d4c69ab31123f8481e4f64ed8b3056b0fa737a958cf2786bb4ea	353	<audit>/data-toolchain-packaging/sdk-rebuild/docs/platform/evidence/receipt/receipt-focused-final.log
1aface525c7d48349d2661b3a18db6dee8bb8f16e508ed7e56aa27d68ffae69c	202	<audit>/data-toolchain-packaging/sdk-rebuild/docs/platform/evidence/receipt/receipt-format-check.log
1aface525c7d48349d2661b3a18db6dee8bb8f16e508ed7e56aa27d68ffae69c	202	<audit>/data-toolchain-packaging/sdk-rebuild/docs/platform/evidence/receipt/receipt-format-final.log
758090bed38e8da8bbb0edca3d172a582c68dbfac550cdeafdb3f0837e45c31f	2609	<audit>/data-toolchain-packaging/sdk-rebuild/docs/platform/evidence/receipt/receipt-gates.json
4beadebaf6a3dfe5a25a083d099762b57f4c160b98328bbcb61f6beb3be2d3d5	620	<audit>/data-toolchain-packaging/sdk-rebuild/docs/platform/evidence/receipt/receipt-lint.log
961034b9bd25a40f043dffc824028d44a6a6adba8f93cfa12b8eb336f4c66c1e	284	<audit>/data-toolchain-packaging/sdk-rebuild/docs/platform/evidence/receipt/receipt-neutrality-final.log
80427231c62614e005e1c92ff6b616609520a3a005b4683aa3dbee13272c907f	559	<audit>/data-toolchain-packaging/sdk-rebuild/docs/platform/evidence/receipt/receipt-neutrality-guard.log
961034b9bd25a40f043dffc824028d44a6a6adba8f93cfa12b8eb336f4c66c1e	284	<audit>/data-toolchain-packaging/sdk-rebuild/docs/platform/evidence/receipt/receipt-neutrality-with-evidence.log
a9e4f012f946124c6bc2efe95f921c1fd276fd86daf4b18fa204c7944eefcc1e	1968	<audit>/data-toolchain-packaging/sdk-rebuild/docs/platform/evidence/receipt/receipt-node20-final.log
24186b746307ee62e742c3569443c9e54c4fc54f82ea98332bca6352f79cac7f	1967	<audit>/data-toolchain-packaging/sdk-rebuild/docs/platform/evidence/receipt/receipt-node20-tests.log
da8e4972ccd33fc4016983983887e8cf431135d5e2c32cf84651c7eca36bfa36	664	<audit>/data-toolchain-packaging/sdk-rebuild/docs/platform/evidence/receipt/receipt-numerical-parity.json
aee876d8e4d3344cae8cfa8a2f0596fa343e8e6f3e737ebdcdcdd2dfd957f9ae	9538	<audit>/data-toolchain-packaging/sdk-rebuild/docs/platform/evidence/receipt/receipt-pack-dry-run.log
e079a6d58d9141a1940f51f829bc54d2ce25bd0503f9a59fac6c87ebe5cebb8a	2544	<audit>/data-toolchain-packaging/sdk-rebuild/docs/platform/evidence/receipt/receipt-pack.json
bf8bc6b4746b2f01d1b990006a1925c48ddac08b43f680d45e3409ab5d0aba2b	1154	<audit>/data-toolchain-packaging/sdk-rebuild/docs/platform/evidence/receipt/receipt-package-contents.log
0b9d171811bf49a5a9600e354d9aa3543e74f17bef31ff6b25a07aab1de13def	2090	<audit>/data-toolchain-packaging/sdk-rebuild/docs/platform/evidence/receipt/receipt-parity.mjs.log
81da211050055f25f09d5fe99c33e082144080fe01f823497262e41329a58a55	354	<audit>/data-toolchain-packaging/sdk-rebuild/docs/platform/evidence/receipt/receipt-registry-checksum.log
17aa973d3f004560237d9a95171210b0671deff23d61628eecf7322ff5938f20	66	<audit>/data-toolchain-packaging/sdk-rebuild/docs/platform/evidence/receipt/receipt-source-format-final.log
712bacd981ef4dbfd9403a653741928f19c1b9ac14d45dbd0759bbc86b86f916	2068	<audit>/data-toolchain-packaging/sdk-rebuild/docs/platform/evidence/receipt/receipt-test.log
02507218391d05df23f398562e394ac28b91840fd77806776250f6f3ff1a9ed2	2068	<audit>/data-toolchain-packaging/sdk-rebuild/docs/platform/evidence/receipt/receipt-tests-final.log
4dd334a4ef40e86c4fef8b0ee7750cf9c374d172136bb68bc34c7f5391012199	137	<audit>/data-toolchain-packaging/sdk-rebuild/docs/platform/evidence/receipt/receipt-typecheck-final.log
7b6c33ec14d42f7bce57a0694015198b1be1de57e2acf62e10bfaf8b63040c2e	1015	<audit>/data-toolchain-packaging/sdk-rebuild/docs/platform/evidence/receipt/receipt-typecheck.log
f00121b3e240e6af71cb9b40cabf175b5580f5aa0c9d2f161d799b98133ca5d8	57	<audit>/data-toolchain-packaging/sdk-rebuild/docs/platform/evidence/receipt/reference-roundtrip.log
112f877dbade8a7f01d277e40fafb395bd0737f3fef3405893035ad67fa1ee19	2640	<audit>/data-toolchain-packaging/sdk-rebuild/docs/platform/evidence/receipt/verify-fixtures.mjs.log
fa89ea9c16b9b78662bcf1e2b0c7f3131072c79f68959fd3ec4a53c17e480cfe	831	<audit>/data-toolchain-packaging/sdk-rebuild/docs/platform/evidence/time-seconds/implementation/consumer-node22.log.log
0d89831b44cda27e491b888399dbe027f345f1452dea92eb11118fced400fce0	831	<audit>/data-toolchain-packaging/sdk-rebuild/docs/platform/evidence/time-seconds/implementation/consumer-node24.log.log
6792774a624da140cdd1dae2f80097a4cdf7e22c7f0db994763b1baafd418fa3	368	<audit>/data-toolchain-packaging/sdk-rebuild/docs/platform/evidence/time-seconds/implementation/final-focused-tests.log.log
5083bfdbae92a8838d2db6be8738a3f800c438ecfdb247dd8b5e2402766a47e9	68	<audit>/data-toolchain-packaging/sdk-rebuild/docs/platform/evidence/time-seconds/implementation/final-format.log.log
eca30458ca39bc872286b20c9951f84617893106dece5f5e065ee79ae41e49d6	370	<audit>/data-toolchain-packaging/sdk-rebuild/docs/platform/evidence/time-seconds/implementation/focused-tests.log.log
0ba76327d1a7a83effbc48f690b3915e6e712e7647fefe8bc9272bd7e7535f08	110	<audit>/data-toolchain-packaging/sdk-rebuild/docs/platform/evidence/time-seconds/implementation/format.log.log
7e51209d8b73b9f72e9ee5654b7275e0dc0c151099964cd4140fb4005541578b	6025	<audit>/data-toolchain-packaging/sdk-rebuild/docs/platform/evidence/time-seconds/implementation/manifest.json
8f9e6560e4bae888aef6040973912e57d3cb1ce2241db9a1a0d3bc1f732f1d53	181	<audit>/data-toolchain-packaging/sdk-rebuild/docs/platform/evidence/time-seconds/implementation/metadata-format.log.log
06a61b5721c3f1b386ef525b8b77427039785b0799375ebdbb74e760a9d5f186	7132	<audit>/data-toolchain-packaging/sdk-rebuild/docs/platform/evidence/time-seconds/implementation/original-regressions.log.log
0531eb4529cb04249a2fd5f41362fe454ed5f8c44355df60a84ac87d5c0988ed	321	<audit>/data-toolchain-packaging/sdk-rebuild/docs/platform/evidence/time-seconds/implementation/pack-initial-cache-error.json.log
7acb7d2773b18911127335b9ce05282ed046345ce23872d718d821eb460fd597	2646	<audit>/data-toolchain-packaging/sdk-rebuild/docs/platform/evidence/time-seconds/implementation/pack.json.log
e3b0c44298fc1c149afbf4c8996fb92427ae41e4649b934ca495991b7852b855	0	<audit>/data-toolchain-packaging/sdk-rebuild/docs/platform/evidence/time-seconds/implementation/pack.log.log
96d5fac7bef3ad2f2414f42718da669c2458f1e0edd3e1a1ef09f882504c7f50	7484	<audit>/data-toolchain-packaging/sdk-rebuild/docs/platform/evidence/time-seconds/implementation/release/build.log.log
f7fc50cd39f67e7b52654d8e168b97d47e6f69ec17a910d1bdc1732445a758fa	371	<audit>/data-toolchain-packaging/sdk-rebuild/docs/platform/evidence/time-seconds/implementation/release/checksum.log.log
07043edab9c7507d71b8368c36da2a6d7ad3483f755ca64c6973adce5dd41603	1187	<audit>/data-toolchain-packaging/sdk-rebuild/docs/platform/evidence/time-seconds/implementation/release/contents.log.log
c19f159c86ea72abde3cc611787ac9392b9cc44134abbc2bab96e1bd755600ea	446	<audit>/data-toolchain-packaging/sdk-rebuild/docs/platform/evidence/time-seconds/implementation/release/docs.log.log
c4007f57665db7bcf63f154d49e8b037b05157b3bbffcb2d01a7e8e2a98b79ab	878	<audit>/data-toolchain-packaging/sdk-rebuild/docs/platform/evidence/time-seconds/implementation/release/exports.log.log
6f8fcd78ce4c82495221b44d993dc3388d971376908a7e58781776e40f58bb5f	211	<audit>/data-toolchain-packaging/sdk-rebuild/docs/platform/evidence/time-seconds/implementation/release/format.log.log
76b94c7233642fd68be1ac8702aa917fe0862eac23e445d9e6c78236a326a9f3	2956	<audit>/data-toolchain-packaging/sdk-rebuild/docs/platform/evidence/time-seconds/implementation/release/gates.json.log
b4584f9c7b939ba98f617b9aaeff9d11a8282f9cfdf1633fc7b38b685987b118	654	<audit>/data-toolchain-packaging/sdk-rebuild/docs/platform/evidence/time-seconds/implementation/release/lint.log.log
4475749a7cc5c5306d44faaf3990eaf0e8b5cc8f827e97eb5a8b8275574a96c7	301	<audit>/data-toolchain-packaging/sdk-rebuild/docs/platform/evidence/time-seconds/implementation/release/neutrality.log.log
5e1f38f8664c6e6aaf19776cfdf311791f0c3f6fbf85e05de81648b476f9f2b9	9639	<audit>/data-toolchain-packaging/sdk-rebuild/docs/platform/evidence/time-seconds/implementation/release/pack-dry.log.log
1752f853bd3c893d52789f4daafa7d86819039066fd921126252663c95b8bf6d	2286	<audit>/data-toolchain-packaging/sdk-rebuild/docs/platform/evidence/time-seconds/implementation/release/test.log.log
8394cfdac93c3bdcce8da56278dfb3f92359417aebfcfee7ba03acb800ddafaf	1065	<audit>/data-toolchain-packaging/sdk-rebuild/docs/platform/evidence/time-seconds/implementation/release/typecheck.log.log
cb2d6605f4c380d4657a4304bd03b2a04476d230fc7841e33ee614db41c0175b	12141	<audit>/data-toolchain-packaging/sdk-rebuild/docs/platform/evidence/time-seconds/implementation/sdk-seconds-base-pr.json.log
24be0e68b3f8f19a656b4cefa19c89d7ae0d362734b7825edf49125438ef928d	3853	<audit>/data-toolchain-packaging/sdk-rebuild/docs/platform/evidence/time-seconds/implementation/sdk-seconds-hold.json.log
6d825807f39e2952a8b8720ef8245aef147b8fc133b423b756b3fc6f24374a77	6465	<audit>/data-toolchain-packaging/sdk-rebuild/docs/platform/evidence/time-seconds/implementation/sdk-seconds-install.log.log
74f29b8119200d2bb7e9df54a5265a1f42056a88a6c1c0cef63f971ed3a9ef87	866	<audit>/data-toolchain-packaging/sdk-rebuild/docs/platform/evidence/time-seconds/implementation/source-identity.json.log
2e98865446b015d070bcda8282eb4272664ab547e8620c9fd57c9fbf87a4cb0f	2174	<audit>/data-toolchain-packaging/sdk-rebuild/docs/platform/evidence/time-seconds/implementation/test-node24.log.log
d4f6d4cc9002c18b07dca140a8baeb16e9238be6f503c1af896c628f9cd6a6f7	1633	<audit>/data-toolchain-packaging/sdk-rebuild/docs/platform/evidence/time-seconds/implementation/zodiacs-platform-sdk-seconds-gates.py.log
947c5a1497aa9fd4078fe3d94abe4683e7d74ed2d6453ae2810d18b08f4d7cb8	5359	<audit>/data-toolchain-packaging/sdk-rebuild/docs/platform/evidence/time-seconds/independent-review/REVIEW.md.log
74f29b8119200d2bb7e9df54a5265a1f42056a88a6c1c0cef63f971ed3a9ef87	866	<audit>/data-toolchain-packaging/sdk-rebuild/docs/platform/evidence/time-seconds/independent-review/author-source-identity.json.log
8dded1aea3cc4318a0a07f2777892584709a7543a3d33f2b773fb92d132c93fe	5628	<audit>/data-toolchain-packaging/sdk-rebuild/docs/platform/evidence/time-seconds/independent-review/baseline/packages/engine/CHANGELOG.md.log
4bb5149b88c323e4730687e92c17ab55c2742f8fe2ac2bc218408cffdb559e1c	15784	<audit>/data-toolchain-packaging/sdk-rebuild/docs/platform/evidence/time-seconds/independent-review/baseline/packages/engine/README.md.log
84206969fb8c9c78c1abee1cfb4ebeda6b862c77bff0e5f7effc2ebc47826387	2154	<audit>/data-toolchain-packaging/sdk-rebuild/docs/platform/evidence/time-seconds/independent-review/baseline/packages/engine/package.json.log
33566edb5a1fd1c6092f769c01e91b67904d3018afccfbe8bdc69857ce19871a	7316	<audit>/data-toolchain-packaging/sdk-rebuild/docs/platform/evidence/time-seconds/independent-review/baseline/packages/engine/src/api.ts.log
f0c69b344ea2c1808c9e18da13ffd89daf05898a3fce4d004778b8cb8bc5a154	2690	<audit>/data-toolchain-packaging/sdk-rebuild/docs/platform/evidence/time-seconds/independent-review/baseline/packages/engine/src/aspects.ts.log
144fd683942ec434088c6a214dbe1f0b87cba13f545c38deaca8e5fcaf12581e	3227	<audit>/data-toolchain-packaging/sdk-rebuild/docs/platform/evidence/time-seconds/independent-review/baseline/packages/engine/src/birth-input.ts.log
f9db8865bf143d6334eb93d9618f50aa6a81ba32273b0a103d2a83e3c8014675	2014	<audit>/data-toolchain-packaging/sdk-rebuild/docs/platform/evidence/time-seconds/independent-review/baseline/packages/engine/src/date-input.ts.log
c1b83c6f1a59972707f4cbb6c433b4edbcb8c9e65c623a37894a402cc0fee3c0	8649	<audit>/data-toolchain-packaging/sdk-rebuild/docs/platform/evidence/time-seconds/independent-review/baseline/packages/engine/src/engine.test.ts.log
3481029c0836bcf641bb4e2f9bea8e57d01358babce07bda6de8fdc9a9fe4418	5224	<audit>/data-toolchain-packaging/sdk-rebuild/docs/platform/evidence/time-seconds/independent-review/baseline/packages/engine/src/ephemeris.ts.log
9efcf6e241d2c727897d4617284343205a5a3ab8840cca85e6da3162f1a66863	14101	<audit>/data-toolchain-packaging/sdk-rebuild/docs/platform/evidence/time-seconds/independent-review/baseline/packages/engine/src/geo/geonames-schema.test.ts.log
8c63377f18da3716c9e7d64c72eedc927e58176853a65790f4be273c683c6806	7493	<audit>/data-toolchain-packaging/sdk-rebuild/docs/platform/evidence/time-seconds/independent-review/baseline/packages/engine/src/geo/geonames.test.ts.log
fd4363799fb26f3682b8c54054afc07761d7c301cdb798e6afc40965df150437	7290	<audit>/data-toolchain-packaging/sdk-rebuild/docs/platform/evidence/time-seconds/independent-review/baseline/packages/engine/src/geo/geonames.ts.log
5f83d4aebe7a5eb32939a63a249492fe512864fe55209e86f4d129ef535145c9	7840	<audit>/data-toolchain-packaging/sdk-rebuild/docs/platform/evidence/time-seconds/independent-review/baseline/packages/engine/src/geo/timezone.ts.log
68f03a699351526509f9262a6976cc53cd5482447a1219e90eed052c77e8bbce	5499	<audit>/data-toolchain-packaging/sdk-rebuild/docs/platform/evidence/time-seconds/independent-review/baseline/packages/engine/src/geo.test.ts.log
bb8e3e0497b2180b6c20954807d56206fe90d208760d730125493eef22464687	334	<audit>/data-toolchain-packaging/sdk-rebuild/docs/platform/evidence/time-seconds/independent-review/baseline/packages/engine/src/geo.ts.log
e2c0299060209e7a20dd98b7705490291c2086939bc0ad5ed87f6044b6a864b0	4372	<audit>/data-toolchain-packaging/sdk-rebuild/docs/platform/evidence/time-seconds/independent-review/baseline/packages/engine/src/houses-regression.test.ts.log
c2f0ba0649778efd160986c592648951beb4069afc9049f7fde3f7587e45b8f6	5382	<audit>/data-toolchain-packaging/sdk-rebuild/docs/platform/evidence/time-seconds/independent-review/baseline/packages/engine/src/houses.ts.log
8a8b8237391d42b42c1f4354456ba3ee5b9b603c771eda56949d47f831f4f37c	1382	<audit>/data-toolchain-packaging/sdk-rebuild/docs/platform/evidence/time-seconds/independent-review/baseline/packages/engine/src/index.ts.log
0a1ef19d3fa5cf5d7a2f20aa0a8d65b5c21a67f1612208700e0e2d0905070132	15808	<audit>/data-toolchain-packaging/sdk-rebuild/docs/platform/evidence/time-seconds/independent-review/baseline/packages/engine/src/input-flags.test.ts.log
581c4109db30cf6c2a6cce9c6e155d7eade3367a007e49e8c7628e89f64347a1	960	<audit>/data-toolchain-packaging/sdk-rebuild/docs/platform/evidence/time-seconds/independent-review/baseline/packages/engine/src/internal-math.ts.log
e5102198da1a5218e5695fce997fddac45e70732511b5d904f815f8db7d3722e	467	<audit>/data-toolchain-packaging/sdk-rebuild/docs/platform/evidence/time-seconds/independent-review/baseline/packages/engine/src/internal.ts.log
166a8943788ab4da20fc3f66e4e132a16bea1aea328238ead517151288b74bf3	6143	<audit>/data-toolchain-packaging/sdk-rebuild/docs/platform/evidence/time-seconds/independent-review/baseline/packages/engine/src/public-input.test.ts.log
9771c80a0e64e93612b1f345ec865ee238d34491f21031dc025761410740faf6	4942	<audit>/data-toolchain-packaging/sdk-rebuild/docs/platform/evidence/time-seconds/independent-review/baseline/packages/engine/src/receipt-json.test.ts.log
da5627224b593769eea8f1d434815ad34f422f44e1ef38a6687f86d8ccf8dd5c	4041	<audit>/data-toolchain-packaging/sdk-rebuild/docs/platform/evidence/time-seconds/independent-review/baseline/packages/engine/src/receipt-json.ts.log
93675aae9213493c8939089769c502f4b4cf31aece77d82a4c55cd9f91ab24bf	22478	<audit>/data-toolchain-packaging/sdk-rebuild/docs/platform/evidence/time-seconds/independent-review/baseline/packages/engine/src/receipt.test.ts.log
6a2513769934da7b72ab2e07c66df2d48e49fe2d8a8b54b737c2424d301778d8	27874	<audit>/data-toolchain-packaging/sdk-rebuild/docs/platform/evidence/time-seconds/independent-review/baseline/packages/engine/src/receipt.ts.log
1e06f8f9656638633bb319520e696674623cdd4726c535c9949810718eeede8a	3675	<audit>/data-toolchain-packaging/sdk-rebuild/docs/platform/evidence/time-seconds/independent-review/baseline/packages/engine/src/returns-bounds.test.ts.log
46fbd642b27300d4d48ed2878c0cfaa0c4f885b59039c9d819e602aec3033915	2550	<audit>/data-toolchain-packaging/sdk-rebuild/docs/platform/evidence/time-seconds/independent-review/baseline/packages/engine/src/returns-crossings.test.ts.log
cccc2e526ea00f8a5466a8d5784d8cc2b9b191f639794435a4e273e2288a087c	6792	<audit>/data-toolchain-packaging/sdk-rebuild/docs/platform/evidence/time-seconds/independent-review/baseline/packages/engine/src/returns.ts.log
25b7cc9006624254995bd21f5dbaef92f4e61ef476b570589122a034896072dd	2676	<audit>/data-toolchain-packaging/sdk-rebuild/docs/platform/evidence/time-seconds/independent-review/baseline/packages/engine/src/signs.ts.log
482ad89ae8df0bc5f3e8813d39400e8d3f7ceff4cad8d79fa0b5cdf3627ac1f7	2459	<audit>/data-toolchain-packaging/sdk-rebuild/docs/platform/evidence/time-seconds/independent-review/baseline/packages/engine/src/synastry.ts.log
39c5df88fb26df2f47de6e6e6bd6a4f6557b38d637aa80fac1af7487f5cdcd6f	4510	<audit>/data-toolchain-packaging/sdk-rebuild/docs/platform/evidence/time-seconds/independent-review/baseline/packages/engine/src/types.ts.log
19e5145a2027d10ee438c324aa61881a67b6d82cb048c783d9146c5ba68f6ae7	328	<audit>/data-toolchain-packaging/sdk-rebuild/docs/platform/evidence/time-seconds/independent-review/baseline-entry.ts.log
073a2d5a82fad6b718cbd67fd00fb38c68cbf65427c664ff8b4cb7896b901147	129280	<audit>/data-toolchain-packaging/sdk-rebuild/docs/platform/evidence/time-seconds/independent-review/baseline-subject.mjs.log
ca7a3deaaf070db3445a32ba896a371510136a2d455d9dc7da1b6f7dc9a1663a	29680	<audit>/data-toolchain-packaging/sdk-rebuild/docs/platform/evidence/time-seconds/independent-review/browser-result.json.log
d0312c2fd2cc365cc210dafe39b3ddd945d03335c12481af95846ac10ab6140b	503	<audit>/data-toolchain-packaging/sdk-rebuild/docs/platform/evidence/time-seconds/independent-review/browser-run.log.log
f3d2755bbd666c58149d83e3bec2c7fa9dc3159576fae680bb600e281b2041f0	4413	<audit>/data-toolchain-packaging/sdk-rebuild/docs/platform/evidence/time-seconds/independent-review/browser-run.mjs.log
4a3e1ccc9198af441601c00ba3fcf3631fb66150f58996aaf51420e93dd2f93b	239	<audit>/data-toolchain-packaging/sdk-rebuild/docs/platform/evidence/time-seconds/independent-review/build.log.log
ac86b4111378b64f7394e3c8d4691f716d6dada7872303bcfe923084d276fe05	1641	<audit>/data-toolchain-packaging/sdk-rebuild/docs/platform/evidence/time-seconds/independent-review/build.mjs.log
eeb922b3a1e7301dbcce0b24fe10c7e5f7632368faa2413c8dddf119b2771469	5443	<audit>/data-toolchain-packaging/sdk-rebuild/docs/platform/evidence/time-seconds/independent-review/bundle-inputs.json.log
a5e81b23b9b9664c72b76408bbe096117b5e00e0bd67f6fc297e203821439f0c	6727	<audit>/data-toolchain-packaging/sdk-rebuild/docs/platform/evidence/time-seconds/independent-review/candidate/packages/engine/CHANGELOG.md.log
e2f4242bd330ccc4ac63df238c9e3561d4b3ea4a6eb8b8f9fd2de8cffae7d7b2	15856	<audit>/data-toolchain-packaging/sdk-rebuild/docs/platform/evidence/time-seconds/independent-review/candidate/packages/engine/README.md.log
b9318c0a5afca031f3a823c6f5001337949ab15b9fbc63f7caa0ea10df02fddc	2154	<audit>/data-toolchain-packaging/sdk-rebuild/docs/platform/evidence/time-seconds/independent-review/candidate/packages/engine/package.json.log
33566edb5a1fd1c6092f769c01e91b67904d3018afccfbe8bdc69857ce19871a	7316	<audit>/data-toolchain-packaging/sdk-rebuild/docs/platform/evidence/time-seconds/independent-review/candidate/packages/engine/src/api.ts.log
f0c69b344ea2c1808c9e18da13ffd89daf05898a3fce4d004778b8cb8bc5a154	2690	<audit>/data-toolchain-packaging/sdk-rebuild/docs/platform/evidence/time-seconds/independent-review/candidate/packages/engine/src/aspects.ts.log
144fd683942ec434088c6a214dbe1f0b87cba13f545c38deaca8e5fcaf12581e	3227	<audit>/data-toolchain-packaging/sdk-rebuild/docs/platform/evidence/time-seconds/independent-review/candidate/packages/engine/src/birth-input.ts.log
f9db8865bf143d6334eb93d9618f50aa6a81ba32273b0a103d2a83e3c8014675	2014	<audit>/data-toolchain-packaging/sdk-rebuild/docs/platform/evidence/time-seconds/independent-review/candidate/packages/engine/src/date-input.ts.log
c1b83c6f1a59972707f4cbb6c433b4edbcb8c9e65c623a37894a402cc0fee3c0	8649	<audit>/data-toolchain-packaging/sdk-rebuild/docs/platform/evidence/time-seconds/independent-review/candidate/packages/engine/src/engine.test.ts.log
3481029c0836bcf641bb4e2f9bea8e57d01358babce07bda6de8fdc9a9fe4418	5224	<audit>/data-toolchain-packaging/sdk-rebuild/docs/platform/evidence/time-seconds/independent-review/candidate/packages/engine/src/ephemeris.ts.log
9efcf6e241d2c727897d4617284343205a5a3ab8840cca85e6da3162f1a66863	14101	<audit>/data-toolchain-packaging/sdk-rebuild/docs/platform/evidence/time-seconds/independent-review/candidate/packages/engine/src/geo/geonames-schema.test.ts.log
8c63377f18da3716c9e7d64c72eedc927e58176853a65790f4be273c683c6806	7493	<audit>/data-toolchain-packaging/sdk-rebuild/docs/platform/evidence/time-seconds/independent-review/candidate/packages/engine/src/geo/geonames.test.ts.log
fd4363799fb26f3682b8c54054afc07761d7c301cdb798e6afc40965df150437	7290	<audit>/data-toolchain-packaging/sdk-rebuild/docs/platform/evidence/time-seconds/independent-review/candidate/packages/engine/src/geo/geonames.ts.log
a3bfd13af4483b13e5426ce062340d6f730ec3ee75c92937a9b559ba3f1c33a1	3584	<audit>/data-toolchain-packaging/sdk-rebuild/docs/platform/evidence/time-seconds/independent-review/candidate/packages/engine/src/geo/timezone-precision.test.ts.log
11f7370996a00fff9e1315be4c2fcdbe4641b1b41482e760e3a436995ec04494	8308	<audit>/data-toolchain-packaging/sdk-rebuild/docs/platform/evidence/time-seconds/independent-review/candidate/packages/engine/src/geo/timezone.ts.log
68f03a699351526509f9262a6976cc53cd5482447a1219e90eed052c77e8bbce	5499	<audit>/data-toolchain-packaging/sdk-rebuild/docs/platform/evidence/time-seconds/independent-review/candidate/packages/engine/src/geo.test.ts.log
bb8e3e0497b2180b6c20954807d56206fe90d208760d730125493eef22464687	334	<audit>/data-toolchain-packaging/sdk-rebuild/docs/platform/evidence/time-seconds/independent-review/candidate/packages/engine/src/geo.ts.log
e2c0299060209e7a20dd98b7705490291c2086939bc0ad5ed87f6044b6a864b0	4372	<audit>/data-toolchain-packaging/sdk-rebuild/docs/platform/evidence/time-seconds/independent-review/candidate/packages/engine/src/houses-regression.test.ts.log
c2f0ba0649778efd160986c592648951beb4069afc9049f7fde3f7587e45b8f6	5382	<audit>/data-toolchain-packaging/sdk-rebuild/docs/platform/evidence/time-seconds/independent-review/candidate/packages/engine/src/houses.ts.log
8a8b8237391d42b42c1f4354456ba3ee5b9b603c771eda56949d47f831f4f37c	1382	<audit>/data-toolchain-packaging/sdk-rebuild/docs/platform/evidence/time-seconds/independent-review/candidate/packages/engine/src/index.ts.log
0a1ef19d3fa5cf5d7a2f20aa0a8d65b5c21a67f1612208700e0e2d0905070132	15808	<audit>/data-toolchain-packaging/sdk-rebuild/docs/platform/evidence/time-seconds/independent-review/candidate/packages/engine/src/input-flags.test.ts.log
581c4109db30cf6c2a6cce9c6e155d7eade3367a007e49e8c7628e89f64347a1	960	<audit>/data-toolchain-packaging/sdk-rebuild/docs/platform/evidence/time-seconds/independent-review/candidate/packages/engine/src/internal-math.ts.log
e5102198da1a5218e5695fce997fddac45e70732511b5d904f815f8db7d3722e	467	<audit>/data-toolchain-packaging/sdk-rebuild/docs/platform/evidence/time-seconds/independent-review/candidate/packages/engine/src/internal.ts.log
166a8943788ab4da20fc3f66e4e132a16bea1aea328238ead517151288b74bf3	6143	<audit>/data-toolchain-packaging/sdk-rebuild/docs/platform/evidence/time-seconds/independent-review/candidate/packages/engine/src/public-input.test.ts.log
9771c80a0e64e93612b1f345ec865ee238d34491f21031dc025761410740faf6	4942	<audit>/data-toolchain-packaging/sdk-rebuild/docs/platform/evidence/time-seconds/independent-review/candidate/packages/engine/src/receipt-json.test.ts.log
da5627224b593769eea8f1d434815ad34f422f44e1ef38a6687f86d8ccf8dd5c	4041	<audit>/data-toolchain-packaging/sdk-rebuild/docs/platform/evidence/time-seconds/independent-review/candidate/packages/engine/src/receipt-json.ts.log
93675aae9213493c8939089769c502f4b4cf31aece77d82a4c55cd9f91ab24bf	22478	<audit>/data-toolchain-packaging/sdk-rebuild/docs/platform/evidence/time-seconds/independent-review/candidate/packages/engine/src/receipt.test.ts.log
6a2513769934da7b72ab2e07c66df2d48e49fe2d8a8b54b737c2424d301778d8	27874	<audit>/data-toolchain-packaging/sdk-rebuild/docs/platform/evidence/time-seconds/independent-review/candidate/packages/engine/src/receipt.ts.log
1e06f8f9656638633bb319520e696674623cdd4726c535c9949810718eeede8a	3675	<audit>/data-toolchain-packaging/sdk-rebuild/docs/platform/evidence/time-seconds/independent-review/candidate/packages/engine/src/returns-bounds.test.ts.log
46fbd642b27300d4d48ed2878c0cfaa0c4f885b59039c9d819e602aec3033915	2550	<audit>/data-toolchain-packaging/sdk-rebuild/docs/platform/evidence/time-seconds/independent-review/candidate/packages/engine/src/returns-crossings.test.ts.log
cccc2e526ea00f8a5466a8d5784d8cc2b9b191f639794435a4e273e2288a087c	6792	<audit>/data-toolchain-packaging/sdk-rebuild/docs/platform/evidence/time-seconds/independent-review/candidate/packages/engine/src/returns.ts.log
25b7cc9006624254995bd21f5dbaef92f4e61ef476b570589122a034896072dd	2676	<audit>/data-toolchain-packaging/sdk-rebuild/docs/platform/evidence/time-seconds/independent-review/candidate/packages/engine/src/signs.ts.log
482ad89ae8df0bc5f3e8813d39400e8d3f7ceff4cad8d79fa0b5cdf3627ac1f7	2459	<audit>/data-toolchain-packaging/sdk-rebuild/docs/platform/evidence/time-seconds/independent-review/candidate/packages/engine/src/synastry.ts.log
b56e35fb04903af94fbd0bbb98e4e8d99c298646ef68ddcefca12672d7397a3e	4510	<audit>/data-toolchain-packaging/sdk-rebuild/docs/platform/evidence/time-seconds/independent-review/candidate/packages/engine/src/types.ts.log
4cb67cfdbf265249805af91a453255b69536a9a62b4230c601092e3eb0667ee9	331	<audit>/data-toolchain-packaging/sdk-rebuild/docs/platform/evidence/time-seconds/independent-review/candidate-entry.ts.log
1f86f0565c6d414ea580388918729b171f20ce89ab3c9a873fb621138e8700e1	129460	<audit>/data-toolchain-packaging/sdk-rebuild/docs/platform/evidence/time-seconds/independent-review/candidate-subject.mjs.log
56f7d93580f06e4961109e2d3319ba101605e9e9bb3f58cdd7f64d4ee6f281cd	10807	<audit>/data-toolchain-packaging/sdk-rebuild/docs/platform/evidence/time-seconds/independent-review/checks.mjs.log
2702fba4eb9419940d299e0b33f3c42b6da9ec37de4b069f21e5304e75c2f6ef	24946	<audit>/data-toolchain-packaging/sdk-rebuild/docs/platform/evidence/time-seconds/independent-review/dependency-hashes.json.log
f180adfd6a84bf77e54da8e4c61d9bd2ae4b361e9e5cbf9af24d4c36fcb35802	2330	<audit>/data-toolchain-packaging/sdk-rebuild/docs/platform/evidence/time-seconds/independent-review/final-source-recheck.json.log
e03161d9068646939dee1bf3665a59fae2181178d481cf6d7ae9d68b66996da5	2662	<audit>/data-toolchain-packaging/sdk-rebuild/docs/platform/evidence/time-seconds/independent-review/finalize.mjs.log
53569eae7d9ff27282561800fb934fa548b601ef80c338857542ebd3338a7d37	10541	<audit>/data-toolchain-packaging/sdk-rebuild/docs/platform/evidence/time-seconds/independent-review/initial-checks.mjs.log.log
9d1a4e023069f8b14d27f8c5c5a0eca1d7b550f1cff0bc6ec020042745338644	10551	<audit>/data-toolchain-packaging/sdk-rebuild/docs/platform/evidence/time-seconds/independent-review/initial-key-order-checks.mjs.log.log
bd91c4ecc4c5ba890157ca49b9afd44d10876238d18653fb3dcf07239618f47b	798	<audit>/data-toolchain-packaging/sdk-rebuild/docs/platform/evidence/time-seconds/independent-review/initial-key-order-harness-error.log.log
ccfbcf6739187af2de12245c5c7e456c2ff8883b906aea90a05317b6d4136012	656	<audit>/data-toolchain-packaging/sdk-rebuild/docs/platform/evidence/time-seconds/independent-review/initial-replay-harness-error.log.log
5f6565e6ca0b04059dff727931abd09438b3b9fd3b095a746a855cda5432d282	22342	<audit>/data-toolchain-packaging/sdk-rebuild/docs/platform/evidence/time-seconds/independent-review/manifest.json
0837da9423740c523ddbc19b6ea195c9449489500bb6e40b95846a0358b52ffd	172790	<audit>/data-toolchain-packaging/sdk-rebuild/docs/platform/evidence/time-seconds/independent-review/node-result.json.log
de6416e33e186c3987f142eb377156051fda2f7c3401778665428b9859db2d76	409	<audit>/data-toolchain-packaging/sdk-rebuild/docs/platform/evidence/time-seconds/independent-review/node-run.log.log
82eb3a567b01dd855baf8b39fac5f0aefc1c83c5865c63a5f1a051e14359de64	1479	<audit>/data-toolchain-packaging/sdk-rebuild/docs/platform/evidence/time-seconds/independent-review/node-run.mjs.log
6d4c6abc62e48fef82535e36b97d9661c2a4a16266c8e60791a0628c0f82f3f4	224909	<audit>/data-toolchain-packaging/sdk-rebuild/docs/platform/evidence/time-seconds/independent-review/retained-controls-and-model.json.log
42561e9e635db49e82b79dfb0805846e7d0bf494bc1e4fab03d7301800806e6c	7334	<audit>/data-toolchain-packaging/sdk-rebuild/docs/platform/evidence/time-seconds/independent-review/retained-resolver-followup.md.log
7fbd50cc18f214a622cf8c2b6b8946752d8118c2cc450cfb77fcce1511543248	4036	<audit>/data-toolchain-packaging/sdk-rebuild/docs/platform/evidence/time-seconds/independent-review/setup-identity.json.log
59928db49e66982ab7bc28df4639df85b3c85d43318289d680a45ab68d91a3cb	84	<audit>/data-toolchain-packaging/sdk-rebuild/docs/platform/evidence/time-seconds/independent-review/setup.log.log
fc1489a15d4dc1cd8f87a49dfc5185bf56e36c860ae28d76958f5eefd6d34fda	4012	<audit>/data-toolchain-packaging/sdk-rebuild/docs/platform/evidence/time-seconds/independent-review/setup.mjs.log
b3fd9f48c09dec43985beef787728998253941c2d53228cf0110ac55409ecce9	6933	<audit>/data-toolchain-packaging/sdk-rebuild/docs/platform/fixtures/natal-envelope-draft-v1-polar.json
104d5dfdc4c5c6463ab183a1631eaaefa8bbc069b0ed7f7b01be014981de9bfd	6697	<audit>/data-toolchain-packaging/sdk-rebuild/docs/platform/fixtures/natal-envelope-draft-v1-unknown-0830.json
926f22ea0f703cf0f0d52a0a1a39a23679587431a40755f2225b578b72607604	20310	<audit>/data-toolchain-packaging/sdk-rebuild/docs/platform/receipt-draft-v1.md
1a2c77d592db698eeef9eac16925d701350a4794e2b395a4543d25582586901e	790	<audit>/data-toolchain-packaging/sdk-rebuild/docs/react-hooks.md
64b3d2caa6215344e5549546d7f2f481d6606b632857e156314b47dbbf382ef2	2215	<audit>/data-toolchain-packaging/sdk-rebuild/docs/registry.md
4fe24fd0b724a2cd4ccc33c4a0fcb333cfc5e4b5599a814a9b25f3d52104250c	488	<audit>/data-toolchain-packaging/sdk-rebuild/docs/release-checklist.md
4ba18c7c9c5a669706de7c4ff950dbcb80ce1a1d65e298317f68fb9d25c8a359	2990	<audit>/data-toolchain-packaging/sdk-rebuild/docs/release.md
fbec876c9305b7c52e684257d525e2eddbaa71b5dea5866e90b12ecf682f5500	755	<audit>/data-toolchain-packaging/sdk-rebuild/docs/security.md
57904aaf358913d6057baeb32df90728c0a24153ed0c2d306044164915144f36	872	<audit>/data-toolchain-packaging/sdk-rebuild/docs/solana-integration.md
4f16a07769d1b902bd4d182cc7087bb4be08b443c4f8e2f05175c51c64a8870b	6930	<audit>/data-toolchain-packaging/sdk-rebuild/docs/symbolic-resonance.md
c688be230063f5cb5c3ea3cccb360c2d1c804ced0f7f47b3ff03cdbd7dfca19e	1032	<audit>/data-toolchain-packaging/sdk-rebuild/docs/threat-model.md
4ca4f9d5b8e172bd7fe36c13a9164926ee50d213323c0e82a8f9f437fe618a9d	755	<audit>/data-toolchain-packaging/sdk-rebuild/docs/ui-components.md
bc1f9945356b9c5da6f766db3a123f830ed334028b49ed054f6d06aadc62fb33	985	<audit>/data-toolchain-packaging/sdk-rebuild/docs/verifier.md
b41c593a9491e6463ceb1273cb10057c7b9c7268a7a825727c4f98ecbc74a0b8	3730	<audit>/data-toolchain-packaging/sdk-rebuild/docs/zodiacs-readonly-api.md
4ae2fc3d7e07f0c47ff45ac58dd687803d2d50986311de3c3adca1a09deffc9a	198	<audit>/data-toolchain-packaging/sdk-rebuild/examples/base-app/.env.example
8c21b3bf3d16f9881daf67f7c32a10a189ee90b7effd86b14895a085a68deca3	2962	<audit>/data-toolchain-packaging/sdk-rebuild/examples/base-app/README.md
6d4022fc9e3eb9ff241bf4535270b36b33278a37a9d9a165f773dcf0b8e02e0b	2405	<audit>/data-toolchain-packaging/sdk-rebuild/examples/base-app/app/globals.css
04a2ee9b8f26676cca603035d95a583bc5c28e0f5bf2b6608e2faebe7276b71f	524	<audit>/data-toolchain-packaging/sdk-rebuild/examples/base-app/app/layout.tsx
3c871d4ecf6578fad744f7d6ee7a65139960c4c0b765217b9148edaa74795760	134	<audit>/data-toolchain-packaging/sdk-rebuild/examples/base-app/app/page.tsx
62edaa75fcb26ef2da3980bd0995f7f063f136b073246951283117e97f3adef1	513	<audit>/data-toolchain-packaging/sdk-rebuild/examples/base-app/app/providers.tsx
fa6cfbf2c4a6895e247f11413726657c8337f4d3d0a1570edb45a7c34608f176	4088	<audit>/data-toolchain-packaging/sdk-rebuild/examples/base-app/app/read-only-base-profile.tsx
9db3c50b19acd256d94be8e5289731371e5dab97d6360a4e381f8e3a102e4b24	1056	<audit>/data-toolchain-packaging/sdk-rebuild/examples/base-app/config/wagmi.ts
85ae5aee75f011967cf2d25cbc342f62d69314e9d925f7f4aa3456fc2cffcca6	262	<audit>/data-toolchain-packaging/sdk-rebuild/examples/base-app/next-env.d.ts
10499bf3cc00ef97622fcd1a94b1ade5f9a9dfd5c2a1b6b1b614de76d36e5a09	289	<audit>/data-toolchain-packaging/sdk-rebuild/examples/base-app/next.config.mjs
e42ece00be49708e64aed85c34dce2ff14d83a3ada0bb9c27e03f48e8dd3f74a	667	<audit>/data-toolchain-packaging/sdk-rebuild/examples/base-app/package.json
412fb1e5043f329d8ecd099bf1932cd0a2e7b7615ae7c631ec2cec373653608f	528	<audit>/data-toolchain-packaging/sdk-rebuild/examples/base-app/tsconfig.json
608f78f08d3933ece0594cf1cebd0fbcba002fa02aa3f99866313420ba636427	736	<audit>/data-toolchain-packaging/sdk-rebuild/examples/base-app/tsconfig.typecheck.json
e9296b2a83658aa8eac3aef554f69f58c1259746d05b5bf612c31a3ed350bc15	65	<audit>/data-toolchain-packaging/sdk-rebuild/examples/nextjs/.env.example
548d4060cf4499ff6132f87a75ef7ab29b8d16f1612da2ee87330d3399fcd1be	1570	<audit>/data-toolchain-packaging/sdk-rebuild/examples/nextjs/README.md
5398c681d4d1b6f9d35a06dc6bebf52eb204fbfeb9580f7dfa57505062790497	376	<audit>/data-toolchain-packaging/sdk-rebuild/examples/nextjs/app/layout.tsx
a73503bde064806af8bdbd3ac6ace8b029ec5bdc68f3d7abbca1cc62bfb328be	195	<audit>/data-toolchain-packaging/sdk-rebuild/examples/nextjs/app/page.tsx
f3661123882342162a771f01fa96903f1f86a1a0195288a2415b7ed9767eb1e2	11371	<audit>/data-toolchain-packaging/sdk-rebuild/examples/nextjs/app/zodiacs-demo.tsx
85ae5aee75f011967cf2d25cbc342f62d69314e9d925f7f4aa3456fc2cffcca6	262	<audit>/data-toolchain-packaging/sdk-rebuild/examples/nextjs/next-env.d.ts
fa9771c386299ad48a586b3e4c947a3d8901a4b0aacc438fbfd958ed79349fbe	489	<audit>/data-toolchain-packaging/sdk-rebuild/examples/nextjs/package.json
b026c22b379148500cde0f6b16be9a63209dde6e5a3c06eee87d0a7921034edb	475	<audit>/data-toolchain-packaging/sdk-rebuild/examples/nextjs/tsconfig.json
608f78f08d3933ece0594cf1cebd0fbcba002fa02aa3f99866313420ba636427	736	<audit>/data-toolchain-packaging/sdk-rebuild/examples/nextjs/tsconfig.typecheck.json
e1d643d5929124a5fb02c641abd9617b44d5a05840919039dbf31be1446e4d19	1168	<audit>/data-toolchain-packaging/sdk-rebuild/examples/simastry-aura/README.md
f671237cf04b16b8b06d5067b16e14d3d28490f864838634f1a0deabf078780b	932	<audit>/data-toolchain-packaging/sdk-rebuild/examples/simastry-aura/index.mjs
6386fbc9d203770c1692cde686f047f0aa778d4da9b90c6d9b31e60bb5ea7f7a	220	<audit>/data-toolchain-packaging/sdk-rebuild/examples/simastry-aura/package.json
bf1798c47c17d8ac5d243a97bf0478052763101d45bb655508f9a30ad0cfb3fd	2185	<audit>/data-toolchain-packaging/sdk-rebuild/package.json
a5e81b23b9b9664c72b76408bbe096117b5e00e0bd67f6fc297e203821439f0c	6727	<audit>/data-toolchain-packaging/sdk-rebuild/packages/engine/CHANGELOG.md
9a8ab25f278db9d59a00ee82d1a82d63ee4891a9c417c53b4e2b9942aaab10df	1068	<audit>/data-toolchain-packaging/sdk-rebuild/packages/engine/LICENSE
8a2010524ad7ebf388dabe0bda5ed2ed8753b8bb112f284f0c23826546410096	2591	<audit>/data-toolchain-packaging/sdk-rebuild/packages/engine/LICENSING.md
06a8e2e2bae6d6113e738f8c4ee3869f698fbf39756a26ce842d549dde423450	1378	<audit>/data-toolchain-packaging/sdk-rebuild/packages/engine/NOTICE
e2f4242bd330ccc4ac63df238c9e3561d4b3ea4a6eb8b8f9fd2de8cffae7d7b2	15856	<audit>/data-toolchain-packaging/sdk-rebuild/packages/engine/README.md
9db1a3814ec9bd00a40d4bc295e348debd6108f62a322ed91d18610c81b9fb08	1459	<audit>/data-toolchain-packaging/sdk-rebuild/packages/engine/dist/chunk-CPALRSPC.js
8578139013ab4f4c0d2811682e92d6b6818492e1a392ddee43aeea033a8ebfc3	4644	<audit>/data-toolchain-packaging/sdk-rebuild/packages/engine/dist/chunk-GBH7JIYF.js
eda5c8c0462d21f269ffb8a6abfc8e6c5a2ebbc6d8fcb55d796d0a63e7b721c4	4213	<audit>/data-toolchain-packaging/sdk-rebuild/packages/engine/dist/chunk-H7RJKCBO.js
e6f7c42bfdaee08361b37975c7a27a7a5400de35e9b44b71325d9f64ff5aa68d	4693	<audit>/data-toolchain-packaging/sdk-rebuild/packages/engine/dist/chunk-INI453VG.js
2048e88750394d48837acb55735f872be9128b2f2d3d37af7134026a9f0e976d	2593	<audit>/data-toolchain-packaging/sdk-rebuild/packages/engine/dist/chunk-K5MRTCWE.js
b566ba435565a045c7bcff13174048caf446416fcaa701b2a8ace4771e568f0a	2172	<audit>/data-toolchain-packaging/sdk-rebuild/packages/engine/dist/geo.d.ts
c75c02b34f50687ad29537b27336775ad175d417fd9761394713d6f195266494	11785	<audit>/data-toolchain-packaging/sdk-rebuild/packages/engine/dist/geo.js
73b37152d676d85f6645add1e1c55187cfd3ba3013b4ab6c8a98ec302e63062f	4010	<audit>/data-toolchain-packaging/sdk-rebuild/packages/engine/dist/index.d.ts
585f25423b08830025e9f4bbdbbe3dffb3bbd4d79f2891952c110f2ebfcf0bbc	13163	<audit>/data-toolchain-packaging/sdk-rebuild/packages/engine/dist/index.js
f7bbca5cd12f6965f8585b91a16eefb7c2d143e5930e1602affe005d7e60ba4d	5630	<audit>/data-toolchain-packaging/sdk-rebuild/packages/engine/dist/internal-math-BQEuq8XE.d.ts
04fbf18e00ed142c6253e2532d9e98879e32f5ce98d1ea7bfdcd3ce148ce9026	595	<audit>/data-toolchain-packaging/sdk-rebuild/packages/engine/dist/internal-math.d.ts
187cbd31a74bd069dc413e6fb1ef33cc72a108e9a405a3b5095b64346def2422	591	<audit>/data-toolchain-packaging/sdk-rebuild/packages/engine/dist/internal-math.js
76cc376b0596db3f83649e3e8bcfd444bb72f5823754698fcc486dc858cf4dfb	502	<audit>/data-toolchain-packaging/sdk-rebuild/packages/engine/dist/internal.d.ts
52403d7a8514ceea3d5ac1ad7f404f79ff1163d907bbc783600edf1574ff2e42	245	<audit>/data-toolchain-packaging/sdk-rebuild/packages/engine/dist/internal.js
5c19d9416e04c6d26f6c8c5f159eb68bdd70944b35cbfa3c3c4cee4be17918af	6522	<audit>/data-toolchain-packaging/sdk-rebuild/packages/engine/dist/receipt.d.ts
b42ea8dbedea62a02c3793acd7d22024b302681fea203657b02437cd25a17fea	24948	<audit>/data-toolchain-packaging/sdk-rebuild/packages/engine/dist/receipt.js
46a61bb71affc454a8ac98f0e5c94ba968a8d1594dfbafbbc9f03f4c6e3e3bee	5013	<audit>/data-toolchain-packaging/sdk-rebuild/packages/engine/dist/types-BQGrRiSd.d.ts
ad5a4df7df5f246bee8bc2074e419e7793caf0ec26a9bf70b5058afae4e5ebb6	2638	<audit>/data-toolchain-packaging/sdk-rebuild/packages/engine/docs/typedoc.css
b9318c0a5afca031f3a823c6f5001337949ab15b9fbc63f7caa0ea10df02fddc	2154	<audit>/data-toolchain-packaging/sdk-rebuild/packages/engine/package.json
29010e7d4aaffa3744f15e4a46431a99279288acbf139f5a50524fac80e9518e	2735	<audit>/data-toolchain-packaging/sdk-rebuild/packages/engine/scripts/module-resolution-smoke.mjs
ede10f72a57222b889efbcb68412ba2df578c2508b35d4a851a3774f263a15a4	677	<audit>/data-toolchain-packaging/sdk-rebuild/packages/engine/scripts/typedoc-canonical.mjs
5cc96593b64ec7fba99ece5dc708a1fe96a017dfb8a84a650aa49378068c121e	1421	<audit>/data-toolchain-packaging/sdk-rebuild/packages/engine/scripts/verify-package-contents.mjs
06b4f620b65983319568152bd7661ea31614391d44dd359431e2ab71ec366ab2	12986	<audit>/data-toolchain-packaging/sdk-rebuild/packages/engine/scripts/verify-packed-consumer.mjs
33566edb5a1fd1c6092f769c01e91b67904d3018afccfbe8bdc69857ce19871a	7316	<audit>/data-toolchain-packaging/sdk-rebuild/packages/engine/src/api.ts
f0c69b344ea2c1808c9e18da13ffd89daf05898a3fce4d004778b8cb8bc5a154	2690	<audit>/data-toolchain-packaging/sdk-rebuild/packages/engine/src/aspects.ts
144fd683942ec434088c6a214dbe1f0b87cba13f545c38deaca8e5fcaf12581e	3227	<audit>/data-toolchain-packaging/sdk-rebuild/packages/engine/src/birth-input.ts
f9db8865bf143d6334eb93d9618f50aa6a81ba32273b0a103d2a83e3c8014675	2014	<audit>/data-toolchain-packaging/sdk-rebuild/packages/engine/src/date-input.ts
c1b83c6f1a59972707f4cbb6c433b4edbcb8c9e65c623a37894a402cc0fee3c0	8649	<audit>/data-toolchain-packaging/sdk-rebuild/packages/engine/src/engine.test.ts
3481029c0836bcf641bb4e2f9bea8e57d01358babce07bda6de8fdc9a9fe4418	5224	<audit>/data-toolchain-packaging/sdk-rebuild/packages/engine/src/ephemeris.ts
9efcf6e241d2c727897d4617284343205a5a3ab8840cca85e6da3162f1a66863	14101	<audit>/data-toolchain-packaging/sdk-rebuild/packages/engine/src/geo/geonames-schema.test.ts
8c63377f18da3716c9e7d64c72eedc927e58176853a65790f4be273c683c6806	7493	<audit>/data-toolchain-packaging/sdk-rebuild/packages/engine/src/geo/geonames.test.ts
fd4363799fb26f3682b8c54054afc07761d7c301cdb798e6afc40965df150437	7290	<audit>/data-toolchain-packaging/sdk-rebuild/packages/engine/src/geo/geonames.ts
a3bfd13af4483b13e5426ce062340d6f730ec3ee75c92937a9b559ba3f1c33a1	3584	<audit>/data-toolchain-packaging/sdk-rebuild/packages/engine/src/geo/timezone-precision.test.ts
11f7370996a00fff9e1315be4c2fcdbe4641b1b41482e760e3a436995ec04494	8308	<audit>/data-toolchain-packaging/sdk-rebuild/packages/engine/src/geo/timezone.ts
68f03a699351526509f9262a6976cc53cd5482447a1219e90eed052c77e8bbce	5499	<audit>/data-toolchain-packaging/sdk-rebuild/packages/engine/src/geo.test.ts
bb8e3e0497b2180b6c20954807d56206fe90d208760d730125493eef22464687	334	<audit>/data-toolchain-packaging/sdk-rebuild/packages/engine/src/geo.ts
e2c0299060209e7a20dd98b7705490291c2086939bc0ad5ed87f6044b6a864b0	4372	<audit>/data-toolchain-packaging/sdk-rebuild/packages/engine/src/houses-regression.test.ts
c2f0ba0649778efd160986c592648951beb4069afc9049f7fde3f7587e45b8f6	5382	<audit>/data-toolchain-packaging/sdk-rebuild/packages/engine/src/houses.ts
8a8b8237391d42b42c1f4354456ba3ee5b9b603c771eda56949d47f831f4f37c	1382	<audit>/data-toolchain-packaging/sdk-rebuild/packages/engine/src/index.ts
0a1ef19d3fa5cf5d7a2f20aa0a8d65b5c21a67f1612208700e0e2d0905070132	15808	<audit>/data-toolchain-packaging/sdk-rebuild/packages/engine/src/input-flags.test.ts
581c4109db30cf6c2a6cce9c6e155d7eade3367a007e49e8c7628e89f64347a1	960	<audit>/data-toolchain-packaging/sdk-rebuild/packages/engine/src/internal-math.ts
e5102198da1a5218e5695fce997fddac45e70732511b5d904f815f8db7d3722e	467	<audit>/data-toolchain-packaging/sdk-rebuild/packages/engine/src/internal.ts
166a8943788ab4da20fc3f66e4e132a16bea1aea328238ead517151288b74bf3	6143	<audit>/data-toolchain-packaging/sdk-rebuild/packages/engine/src/public-input.test.ts
9771c80a0e64e93612b1f345ec865ee238d34491f21031dc025761410740faf6	4942	<audit>/data-toolchain-packaging/sdk-rebuild/packages/engine/src/receipt-json.test.ts
da5627224b593769eea8f1d434815ad34f422f44e1ef38a6687f86d8ccf8dd5c	4041	<audit>/data-toolchain-packaging/sdk-rebuild/packages/engine/src/receipt-json.ts
93675aae9213493c8939089769c502f4b4cf31aece77d82a4c55cd9f91ab24bf	22478	<audit>/data-toolchain-packaging/sdk-rebuild/packages/engine/src/receipt.test.ts
6a2513769934da7b72ab2e07c66df2d48e49fe2d8a8b54b737c2424d301778d8	27874	<audit>/data-toolchain-packaging/sdk-rebuild/packages/engine/src/receipt.ts
1e06f8f9656638633bb319520e696674623cdd4726c535c9949810718eeede8a	3675	<audit>/data-toolchain-packaging/sdk-rebuild/packages/engine/src/returns-bounds.test.ts
46fbd642b27300d4d48ed2878c0cfaa0c4f885b59039c9d819e602aec3033915	2550	<audit>/data-toolchain-packaging/sdk-rebuild/packages/engine/src/returns-crossings.test.ts
cccc2e526ea00f8a5466a8d5784d8cc2b9b191f639794435a4e273e2288a087c	6792	<audit>/data-toolchain-packaging/sdk-rebuild/packages/engine/src/returns.ts
25b7cc9006624254995bd21f5dbaef92f4e61ef476b570589122a034896072dd	2676	<audit>/data-toolchain-packaging/sdk-rebuild/packages/engine/src/signs.ts
482ad89ae8df0bc5f3e8813d39400e8d3f7ceff4cad8d79fa0b5cdf3627ac1f7	2459	<audit>/data-toolchain-packaging/sdk-rebuild/packages/engine/src/synastry.ts
b56e35fb04903af94fbd0bbb98e4e8d99c298646ef68ddcefca12672d7397a3e	4510	<audit>/data-toolchain-packaging/sdk-rebuild/packages/engine/src/types.ts
a22d6f6c1c4389ff75785b8867b5f9fbc5f58c2ecf0aac84b88666fb69b54517	129	<audit>/data-toolchain-packaging/sdk-rebuild/packages/engine/tsconfig.build.json
3c60e3557c91fd8f94e0a94b2745d75c20dda9a0da96e0437b8f4307d58717e4	192	<audit>/data-toolchain-packaging/sdk-rebuild/packages/engine/tsconfig.json
79191bb871130d3689ae45c952f8c20d1e2780669c227c22cb1f9a646f9e3ea1	244	<audit>/data-toolchain-packaging/sdk-rebuild/packages/engine/tsconfig.typecheck.json
71fe1aaae5cf37218a0cf4ec667faf970cc37272042535ed63c16a54bda66298	3011	<audit>/data-toolchain-packaging/sdk-rebuild/packages/engine/typedoc.json
b925c219aba4210296eff89a01cf7e4250565f85ec549361f64b155a930904a0	1305	<audit>/data-toolchain-packaging/sdk-rebuild/packages/sdk/AGENTS.md
b50524225809151d6b670c2efa3406f121ad0972d94061f25cee87938c70c24b	2600	<audit>/data-toolchain-packaging/sdk-rebuild/packages/sdk/CHANGELOG.md
9a8ab25f278db9d59a00ee82d1a82d63ee4891a9c417c53b4e2b9942aaab10df	1068	<audit>/data-toolchain-packaging/sdk-rebuild/packages/sdk/LICENSE
4704cb8bdd94b87ae7edf9f41d685bdb75ee256070a17ff1b26bc28de36f4bff	8373	<audit>/data-toolchain-packaging/sdk-rebuild/packages/sdk/README.md
c33554c1173df7680614d941862d162625d83ad5361bb6f37aa26cdc7a22c93c	32335	<audit>/data-toolchain-packaging/sdk-rebuild/packages/sdk/assets/zodiac-icons/circle/aquarius.png
f986d9b1cbe9aef8b86331aa41371cbded17f868ac07571814466c367c25d659	43813	<audit>/data-toolchain-packaging/sdk-rebuild/packages/sdk/assets/zodiac-icons/circle/aries.png
9fe3e72071a91adea150117dbcdd7e432b207e5dfa1a284066b7b2dd37ed652c	46854	<audit>/data-toolchain-packaging/sdk-rebuild/packages/sdk/assets/zodiac-icons/circle/cancer.png
21591b84c04c9d7b41a00a4653acda34367bfc854f6028a0ccef1618e966952a	61739	<audit>/data-toolchain-packaging/sdk-rebuild/packages/sdk/assets/zodiac-icons/circle/capricorn.png
94ab09cb126e4aadfbcfd24b86fa33eee35b2770a3f01dcdc24a379cdb2c6b43	31759	<audit>/data-toolchain-packaging/sdk-rebuild/packages/sdk/assets/zodiac-icons/circle/gemini.png
c596da09b495de2b819ffd85d96afe5e8694130a69e2c84d8f1ee52d0094bf33	48048	<audit>/data-toolchain-packaging/sdk-rebuild/packages/sdk/assets/zodiac-icons/circle/leo.png
fe6bf55d3abdf0656cc90dac8112cc5af683657ef06ae311f75ca84a038228eb	34905	<audit>/data-toolchain-packaging/sdk-rebuild/packages/sdk/assets/zodiac-icons/circle/libra.png
71194cd846c0a0451ff648306b8db16d19c81c5470d76cb8c17e9e4151ecc39d	37041	<audit>/data-toolchain-packaging/sdk-rebuild/packages/sdk/assets/zodiac-icons/circle/pisces.png
f218168d36db043f7e973401ac348680e4638b891c44f1a8b1dc566bf6e50782	35100	<audit>/data-toolchain-packaging/sdk-rebuild/packages/sdk/assets/zodiac-icons/circle/sagittarius.png
1280fcdf23d3bf21a7af3f58dbcd364392037ae14beafa2422bc72a392bfa44a	49941	<audit>/data-toolchain-packaging/sdk-rebuild/packages/sdk/assets/zodiac-icons/circle/scorpio.png
7988754418617960eb3083ef8356bad1afe402a6f9e098929a73234f23c60c80	178540	<audit>/data-toolchain-packaging/sdk-rebuild/packages/sdk/assets/zodiac-icons/circle/taurus.png
ff05a4b427d25a87cebd17735276a3ea3b1de99c6bd3a71c53dac70da136cc23	54624	<audit>/data-toolchain-packaging/sdk-rebuild/packages/sdk/assets/zodiac-icons/circle/virgo.png
27304a2c4b67877f5869a437b098135d26fc5b0b829559084edf5c183d88d521	3564	<audit>/data-toolchain-packaging/sdk-rebuild/packages/sdk/package.json
9064925a9cde01c1564673b4165cd0a5ebef30c791292e85195dd4ebd6986fdf	23658	<audit>/data-toolchain-packaging/sdk-rebuild/packages/sdk/registry/zodiacs.registry.json
6150cfe714fdc30f06bddcb13538726449f2da6f9f64445a74aa3e87e24fbe49	88	<audit>/data-toolchain-packaging/sdk-rebuild/packages/sdk/registry/zodiacs.registry.sha256
693a26f354dfc8623280644fdfdd3b83c5c5f8ddf4ee716c5701602219edad7d	4663	<audit>/data-toolchain-packaging/sdk-rebuild/packages/sdk/scripts/module-resolution-smoke.mjs
caca48a73b98668ab3b02496109619f6bbac21c99946e2f8244aed933939ddff	2084	<audit>/data-toolchain-packaging/sdk-rebuild/packages/sdk/scripts/neutrality-guard.mjs
c08df82b6fe216bfb1d0e54f4d227d493856eec311f4eded764f2bc52f25fc0c	897	<audit>/data-toolchain-packaging/sdk-rebuild/packages/sdk/scripts/registry-checksum.mjs
7cbbf8c51e7b6272161ec71f8792127f7cfc28cb0ec6c3f67cb44378338ab694	3114	<audit>/data-toolchain-packaging/sdk-rebuild/packages/sdk/scripts/verify-package-contents.mjs
23e725709375e6fc84601f80d4a01a6ff9d8fa0158049016a0a0a464a2b64ae1	2110	<audit>/data-toolchain-packaging/sdk-rebuild/packages/sdk/src/assets.test.ts
7ae2128be6164c6d17894ceb07948a75fb327bef2da411b71d82d1ed20fcdb80	5524	<audit>/data-toolchain-packaging/sdk-rebuild/packages/sdk/src/assets.ts
6a80378859cc07f6a3242498dabf9c61ac90d694b163342ae0ac3d7ac8c716e4	677	<audit>/data-toolchain-packaging/sdk-rebuild/packages/sdk/src/base.ts
971a49327603ce2048c3b1ff14ad8620191c3a28e8b050c88848d126f15060d2	1580	<audit>/data-toolchain-packaging/sdk-rebuild/packages/sdk/src/core/address.test.ts
5332bf7bc90127a6f514761e6a651249623d6302eaf48624f46185fd523fda2c	2450	<audit>/data-toolchain-packaging/sdk-rebuild/packages/sdk/src/core/address.ts
399c5ff48f4b3d7fcec0e9cf7fe2af6684c54b5f1bfb5c8607d15a7c4db9f80b	1452	<audit>/data-toolchain-packaging/sdk-rebuild/packages/sdk/src/core/balance.ts
79e8b7520854b4b253374075f8aa83259497951452543df136235b321df0ff1d	8806	<audit>/data-toolchain-packaging/sdk-rebuild/packages/sdk/src/core/base.test.ts
f0025859e17a58e15e0d7364954ced99e51725ef31b755e0a6d79be237ccd221	13982	<audit>/data-toolchain-packaging/sdk-rebuild/packages/sdk/src/core/base.ts
c85192d8bfd7b2245e760a434035694ffde05d70fcc9ca445c39a765d223e977	9425	<audit>/data-toolchain-packaging/sdk-rebuild/packages/sdk/src/core/canonical-registry.test.ts
7d23a3bd1d89caf56ef467830298dd6aa460d801a63df565b8e93bd5d6677d44	1615	<audit>/data-toolchain-packaging/sdk-rebuild/packages/sdk/src/core/cross-chain.ts
7613bffe4a7d7c115afbce14012e389af4848323ee3a133a3897a8d9e9e88e2b	1548	<audit>/data-toolchain-packaging/sdk-rebuild/packages/sdk/src/core/docs-posture.test.ts
d1fdab4f44cda96af00fcfccda4b9f3c5b9daf2bcafc3888a12f5a41aea0b484	3128	<audit>/data-toolchain-packaging/sdk-rebuild/packages/sdk/src/core/errors.ts
d5cbc84dc58b58e8f5c38739844d076bad4cee2ad5d67e3db390fdbe0d8704ac	4748	<audit>/data-toolchain-packaging/sdk-rebuild/packages/sdk/src/core/format.test.ts
0c0d084acd1ff213bf75971179dde14df7a0f2c249667be9a6257b76972c5600	4583	<audit>/data-toolchain-packaging/sdk-rebuild/packages/sdk/src/core/format.ts
bdc329339703004fa6600a765fc4b464c3d20ff0a3dc4a167accc7daf52056a0	13964	<audit>/data-toolchain-packaging/sdk-rebuild/packages/sdk/src/core/identity.test.ts
82133a51b04bc0ecf3bd33a7f335f041175e1e699caa9d03efe0f9e60ecb15c8	23784	<audit>/data-toolchain-packaging/sdk-rebuild/packages/sdk/src/core/identity.ts
bf84fb6b9a8fe66dcbfbc9e682175d3b0b5b120f92a899ff03f68312e00861e5	5756	<audit>/data-toolchain-packaging/sdk-rebuild/packages/sdk/src/core/index.ts
64e9973ca0a95ca8874ad621ac795770e857912a445d46660dfc80dbdc84deb1	3514	<audit>/data-toolchain-packaging/sdk-rebuild/packages/sdk/src/core/metadata.ts
9783e980675af0679db78afc35915d5f6249a5ad0ebcddea577b8634f25f4fa8	5443	<audit>/data-toolchain-packaging/sdk-rebuild/packages/sdk/src/core/official-registry.ts
ad30ae9b395768473b7ce278ac06ea0e9c97b483c57e35b0febd50db07dfd0ed	2184	<audit>/data-toolchain-packaging/sdk-rebuild/packages/sdk/src/core/package-posture.test.ts
a2eb71c879657b82a241b20216cc855d9f53acb5c9f0ab211b74ccc6e0c72358	713	<audit>/data-toolchain-packaging/sdk-rebuild/packages/sdk/src/core/read-only-posture.test.ts
149e56497689875a2ab6398084153ae2a508789465ce19f0f7ba7ba695646116	16944	<audit>/data-toolchain-packaging/sdk-rebuild/packages/sdk/src/core/registry-schema.ts
50b9bfc2a11a5f13d56d12176776989035debb75ca55cdcde1ee6787060b1f95	1764	<audit>/data-toolchain-packaging/sdk-rebuild/packages/sdk/src/core/registry.test.ts
87004a4bf6bc44c8cab82b523444f76d53129eaf0369af65015b90cf7facac9a	9219	<audit>/data-toolchain-packaging/sdk-rebuild/packages/sdk/src/core/registry.ts
a2f3c0916c3974417e8dc01022c76e07eea3463676fc7369e155fd290fea0711	1583	<audit>/data-toolchain-packaging/sdk-rebuild/packages/sdk/src/core/season.test.ts
4b0e5f5f6752153d5f2cdaa2bc616e9f4b5b7bf965ceddb47cf61d7291851f37	4965	<audit>/data-toolchain-packaging/sdk-rebuild/packages/sdk/src/core/season.ts
b767add338eb54e99d14b5c392b20b5c0ae7a456ee585e3475cfa7c9ef5677f4	10125	<audit>/data-toolchain-packaging/sdk-rebuild/packages/sdk/src/core/solana.test.ts
d5c08de157bc1a657d0ff7185e6c46e38e7b6e967dd9b80e9f4e0cf5f809f7a3	15956	<audit>/data-toolchain-packaging/sdk-rebuild/packages/sdk/src/core/solana.ts
1d96c830c6dd9a1987d0f2ad4b3289f82d91fc7cb33f7aa3b3b5342536af2652	14171	<audit>/data-toolchain-packaging/sdk-rebuild/packages/sdk/src/core/types.ts
6af101c19e709d8283f8385861221bf808bf0922d8c466276f0a0408149fe37a	2306	<audit>/data-toolchain-packaging/sdk-rebuild/packages/sdk/src/core/validation.ts
dc0e56a00deb4226ad4d24523c4883fe7fd9ed9996d56a64e4b0b277102a6053	5618	<audit>/data-toolchain-packaging/sdk-rebuild/packages/sdk/src/core/verification.ts
4eddec6becd4c041ca5e2fe080a8aff6cfb84754143ed873350a42cb4afe4e09	33	<audit>/data-toolchain-packaging/sdk-rebuild/packages/sdk/src/core.ts
a25ae4b0f3b40c5add1e43d40a9b43243b2048f29839ec0d8478ebd0fb848898	1224	<audit>/data-toolchain-packaging/sdk-rebuild/packages/sdk/src/identity.ts
4eddec6becd4c041ca5e2fe080a8aff6cfb84754143ed873350a42cb4afe4e09	33	<audit>/data-toolchain-packaging/sdk-rebuild/packages/sdk/src/index.ts
396a37d31cf38abbeafe342a725b38c740124c9d0853d8264291a119bd3fd0cf	6958	<audit>/data-toolchain-packaging/sdk-rebuild/packages/sdk/src/market/adapters.test.ts
d6342805639a4b23915c63bf02faf5730da9f1f7abc6256b1ed657688c6b5bb0	4011	<audit>/data-toolchain-packaging/sdk-rebuild/packages/sdk/src/market/dex-screener.ts
729714fa69ac8249bb1a233d0813d73c4d4fee68963c21e630fa4d3608cfea39	695	<audit>/data-toolchain-packaging/sdk-rebuild/packages/sdk/src/market/index.ts
80d224dcb5da174d3d1b93eec08101a7f1f8be4a1b0b5bbc1bc8b88ee2a8ae8e	3270	<audit>/data-toolchain-packaging/sdk-rebuild/packages/sdk/src/market/jupiter.ts
69fc8a868448b2398c43c5e75dc93f234a4ebd749bd74765fc2f741a8863a1d0	419	<audit>/data-toolchain-packaging/sdk-rebuild/packages/sdk/src/market/placeholder.ts
12a85f214b50c2705dd236328b4f9812bf3bff80397ca1e9ad2c83abcad5ec25	1682	<audit>/data-toolchain-packaging/sdk-rebuild/packages/sdk/src/market/representation.ts
31cef3469139ffd225d1d7ecef6c9fad168a43aded02c1428cbd78dbedd9606c	549	<audit>/data-toolchain-packaging/sdk-rebuild/packages/sdk/src/market/safe-read.ts
070d390eb4d218c0f21c5fd8e3edef8d539db105180b953a51c38c8fc05576cd	1401	<audit>/data-toolchain-packaging/sdk-rebuild/packages/sdk/src/market/types.ts
1bfb0ee6ef64387c67e796cc892577ff7c91ef07697071bde85a560e753cb619	730	<audit>/data-toolchain-packaging/sdk-rebuild/packages/sdk/src/market/unavailable.ts
6cc7611e1ab2f1fd082601eabf661a186a4c188f6350d71d00f01f2dd1927285	35	<audit>/data-toolchain-packaging/sdk-rebuild/packages/sdk/src/market.ts
871bedd5b3242cdd43a43fd6a8647caeddfd2075d615aacf9f88f87e58ec21dd	2435	<audit>/data-toolchain-packaging/sdk-rebuild/packages/sdk/src/react/context.test.ts
a49bdc93f223651ae15255c27e52c8ab649679d8911be7f431aba5dfe91454c3	1813	<audit>/data-toolchain-packaging/sdk-rebuild/packages/sdk/src/react/context.tsx
1f89e953c46b410aa1a3894694e6e2a11359538ac4411af3c2bb101e9cfb4322	8488	<audit>/data-toolchain-packaging/sdk-rebuild/packages/sdk/src/react/hooks.test.ts
bac68d0f1b2e0dd96b1189ec038ff7cfeb229077db951065ebe1536f851f8fd8	12234	<audit>/data-toolchain-packaging/sdk-rebuild/packages/sdk/src/react/hooks.ts
62d2b6a80e2b84c1895b7baa909b17fcb95201f258a478f528931f475d1afd7c	669	<audit>/data-toolchain-packaging/sdk-rebuild/packages/sdk/src/react/index.ts
39716262a41f896704422389c48780e82be38e3919730bb649d49b66f4b3052c	34	<audit>/data-toolchain-packaging/sdk-rebuild/packages/sdk/src/react.ts
f3eb2aa2e3e3e54eecdd924c0e3270e3dac71658b2f199e0370e9ea3ec3128d7	2427	<audit>/data-toolchain-packaging/sdk-rebuild/packages/sdk/src/registry.ts
6352a57b907f65572bde03a7761e535e271a18448efd36038a8b9556af35c84d	1005	<audit>/data-toolchain-packaging/sdk-rebuild/packages/sdk/src/solana.ts
6a1c10afe671726f8c06f060d5bbd74607993aead33c6b630132e911174157fa	3242	<audit>/data-toolchain-packaging/sdk-rebuild/packages/sdk/src/testing.test.ts
c954a05fda9797b4dc2bc58ba8f96c3400ba4c19a29e16a630c3ae6f1fbf0d26	11158	<audit>/data-toolchain-packaging/sdk-rebuild/packages/sdk/src/testing.ts
42a5c31da85e472c9f315b6cbb515a1e971367c2bb24a249946998fc7fd30c5f	1806	<audit>/data-toolchain-packaging/sdk-rebuild/packages/sdk/src/ui/ZodiacAssetCard.test.tsx
bda3ddcc5df622acec98201ace26d62eafca24523065cd6778f8bf68c3b1ee19	2982	<audit>/data-toolchain-packaging/sdk-rebuild/packages/sdk/src/ui/ZodiacAssetCard.tsx
2c38eeb5995119022bc9ac56c9050a1ee9a81ab2cb2276b415ac218556239612	402	<audit>/data-toolchain-packaging/sdk-rebuild/packages/sdk/src/ui/ZodiacMarketStrip.test.tsx
3ab52ed8c6871cc413ee0a36be9ce498ace7067b438560c9674fadb95375f0ed	495	<audit>/data-toolchain-packaging/sdk-rebuild/packages/sdk/src/ui/ZodiacMarketStrip.tsx
48325ac80ba022b76d13d4613a6f6dc0ce1140b22bbf1026415a7a52ae8c3609	1377	<audit>/data-toolchain-packaging/sdk-rebuild/packages/sdk/src/ui/ZodiacOwnershipBadge.tsx
a48f76cfe6ce203de7e523018904bd10ea8cc67f3d1a60cab45a03a9e0b997af	976	<audit>/data-toolchain-packaging/sdk-rebuild/packages/sdk/src/ui/ZodiacsPanel.tsx
4c1e636bffe89ef533a01a47d45e47e89956e6f8b4db78d4a66dc2b95bbddbbb	909	<audit>/data-toolchain-packaging/sdk-rebuild/packages/sdk/src/ui/index.ts
2e72632e4a658f831a252aa58f4e7fba4026a401679dff3746a618e14e84c050	2499	<audit>/data-toolchain-packaging/sdk-rebuild/packages/sdk/src/ui/registry.test.tsx
f20478674953724110bd61b97fdd034340a5f50a2f749287338a2d8e4847041b	12820	<audit>/data-toolchain-packaging/sdk-rebuild/packages/sdk/src/ui/registry.tsx
7cb4785fc7ee5503383a708bb10deeec3228fc6d342d7c49d31dda1d8c2d85a6	637	<audit>/data-toolchain-packaging/sdk-rebuild/packages/sdk/src/ui/styles.ts
0ee83fbb88ce239ab8bc844f3a502a86051719b50cef48627176ff0090a8957c	31	<audit>/data-toolchain-packaging/sdk-rebuild/packages/sdk/src/ui.ts
a71db8fb9f14051f840475b98b5484f49b45c6f6242d1172d300e5a9abf19956	150	<audit>/data-toolchain-packaging/sdk-rebuild/packages/sdk/tsconfig.build.json
d43c073810ddee3f4bd9365613f26d1cafde3b576dd971abadad8193004488de	232	<audit>/data-toolchain-packaging/sdk-rebuild/packages/sdk/tsconfig.json
79191bb871130d3689ae45c952f8c20d1e2780669c227c22cb1f9a646f9e3ea1	244	<audit>/data-toolchain-packaging/sdk-rebuild/packages/sdk/tsconfig.typecheck.json
9a8ab25f278db9d59a00ee82d1a82d63ee4891a9c417c53b4e2b9942aaab10df	1068	<audit>/data-toolchain-packaging/sdk-rebuild/packages/widgets/LICENSE
001f4936f3f4c799f96a2e617fc1ced0f8717c760ea5b8c3fcbe331144d87593	2758	<audit>/data-toolchain-packaging/sdk-rebuild/packages/widgets/README.md
445920dc1b2df2fcd695e126e275e10382fbaeaa0229176aa1ccd7d2855822c8	1345	<audit>/data-toolchain-packaging/sdk-rebuild/packages/widgets/package.json
4bc299f55873d7b9d8e60268e257048baf3f23c065d99d1a21944a9aa2123972	610	<audit>/data-toolchain-packaging/sdk-rebuild/packages/widgets/scripts/module-resolution-smoke.mjs
591088c8d6d74fb63fbf9cffb64282c231f655e8a559769006ce87fe9f040265	1182	<audit>/data-toolchain-packaging/sdk-rebuild/packages/widgets/scripts/verify-package-contents.mjs
3247b279710d269d8e51ef47c3ef254a4dbd317b49f050aa14f6fdf68af30b17	4984	<audit>/data-toolchain-packaging/sdk-rebuild/packages/widgets/src/index.test.ts
522a6165220a2141095bca64684927d23cf4d9e690b21ffb517422c7ea035fe8	7520	<audit>/data-toolchain-packaging/sdk-rebuild/packages/widgets/src/index.ts
a22d6f6c1c4389ff75785b8867b5f9fbc5f58c2ecf0aac84b88666fb69b54517	129	<audit>/data-toolchain-packaging/sdk-rebuild/packages/widgets/tsconfig.build.json
3c60e3557c91fd8f94e0a94b2745d75c20dda9a0da96e0437b8f4307d58717e4	192	<audit>/data-toolchain-packaging/sdk-rebuild/packages/widgets/tsconfig.json
31521f0af5fc51afe23675814118eb83067d78d837a3ce5ca73c9b4a558ef8c0	221	<audit>/data-toolchain-packaging/sdk-rebuild/packages/widgets/tsconfig.typecheck.json
09c3e63432f8ba2e9df05af137c42f65ab039740a207a89418d9e6470ea3db3e	36591	<audit>/data-toolchain-packaging/sdk-rebuild/packages/zodiacs-engine-0.1.1-rc.6.tgz
39bac5c10d3799a089662b409280288c6ab38772ab490151c420ceeab4c8c95e	364486	<audit>/data-toolchain-packaging/sdk-rebuild/pnpm-lock.yaml
2ff7651e078fb978c3a2f051ca942e7873780b9bbf6ba24f317485b536e402bd	104	<audit>/data-toolchain-packaging/sdk-rebuild/pnpm-workspace.yaml
bb9868625ede43ff5b00134eeb3626dc77b6f4f11ad55d3a948ca7a097916963	140	<audit>/data-toolchain-packaging/sdk-rebuild/prettier.config.mjs
f69a64abe518e05434c8b9fdfdaf3e2c38f2f5f4a3e06f61a883c29c359b6186	988	<audit>/data-toolchain-packaging/sdk-rebuild/tsconfig.base.json
aa16e4abc614dd39ad9428751468669f1033e1644cd5fb6a8b1fa876e0bec7c2	336	<audit>/data-toolchain-packaging/sdk-rebuild/tsconfig.json
afadb2b8f54df70a763a992cc902d68c08c1213103108023969e2e48741d046f	940	<audit>/data-toolchain-packaging/sdk-rebuild/vitest.config.ts
e3ab3e0493d5911df6e7779bc81e72061e4104014fb28e20b76392dd60be9db0	7749	<audit>/data-toolchain-packaging/sdk-repo.json
bf798df580a66b33d5bea9ad8fbf73d699d8b69d1030a5281aecdbf7ceda69aa	210	<audit>/data-toolchain-packaging/seal.log
aa1657e72d795e255e48d0040a44fb44fa42153d1bc700635341d49482b515c5	82668	<audit>/data-toolchain-packaging/tier-a.log
a3f5b469c8b4a0adcbd2c042afea845cee7e316975f2589c610a3f185cae9ae2	16827	<audit>/data-toolchain-packaging/tier-b.log
0c25fc8ba3fdefaf992479c1c8a55fce78102f771bbc8ef6e81c8f6545dab957	22	<audit>/data-toolchain-packaging/tier-b.time
cd9d68f1308a930d00ee41b6bbd1747c5e5d22a8833332afdee916a0be729609	1688	<audit>/production-event-search/out/horizons-arbiter.json
974f44263146e7fddf462afdc880eee68511d6d6e77332e42c1a8263b9b766aa	1083	<audit>/production-event-search/out/s11-transits-blind.json
89d7478789355c01e3f0c38f3238c1eb6a8d68f48d5adf626708c34723ca762a	749	<audit>/production-event-search/out/s12-solar-return-impact.json
fc1e2c8df7e8a312bee42b8905e4cf860271f0d2d3946a09cacf955f70dbdd4a	2808	<audit>/production-event-search/out/s2-crossings.json
de6fc219cf42dc374b1c5c385cfc7d14b25e8108f6c914d60fdd268ef764a686	5443	<audit>/production-event-search/out/s3-saturn-graze.json
2ad47a80a51cead7dd551fdc853cba52e0304cd1b1e57dcd83af624f70da7c6c	1259	<audit>/production-event-search/out/s4-natal-speed.json
e2005e252591a1b973b3a061afbca888d6c5c6011ae2d9e4eb8317e59cdc6507	11283	<audit>/production-event-search/out/s5b-swiss-returns.json
cf43f6e48cfd9ffad4509130cc04ebf074958e1ab0aa3e353fc2b42a7e839f98	1070	<audit>/production-event-search/out/s6-window-uncertainty.json
51448db373b560d8d280f2a3946fb6bc440644f29c1bd1523907e2b13291d96d	1148	<audit>/production-event-search/out/s7-slow-bounds.json
1fba95403db4753b83d81295e2d59f89bbdad1fa7a989b0695fb9caa7baf2cc3	17246	<audit>/production-event-search/out/s8-eclipses-vs-swiss.json
a8c0244812ed98844419867385c09bf3872e5fb53814333e5724f18be04f98cb	85106	<audit>/production-event-search/out/s9-sky-vs-swiss.json
b9f551d0602d34abc9113efa17201afb040cdadbf88ddd616f9262c1cd335a09	5855	<audit>/production-positions/asc-check.json
533f97dd884aeba8d72911ae40cc3813d1aff2195c1a74dbe7433f2d5c5ec9bd	49152	<audit>/production-positions/compare.json
df387598b86a3264c511d09e111854cb4a8c73e0efb056df0e45998f03171bb1	2482	<audit>/production-positions/horizons/arbiter.json
77d59d6f903a4c1947e5ed5f446fae3eb55ed4205a6871a16808558de657bde9	340	<audit>/production-positions/node-definition-ofdate.json
9f3334ba32fdd2c8cb2b43e9f5fd2d81b3af6b2062d1dc417abc9790de978e8a	215	<audit>/production-positions/nutation-series.json
19737ac114525903c78a67594974c970314f8c4802c3654e32686435b432f57c	13901	<audit>/production-positions/stations.json
b03cf1d2c9442550f80dd6158902e07530c890bff5fbd99a77a4c3a55724a0ae	314	<audit>/production-positions/swiss-jpl-probe.txt
b745270441f886f33b3ae8a323f8ffffe46fee16929446c870c4ab05f5bfc4e9	697	<audit>/production-positions/vsop-term-counts.txt
4462f23af391cc0ac3e609a5cf1ccc2ce312108e39cb3aab90c491a9bee678b2	2883	<audit>/swiss-parity/compare.out
8cc0a04afd3886c1d3e290b92a885cce04f8e82b97ed16142a2c5da32eb5ead7	5469	<audit>/swiss-parity/deltat-three-models.json
29915576d0a6555766b99485ac3056ee415e86df4fce282611c31afb329ad062	102272352	<audit>/swiss-parity/jpl/linux_p1550p2650.440
a8d3d77127f7d07a3a07d5872126f2bef5d9bd3fa5a98f272842881a59e5d847	344578	<audit>/swiss-parity/results.json
f76356b9ec37f1d766e854e833c0409e83556415d4a4273bce8ec783378120b2	748	<audit>/swiss-parity/swiss-moshier-vs-de440.json
f5bd7cc0790a14ad3f1cee9573cbbcbaf0034ef0aba1bfb86c80d5abcd327710	63072	<audit>/swiss-parity/zodiacs.json
14c4a2ff367ec92d8ea4aeec12951f2412383a9c5238115176423a05225693ed	2579	<audit>/time/calendar-edges.txt
995fada587b460ce16180d9fe6c7981a09d823fd79d73d4ddcf6f77c37175e0d	2555	<audit>/time/deltat-compare.txt
4cb535385ed1b6c417cf9592b48519dfd194cfdda9a6953999967f110b209cfb	2327	<audit>/time/horizons-deltat.txt
9a92263b777d8964805a344acb0cd92ac2da04e06feadec7727693d6000739ca	20378	<audit>/time/ramc-sensitivity.json
a2172d8fc83573c409313a85093892c1c27d93ebdc8090c0124dc0d6834c512d	61213	<audit>/time/tz-scan-report.json
d3258be9118494fba3cff97dea1a954f13f7c084249494674f5eaed7b816ee3e	40711	<audit>/time/zone-history-divergence-to-2037.json
831953a2d8ae1a8817f4708a39e6e0baf50557f22f03a7ea9b2268a261a75cf0	1330	<audit>/verification-honesty/residuals.mjs
2f48675ba3cd5539d02f293e78fb7098d57a175abd82547d79a4d294c3faa9bc	3136	<audit>/verification-honesty/vitest-engine-time.log
7969811ec5dab4ef1180a0e06e4438a66d9b2d8485f49f572850f06cfce982a7	644	<audit>/verify/alpha-reduction-math/centre-dense.json
b3713f8e97d88dfa1d37ae57856c5dda24fce45a28d98b0ccd6ec1efe26898fc	1643	<audit>/verify/alpha-reduction-math/centre-dense.py
90b0ea36ac121f3f00c3e8bb0c0fd65009767d4ce5a9348e1ae2feebba24ddd0	1865	<audit>/verify/alpha-reduction-math/centre-offsets.json
314a4885ba67d0c41c431b147ac230d1f278e81a05a9a34fc2fcf29ad550bdc2	2921	<audit>/verify/alpha-reduction-math/centre-offsets.py
60e60d6ed48a63bf8bf216b1c7dd56507017cfd01fe0079e2835e46a21ec287b	989	<audit>/verify/alpha-reduction-math/horizons-check.py
1555f3c825301a9f486413cd74a57c29a4b23c8292eaa9a352383876d79681f3	1122	<audit>/verify/alpha-reduction-math/swiss-bary-ident.json
a32db5b99916d3b9ac6787fece35888b73431907c68009bb24703c1a2efca9e8	1952	<audit>/verify/alpha-reduction-math/swiss-bary-ident.py
2234b6e48cd1e6c6f6224b1e76bb3cc527e7a413c1e33258da174c98a0af4469	10191	<audit>/verify/alpha-reduction-math/swiss-flags.json
e0b93d6d5b78eeb144ee2469175e4e73964ab44eb739f12185dd07d6a25ef706	4011	<audit>/verify/alpha-reduction-math/swiss-flags.py
4abc7ef39778da9ae533cd45c7d4658c3cabd542c0dd00d81ebfbd3f442ed636	656	<audit>/verify/alpha-search-partition/accept-partial.json
2b70cbf22b8a47c76409a00f2d7322fbe14bdde9291cfe129188e50955e1ca54	4608	<audit>/verify/alpha-search-partition/accept-partial.mjs
172bb577b36131c7b3872a67331ec8cb280c171d7d8a3ae8510c85ca4ddbb6f8	1196	<audit>/verify/alpha-search-partition/decompose.json
9d265bc260cccb01e847f023223f108d9fa4a3c0bba0e23335330d7425c448a4	4862	<audit>/verify/alpha-search-partition/decompose.mjs
bf74d7f17d815a9e9ca162518123a962dc88bfaa751a3d6feab032e0acbdf249	14946	<audit>/verify/alpha-search-partition/enclosure-width.json
14c1db7b47b3e52acb9188ccc1183e6b454bdf0840750bee59086ec4bfefbf66	7351	<audit>/verify/alpha-search-partition/enclosure-width.mjs
0b61bc528c31b5a9ddd16cbeaa600112bbbf65a35b91c206f5937eba6155ba89	1507	<audit>/verify/alpha-search-partition/moon-relative-state.json
40267449fc828f0373fc2888670d84a83e2035a30bc84e5ca0b1d390b6650edf	3437	<audit>/verify/alpha-search-partition/moon-relative-state.mjs
21ffc1888ad5074e70bb5415d5cf7ead034211d364f7b4940bd1a3c9a47fa93e	1197	<audit>/verify/alpha-search-partition/planet-boundary.json
017d1fc937e676b4e68a7bf1e3083bc31aa7372764f6e52300b7d2773ca30e9a	1699	<audit>/verify/alpha-search-partition/saturn-boundary.mjs
8ff5430a7f4f819a1a4c014b567dcbd0ec3055b027fb2d5243baabf6d7f95830	684	<audit>/verify/alpha-search-partition/swiss-check.json
4a0893ddbb5c04a068b80da40fea6e8949641dd8b313f7ec6b8b09abf8c404c1	2428	<audit>/verify/alpha-search-partition/swiss-check.py
ed19769ec6b7e90dc9105c43504e4a6bf9b6b01aefbb50976d8b0f268b54e5b0	443	<audit>/verify/alpha-search-partition/vectors-alpha.json
707f65c45a84ad4f17bf50f565e7755d6b020c6fe9ffcbb2d8f270261dd57567	1044	<audit>/verify/alpha-search-partition/vectors-swiss.json
999944749b5735956258c28590ebdd3f00be2b55f133aa573fdf6a559b01f1b2	1441	<audit>/verify/alpha-search-partition/vectors.mjs
7fe68d28101112f5d4aa3f6d014170c4e2dfab5730377a8b144e96abbfe58c58	1116	<audit>/verify/alpha-search-partition/vectors.py
e181c771e9082f9ee3c3d4def873e8da9ddc0ca89693b8a34e149caee1d3a4b3	72228	<audit>/verify/angles-houses-aspects/applying_scan.json
4ddab381dd93b36fac0a6357206f9e14f430712915a1502db85a665e7237a7df	2449	<audit>/verify/angles-houses-aspects/applying_scan.mjs
031eccfef9b000e3edef906cedeb6b51a553dec4fd57171624deb0ccccffd7ea	2157	<audit>/verify/angles-houses-aspects/applying_scan.out
682a042fce9dca975e3a2ca9eb2c2596e75a4e1aad6932a51cd70d9078cb330a	3485	<audit>/verify/angles-houses-aspects/closed-form.json
25d2d4b6b2789b9e3878143ed6d72e214453dd0224e4c014a5a2f542cb2b4a04	4253	<audit>/verify/angles-houses-aspects/closed_form.mjs
f834797345064a0c6a4089db4e80718b8ed48e2fb73e36876f9df6d0ff328b0a	967	<audit>/verify/angles-houses-aspects/engine-self.json
4ee29574b4074570ec15ee9bcea85e1ce41c5de5d6a1f671e0a321ff92c19fa1	3501	<audit>/verify/angles-houses-aspects/engine_grid.mjs
3ddccbe355eb88fdefd8fdd23a7614a2f2ea2385a9e0e9ffb3b79f31582012ca	2839	<audit>/verify/angles-houses-aspects/engine_gridA.out
e18203ac56f813114de208aa0b0001a9c1765fee5969453f35d3dec4cff01062	2838	<audit>/verify/angles-houses-aspects/engine_gridA_report.json
a58e8ed0e4aa97e8144e7b3d35bd23e9eab06966cc5baf418a613d8758ea1d25	1415756	<audit>/verify/angles-houses-aspects/engine_gridA_rows.json
5795c5d450984510e4bf9067f5245cc5dcb14db3fbc792749b3f7bc9daa92956	1088	<audit>/verify/angles-houses-aspects/engine_self.mjs
92ffb59e9a2f4eac18c3e7fd3cde6816c3dfea215e397288d4e9bb819ba2b16e	1201	<audit>/verify/angles-houses-aspects/erfa_spot.py
53dc62113b5b129f681f37217dd817ae841da621d6986039bd23db806b399bb7	4361	<audit>/verify/angles-houses-aspects/houses_relaxed.mjs
40889d2ac6085670c81fddc403e9c04d41966cb4a893a415854962e7a0fa009a	2492	<audit>/verify/angles-houses-aspects/ladder.mjs
2cb09da759c86d1cf5832af187881b658c9777b6286a9f2364c2b6fd47a5d94a	332	<audit>/verify/angles-houses-aspects/ladder.out
19a792fade6daaa14d66f8e44d4d466720be381e495b7a2f8abc3eacfc11fc32	368	<audit>/verify/angles-houses-aspects/spot_swiss.json
0dc4b21fc5cbc9b45ad3b31cbbbc5330a2b23bd017bd13d60cdba3e682af3dc0	18982485	<audit>/verify/angles-houses-aspects/swiss-2024.json
90e587fd609d4312ba6ee2cddb3e84c20ad502cf9e88751fd7023c0e5233d368	1850	<audit>/verify/angles-houses-aspects/swiss-compare.json
ff5ced53b57fecdd2497ad2a930bba2212db9c4c0f1ce104f2e94efcc61975ac	3034	<audit>/verify/angles-houses-aspects/swiss_compare.mjs
477ff2fe73dd55a85fb8883245252593500f48e390def2a0358dbd5e8a003b5f	2106	<audit>/verify/angles-houses-aspects/swiss_dump.py
7be155ba1ef244783190f1998098804aaaf245654a357b52a0c9f2291fd13d8f	1518944	<audit>/verify/angles-houses-aspects/swiss_grid.json
524645b684bf2f263a95dc30111d6167e946209fbbfada0dde8963535dbc7a45	1484	<audit>/verify/angles-houses-aspects/swiss_grid.py
556e5d63b9d3e95b12eebbd37c7c5ac517e018a8ae81c65ccb58b55c1b988dcc	2247	<audit>/verify/angles-houses-aspects/swiss_probe.out
2d683abd772d8d4b1c94fdf6e864e0d4094d814f14a2b5c8ea82861976189012	2833	<audit>/verify/angles-houses-aspects/swiss_probe.py
64a61a67f45bd3e976a673718cfeb9725e3fcb7c63155b671e129211cb6c8f15	19016	<audit>/verify/completeness/multiyear-vs-swiss.json
ae9a2868b5090b9e81953b7cd8316b3002e7cd6897320c2aa69ee71fc27be3ae	6	<audit>/verify/data-toolchain-packaging/alpha-copy/.gitignore
12f3da7c4b3cf1812470f6d8393e34c0458692312f8b975d85629c5b47bf35c1	10754	<audit>/verify/data-toolchain-packaging/alpha-copy/ABERRATED-PREREGISTRATION.md
a1cebed95a710c86217fd72df3a9901af0ccc585877c9ba6835deef3633deda9	24328	<audit>/verify/data-toolchain-packaging/alpha-copy/ABERRATED-RESULTS.md
75e1938aedeb283942b184b74d0a862d91dc5b4925c0845df29293480262f119	5115	<audit>/verify/data-toolchain-packaging/alpha-copy/ACCEPTANCE-PREVIEW.md
be13114ec7e1f47a6d1d2bd724a49d2b55f788d437a3d0899391639057a5f4f0	13664	<audit>/verify/data-toolchain-packaging/alpha-copy/ACCEPTANCE.md
6240ae4c0d55b3ec0cbd97355d08f7df8ad527834670264a5047c72448bf4715	26269	<audit>/verify/data-toolchain-packaging/alpha-copy/CHART-ADAPTER-CONTRACT.md
26ced5c6143e00946cc9ba62508513145f958ee02e3655189dd4f3d4b7f306ab	13094	<audit>/verify/data-toolchain-packaging/alpha-copy/DEFLECTION-EVALUATION.md
06a1e177ec312045c290e8d3367d5524c25c6ecc6133c01534a2edc82f590799	42455	<audit>/verify/data-toolchain-packaging/alpha-copy/DEFLECTION-PROFILE.md
fcd780bf641c18ded8e02fe5667e351f9ee0cf9ce0846c4bd9731455e57a878a	12116	<audit>/verify/data-toolchain-packaging/alpha-copy/DEFLECTION-RESULTS.md
cc5e936c2d30e058967463727e3db8031839f018c3805977f745fe012b37a57f	7356	<audit>/verify/data-toolchain-packaging/alpha-copy/EVALUATION-PLAN.md
132bb6ffed0c8781f5da5580e5fd791a91706daec9c9e7cc1b1dd3149547f17f	16362	<audit>/verify/data-toolchain-packaging/alpha-copy/EVALUATION-RESULTS.md
b1858f9a263f22c438a455a32945da51a31a0ae25a21055da13bb7ed57cc3b51	2651	<audit>/verify/data-toolchain-packaging/alpha-copy/LICENSE-erfa
10c0b6e6fa8aa1d7f406f5ff309dae7ce61a01c913fc29cc8080dd209ef9e144	6304	<audit>/verify/data-toolchain-packaging/alpha-copy/MIGRATION.md
2b4084cf4c22c386cd08834adf62958696e1db297526ddbeebd4bf9e14a18cda	3129	<audit>/verify/data-toolchain-packaging/alpha-copy/NOTICE.md
ae2e93da14fc5c2adafdb7a343641f3760c7b31a4d5452289465a94808395791	16195	<audit>/verify/data-toolchain-packaging/alpha-copy/OF-DATE-PREREGISTRATION.md
5909149eb4d3fa3270025d924a294f1b185c553fb57648094d6100427e9ff2d2	28331	<audit>/verify/data-toolchain-packaging/alpha-copy/OF-DATE-RESULTS.md
27c505ce26dfb23946e54a3647d3d3d095db9916a6f0c451a4128e3a94f785c8	11927	<audit>/verify/data-toolchain-packaging/alpha-copy/PARTITION-EVALUATION.md
34a6567854aa4facce5854b5b6e904b39698f793414ba45d8d578673e230936f	17806	<audit>/verify/data-toolchain-packaging/alpha-copy/PARTITION-RESULTS.md
13beabad69e136614c9c003b04eddd498903d67db8ead2bde8a9ac94750376aa	18737	<audit>/verify/data-toolchain-packaging/alpha-copy/README.md
55f84153cba55a94d5919be2017bbe9783ced8f07ee2e4e62f773874d253fc46	19191	<audit>/verify/data-toolchain-packaging/alpha-copy/REPORT.md
65faec3ff5c957665a4f103c7f565e7cd197a73f31ef0ba5b9f1986a90ccc523	10227	<audit>/verify/data-toolchain-packaging/alpha-copy/RETARDED-PREREGISTRATION.md
c3018e73e16559e9923810271add140222de9e5ec9a43f01707572828fa3f9c4	38824	<audit>/verify/data-toolchain-packaging/alpha-copy/RETARDED-RESULTS.md
a75c2d12b9e27f4e8d89a898d90b4dd7643dff8819c4faba8592c1ceb13b63e0	1998	<audit>/verify/data-toolchain-packaging/alpha-copy/examples/00-prepare-a-pack.md
d561855a979c698af690789d50f460a10dd496791c9d0671418bfe0230746190	1205	<audit>/verify/data-toolchain-packaging/alpha-copy/examples/01-open-and-calculate.mjs
189799c90bb60beb0cebda8e4973c6ea294838a624738deb15a6e07ff9ce9099	2262	<audit>/verify/data-toolchain-packaging/alpha-copy/examples/02-search-both-modes.mjs
4c3f381b1efc5483b03e0418cd31dcec75a01f97edd92184d0e1c599911fb678	2088	<audit>/verify/data-toolchain-packaging/alpha-copy/examples/03-cancel-and-recover.mjs
5a02d64be84451fdbbdc6110bbd9ba8d265bb899878364c80967cee0d2911e31	3273	<audit>/verify/data-toolchain-packaging/alpha-copy/examples/04-experimental-aberrated.mjs
cfa75334cd20d57c47e856824331ffe658362912e52dc6060ff1eb0fcd8a06ef	6009	<audit>/verify/data-toolchain-packaging/alpha-copy/examples/05-experimental-deflected.mjs
cbf13db4f5cd194384eb37d2d8563e997bdbeed988613ce99eedecba86356a3c	7120	<audit>/verify/data-toolchain-packaging/alpha-copy/examples/06-plan-once-many-longitudes.mjs
71911ba520c5272865679f06a70dcf0510d342abde45ceab328c6843e10a97e1	7560	<audit>/verify/data-toolchain-packaging/alpha-copy/examples/synthetic-pack.mjs
cdfd2b6159d5db4421671ccd0bf17328cf49b8efd3ef070fffe1975f2f12c842	1686	<audit>/verify/data-toolchain-packaging/alpha-copy/package.json
41e66e9c0d19766a47fda3a417c89ff891b690cdcab6e1a3f1930df93e3618f0	3889	<audit>/verify/data-toolchain-packaging/alpha-copy/research/INGRESS-ALIASING.md
1fb0df996544b8764e39590717aba73dab6f38150a8c6f59a2efe12452654821	3182	<audit>/verify/data-toolchain-packaging/alpha-copy/research/ingress-density.mjs
1aea51a20f8da67377b121ee71d39a2ab76c60eb42a2c120bbb2d25c4390e51b	2984	<audit>/verify/data-toolchain-packaging/alpha-copy/research/station-margin.mjs
bb888fd77a77a03f2f968fffb209a9fecd376ac21d6ba9f3539f8e8fa082b816	3089	<audit>/verify/data-toolchain-packaging/alpha-copy/src/browser.mjs
ad2007872f82b81927efe0fca440a31abe2c849513d81396e28f2bc682a512bf	10564	<audit>/verify/data-toolchain-packaging/alpha-copy/src/core/aberration.mjs
a9da4c8d3aab253594765051e8532ec0ed64d83bfda7b3a9470a1b72f8a105c1	4474	<audit>/verify/data-toolchain-packaging/alpha-copy/src/core/cheb.mjs
8e8f6230ed9b50f7b7f00b7e742173d21b5e9f27d8410c7874d0d4dc60eaf095	15600	<audit>/verify/data-toolchain-packaging/alpha-copy/src/core/container.mjs
aa9eaf40fb75a5075f648621e4141b4eab85bd38bb21c72fb536d449e86fed3d	34259	<audit>/verify/data-toolchain-packaging/alpha-copy/src/core/deflection.mjs
1ba0ecdd1ccc39006c20beaa99107e5a8f5108c5961f927dbe56aac2ff60f110	40930	<audit>/verify/data-toolchain-packaging/alpha-copy/src/core/domain-partition.mjs
f8c19e4dfec348211a49a1ba678ff5d9d4d841295a89f3c5a256400aceba2d0d	10865	<audit>/verify/data-toolchain-packaging/alpha-copy/src/core/ephemeris.mjs
b4ab95b7dec0fa5e8dd018f302374d3f402c34fcca5f616f61fc6d88826c9d57	1876	<audit>/verify/data-toolchain-packaging/alpha-copy/src/core/errors.mjs
113bead5a8e558bcc348bda2a02e96cbccef893d12af9c8359ac0380fe23be37	19682	<audit>/verify/data-toolchain-packaging/alpha-copy/src/core/frame-of-date.mjs
16257de59d5b89db29d34415d50e3d19553f33953fa861fdc05e70f3a023ac38	6464	<audit>/verify/data-toolchain-packaging/alpha-copy/src/core/frames.mjs
823b8fbb377afd2812420727ecbb9c1f0e6dc07b77379239b23e67a7ec9df437	4307	<audit>/verify/data-toolchain-packaging/alpha-copy/src/core/instrument.mjs
09ae9ea96bae80635c7ed439365b7cad6e4a715fd233465cd083a5797284de3e	30054	<audit>/verify/data-toolchain-packaging/alpha-copy/src/core/interval-search.mjs
6fe8ee0e2ba6b89f0863362bc14693da530f72965718bc8da9c7540693e85048	5720	<audit>/verify/data-toolchain-packaging/alpha-copy/src/core/interval.mjs
2331f7b3cb66a980d5e1fab92da57bf351bb542a41bd8a805d09fdaf019b2855	3222	<audit>/verify/data-toolchain-packaging/alpha-copy/src/core/nutation-series-2000b.mjs
9d94180bf053ca8bc7505f9c2828a02af3b318047b8d9611d94c43602ad12137	6472	<audit>/verify/data-toolchain-packaging/alpha-copy/src/core/nutation.mjs
cd6a66a8eb44cf174fd5361dc2f7ea0a286fae0d3eb397425183171ccb9ca8a9	31446	<audit>/verify/data-toolchain-packaging/alpha-copy/src/core/partitioned-search.mjs
77840fdb23b358603324002cd8bd22d59ccba29cc08a34ac45c01d2ddc1fa561	13860	<audit>/verify/data-toolchain-packaging/alpha-copy/src/core/reduce.mjs
09f92016c679b1af47159223a383688560b45f0f885d790474703b9a0358e638	9873	<audit>/verify/data-toolchain-packaging/alpha-copy/src/core/result.mjs
2e6f0fc8fc4cbded075aa1fbf99c84c10945c67d5f2f8f92887168c8e6d2cfee	88098	<audit>/verify/data-toolchain-packaging/alpha-copy/src/core/retarded-search.mjs
48f42c5b8992265587a1d1a8b5fd40dd2fa9d746ccd90d03b08fd07b4664001f	11184	<audit>/verify/data-toolchain-packaging/alpha-copy/src/core/retarded.mjs
3993ecdab9ec4bc0da29cc9b443b71c3389c518a3b9520ee47ee6e7517815f67	42036	<audit>/verify/data-toolchain-packaging/alpha-copy/src/core/search.mjs
f008e440d774a3f5356e4f8faa91f27eca941977ad1a991a07c8deb3a98f0e81	3364	<audit>/verify/data-toolchain-packaging/alpha-copy/src/core/source.mjs
2682fa238cf2f8b318b7aab62ff5d4816c4fdf9619bbb86016364c666d3448a1	8988	<audit>/verify/data-toolchain-packaging/alpha-copy/src/core/trig.mjs
1e61931e34cf07ed11829996dfc3b2823743c6ab04cb1e4f48145bd4796210cd	28115	<audit>/verify/data-toolchain-packaging/alpha-copy/src/core/validated-search.mjs
59504a0f053642da58db9b99f32910f6fd5c7430baed732dfbba54264cc4a502	15759	<audit>/verify/data-toolchain-packaging/alpha-copy/src/experimental.mjs
182c8a693d7fada518a3b278ac755d104089e9eba43b0dbfad2fe88b51d282e9	6001	<audit>/verify/data-toolchain-packaging/alpha-copy/src/index.mjs
b2f562d8ac998a53592d8f198757fff811bcffcafe4e0a9ce71a93266b8386cf	5439	<audit>/verify/data-toolchain-packaging/alpha-copy/src/node.mjs
0f0db95764907d5a3c9d4cc989577a1885fc7d109a430ad622b5577a4de3497c	5801	<audit>/verify/data-toolchain-packaging/alpha-copy/test/tier-a/_analytic-cases.mjs
9ccdfd62c9d0d66421de4331e616b9885fd96cd24f5f3ec7f7056a9014e3d6a9	198064	<audit>/verify/data-toolchain-packaging/alpha-copy/test/tier-a/_erfa-ld-vectors.json
2bfdc00d7a8329697981fae6c4a18e0464552f63997c22440cb54ab9ad19e2e4	11758	<audit>/verify/data-toolchain-packaging/alpha-copy/test/tier-a/_geometry.mjs
81c995af4d9dae4acb0d472f47062013146f06829b8f3ec59b9b621df9369c31	8800	<audit>/verify/data-toolchain-packaging/alpha-copy/test/tier-a/_pack.mjs
a5504fdf43b8f861168cb1d0a3b38f860a8f507bb5e603ef5e2e37b39ef6d5e9	39640	<audit>/verify/data-toolchain-packaging/alpha-copy/test/tier-a/aberrated-search.nodetest.mjs
877a3c323c5af78402f83a2720daf5a89cf1de139e0692eb9f19b11671ef45cf	7015	<audit>/verify/data-toolchain-packaging/alpha-copy/test/tier-a/aberration.nodetest.mjs
e7561a3c1c04909aca584cdc6f14ba5482c138719aaad1fb9c6dca274b55002f	12034	<audit>/verify/data-toolchain-packaging/alpha-copy/test/tier-a/angle-counterexamples.nodetest.mjs
29f946d6c8d079d5f409aa1801f47d497d95d4301ec9a1139bc1eddf18dcdb3c	19100	<audit>/verify/data-toolchain-packaging/alpha-copy/test/tier-a/container.nodetest.mjs
ae7764285bbb93f38f5007c9c51c84493927e726b3f566863bace80bb944ad35	2917	<audit>/verify/data-toolchain-packaging/alpha-copy/test/tier-a/core-purity.nodetest.mjs
6008433a6104a89b26dfd2d2e7d720ebce74b993896377b9f412e98068dfb05b	53510	<audit>/verify/data-toolchain-packaging/alpha-copy/test/tier-a/deflected-search.nodetest.mjs
deb1aa1ca307d1a0958436d34238c6fabd2499f95b55d4264a886c152753c776	58975	<audit>/verify/data-toolchain-packaging/alpha-copy/test/tier-a/deflection.nodetest.mjs
2fb673b04817b1cac91418f4660b861442e53f9f4201a968a25b4b07f34a56a4	71219	<audit>/verify/data-toolchain-packaging/alpha-copy/test/tier-a/domain-partition.nodetest.mjs
e4d9130f5806b9b2cade7013735eeef404ae83a2a95f3e6c1c078486152df6fd	8608	<audit>/verify/data-toolchain-packaging/alpha-copy/test/tier-a/ephemeris.nodetest.mjs
39d9bea60f52b66c7b345521a9d8bf995526589207c3c6dadc9ad3e419f4c6b8	12205	<audit>/verify/data-toolchain-packaging/alpha-copy/test/tier-a/experimental-entry.nodetest.mjs
88514be8c6bf15f7cc067de5d7b853f92d59fcc5dc9b87e06218a9de1bb4be3e	27589	<audit>/verify/data-toolchain-packaging/alpha-copy/test/tier-a/frame-of-date.nodetest.mjs
f9c96bf9491dfbbc88723defd61c6d466e3203a45cc55ac3ec4451dc9c9da15d	3824	<audit>/verify/data-toolchain-packaging/alpha-copy/test/tier-a/interval-search.nodetest.mjs
535b117d23ac76c153fde6cf001d8a53bd1b184ed6c605bacf23fb3ae74d6d48	6127	<audit>/verify/data-toolchain-packaging/alpha-copy/test/tier-a/loaders.nodetest.mjs
fc201687c81304b246d9dacaa87d61de4283fc3fe2e6316bdb72f517f2c79d2a	36145	<audit>/verify/data-toolchain-packaging/alpha-copy/test/tier-a/of-date-frames.nodetest.mjs
b8d654669abcd14e4cf9722ca2fee9ddf0f743ecc9cd8105be6e6d4002511ce4	35456	<audit>/verify/data-toolchain-packaging/alpha-copy/test/tier-a/partition-enclosure-intervals.nodetest.mjs
3bcec0715554fdc9d8e16ef2ec12392e229b8259ba3a6a81e982f6b65777a05e	34766	<audit>/verify/data-toolchain-packaging/alpha-copy/test/tier-a/partition-enclosure-lighttime.nodetest.mjs
4e75b1abb46194ecdea6388d5c4713df10e271158c4086f6a56e94c308788db3	21300	<audit>/verify/data-toolchain-packaging/alpha-copy/test/tier-a/partitioned-search.nodetest.mjs
66c83d2ef25d429df180f1b055fd3f8040f4fc4c6860df38752cca957268414b	22406	<audit>/verify/data-toolchain-packaging/alpha-copy/test/tier-a/reduce-search.nodetest.mjs
829a772f8711f0a5bd0187eddb2f1e89d032ace71323e4650a1199a0fc1831bb	34401	<audit>/verify/data-toolchain-packaging/alpha-copy/test/tier-a/retarded-search.nodetest.mjs
d378e1c44df5b14cac5c9d7fbdf21f0c41267dc24dc2d41fd047859e6c316d7c	8654	<audit>/verify/data-toolchain-packaging/alpha-copy/test/tier-a/trig.nodetest.mjs
964f8d91e4535d870e341540a01d4d13b70e3492bcb1150022a92a6032667e3a	25950	<audit>/verify/data-toolchain-packaging/alpha-copy/test/tier-a/validated-search.nodetest.mjs
26a157220f02f4f2da487328ab126c7fa9b1c0c31cb3912d1b4ca3962779be69	4753	<audit>/verify/data-toolchain-packaging/alpha-copy/test/tier-a/vendored-compiler.nodetest.mjs
b8b6e78277a18306eca11b188bca3efca3dad8d3770b18cef0245e829aba747e	937	<audit>/verify/data-toolchain-packaging/alpha-copy/test/tier-b/README.md
9379872d0bd2d6bdd4e3e1633001280775c09b8bcd4598ae7cc151d4e5c7116b	4350	<audit>/verify/data-toolchain-packaging/alpha-copy/test/tier-b/_aberrated-reference.mjs
01f4d5bac1eb7e52598741217e3068bbd7fef75af860f6b0155e8fd22d649cf6	9386	<audit>/verify/data-toolchain-packaging/alpha-copy/test/tier-b/_deflected-reference.mjs
5a1c32e73ac6819b1d545679c30af18a287bb24878d86b4d55e5ca3f1f35e712	5774	<audit>/verify/data-toolchain-packaging/alpha-copy/test/tier-b/_of-date-reference.mjs
d7e6121c2089d527d327a0f1691e4b60d9aea7bc13ea89abd8b0ead6c9b35630	3446	<audit>/verify/data-toolchain-packaging/alpha-copy/test/tier-b/_retarded-reference.mjs
78b987dafbfc113d9a4fc14ee27d77e071a1764df7763ba046f20f2aa06fcbd4	8724	<audit>/verify/data-toolchain-packaging/alpha-copy/test/tier-b/aberrated-holdout.nodetest.mjs
e54df53154dfae08ffc82568e47b5965f9cc00dff1dd0d0f535d3d97081bb49e	7442	<audit>/verify/data-toolchain-packaging/alpha-copy/test/tier-b/deflection-families.nodetest.mjs
5aaa2d85b0010ca111b13fad57f1fd750807c3632a2778aed1b1ec16e4fc8f87	9590	<audit>/verify/data-toolchain-packaging/alpha-copy/test/tier-b/of-date-holdout.nodetest.mjs
ba9cde2068bdc307b1b77a1310d1aa22cc258137f57ff02934c65d841727bf54	2363	<audit>/verify/data-toolchain-packaging/alpha-copy/test/tier-b/pack-versus-kernel.nodetest.mjs
0b7456fe542b4f85eae00528d7987c0c2ff246fe5edde5183660b229b85055a6	9416	<audit>/verify/data-toolchain-packaging/alpha-copy/test/tier-b/real-pack.nodetest.mjs
5591b4784ab12466356e25eb220251f7348e98eca892dfd10c63deb62e15baab	7514	<audit>/verify/data-toolchain-packaging/alpha-copy/test/tier-b/retarded-holdout.nodetest.mjs
11f8fc15857e07b542028a2fbb778e7ec25873cfd551bd63782e722f8537ca97	2196	<audit>/verify/data-toolchain-packaging/alpha-copy/tools/compiler/SOURCE.md
e3d1793ad9db89df925d7e14493420bdb4cda0f3d29645c9c13577e2f47fbb65	1804	<audit>/verify/data-toolchain-packaging/alpha-copy/tools/compiler/cheb.mjs
a5cb5f13ab6b3cb593e12d1590794f72dd12893d8500162d96a365fb4b1bc472	28852	<audit>/verify/data-toolchain-packaging/alpha-copy/tools/compiler/compile.mjs
7f509db1f0d69448c26894936c066c6f9a10fbc3f78d68a209f123ab799782db	2650	<audit>/verify/data-toolchain-packaging/alpha-copy/tools/compiler/format.mjs
bd433a11cb062e46cf00ca7c1fa63383c28deba0f15956597d47a159c8c99d14	4620	<audit>/verify/data-toolchain-packaging/alpha-copy/tools/compiler/raw/choice.json
3d7f7aca14153e9ac15cbda239ef12ed695fbef5c19877d8e71f8b9d19bc987d	16936	<audit>/verify/data-toolchain-packaging/alpha-copy/tools/compiler/runtime.mjs
4fbf3098d970b3ddfb5f8d0acf92b6d3fe4e2979cb9073fe00673261dab18d68	2363	<audit>/verify/data-toolchain-packaging/alpha-copy/tools/compiler/sources.mjs
eda035a677c9f3898c4039c3156202ce6f812b394d1c89fd5d401b448c307c68	4746	<audit>/verify/data-toolchain-packaging/alpha-copy/tools/compiler/spkref.mjs
4d487dff8c9c08a4e1be6decb9934f81fb73e718f35ded6e66ad07b9ff4e4910	20753	<audit>/verify/data-toolchain-packaging/alpha-copy/tools/consumer/clean-consumer.mjs
a27c219d1183bb2a86a54497e852ddf22d99be829f4da4b977a37dbee48be96d	11102	<audit>/verify/data-toolchain-packaging/alpha-copy/tools/measure/aberrated-holdout.mjs
a942465cd909e1f5abbf79028277d06e49bcdb1f3200ba3660d82324e3a52fdf	1926	<audit>/verify/data-toolchain-packaging/alpha-copy/tools/measure/aberration-cases.mjs
cd0d9585c5a8cef27f5fe9ce8235e75bd785ec86ce1d3e0334bc50fdefa95c09	5022	<audit>/verify/data-toolchain-packaging/alpha-copy/tools/measure/aberration-vs-erfa.mjs
df74485940b222637e25e1edad9688c3595d52072dee9f9df1d207ac3192cadd	10252	<audit>/verify/data-toolchain-packaging/alpha-copy/tools/measure/cost-baseline.mjs
d7195815e52dd873e994b87278bfb67e0f3a1f716ef96d0b7d5f35f4c5577af1	8538	<audit>/verify/data-toolchain-packaging/alpha-copy/tools/measure/deflection-audit.mjs
6144906a6b41c82dff1cf19362b30acf1c4e4d8c8ca535376a50eac6e5d379f0	19774	<audit>/verify/data-toolchain-packaging/alpha-copy/tools/measure/deflection-holdout.mjs
91ba159f3f78309e0432cd77296dfdea6e5f5e650dd81a5c6fe96f709d09acba	9541	<audit>/verify/data-toolchain-packaging/alpha-copy/tools/measure/domain-agreement.mjs
ff4bac5fc8a2ccb5d1f63404c96734fd125069382c7f7a29add598721a122527	5209	<audit>/verify/data-toolchain-packaging/alpha-copy/tools/measure/erfa-ab.c.pinned
ee3294acff52a99793fdbea5e4606609deb71b9891e377820c0c15f5cb5f4c54	876	<audit>/verify/data-toolchain-packaging/alpha-copy/tools/measure/erfa-ab.py
22cfe74b2fdecc884ab6d7cce05bcc88411f531979485f2976a8412e205d7744	18	<audit>/verify/data-toolchain-packaging/alpha-copy/tools/measure/erfa-deflection/.gitignore
ea9f60ff1163fc6fa9316ba3fb8fce6445de6cb9a22f742332e069b0b9c38c24	1942	<audit>/verify/data-toolchain-packaging/alpha-copy/tools/measure/erfa-deflection/PROVENANCE.md
ff4bac5fc8a2ccb5d1f63404c96734fd125069382c7f7a29add598721a122527	5209	<audit>/verify/data-toolchain-packaging/alpha-copy/tools/measure/erfa-deflection/ab.c
db010b12be5d12269d27b6d2e0553b6fd1e4458a4519b7f96503df48d09ce316	16096	<audit>/verify/data-toolchain-packaging/alpha-copy/tools/measure/erfa-deflection/driver
cc00954b7873febe59a4e68c6393e0143093f3b14ba3ee5f27a484942ebf3696	1049	<audit>/verify/data-toolchain-packaging/alpha-copy/tools/measure/erfa-deflection/driver.c
affa41a6028f8f2ec23978c6b707771ab654438c2bdb9fcd4a1c4b1a42dad06a	6265	<audit>/verify/data-toolchain-packaging/alpha-copy/tools/measure/erfa-deflection/ld.c
8176b0927e5c88254cd37d07b7f492046269ceec1fcf249747cb235294abaabf	557	<audit>/verify/data-toolchain-packaging/alpha-copy/tools/measure/erfa-deflection/ld_body.h
42c5ffb96f12c8364a25880795a389546ab1126ec272a00a73246c30b174083e	4554	<audit>/verify/data-toolchain-packaging/alpha-copy/tools/measure/erfa-deflection/ldsun.c
fa38e3eb521091142a8384bbde8b824bc4d7d93e8e83e92b6b3e4e3398bdedcb	8245	<audit>/verify/data-toolchain-packaging/alpha-copy/tools/measure/erfa-deflection/make-vectors.mjs
2f76176c49d91c1e80af54cdfdb382a05651e065271dde043f24a23a0af1d1ea	11418	<audit>/verify/data-toolchain-packaging/alpha-copy/tools/measure/erfa-deflection/measure-claims.mjs
654befadd83052522b00933e84b8b770888965d7f5a9e7022090bcd573a66ac9	27839	<audit>/verify/data-toolchain-packaging/alpha-copy/tools/measure/evaluate-search.mjs
a82f1a95907cbb0230009d7c913017b0cfc67276644e680da486f3445d514ebd	19282	<audit>/verify/data-toolchain-packaging/alpha-copy/tools/measure/four-configurations.mjs
084b536e359a3ff5c122b25267fd4a67128f50bcd64b736edd09d50501b86acd	19104	<audit>/verify/data-toolchain-packaging/alpha-copy/tools/measure/of-date-holdout.mjs
1b41c4bb50eb496c1141a45caf75bf4f3fa214833df7455848c229f978fbb6b2	28650	<audit>/verify/data-toolchain-packaging/alpha-copy/tools/measure/partition-evaluation.mjs
7f0a6a48738248c0e1d17e4fdf64913bccfc397df210e338208d367aa41c440c	8219	<audit>/verify/data-toolchain-packaging/alpha-copy/tools/measure/replay-of-date-pass-rule.mjs
5606119d4570c848b0040a4befdfe30c6c7df23a6cc26440f21eacbbb159a36f	3644	<audit>/verify/data-toolchain-packaging/alpha-copy/tools/measure/swiss.py
82de29547a814ff50af8f3f7272e7c4ce7f3670f4f950969b822ee89db8b11c4	10572	<audit>/verify/data-toolchain-packaging/alpha-copy/tools/measure/write-results.mjs
72f354a8775f9716377a8835096e34a69d9b6dccf710aee6a1f162e7ced55a81	2346	<audit>/verify/data-toolchain-packaging/alpha-copy/tools/seal.mjs
6a4610a7870d8bb24f54d299c2c9148e5e0c7041768c82ad2c4f50ee10ff2bd1	2088	<audit>/verify/data-toolchain-packaging/alpha-copy/tools/spk-backend.mjs
8e0d8a68da9ac774df31b992db1f18bca8d9a1c7a40df4c09d5c410e1ca837b1	628	<audit>/verify/data-toolchain-packaging/alpha-copy/types/browser.d.ts
43d846dc079262094c9aad5ea068901791f266ac23e7fe57a2c16dbb0e3a6141	20215	<audit>/verify/data-toolchain-packaging/alpha-copy/types/experimental.d.ts
ca2cf1d6d198a871d888ac9c4f84bda5ec6b6a1ea92920d52365ad8518544430	13628	<audit>/verify/data-toolchain-packaging/alpha-copy/types/index.d.ts
5e24fc954a69ba2509b92fbb5e498d979f1de6ebddbc24e0d9b121d1416c8f35	815	<audit>/verify/data-toolchain-packaging/alpha-copy/types/node.d.ts
aebd2cb7de7f84f7306ca7307ff979d70449b2fe3fef6e6d8df3c74880d1a782	213	<audit>/verify/data-toolchain-packaging/bundle-size.txt
69c7a337369d9b6e7d851ee2b56378e3d3a052d8f9430132d8ced1615f81eedc	2061	<audit>/verify/data-toolchain-packaging/header-grep.out
89459ceb343b9bac4687e737d9ac72bba3c9f3f5546af2c72f953f286bd4c4a8	111	<audit>/verify/data-toolchain-packaging/npm-pack-result.txt
a52eaf16a435d60a41941da335e2013df830599b714a0b97fae2d7d23092cd07	130	<audit>/verify/data-toolchain-packaging/open-de440-crop.txt
fd401247c37131d37f336123c48affd4679f017b53981efcc0e15b3f8e61108b	1078	<audit>/verify/data-toolchain-packaging/swe-probe.out
60f09b5350025fd0bd066c72c8ccf0141e027cea536123caeff413dcbfc626f1	2062	<audit>/verify/production-event-search/horizons/fetch.py
63a3d1281d6d6358b9eda189561bad1484723485707b454ffccabf9df022ac4e	383	<audit>/verify/production-event-search/horizons/moon-lunar-return-C1-2026-09-11.query
50161ca4ee2feefffa50ac445819508e0664f041965d3c317805ce3186987397	5539	<audit>/verify/production-event-search/horizons/moon-lunar-return-C1-2026-09-11.txt
57b6b51be952db711439fb84f60d1dab910fa7df0d7c2da726f4fa68e4cae340	383	<audit>/verify/production-event-search/horizons/moon-newmoon-2027-01-07.query
663695a3a7be2ac01c9350356c44c978415dedc8b45e1a5bbe160def1fb2dca7	6617	<audit>/verify/production-event-search/horizons/moon-newmoon-2027-01-07.txt
7c9f11f45d11957af1aaef30e25ca22e657ebeffe68808acee90faa7e469da90	469	<audit>/verify/production-event-search/horizons/moon-newmoon-2027-01.query
c42830b022c698a2577015dc7e65daba1f3647136a5cb8a9a808c6a50d335f3f	381	<audit>/verify/production-event-search/horizons/neptune-barycenter-station-2027.query
4f06f7269943be1fddbbe0ccd49550a24c4f129e301ae841c78cd92b09ab1ed5	13183	<audit>/verify/production-event-search/horizons/neptune-barycenter-station-2027.txt
cffd19ce5b3cda90eb5a08ac22d8378cdf9cea77ffb7392000aec4b5d6ca6fbb	383	<audit>/verify/production-event-search/horizons/neptune-station-2027.query
313b3ed969f298f7d461d44fdc14469a6639c763f464a279f9f81a51837851bc	13255	<audit>/verify/production-event-search/horizons/neptune-station-2027.txt
ae5ad53b5ddcb7ccf6625991aa9c56bfd0ccecf5172da2cc13156e4a6ab9aefb	4444	<audit>/verify/production-event-search/horizons/parse.py
b69c564df8b6238d5668286fca6b2bd3928dea462a0d9097183d3ffd1238cabb	381	<audit>/verify/production-event-search/horizons/pluto-barycenter-station-2028.query
a38864c72d804aa707126f78f0fc8d06c8f95b53bd50f351efad748713176160	13183	<audit>/verify/production-event-search/horizons/pluto-barycenter-station-2028.txt
6ba99d87a15143491e366999aaa3e614f223aef7ac1c7a0bde61acea725d8144	383	<audit>/verify/production-event-search/horizons/pluto-station-2028.query
74aae6205b8f524e32422fa546bc2ffa69e5285005703903136643e1bc86393f	13247	<audit>/verify/production-event-search/horizons/pluto-station-2028.txt
bcf3b3b9deb198ca85d2441ed80420c8aea249853d5c344ae39feaa69087fea6	382	<audit>/verify/production-event-search/horizons/sun-gemini-ingress-2026-05-21.query
cfb2b3ec057cf7ef33434f01580c418eb7219dc23a155f63ba58aea69fba1b7c	5880	<audit>/verify/production-event-search/horizons/sun-gemini-ingress-2026-05-21.txt
24bc7b4996ff30bf97f551df4954462c1832793844422190b531596b263658f5	468	<audit>/verify/production-event-search/horizons/sun-gemini-ingress-2026.query
6d15027905295926967b0bdc93e4fbfde1c9e16b894ca0e928da60b55d9298f2	382	<audit>/verify/production-event-search/horizons/sun-newmoon-2027-01-07.query
09a5f56989ab00f5005a25d3ae53919f5ddb18c01e76db4c2d85cc31d2916267	6615	<audit>/verify/production-event-search/horizons/sun-newmoon-2027-01-07.txt
0380fee8823b337304f0b205c338b039110d86f6cee2e503fab48a1c59af71a4	468	<audit>/verify/production-event-search/horizons/sun-newmoon-2027-01.query
a939cfa7ce73c4ccb971a3f069ee11b787f7d7dd50459e266cad466b284cc9b5	382	<audit>/verify/production-event-search/horizons/sun-solar-return-C6-2026-07-01.query
716faa86d6a468950e490f733faba038e2bba1e9d16248e242d00e3663f8d908	85806	<audit>/verify/production-event-search/horizons/sun-solar-return-C6-2026-07-01.txt
62aca1425a1c7ac3805f6f6ed397adc4f0f0cd857f37be94af61fbda903eb9a7	382	<audit>/verify/production-event-search/horizons/sun-solar-return-C9-2026-07-03.query
aaea1ed5d1eacbf4b71736fc1f57fc3253ab72332ee9ef0ebbc6d5f31ff3ff13	11886	<audit>/verify/production-event-search/horizons/sun-solar-return-C9-2026-07-03.txt
49e4b30f2881c3c500bab82cacf7fe45d78dba74db4d6c6a2fcd870058f70e85	382	<audit>/verify/production-event-search/horizons/sun-solar-return-C9-2026-07-03b.query
461e1ebe1d3592056fee7a8ac65547f99610fb9fd3bd396c37c0fbde057547d6	8085	<audit>/verify/production-event-search/horizons/sun-solar-return-C9-2026-07-03b.txt
3273a71248b6b0c4b0d1b0dea7ef8979e148d482eab486b86a365f21e16aa752	422	<audit>/verify/production-event-search/lib/full.ts
490cb04f1d7b1be5d389920a0e01be0441e2fe2905ce686f371809cc2f8c07eb	2216	<audit>/verify/production-event-search/lib/longitude-crossings.ts
50f073980a437ad1a7b0fcca55c60b3c086885bfbcef7dd459679d9a78ea4493	5046	<audit>/verify/production-event-search/lib/lunar-return.ts
6985b76676dadf3fb39d1ad042d40838d9e4eade31dec952b2f5c151b78408d0	1169	<audit>/verify/production-event-search/lib/progressions.ts
cc19146a338a642655fc6f9a8923dc129b497abc386cc169a6d34cd044bb2249	3428	<audit>/verify/production-event-search/lib/returns.ts
a36521172840bdeecfd9aef1f4cb105efe00387525e67fcce03e264cb605f497	2164	<audit>/verify/production-event-search/lib/solar-return.ts
971c608514d50677779e0e7ec9beae6505bfc30831d49d4f187ce0efa0b8e4c2	13595	<audit>/verify/production-event-search/lib/transit-scan-core.ts
bafc290335aae72f94b44cf16d746e8db79c54ef64cfa15ad4598f12baf73b3d	1014	<audit>/verify/production-event-search/lib/transit-scan-shared.ts
ed7bbe6e8f319e8b15fa5a06a0a74e7631cef8bbf859e647604591dea0e327d9	1512	<audit>/verify/production-event-search/lib/transit-scan.ts
a93ff373bd34cedf306be199c9fe5864ae116481d687d5a0859ec622075b77bc	23917	<audit>/verify/production-event-search/lib/transit-window-core.ts
55b9113db22cf4d456a090411dad862f639440c7690da2a314f751efa6cf6c54	2164	<audit>/verify/production-event-search/lib/types.ts
4c329b6b72327dd578eba910556ca5f284e0104898da23a20c37ae8d99190fbd	7553	<audit>/verify/production-event-search/lib/void-of-course.ts
757f967071c885b823a03af9afbbccbec35e2d598a6aaa3aa9f00977c54e2b95	3302	<audit>/verify/production-event-search/lib/year-scan.ts
d77307829d4ec66e48a62fa8b718dcd0196df04caf22d056e097c8fd35a11a01	1051	<audit>/verify/production-event-search/out/VERIFY-NOTES.txt
bbbf39fae60f089bc6814e9f0dd54011fa257479c7d3e9d68c992c3789744026	1442	<audit>/verify/production-event-search/out/horizons-arbiter.json
40e44e1f0a451d11fe1c1cb364c0be7c3dea8e13589ce6461383b8ca374a26e3	1443	<audit>/verify/production-event-search/out/parse.stdout
fc1e2c8df7e8a312bee42b8905e4cf860271f0d2d3946a09cacf955f70dbdd4a	2808	<audit>/verify/production-event-search/out/s2-crossings.json
e3b0c44298fc1c149afbf4c8996fb92427ae41e4649b934ca495991b7852b855	0	<audit>/verify/production-event-search/out/s2.err
a3e5b033484816c0c68c7a98c02a26ca90b78fc32542a56cbbd4ef4edf359c83	5443	<audit>/verify/production-event-search/out/s3-saturn-graze.json
e3b0c44298fc1c149afbf4c8996fb92427ae41e4649b934ca495991b7852b855	0	<audit>/verify/production-event-search/out/s3.err
62f2c98bb16294fc74811739ad2620d3f30fe95fe7a72bf5dc0108a6d5cd3650	1312	<audit>/verify/production-event-search/out/s3b-yearscan-phase.json
abab85e5f63d3f4ae735810a84962a4df36620c688bb097fbaddce1e6e1c5934	6334	<audit>/verify/production-event-search/out/s5a-engine-returns.json
e2005e252591a1b973b3a061afbca888d6c5c6011ae2d9e4eb8317e59cdc6507	11283	<audit>/verify/production-event-search/out/s5b-swiss-returns.json
111d023934f14e6f2429844aaf2b1fd9b1b2d7ecb139a0a6ee62235e5541c4a6	4891	<audit>/verify/production-event-search/out/s5b.stdout
d3a75ed52f705851783f6695749de30b82c372c71982c1e03645f29df2845600	1070	<audit>/verify/production-event-search/out/s6-window-uncertainty.json
e3b0c44298fc1c149afbf4c8996fb92427ae41e4649b934ca495991b7852b855	0	<audit>/verify/production-event-search/out/s6.err
1fba95403db4753b83d81295e2d59f89bbdad1fa7a989b0695fb9caa7baf2cc3	17246	<audit>/verify/production-event-search/out/s8-eclipses-vs-swiss.json
5e08abd4af2a3d43be6bd608d530bb0c0dd70b5f4ccd3497269bf129511dc409	1804	<audit>/verify/production-event-search/out/s8.stdout
a8c0244812ed98844419867385c09bf3872e5fb53814333e5724f18be04f98cb	85106	<audit>/verify/production-event-search/out/s9-sky-vs-swiss.json
08575e71840f7d2471cfaa74bb1bfcf2728db35bcbdb0004de12fc7e4fa695df	2315	<audit>/verify/production-event-search/out/s9.stdout
36f9d6864b1699adfe5fb399d3759cc6e5d94d95ed49c6e8ca96f2e78214eb2f	3625	<audit>/verify/production-event-search/out/v1-engine-epochs.json
6508b7a7743ec80d01056e6e7c3fb1c7d3aab08db11ebf80cbc9fe4fc728864c	2668	<audit>/verify/production-event-search/out/v1b-swiss-compare.txt
f23f1414ffcc4ce6250786f099530a8d772f1a002842212ab2fa9ce459780881	608	<audit>/verify/production-event-search/out/v2-eclipse-sd.txt
c6714e88a8022fde45789918e5981be12d9e1de06589eba99553a005fe7fe368	425	<audit>/verify/production-event-search/out/v3-station-barycenter.txt
ae28119f34b71fb8e10dd61d557dcce7cbea664d11888a8011578a3b5b4622ac	1397	<audit>/verify/production-event-search/s11-build-transits-blind.mjs
f178b9556a9d7a5f3872c77bad00d50238f47ac6c24f5bb757803e59ca11031f	1592	<audit>/verify/production-event-search/s12-solar-return-impact.mjs
a27113aca8d2d2ec4478b7a47a62719eb7b49a69ccd9c70dfc69246621326a4c	5567	<audit>/verify/production-event-search/s2-crossings-counterexamples.mjs
e41cfc7f0a3bd2313d18e877fbf721535c08aad4e4c45f4d38022d513daf930d	5090	<audit>/verify/production-event-search/s3-saturn-graze.mjs
c20e1aae716d30f1d4e2a4163923a0ea5110f5b11521cd0198b367c870a2b09d	2134	<audit>/verify/production-event-search/s3b-yearscan-phase.mjs
2467ff374b6c7d65de5c4e1666921543593d0afa3d0cf3d49539f6279bdb658f	2700	<audit>/verify/production-event-search/s4-saturn-natal-speed.mjs
f1628ef0ea80ca0da88422120424a0574717b8cae4e6b90d604ef0b6e01c82fd	1857	<audit>/verify/production-event-search/s5a-returns-engine.mjs
086e9f93602cdad12a17b790d02a67d2e8b1196a907a02e71f0755ace1842c3a	4954	<audit>/verify/production-event-search/s5b-swiss-returns.py
da0bf6996810fdb8948c7efbf91e76c9f04dc5397930e66f82aef804688a25ba	2043	<audit>/verify/production-event-search/s6-transit-window-uncertainty.mjs
6eeb5a481dc950b92171cf2615fd16b9ecf5427855adad5b208a8e551c83639a	1306	<audit>/verify/production-event-search/s7-slow-body-bounds.mjs
0b5208eae44b744f12de8271b41cca2e17c5d32dc4625b3635b56b227a381c40	4288	<audit>/verify/production-event-search/s8-eclipses-vs-swiss.py
fa7c7e43dbe3bfa92d320558903570db4e85919cae6d005d1919a78deaf2cd88	4008	<audit>/verify/production-event-search/s9-sky-vs-swiss.py
e52a39cf10eff65d6895045e7eaf97d04125d171cff604e5b32140cd27edea60	2979	<audit>/verify/production-event-search/v1-engine-epochs.mjs
9a3da4a9e04574eba80ad4e2f94bfe978bcef6c05b0532ea0b4555e12d455df3	1909	<audit>/verify/production-event-search/v1b-swiss-compare.py
8af739f36a22bd6e792ea0de2718736ef3348f34407b6767eede9032609a23e1	987	<audit>/verify/production-event-search/v2-eclipse-sd.mjs
ab577a0ffe1af152c3cf0a2cf11d08a4ba4276860dd35da13c5c07c99141fcb9	91246	<audit>/verify/production-positions/de440-verify.json
ab3daa05e37aea32f797cddd719729baa8262b3e7ef833b12d17bb597617a417	1056	<audit>/verify/production-positions/de440-verify.py
6bafa42a0b1c7eee2e019beaf016ae1fbbd5bb03f6fe14205d0af7b5f3763079	448393	<audit>/verify/production-positions/engine-verify.json
425051289882bd92ce82d69f62ff48a1468bef39997b46664d6ce1818b806408	4954	<audit>/verify/production-positions/engine-verify.mjs
008d8d5704f30475445c9a3ba9741cc940fec4a28a8e706a3794d946bfbb95db	433	<audit>/verify/production-positions/modern-deltat.json
c6cc230b794c72bf0c9daaa3b966189441d1f14ce39384818fa2a96f65b80994	812	<audit>/verify/production-positions/modern-deltat.mjs
3db82321c04b4d8e1fb294af4e52c8ffd0ab523d0cab58dc83bdc1543ed6036e	27112	<audit>/verify/production-positions/swiss-verify.json
f94d80ae11b898df7d5e6f2e7dfa2c6318dcab116f6c10e97ad0ebfa4f98fca9	10213	<audit>/verify/production-positions/swiss-verify.py
4fc890b3aa5be990018632dceb6ffe918baee566b0cdd9154c285d3adf56390a	2169	<audit>/verify/swiss-parity/compare_corpus.out
9432623f72e398469a51ccb43704c9e2049ab2dfb28005a04ee82e99f825e2e5	1728	<audit>/verify/swiss-parity/compare_corpus.py
d4b7e87559704b98990e533d4f666d5e095abb7c064d30daaebf88ddf14bdf3c	2170	<audit>/verify/swiss-parity/de441_test.out
1e6d7191252fc4e48e43f880a5ce239e358b8315f6edffbf96599bb01780d753	1789	<audit>/verify/swiss-parity/de441_test.py
d040cc4bedab0c1df5c4d5c48eab86affc0a6f2ad9ff35efe6f0cff125bc6503	447	<audit>/verify/swiss-parity/deltat_ae.json
d43ec1fb40f2afa8bbeff151a93e78ddb1fda9c97ff8c712d17fce3edcb338d8	572	<audit>/verify/swiss-parity/deltat_ae.mjs
4609fc0d991ccc7fa4c1ab0ccadc0a7d91b231f3ddc139ad8a068f4b30bb432e	1050	<audit>/verify/swiss-parity/deltat_cmp.json
41061672d269e41302127817c23fe6c55e45ea9495d7364719f319c468ed9ef8	883	<audit>/verify/swiss-parity/deltat_cmp.out
c5eadf9a460b25accb7959335061e6cb5f8048e1aabcd20f1db7dc1c7bdd33a5	1071	<audit>/verify/swiss-parity/deltat_cmp.py
36332d84959ecadf2b48eb060ab31ccdb02e39421fcb447a9b6e24530913de3e	41161	<audit>/verify/swiss-parity/engine_corpus.json
c8d33f0f527809f1da191aefc0fef12ff02fc024e475f0a495173c309e3404b4	1201	<audit>/verify/swiss-parity/engine_corpus.mjs
226e4ed1a681256422974579d433cba9d1f7220d0e8673abe4b47e50fa823893	27	<audit>/verify/swiss-parity/engine_corpus.out
cdb95ed93a4f10a776c325c8a986591982ba7476c0ad3efc8d974affaa9c2d94	34028	<audit>/verify/swiss-parity/finals2000A.daily.txt
17460ec10ab6e88c7b82d1d7b4fca753d6d1209605bef2d9557fd4ea9f2bed9a	351	<audit>/verify/swiss-parity/horizons_dt.out
7e45229636bea842117482eebdf856f04d68fc64f5e4d85b17007e8478f58b75	933	<audit>/verify/swiss-parity/horizons_dt.py
dde9dfd4177afe5940e3d2829bc444af4e28d795c75a45277305c7ce842b9bd6	3560	<audit>/verify/swiss-parity/swiss_caps.out
ccbda90a43cf959ea5014b0674c86bea92dbe2a845bb4d0bf6d3319337b90def	2254	<audit>/verify/swiss-parity/swiss_caps.py
41cf770a143c83cb8e84398259e1bcf8446ac282f0b081a06fd78a6333da1bc1	59182	<audit>/verify/swiss-parity/swiss_corpus.json
80aab02a24817b6e6fcc53fa8ce8c99ee50e6e402a1085c5e389cd9ea4d34399	90	<audit>/verify/swiss-parity/swiss_corpus.out
0a13f5e558e69f94996937ca2ea2304483b8382ada26974e3ad1285a2bd31edf	1550	<audit>/verify/swiss-parity/swiss_corpus.py
73339e31c4cfa3c27370d8a22c6a15e1ea6df0f5e7f5d83428f48ab5edb24dd6	677	<audit>/verify/swiss-parity/verdicts.json
ca6001fed1128561c57b6317a33be018a328d3cae54a72f6ef488bc604a13128	450	<audit>/verify/time/deltat-ae.cjs
1bd1b2eb02f3394f519e30b88e539450331cdb94b90d7b375ac9b014cde43482	400	<audit>/verify/time/deltat-ae.out
b85ff657e8ae916477c61ef0371033c2468a5fcc412ac119c5bffbfc7f692814	838	<audit>/verify/time/deltat-summary.txt
f3c8204a86549be94e7ae35c297e9f5844102c2256c0c04d88c0c0b84b806463	418	<audit>/verify/time/deltat-swe.out
79053a0a2c967a4250ffe227471d1de7e19567110916cf554148fdf2ae75663b	730	<audit>/verify/time/deltat-swe.py
c672540e026d3cd4840c0858d4ce2bc4a18c3bc9751f9636c3285e11950d58a1	3767520	<audit>/verify/time/finals.all.txt
dc6bad38b4e260512232d202f8366a87f941d5048304811c4aae816f0cb688f9	711	<audit>/verify/time/hz.cjs
e1a2a19106dfce78146519ab92eb20a9745cff0adb8437799286e680a20e5112	217	<audit>/verify/time/julian-swe.out
37cd5fe9344a4264eecddb01627f335fbcc60adb8456dc6670232f611024dc2b	827	<audit>/verify/time/julian.cjs
38887636c95cc1e553b72f9ac303382fbf344228989676a15e37b4c58e441d23	317	<audit>/verify/time/julian.out
f6db034fa95161194911f4e7557dc3b230b896bcf84fa7fc61f2fefe3d540349	81	<audit>/verify/time/queries.log
ab60aa86ecde66482be00630e9541301f969f3d8fdfcbc97caa410c38726ef02	1397	<audit>/verify/time/stk-impact.mjs
f521d422336f597322909664f2d4e06b91ed41003321858ee035acecc27069df	467	<audit>/verify/time/stk-impact.out
82901a9d29f40d59edda60947f23aa9cbe030715a2582cac6f6b59c4aab7c996	712	<audit>/verify/time/stk.mjs
4dd9736a08b563f1371a468b5588cfbae9ab762f5a83247076454f2a70655839	1598	<audit>/verify/time/stockholm.out
ab187194d53d29e59a1d548af793d215c128dc0f896e81428e101e6f689d5bf8	35710	<audit>/verify/time/zone-div.json
5099d6f3adffc57d8566e8eedb7c1718d0a833b08dc7f3a833b70932c9d84288	4080	<audit>/verify/time/zone-div.mjs
f79ada684c74d40f8590a3ec3920326bd87c8d538d2a0a573e6c9e0dd56c64ba	6988	<audit>/verify/time/zone-div.out
1832e2ab19f668bee34e5a6686a6f8253a1f3314000930c2b16661e1176edde0	1904	<audit>/verify/verification-honesty/anchors.json
5570938ce05882e8fc31d2cdf975179c300e650d6dcca7d5d3f31a44303ffe0f	8831	<audit>/verify/verification-honesty/mut-F6b.log
53f8e1824f8cc4a399a3524c1cde528ca8cf0d386bb06518bd13c007a9012cad	1230	<audit>/verify/verification-honesty/residuals.log
62eb916c43e3edd94c59eb365043f867c9949f29c0de9af5dcb4b73eb80eb329	17906	<audit>/verify/verification-honesty/tier-b.log
