{
  "at": "2026-09-08T05:48:55.832Z",
  "node": "v22.23.2",
  "browser": "152.0.7977.83",
  "freeze": {
    "freeze": 2,
    "timestamp": "2026-09-08T05:41:09.965065+00:00",
    "baseCommit": "c761a49c55d125bca48ff38d81b0a9ff6fd5adcf",
    "sourceCheckout": "/private/tmp/zodiacs-platform-site-receipt-export",
    "files": {
      "src/islands/ChartCalculator.actions.test.ts": "a5291e6c274afb02c462de68e22df45f4598e5aea36dfb7ca2499f870af1a902",
      "src/islands/ChartCalculator.tsx": "a55cbae08d115c32f3cecb4f95b141fa6480f63cf75fa2f8e35345a233d39d11",
      "src/lib/engine/calculator-receipt.test.ts": "58b4a803c2f579e2d1c72ca27334270e4dc726620b369a2f280e40218fc50fe6",
      "src/lib/engine/calculator-receipt.ts": "21c1a94b6aadc77b28bfc1081de526f22e2514dbf4f30224049adb76564ca410",
      "src/lib/i18n/index.test.ts": "5d5435b23bdc12d9a35ae23af75f41b47c1d40a2d0d9534fed74f78051b171c4",
      "src/lib/i18n/ui/en.ts": "0d9d6be58d1e9c9de2093e754866ec8219267266140278478cded09e3313a890",
      "src/lib/i18n/ui/es.ts": "a7765491183cb21cc94f18e50f7de7f7749ce84e4a841726eb537a645483af7f",
      "src/lib/i18n/ui/fr.ts": "39d594d153d8d86190a7210a24e3f4e5fc863764310619f8cc1239a26375712f",
      "src/lib/i18n/ui/it.ts": "5db6cc6f90d31fa4f053addaff09de38d1b724d6f1ca22eb9af258976ef4f4f5",
      "src/lib/i18n/ui/pt.ts": "53534df49cd4a8dcd7245e806c696b5f521ecea8bdf6a9bf4cf16415c24019b3",
      "src/lib/i18n/ui/ru.test.ts": "30e63d628acb48176abf238ed41b661bb37b662d781cbd9f7f18bdcd97e63809",
      "src/lib/i18n/ui/ru.ts": "7658f2fffbc1de4541db893e969528ea041bfab0dee2e8e3428d4aa3c454673e",
      "src/lib/receipt-download.test.ts": "a3f039e77b4a234f7ab6dc46afa9819f7dd1c5de10a97a330654fb727b973ac6",
      "src/lib/receipt-download.ts": "6b11d3c850a5669eae98684cac629a150d3645854f657df4c5fc5f95cee33d6d"
    },
    "patchSha256": "d6639f7bd46ed9adce30c1d1f374394356350593234dacdcc82baa20086fa425",
    "focusedTestCount": 126,
    "astroCheck": {
      "errors": 0,
      "warnings": 0,
      "hints": 11
    },
    "extremeCompatibilityCases": 2136,
    "browserStatus": "pending",
    "rootEdited": false
  },
  "build": {
    "at": "2026-09-08T05:46:37.060665+00:00",
    "sourcePatchSha256": "d6639f7bd46ed9adce30c1d1f374394356350593234dacdcc82baa20086fa425",
    "staticRoot": "/private/tmp/zodiacs-platform-site-receipt-export/dist",
    "authorBuildLog": "/private/tmp/zodiacs-platform-site-receipt-export-evidence/freeze2-astro-build.log",
    "staticGuideBuildLog": "/private/tmp/zodiacs-platform-site-receipt-export-evidence/freeze2-static-guide-build.log",
    "inspectedAssets": {
      "_astro/calculator-receipt.DqIFvBmX.js": "191e125ef6bb163412662bcf2313dc37d542aff47686615081f7064b626e4588"
    }
  },
  "base": "http://127.0.0.1:62654",
  "results": [
    {
      "name": "download-ordinary",
      "status": "passed",
      "detail": {
        "file": "download-ordinary.json",
        "sha256": "c98ce4b28f5173ebe226e81d526d709fcd5fb4fca07628d7dd3e9c64f2f47784",
        "receipt": {
          "conventions": {
            "angles": "gast-and-mean-obliquity",
            "aspects": "major-aspects;sun-moon-eight-planets;no-nodes",
            "calendar": "proleptic-gregorian",
            "longitudeUnit": "degrees-[0,360)",
            "moonNodes": "instantaneous-geocentric-moon-orbit-plane",
            "moonPosition": "astronomy-engine-ecliptic-geo-moon",
            "planetPositions": "apparent-geocentric-ecliptic-of-date",
            "speed": "degrees-per-day;central-difference-plus-minus-0.25-day",
            "zodiac": "tropical"
          },
          "coordinates": {
            "latitude": 40.7128,
            "longitude": -74.006
          },
          "coverage": {
            "angleExclusions": "exact-geographic-poles-and-ecliptic-horizon-coincidence",
            "assessment": "finite-reference-cases-only",
            "broadDateRange": "not-certified",
            "inputSyntax": "not-an-astronomical-accuracy-guarantee"
          },
          "engine": {
            "name": "@zodiacs/engine",
            "version": "0.1.1-rc.5"
          },
          "houses": {
            "absenceReason": null,
            "actual": "whole",
            "requested": "whole"
          },
          "inputFlags": [],
          "instant": "1990-06-15T18:30:00.000Z",
          "localResolution": {
            "date": "1990-06-15",
            "gapShiftMinutes": 0,
            "offsetMinutes": -240,
            "policy": {
              "fold": "earlier",
              "gap": "shift-forward"
            },
            "time": "14:30",
            "timeZone": "America/New_York"
          },
          "provenance": null,
          "reference": "supplied-instant",
          "resultFlags": [],
          "schema": "zodiacs.calculation-receipt.draft-v1",
          "sourceInstant": null,
          "timeKnown": true
        }
      },
      "observation": {
        "computed": 1,
        "writes": [
          {
            "key": "zodiacs.install.compute-count.v1"
          }
        ],
        "idbOpens": [],
        "urls": [
          {
            "url": "blob:http://127.0.0.1:62654/573d3276-2756-4d57-a8a8-27adeee464ce",
            "type": "image/svg+xml",
            "size": 161584
          },
          {
            "url": "blob:http://127.0.0.1:62654/405578ff-4d09-40d8-b02e-396072982920",
            "type": "application/json;charset=utf-8",
            "size": 4753
          }
        ],
        "revoked": [
          "blob:http://127.0.0.1:62654/573d3276-2756-4d57-a8a8-27adeee464ce",
          "blob:http://127.0.0.1:62654/405578ff-4d09-40d8-b02e-396072982920"
        ],
        "viewport": 1280,
        "scrollWidth": 1280,
        "clientWidth": 1280,
        "overlay": false
      },
      "natalCalls": 1,
      "publicNatalCalls": 1,
      "pageErrors": [],
      "requests": [
        {
          "url": "http://127.0.0.1:62654/birth-chart/",
          "method": "GET",
          "body": null
        },
        {
          "url": "http://127.0.0.1:62654/fonts/instrument-sans-latin-wght-normal.woff2",
          "method": "GET",
          "body": null
        },
        {
          "url": "http://127.0.0.1:62654/fonts/eb-garamond-latin-400-normal.woff2",
          "method": "GET",
          "body": null
        },
        {
          "url": "http://127.0.0.1:62654/fonts/eb-garamond-latin-500-normal.woff2",
          "method": "GET",
          "body": null
        },
        {
          "url": "http://127.0.0.1:62654/_astro/Base.Bryss0yT.css",
          "method": "GET",
          "body": null
        },
        {
          "url": "http://127.0.0.1:62654/_astro/calculator.MBHg3tIV.css",
          "method": "GET",
          "body": null
        },
        {
          "url": "http://127.0.0.1:62654/_astro/explorer.ijMRUwvv.css",
          "method": "GET",
          "body": null
        },
        {
          "url": "http://127.0.0.1:62654/_astro/ChartActionDock.Cc8zzTbx.css",
          "method": "GET",
          "body": null
        },
        {
          "url": "http://127.0.0.1:62654/_astro/AstroTerm.astro_astro_type_script_index_0_lang.DB1iYTmP.js",
          "method": "GET",
          "body": null
        },
        {
          "url": "http://127.0.0.1:62654/fonts/jetbrains-mono-latin-wght-normal.woff2",
          "method": "GET",
          "body": null
        },
        {
          "url": "http://127.0.0.1:62654/_astro/preload-helper.L5lOfJxi.js",
          "method": "GET",
          "body": null
        },
        {
          "url": "http://127.0.0.1:62654/_astro/context-help-client.BqVrBbz0.js",
          "method": "GET",
          "body": null
        },
        {
          "url": "http://127.0.0.1:62654/_astro/analytics.CH5T6e-b.js",
          "method": "GET",
          "body": null
        },
        {
          "url": "http://127.0.0.1:62654/_astro/ChartCalculator.ChqyFlxy.js",
          "method": "GET",
          "body": null
        },
        {
          "url": "http://127.0.0.1:62654/_astro/client.DPkn9Lbl.js",
          "method": "GET",
          "body": null
        },
        {
          "url": "http://127.0.0.1:62654/assets/app-icons/v3/favicon.svg",
          "method": "GET",
          "body": null
        },
        {
          "url": "http://127.0.0.1:62654/_astro/preact.module.Bjq9tLsx.js",
          "method": "GET",
          "body": null
        },
        {
          "url": "http://127.0.0.1:62654/_astro/hooks.module.C0_8FjiD.js",
          "method": "GET",
          "body": null
        },
        {
          "url": "http://127.0.0.1:62654/_astro/profile-access-reader.DoQqlSjt.js",
          "method": "GET",
          "body": null
        },
        {
          "url": "http://127.0.0.1:62654/_astro/chunk-PD4H342X.BYuLx_KT.js",
          "method": "GET",
          "body": null
        },
        {
          "url": "http://127.0.0.1:62654/_astro/signs.BMXPKoMF.js",
          "method": "GET",
          "body": null
        },
        {
          "url": "http://127.0.0.1:62654/_astro/jsxRuntime.module.BG9KJlGc.js",
          "method": "GET",
          "body": null
        },
        {
          "url": "http://127.0.0.1:62654/_astro/PlanetGlyph.BhITbtcc.js",
          "method": "GET",
          "body": null
        },
        {
          "url": "http://127.0.0.1:62654/_astro/i18n.Cg_lCJuc.js",
          "method": "GET",
          "body": null
        },
        {
          "url": "http://127.0.0.1:62654/_astro/CalculationReload.DXyGkRsn.js",
          "method": "GET",
          "body": null
        },
        {
          "url": "http://127.0.0.1:62654/_astro/astrology.BHib5efU.js",
          "method": "GET",
          "body": null
        },
        {
          "url": "http://127.0.0.1:62654/_astro/share.BRlg0eGS.js",
          "method": "GET",
          "body": null
        },
        {
          "url": "http://127.0.0.1:62654/_astro/chart-handoff.Dvz2AAcL.js",
          "method": "GET",
          "body": null
        },
        {
          "url": "http://127.0.0.1:62654/_astro/useProfileAccessGeneration.w2JLb1F6.js",
          "method": "GET",
          "body": null
        },
        {
          "url": "http://127.0.0.1:62654/_astro/useEngine.BxQZzCQs.js",
          "method": "GET",
          "body": null
        },
        {
          "url": "http://127.0.0.1:62654/_astro/BirthFields.VmY_J4-2.js",
          "method": "GET",
          "body": null
        },
        {
          "url": "http://127.0.0.1:62654/_astro/localToUtc.lkZcCpbL.js",
          "method": "GET",
          "body": null
        },
        {
          "url": "http://127.0.0.1:62654/_astro/interpretations.BaZkYN67.js",
          "method": "GET",
          "body": null
        },
        {
          "url": "http://127.0.0.1:62654/_astro/AstroTerm.7K8SAipO.js",
          "method": "GET",
          "body": null
        },
        {
          "url": "http://127.0.0.1:62654/_astro/SignChip.Dx3tQVZl.js",
          "method": "GET",
          "body": null
        },
        {
          "url": "http://127.0.0.1:62654/_astro/AspectGlyph.DMIAGIQV.js",
          "method": "GET",
          "body": null
        },
        {
          "url": "http://127.0.0.1:62654/_astro/Wheel.RNRSqGob.js",
          "method": "GET",
          "body": null
        },
        {
          "url": "http://127.0.0.1:62654/_astro/dignities.BycBkP8Y.js",
          "method": "GET",
          "body": null
        },
        {
          "url": "http://127.0.0.1:62654/_astro/houses.DhEjqPPf.js",
          "method": "GET",
          "body": null
        },
        {
          "url": "http://127.0.0.1:62654/_astro/technical-layout.DQIjXHHb.js",
          "method": "GET",
          "body": null
        },
        {
          "url": "http://127.0.0.1:62654/_astro/lite.DKWHZC5_.js",
          "method": "GET",
          "body": null
        },
        {
          "url": "http://127.0.0.1:62654/_astro/learning-input-identity.C-WLv51I.js",
          "method": "GET",
          "body": null
        },
        {
          "url": "http://127.0.0.1:62654/_astro/post-chart-context.BZ1tHGpl.js",
          "method": "GET",
          "body": null
        },
        {
          "url": "http://127.0.0.1:62654/_astro/paths.DYbAuceH.js",
          "method": "GET",
          "body": null
        },
        {
          "url": "http://127.0.0.1:62654/_astro/chunk-INI453VG.BxjMUPBs.js",
          "method": "GET",
          "body": null
        },
        {
          "url": "http://127.0.0.1:62654/_astro/rolldown-runtime.DK3Fl9T5.js",
          "method": "GET",
          "body": null
        },
        {
          "url": "http://127.0.0.1:62654/_astro/civil-date.CpOZUt7Z.js",
          "method": "GET",
          "body": null
        },
        {
          "url": "http://127.0.0.1:62654/_astro/technical-locales.DDKucXXd.js",
          "method": "GET",
          "body": null
        },
        {
          "url": "http://127.0.0.1:62654/_astro/PlaceSearch.D1WsU_jW.js",
          "method": "GET",
          "body": null
        },
        {
          "url": "http://127.0.0.1:62654/_astro/chart-signature.-is-2T7w.js",
          "method": "GET",
          "body": null
        },
        {
          "url": "http://127.0.0.1:62654/_astro/natal.D7JKDSdx.js",
          "method": "GET",
          "body": null
        },
        {
          "url": "http://127.0.0.1:62654/_astro/synastry.rhUg9_9F.js",
          "method": "GET",
          "body": null
        },
        {
          "url": "http://127.0.0.1:62654/_astro/aspects.BNC-J2iD.js",
          "method": "GET",
          "body": null
        },
        {
          "url": "http://127.0.0.1:62654/_astro/compat.Bjc3uaB7.js",
          "method": "GET",
          "body": null
        },
        {
          "url": "http://127.0.0.1:62654/_astro/ChartActionDock.DLS2UbgE.js",
          "method": "GET",
          "body": null
        },
        {
          "url": "http://127.0.0.1:62654/_astro/LearningPractice.CSqTNZrv.js",
          "method": "GET",
          "body": null
        },
        {
          "url": "http://127.0.0.1:62654/_astro/chart-context-copy.UBOz97Jz.js",
          "method": "GET",
          "body": null
        },
        {
          "url": "http://127.0.0.1:62654/_astro/AspectPatternFeature.DkxQP4nT.js",
          "method": "GET",
          "body": null
        },
        {
          "url": "http://127.0.0.1:62654/_astro/use-learning-sources.CF4htVRf.js",
          "method": "GET",
          "body": null
        },
        {
          "url": "http://127.0.0.1:62654/_astro/schema.DqKqbGHb.js",
          "method": "GET",
          "body": null
        },
        {
          "url": "http://127.0.0.1:62654/_astro/read-store.X7Oz9YN7.js",
          "method": "GET",
          "body": null
        },
        {
          "url": "http://127.0.0.1:62654/_astro/full.DXD_oWB0.js",
          "method": "GET",
          "body": null
        },
        {
          "url": "http://127.0.0.1:62654/_astro/chart-adapter.DdfW9XjH.js",
          "method": "GET",
          "body": null
        },
        {
          "url": "http://127.0.0.1:62654/assets/app-icons/v3/favicon.svg",
          "method": "GET",
          "body": null
        },
        {
          "url": "http://127.0.0.1:62654/_astro/calculator-receipt.DqIFvBmX.js",
          "method": "GET",
          "body": null
        },
        {
          "url": "http://127.0.0.1:62654/assets/site-footer.css",
          "method": "GET",
          "body": null
        },
        {
          "url": "http://127.0.0.1:62654/_astro/PositionsShareSurface.Eb3pENdV.js",
          "method": "GET",
          "body": null
        },
        {
          "url": "http://127.0.0.1:62654/_astro/share-positions.D3o0ugj4.js",
          "method": "GET",
          "body": null
        },
        {
          "url": "http://127.0.0.1:62654/_astro/share-card.BvVC0EVI.js",
          "method": "GET",
          "body": null
        },
        {
          "url": "http://127.0.0.1:62654/_astro/share-card-brand.CJKZtcRK.js",
          "method": "GET",
          "body": null
        },
        {
          "url": "http://127.0.0.1:62654/_astro/share-card-copy.D0c42nic.js",
          "method": "GET",
          "body": null
        },
        {
          "url": "http://127.0.0.1:62654/_astro/CalendarSubscribe.DXtj1Bbr.js",
          "method": "GET",
          "body": null
        },
        {
          "url": "http://127.0.0.1:62654/_astro/CommunicationRead.DXWBG2sR.js",
          "method": "GET",
          "body": null
        },
        {
          "url": "http://127.0.0.1:62654/_astro/ApproachRead.DjvvCuNe.js",
          "method": "GET",
          "body": null
        },
        {
          "url": "http://127.0.0.1:62654/_astro/PwaInstallPrompt.BCohgdPv.js",
          "method": "GET",
          "body": null
        },
        {
          "url": "http://127.0.0.1:62654/_astro/a2hs.WonhOqdm.js",
          "method": "GET",
          "body": null
        },
        {
          "url": "http://127.0.0.1:62654/assets/zodiac-icons/128/gemini.avif",
          "method": "GET",
          "body": null
        },
        {
          "url": "http://127.0.0.1:62654/assets/zodiac-icons/128/pisces.avif",
          "method": "GET",
          "body": null
        },
        {
          "url": "http://127.0.0.1:62654/assets/zodiac-icons/128/libra.avif",
          "method": "GET",
          "body": null
        },
        {
          "url": "http://127.0.0.1:62654/assets/zodiac-icons/128/aries.webp",
          "method": "GET",
          "body": null
        },
        {
          "url": "http://127.0.0.1:62654/assets/zodiac-icons/128/taurus.webp",
          "method": "GET",
          "body": null
        },
        {
          "url": "http://127.0.0.1:62654/assets/zodiac-icons/128/gemini.webp",
          "method": "GET",
          "body": null
        },
        {
          "url": "http://127.0.0.1:62654/assets/zodiac-icons/128/cancer.webp",
          "method": "GET",
          "body": null
        },
        {
          "url": "http://127.0.0.1:62654/assets/zodiac-icons/128/leo.webp",
          "method": "GET",
          "body": null
        },
        {
          "url": "http://127.0.0.1:62654/assets/zodiac-icons/128/virgo.webp",
          "method": "GET",
          "body": null
        },
        {
          "url": "http://127.0.0.1:62654/assets/zodiac-icons/128/libra.webp",
          "method": "GET",
          "body": null
        },
        {
          "url": "http://127.0.0.1:62654/assets/zodiac-icons/128/scorpio.webp",
          "method": "GET",
          "body": null
        },
        {
          "url": "http://127.0.0.1:62654/assets/zodiac-icons/128/sagittarius.webp",
          "method": "GET",
          "body": null
        },
        {
          "url": "http://127.0.0.1:62654/assets/zodiac-icons/128/capricorn.webp",
          "method": "GET",
          "body": null
        },
        {
          "url": "http://127.0.0.1:62654/assets/zodiac-icons/128/aquarius.webp",
          "method": "GET",
          "body": null
        },
        {
          "url": "http://127.0.0.1:62654/assets/zodiac-icons/128/pisces.webp",
          "method": "GET",
          "body": null
        },
        {
          "url": "http://127.0.0.1:62654/_astro/store.DKqN0snE.js",
          "method": "GET",
          "body": null
        },
        {
          "url": "http://127.0.0.1:62654/_astro/deletions.DUQYISzq.js",
          "method": "GET",
          "body": null
        },
        {
          "url": "http://127.0.0.1:62654/assets/assistant-ui.js?v=ask-guide-3",
          "method": "GET",
          "body": null
        },
        {
          "url": "http://127.0.0.1:62654/assets/zodiac-icons/128/aries.webp",
          "method": "GET",
          "body": null
        },
        {
          "url": "http://127.0.0.1:62654/assets/zodiac-icons/128/taurus.webp",
          "method": "GET",
          "body": null
        },
        {
          "url": "http://127.0.0.1:62654/assets/zodiac-icons/128/gemini.webp",
          "method": "GET",
          "body": null
        },
        {
          "url": "http://127.0.0.1:62654/assets/zodiac-icons/128/cancer.webp",
          "method": "GET",
          "body": null
        },
        {
          "url": "http://127.0.0.1:62654/assets/zodiac-icons/128/leo.webp",
          "method": "GET",
          "body": null
        },
        {
          "url": "http://127.0.0.1:62654/assets/zodiac-icons/128/virgo.webp",
          "method": "GET",
          "body": null
        },
        {
          "url": "http://127.0.0.1:62654/assets/zodiac-icons/128/libra.webp",
          "method": "GET",
          "body": null
        },
        {
          "url": "http://127.0.0.1:62654/assets/zodiac-icons/128/scorpio.webp",
          "method": "GET",
          "body": null
        },
        {
          "url": "http://127.0.0.1:62654/assets/zodiac-icons/128/sagittarius.webp",
          "method": "GET",
          "body": null
        },
        {
          "url": "http://127.0.0.1:62654/assets/zodiac-icons/128/capricorn.webp",
          "method": "GET",
          "body": null
        },
        {
          "url": "http://127.0.0.1:62654/assets/zodiac-icons/128/aquarius.webp",
          "method": "GET",
          "body": null
        },
        {
          "url": "http://127.0.0.1:62654/assets/zodiac-icons/128/pisces.webp",
          "method": "GET",
          "body": null
        },
        {
          "url": "http://127.0.0.1:62654/assets/assistant-ui.css?v=ask-guide-3",
          "method": "GET",
          "body": null
        },
        {
          "url": "http://127.0.0.1:62654/assets/zodiac-icons/128/gemini.webp",
          "method": "GET",
          "body": null
        },
        {
          "url": "http://127.0.0.1:62654/assets/zodiac-icons/128/pisces.webp",
          "method": "GET",
          "body": null
        },
        {
          "url": "http://127.0.0.1:62654/assets/zodiac-icons/128/aries.webp",
          "method": "GET",
          "body": null
        },
        {
          "url": "http://127.0.0.1:62654/assets/guide-avatar.webp",
          "method": "GET",
          "body": null
        },
        {
          "url": "http://127.0.0.1:62654/assets/zodiac-icons/128/libra.webp",
          "method": "GET",
          "body": null
        },
        {
          "url": "http://127.0.0.1:62654/assets/zodiac-icons/128/gemini.webp",
          "method": "GET",
          "body": null
        },
        {
          "url": "http://127.0.0.1:62654/assets/zodiac-icons/128/pisces.webp",
          "method": "GET",
          "body": null
        },
        {
          "url": "http://127.0.0.1:62654/assets/zodiac-icons/128/aries.webp",
          "method": "GET",
          "body": null
        },
        {
          "url": "http://127.0.0.1:62654/fonts/eb-garamond-latin-400-italic.woff2",
          "method": "GET",
          "body": null
        },
        {
          "url": "http://127.0.0.1:62654/assets/app-icons/v3/icon-512.png",
          "method": "GET",
          "body": null
        },
        {
          "url": "blob:http://127.0.0.1:62654/573d3276-2756-4d57-a8a8-27adeee464ce",
          "method": "GET",
          "body": null
        },
        {
          "url": "http://127.0.0.1:62654/assets/app-icons/v3/icon-512.png",
          "method": "GET",
          "body": null
        },
        {
          "url": "http://127.0.0.1:62654/assets/app-icons/v3/icon-512.png",
          "method": "GET",
          "body": null
        },
        {
          "url": "http://127.0.0.1:62654/assets/zodiac-icons/48/gemini.avif",
          "method": "GET",
          "body": null
        },
        {
          "url": "http://127.0.0.1:62654/assets/zodiac-icons/48/pisces.avif",
          "method": "GET",
          "body": null
        },
        {
          "url": "http://127.0.0.1:62654/assets/zodiac-icons/48/aries.avif",
          "method": "GET",
          "body": null
        },
        {
          "url": "http://127.0.0.1:62654/assets/zodiac-icons/48/libra.avif",
          "method": "GET",
          "body": null
        }
      ]
    },
    {
      "name": "download-gap-hour",
      "status": "passed",
      "detail": {
        "file": "download-gap-hour.json",
        "sha256": "d9c13173f7b9a8ccbaa1edeb7389a46698b256babe9ed69137de74e3f6b199d5",
        "receipt": {
          "conventions": {
            "angles": "gast-and-mean-obliquity",
            "aspects": "major-aspects;sun-moon-eight-planets;no-nodes",
            "calendar": "proleptic-gregorian",
            "longitudeUnit": "degrees-[0,360)",
            "moonNodes": "instantaneous-geocentric-moon-orbit-plane",
            "moonPosition": "astronomy-engine-ecliptic-geo-moon",
            "planetPositions": "apparent-geocentric-ecliptic-of-date",
            "speed": "degrees-per-day;central-difference-plus-minus-0.25-day",
            "zodiac": "tropical"
          },
          "coordinates": {
            "latitude": 40.7128,
            "longitude": -74.006
          },
          "coverage": {
            "angleExclusions": "exact-geographic-poles-and-ecliptic-horizon-coincidence",
            "assessment": "finite-reference-cases-only",
            "broadDateRange": "not-certified",
            "inputSyntax": "not-an-astronomical-accuracy-guarantee"
          },
          "engine": {
            "name": "@zodiacs/engine",
            "version": "0.1.1-rc.5"
          },
          "houses": {
            "absenceReason": null,
            "actual": "whole",
            "requested": "whole"
          },
          "inputFlags": [
            "dst-gap"
          ],
          "instant": "2024-03-10T07:30:00.000Z",
          "localResolution": {
            "date": "2024-03-10",
            "gapShiftMinutes": 60,
            "offsetMinutes": -240,
            "policy": {
              "fold": "earlier",
              "gap": "shift-forward"
            },
            "time": "02:30",
            "timeZone": "America/New_York"
          },
          "provenance": null,
          "reference": "supplied-instant",
          "resultFlags": [
            "dst-gap"
          ],
          "schema": "zodiacs.calculation-receipt.draft-v1",
          "sourceInstant": null,
          "timeKnown": true
        }
      },
      "observation": {
        "computed": 1,
        "writes": [
          {
            "key": "zodiacs.install.compute-count.v1"
          }
        ],
        "idbOpens": [],
        "urls": [
          {
            "url": "blob:http://127.0.0.1:62654/823a477e-3045-4652-94c9-cd21e8f7bccf",
            "type": "image/svg+xml",
            "size": 160746
          },
          {
            "url": "blob:http://127.0.0.1:62654/6c2c19af-064d-4c0a-8d0d-fc177b5709e2",
            "type": "application/json;charset=utf-8",
            "size": 4532
          }
        ],
        "revoked": [
          "blob:http://127.0.0.1:62654/823a477e-3045-4652-94c9-cd21e8f7bccf",
          "blob:http://127.0.0.1:62654/6c2c19af-064d-4c0a-8d0d-fc177b5709e2"
        ],
        "viewport": 1280,
        "scrollWidth": 1280,
        "clientWidth": 1280,
        "overlay": false
      },
      "natalCalls": 1,
      "publicNatalCalls": 1,
      "pageErrors": [],
      "requests": [
        {
          "url": "http://127.0.0.1:62654/birth-chart/",
          "method": "GET",
          "body": null
        },
        {
          "url": "http://127.0.0.1:62654/fonts/instrument-sans-latin-wght-normal.woff2",
          "method": "GET",
          "body": null
        },
        {
          "url": "http://127.0.0.1:62654/fonts/eb-garamond-latin-400-normal.woff2",
          "method": "GET",
          "body": null
        },
        {
          "url": "http://127.0.0.1:62654/fonts/eb-garamond-latin-500-normal.woff2",
          "method": "GET",
          "body": null
        },
        {
          "url": "http://127.0.0.1:62654/_astro/Base.Bryss0yT.css",
          "method": "GET",
          "body": null
        },
        {
          "url": "http://127.0.0.1:62654/_astro/calculator.MBHg3tIV.css",
          "method": "GET",
          "body": null
        },
        {
          "url": "http://127.0.0.1:62654/_astro/explorer.ijMRUwvv.css",
          "method": "GET",
          "body": null
        },
        {
          "url": "http://127.0.0.1:62654/_astro/ChartActionDock.Cc8zzTbx.css",
          "method": "GET",
          "body": null
        },
        {
          "url": "http://127.0.0.1:62654/_astro/AstroTerm.astro_astro_type_script_index_0_lang.DB1iYTmP.js",
          "method": "GET",
          "body": null
        },
        {
          "url": "http://127.0.0.1:62654/fonts/jetbrains-mono-latin-wght-normal.woff2",
          "method": "GET",
          "body": null
        },
        {
          "url": "http://127.0.0.1:62654/_astro/preload-helper.L5lOfJxi.js",
          "method": "GET",
          "body": null
        },
        {
          "url": "http://127.0.0.1:62654/_astro/context-help-client.BqVrBbz0.js",
          "method": "GET",
          "body": null
        },
        {
          "url": "http://127.0.0.1:62654/_astro/analytics.CH5T6e-b.js",
          "method": "GET",
          "body": null
        },
        {
          "url": "http://127.0.0.1:62654/_astro/ChartCalculator.ChqyFlxy.js",
          "method": "GET",
          "body": null
        },
        {
          "url": "http://127.0.0.1:62654/_astro/client.DPkn9Lbl.js",
          "method": "GET",
          "body": null
        },
        {
          "url": "http://127.0.0.1:62654/_astro/preact.module.Bjq9tLsx.js",
          "method": "GET",
          "body": null
        },
        {
          "url": "http://127.0.0.1:62654/_astro/hooks.module.C0_8FjiD.js",
          "method": "GET",
          "body": null
        },
        {
          "url": "http://127.0.0.1:62654/_astro/profile-access-reader.DoQqlSjt.js",
          "method": "GET",
          "body": null
        },
        {
          "url": "http://127.0.0.1:62654/_astro/chunk-PD4H342X.BYuLx_KT.js",
          "method": "GET",
          "body": null
        },
        {
          "url": "http://127.0.0.1:62654/_astro/signs.BMXPKoMF.js",
          "method": "GET",
          "body": null
        },
        {
          "url": "http://127.0.0.1:62654/_astro/jsxRuntime.module.BG9KJlGc.js",
          "method": "GET",
          "body": null
        },
        {
          "url": "http://127.0.0.1:62654/_astro/PlanetGlyph.BhITbtcc.js",
          "method": "GET",
          "body": null
        },
        {
          "url": "http://127.0.0.1:62654/_astro/i18n.Cg_lCJuc.js",
          "method": "GET",
          "body": null
        },
        {
          "url": "http://127.0.0.1:62654/_astro/CalculationReload.DXyGkRsn.js",
          "method": "GET",
          "body": null
        },
        {
          "url": "http://127.0.0.1:62654/_astro/astrology.BHib5efU.js",
          "method": "GET",
          "body": null
        },
        {
          "url": "http://127.0.0.1:62654/_astro/share.BRlg0eGS.js",
          "method": "GET",
          "body": null
        },
        {
          "url": "http://127.0.0.1:62654/_astro/chart-handoff.Dvz2AAcL.js",
          "method": "GET",
          "body": null
        },
        {
          "url": "http://127.0.0.1:62654/_astro/useProfileAccessGeneration.w2JLb1F6.js",
          "method": "GET",
          "body": null
        },
        {
          "url": "http://127.0.0.1:62654/_astro/useEngine.BxQZzCQs.js",
          "method": "GET",
          "body": null
        },
        {
          "url": "http://127.0.0.1:62654/_astro/BirthFields.VmY_J4-2.js",
          "method": "GET",
          "body": null
        },
        {
          "url": "http://127.0.0.1:62654/_astro/localToUtc.lkZcCpbL.js",
          "method": "GET",
          "body": null
        },
        {
          "url": "http://127.0.0.1:62654/_astro/interpretations.BaZkYN67.js",
          "method": "GET",
          "body": null
        },
        {
          "url": "http://127.0.0.1:62654/_astro/AstroTerm.7K8SAipO.js",
          "method": "GET",
          "body": null
        },
        {
          "url": "http://127.0.0.1:62654/_astro/SignChip.Dx3tQVZl.js",
          "method": "GET",
          "body": null
        },
        {
          "url": "http://127.0.0.1:62654/_astro/AspectGlyph.DMIAGIQV.js",
          "method": "GET",
          "body": null
        },
        {
          "url": "http://127.0.0.1:62654/_astro/Wheel.RNRSqGob.js",
          "method": "GET",
          "body": null
        },
        {
          "url": "http://127.0.0.1:62654/_astro/dignities.BycBkP8Y.js",
          "method": "GET",
          "body": null
        },
        {
          "url": "http://127.0.0.1:62654/_astro/houses.DhEjqPPf.js",
          "method": "GET",
          "body": null
        },
        {
          "url": "http://127.0.0.1:62654/_astro/technical-layout.DQIjXHHb.js",
          "method": "GET",
          "body": null
        },
        {
          "url": "http://127.0.0.1:62654/_astro/lite.DKWHZC5_.js",
          "method": "GET",
          "body": null
        },
        {
          "url": "http://127.0.0.1:62654/_astro/learning-input-identity.C-WLv51I.js",
          "method": "GET",
          "body": null
        },
        {
          "url": "http://127.0.0.1:62654/_astro/post-chart-context.BZ1tHGpl.js",
          "method": "GET",
          "body": null
        },
        {
          "url": "http://127.0.0.1:62654/assets/app-icons/v3/favicon.svg",
          "method": "GET",
          "body": null
        },
        {
          "url": "http://127.0.0.1:62654/_astro/chunk-INI453VG.BxjMUPBs.js",
          "method": "GET",
          "body": null
        },
        {
          "url": "http://127.0.0.1:62654/_astro/paths.DYbAuceH.js",
          "method": "GET",
          "body": null
        },
        {
          "url": "http://127.0.0.1:62654/_astro/rolldown-runtime.DK3Fl9T5.js",
          "method": "GET",
          "body": null
        },
        {
          "url": "http://127.0.0.1:62654/_astro/civil-date.CpOZUt7Z.js",
          "method": "GET",
          "body": null
        },
        {
          "url": "http://127.0.0.1:62654/_astro/technical-locales.DDKucXXd.js",
          "method": "GET",
          "body": null
        },
        {
          "url": "http://127.0.0.1:62654/_astro/PlaceSearch.D1WsU_jW.js",
          "method": "GET",
          "body": null
        },
        {
          "url": "http://127.0.0.1:62654/_astro/chart-signature.-is-2T7w.js",
          "method": "GET",
          "body": null
        },
        {
          "url": "http://127.0.0.1:62654/_astro/natal.D7JKDSdx.js",
          "method": "GET",
          "body": null
        },
        {
          "url": "http://127.0.0.1:62654/_astro/synastry.rhUg9_9F.js",
          "method": "GET",
          "body": null
        },
        {
          "url": "http://127.0.0.1:62654/_astro/aspects.BNC-J2iD.js",
          "method": "GET",
          "body": null
        },
        {
          "url": "http://127.0.0.1:62654/_astro/compat.Bjc3uaB7.js",
          "method": "GET",
          "body": null
        },
        {
          "url": "http://127.0.0.1:62654/_astro/ChartActionDock.DLS2UbgE.js",
          "method": "GET",
          "body": null
        },
        {
          "url": "http://127.0.0.1:62654/_astro/LearningPractice.CSqTNZrv.js",
          "method": "GET",
          "body": null
        },
        {
          "url": "http://127.0.0.1:62654/_astro/chart-context-copy.UBOz97Jz.js",
          "method": "GET",
          "body": null
        },
        {
          "url": "http://127.0.0.1:62654/_astro/AspectPatternFeature.DkxQP4nT.js",
          "method": "GET",
          "body": null
        },
        {
          "url": "http://127.0.0.1:62654/_astro/use-learning-sources.CF4htVRf.js",
          "method": "GET",
          "body": null
        },
        {
          "url": "http://127.0.0.1:62654/_astro/schema.DqKqbGHb.js",
          "method": "GET",
          "body": null
        },
        {
          "url": "http://127.0.0.1:62654/_astro/read-store.X7Oz9YN7.js",
          "method": "GET",
          "body": null
        },
        {
          "url": "http://127.0.0.1:62654/_astro/full.DXD_oWB0.js",
          "method": "GET",
          "body": null
        },
        {
          "url": "http://127.0.0.1:62654/_astro/chart-adapter.DdfW9XjH.js",
          "method": "GET",
          "body": null
        },
        {
          "url": "http://127.0.0.1:62654/_astro/calculator-receipt.DqIFvBmX.js",
          "method": "GET",
          "body": null
        },
        {
          "url": "http://127.0.0.1:62654/assets/app-icons/v3/favicon.svg",
          "method": "GET",
          "body": null
        },
        {
          "url": "http://127.0.0.1:62654/_astro/PositionsShareSurface.Eb3pENdV.js",
          "method": "GET",
          "body": null
        },
        {
          "url": "http://127.0.0.1:62654/_astro/share-positions.D3o0ugj4.js",
          "method": "GET",
          "body": null
        },
        {
          "url": "http://127.0.0.1:62654/_astro/share-card.BvVC0EVI.js",
          "method": "GET",
          "body": null
        },
        {
          "url": "http://127.0.0.1:62654/_astro/share-card-brand.CJKZtcRK.js",
          "method": "GET",
          "body": null
        },
        {
          "url": "http://127.0.0.1:62654/_astro/share-card-copy.D0c42nic.js",
          "method": "GET",
          "body": null
        },
        {
          "url": "http://127.0.0.1:62654/_astro/CalendarSubscribe.DXtj1Bbr.js",
          "method": "GET",
          "body": null
        },
        {
          "url": "http://127.0.0.1:62654/_astro/CommunicationRead.DXWBG2sR.js",
          "method": "GET",
          "body": null
        },
        {
          "url": "http://127.0.0.1:62654/_astro/ApproachRead.DjvvCuNe.js",
          "method": "GET",
          "body": null
        },
        {
          "url": "http://127.0.0.1:62654/_astro/PwaInstallPrompt.BCohgdPv.js",
          "method": "GET",
          "body": null
        },
        {
          "url": "http://127.0.0.1:62654/_astro/a2hs.WonhOqdm.js",
          "method": "GET",
          "body": null
        },
        {
          "url": "http://127.0.0.1:62654/assets/zodiac-icons/128/pisces.avif",
          "method": "GET",
          "body": null
        },
        {
          "url": "http://127.0.0.1:62654/assets/zodiac-icons/128/capricorn.avif",
          "method": "GET",
          "body": null
        },
        {
          "url": "http://127.0.0.1:62654/assets/zodiac-icons/128/aries.webp",
          "method": "GET",
          "body": null
        },
        {
          "url": "http://127.0.0.1:62654/assets/zodiac-icons/128/taurus.webp",
          "method": "GET",
          "body": null
        },
        {
          "url": "http://127.0.0.1:62654/assets/zodiac-icons/128/gemini.webp",
          "method": "GET",
          "body": null
        },
        {
          "url": "http://127.0.0.1:62654/assets/zodiac-icons/128/cancer.webp",
          "method": "GET",
          "body": null
        },
        {
          "url": "http://127.0.0.1:62654/assets/zodiac-icons/128/leo.webp",
          "method": "GET",
          "body": null
        },
        {
          "url": "http://127.0.0.1:62654/assets/zodiac-icons/128/virgo.webp",
          "method": "GET",
          "body": null
        },
        {
          "url": "http://127.0.0.1:62654/assets/zodiac-icons/128/libra.webp",
          "method": "GET",
          "body": null
        },
        {
          "url": "http://127.0.0.1:62654/assets/zodiac-icons/128/scorpio.webp",
          "method": "GET",
          "body": null
        },
        {
          "url": "http://127.0.0.1:62654/assets/zodiac-icons/128/sagittarius.webp",
          "method": "GET",
          "body": null
        },
        {
          "url": "http://127.0.0.1:62654/assets/zodiac-icons/128/capricorn.webp",
          "method": "GET",
          "body": null
        },
        {
          "url": "http://127.0.0.1:62654/assets/zodiac-icons/128/aquarius.webp",
          "method": "GET",
          "body": null
        },
        {
          "url": "http://127.0.0.1:62654/assets/zodiac-icons/128/pisces.webp",
          "method": "GET",
          "body": null
        },
        {
          "url": "http://127.0.0.1:62654/_astro/store.DKqN0snE.js",
          "method": "GET",
          "body": null
        },
        {
          "url": "http://127.0.0.1:62654/_astro/deletions.DUQYISzq.js",
          "method": "GET",
          "body": null
        },
        {
          "url": "http://127.0.0.1:62654/assets/zodiac-icons/128/aries.webp",
          "method": "GET",
          "body": null
        },
        {
          "url": "http://127.0.0.1:62654/assets/zodiac-icons/128/taurus.webp",
          "method": "GET",
          "body": null
        },
        {
          "url": "http://127.0.0.1:62654/assets/zodiac-icons/128/gemini.webp",
          "method": "GET",
          "body": null
        },
        {
          "url": "http://127.0.0.1:62654/assets/zodiac-icons/128/cancer.webp",
          "method": "GET",
          "body": null
        },
        {
          "url": "http://127.0.0.1:62654/assets/zodiac-icons/128/leo.webp",
          "method": "GET",
          "body": null
        },
        {
          "url": "http://127.0.0.1:62654/assets/zodiac-icons/128/virgo.webp",
          "method": "GET",
          "body": null
        },
        {
          "url": "http://127.0.0.1:62654/assets/zodiac-icons/128/libra.webp",
          "method": "GET",
          "body": null
        },
        {
          "url": "http://127.0.0.1:62654/assets/zodiac-icons/128/scorpio.webp",
          "method": "GET",
          "body": null
        },
        {
          "url": "http://127.0.0.1:62654/assets/zodiac-icons/128/sagittarius.webp",
          "method": "GET",
          "body": null
        },
        {
          "url": "http://127.0.0.1:62654/assets/zodiac-icons/128/capricorn.webp",
          "method": "GET",
          "body": null
        },
        {
          "url": "http://127.0.0.1:62654/assets/zodiac-icons/128/aquarius.webp",
          "method": "GET",
          "body": null
        },
        {
          "url": "http://127.0.0.1:62654/assets/zodiac-icons/128/pisces.webp",
          "method": "GET",
          "body": null
        },
        {
          "url": "http://127.0.0.1:62654/assets/zodiac-icons/128/aries.webp",
          "method": "GET",
          "body": null
        },
        {
          "url": "http://127.0.0.1:62654/assets/zodiac-icons/128/pisces.webp",
          "method": "GET",
          "body": null
        },
        {
          "url": "http://127.0.0.1:62654/assets/zodiac-icons/128/aquarius.webp",
          "method": "GET",
          "body": null
        },
        {
          "url": "http://127.0.0.1:62654/assets/zodiac-icons/128/capricorn.webp",
          "method": "GET",
          "body": null
        },
        {
          "url": "http://127.0.0.1:62654/assets/zodiac-icons/128/aries.webp",
          "method": "GET",
          "body": null
        },
        {
          "url": "http://127.0.0.1:62654/assets/zodiac-icons/128/pisces.webp",
          "method": "GET",
          "body": null
        },
        {
          "url": "http://127.0.0.1:62654/assets/zodiac-icons/128/aquarius.webp",
          "method": "GET",
          "body": null
        },
        {
          "url": "http://127.0.0.1:62654/fonts/eb-garamond-latin-400-italic.woff2",
          "method": "GET",
          "body": null
        },
        {
          "url": "http://127.0.0.1:62654/assets/app-icons/v3/icon-512.png",
          "method": "GET",
          "body": null
        },
        {
          "url": "http://127.0.0.1:62654/assets/app-icons/v3/icon-512.png",
          "method": "GET",
          "body": null
        },
        {
          "url": "blob:http://127.0.0.1:62654/823a477e-3045-4652-94c9-cd21e8f7bccf",
          "method": "GET",
          "body": null
        },
        {
          "url": "http://127.0.0.1:62654/assets/app-icons/v3/icon-512.png",
          "method": "GET",
          "body": null
        },
        {
          "url": "http://127.0.0.1:62654/assets/site-footer.css",
          "method": "GET",
          "body": null
        },
        {
          "url": "http://127.0.0.1:62654/assets/zodiac-icons/48/aries.avif",
          "method": "GET",
          "body": null
        },
        {
          "url": "http://127.0.0.1:62654/assets/zodiac-icons/48/pisces.avif",
          "method": "GET",
          "body": null
        },
        {
          "url": "http://127.0.0.1:62654/assets/zodiac-icons/48/aquarius.avif",
          "method": "GET",
          "body": null
        },
        {
          "url": "http://127.0.0.1:62654/assets/zodiac-icons/48/capricorn.avif",
          "method": "GET",
          "body": null
        },
        {
          "url": "http://127.0.0.1:62654/assets/assistant-ui.js?v=ask-guide-3",
          "method": "GET",
          "body": null
        },
        {
          "url": "http://127.0.0.1:62654/assets/assistant-ui.css?v=ask-guide-3",
          "method": "GET",
          "body": null
        },
        {
          "url": "http://127.0.0.1:62654/assets/guide-avatar.webp",
          "method": "GET",
          "body": null
        }
      ]
    },
    {
      "name": "download-fold-earlier",
      "status": "passed",
      "detail": {
        "file": "download-fold-earlier.json",
        "sha256": "27df20ce7a97e7eaf58ba8f68c075392a545dcde5339c3ed319cb98302ce39ea",
        "receipt": {
          "conventions": {
            "angles": "gast-and-mean-obliquity",
            "aspects": "major-aspects;sun-moon-eight-planets;no-nodes",
            "calendar": "proleptic-gregorian",
            "longitudeUnit": "degrees-[0,360)",
            "moonNodes": "instantaneous-geocentric-moon-orbit-plane",
            "moonPosition": "astronomy-engine-ecliptic-geo-moon",
            "planetPositions": "apparent-geocentric-ecliptic-of-date",
            "speed": "degrees-per-day;central-difference-plus-minus-0.25-day",
            "zodiac": "tropical"
          },
          "coordinates": {
            "latitude": 40.7128,
            "longitude": -74.006
          },
          "coverage": {
            "angleExclusions": "exact-geographic-poles-and-ecliptic-horizon-coincidence",
            "assessment": "finite-reference-cases-only",
            "broadDateRange": "not-certified",
            "inputSyntax": "not-an-astronomical-accuracy-guarantee"
          },
          "engine": {
            "name": "@zodiacs/engine",
            "version": "0.1.1-rc.5"
          },
          "houses": {
            "absenceReason": null,
            "actual": "whole",
            "requested": "whole"
          },
          "inputFlags": [
            "dst-fold"
          ],
          "instant": "2024-11-03T05:30:00.000Z",
          "localResolution": {
            "date": "2024-11-03",
            "gapShiftMinutes": 0,
            "offsetMinutes": -240,
            "policy": {
              "fold": "earlier",
              "gap": "shift-forward"
            },
            "time": "01:30",
            "timeZone": "America/New_York"
          },
          "provenance": null,
          "reference": "supplied-instant",
          "resultFlags": [
            "dst-fold"
          ],
          "schema": "zodiacs.calculation-receipt.draft-v1",
          "sourceInstant": null,
          "timeKnown": true
        }
      },
      "observation": {
        "computed": 1,
        "writes": [
          {
            "key": "zodiacs.install.compute-count.v1"
          }
        ],
        "idbOpens": [],
        "urls": [
          {
            "url": "blob:http://127.0.0.1:62654/98ab0283-7b7d-4928-87ca-a681c7a29c74",
            "type": "image/svg+xml",
            "size": 162286
          },
          {
            "url": "blob:http://127.0.0.1:62654/061efc53-cbbb-4611-bc4e-d210278a1ef4",
            "type": "application/json;charset=utf-8",
            "size": 4958
          }
        ],
        "revoked": [
          "blob:http://127.0.0.1:62654/98ab0283-7b7d-4928-87ca-a681c7a29c74",
          "blob:http://127.0.0.1:62654/061efc53-cbbb-4611-bc4e-d210278a1ef4"
        ],
        "viewport": 1280,
        "scrollWidth": 1280,
        "clientWidth": 1280,
        "overlay": false
      },
      "natalCalls": 1,
      "publicNatalCalls": 1,
      "pageErrors": [],
      "requests": [
        {
          "url": "http://127.0.0.1:62654/birth-chart/",
          "method": "GET",
          "body": null
        },
        {
          "url": "http://127.0.0.1:62654/fonts/instrument-sans-latin-wght-normal.woff2",
          "method": "GET",
          "body": null
        },
        {
          "url": "http://127.0.0.1:62654/fonts/eb-garamond-latin-400-normal.woff2",
          "method": "GET",
          "body": null
        },
        {
          "url": "http://127.0.0.1:62654/fonts/eb-garamond-latin-500-normal.woff2",
          "method": "GET",
          "body": null
        },
        {
          "url": "http://127.0.0.1:62654/_astro/Base.Bryss0yT.css",
          "method": "GET",
          "body": null
        },
        {
          "url": "http://127.0.0.1:62654/_astro/calculator.MBHg3tIV.css",
          "method": "GET",
          "body": null
        },
        {
          "url": "http://127.0.0.1:62654/_astro/explorer.ijMRUwvv.css",
          "method": "GET",
          "body": null
        },
        {
          "url": "http://127.0.0.1:62654/_astro/ChartActionDock.Cc8zzTbx.css",
          "method": "GET",
          "body": null
        },
        {
          "url": "http://127.0.0.1:62654/_astro/AstroTerm.astro_astro_type_script_index_0_lang.DB1iYTmP.js",
          "method": "GET",
          "body": null
        },
        {
          "url": "http://127.0.0.1:62654/fonts/jetbrains-mono-latin-wght-normal.woff2",
          "method": "GET",
          "body": null
        },
        {
          "url": "http://127.0.0.1:62654/_astro/preload-helper.L5lOfJxi.js",
          "method": "GET",
          "body": null
        },
        {
          "url": "http://127.0.0.1:62654/_astro/ChartCalculator.ChqyFlxy.js",
          "method": "GET",
          "body": null
        },
        {
          "url": "http://127.0.0.1:62654/_astro/client.DPkn9Lbl.js",
          "method": "GET",
          "body": null
        },
        {
          "url": "http://127.0.0.1:62654/_astro/context-help-client.BqVrBbz0.js",
          "method": "GET",
          "body": null
        },
        {
          "url": "http://127.0.0.1:62654/_astro/analytics.CH5T6e-b.js",
          "method": "GET",
          "body": null
        },
        {
          "url": "http://127.0.0.1:62654/_astro/preact.module.Bjq9tLsx.js",
          "method": "GET",
          "body": null
        },
        {
          "url": "http://127.0.0.1:62654/_astro/hooks.module.C0_8FjiD.js",
          "method": "GET",
          "body": null
        },
        {
          "url": "http://127.0.0.1:62654/_astro/profile-access-reader.DoQqlSjt.js",
          "method": "GET",
          "body": null
        },
        {
          "url": "http://127.0.0.1:62654/_astro/chunk-PD4H342X.BYuLx_KT.js",
          "method": "GET",
          "body": null
        },
        {
          "url": "http://127.0.0.1:62654/_astro/signs.BMXPKoMF.js",
          "method": "GET",
          "body": null
        },
        {
          "url": "http://127.0.0.1:62654/_astro/jsxRuntime.module.BG9KJlGc.js",
          "method": "GET",
          "body": null
        },
        {
          "url": "http://127.0.0.1:62654/_astro/PlanetGlyph.BhITbtcc.js",
          "method": "GET",
          "body": null
        },
        {
          "url": "http://127.0.0.1:62654/_astro/i18n.Cg_lCJuc.js",
          "method": "GET",
          "body": null
        },
        {
          "url": "http://127.0.0.1:62654/_astro/CalculationReload.DXyGkRsn.js",
          "method": "GET",
          "body": null
        },
        {
          "url": "http://127.0.0.1:62654/_astro/astrology.BHib5efU.js",
          "method": "GET",
          "body": null
        },
        {
          "url": "http://127.0.0.1:62654/_astro/share.BRlg0eGS.js",
          "method": "GET",
          "body": null
        },
        {
          "url": "http://127.0.0.1:62654/_astro/chart-handoff.Dvz2AAcL.js",
          "method": "GET",
          "body": null
        },
        {
          "url": "http://127.0.0.1:62654/_astro/useProfileAccessGeneration.w2JLb1F6.js",
          "method": "GET",
          "body": null
        },
        {
          "url": "http://127.0.0.1:62654/_astro/useEngine.BxQZzCQs.js",
          "method": "GET",
          "body": null
        },
        {
          "url": "http://127.0.0.1:62654/_astro/BirthFields.VmY_J4-2.js",
          "method": "GET",
          "body": null
        },
        {
          "url": "http://127.0.0.1:62654/_astro/localToUtc.lkZcCpbL.js",
          "method": "GET",
          "body": null
        },
        {
          "url": "http://127.0.0.1:62654/_astro/interpretations.BaZkYN67.js",
          "method": "GET",
          "body": null
        },
        {
          "url": "http://127.0.0.1:62654/_astro/AstroTerm.7K8SAipO.js",
          "method": "GET",
          "body": null
        },
        {
          "url": "http://127.0.0.1:62654/_astro/SignChip.Dx3tQVZl.js",
          "method": "GET",
          "body": null
        },
        {
          "url": "http://127.0.0.1:62654/_astro/AspectGlyph.DMIAGIQV.js",
          "method": "GET",
          "body": null
        },
        {
          "url": "http://127.0.0.1:62654/_astro/Wheel.RNRSqGob.js",
          "method": "GET",
          "body": null
        },
        {
          "url": "http://127.0.0.1:62654/_astro/dignities.BycBkP8Y.js",
          "method": "GET",
          "body": null
        },
        {
          "url": "http://127.0.0.1:62654/_astro/houses.DhEjqPPf.js",
          "method": "GET",
          "body": null
        },
        {
          "url": "http://127.0.0.1:62654/_astro/technical-layout.DQIjXHHb.js",
          "method": "GET",
          "body": null
        },
        {
          "url": "http://127.0.0.1:62654/_astro/lite.DKWHZC5_.js",
          "method": "GET",
          "body": null
        },
        {
          "url": "http://127.0.0.1:62654/_astro/learning-input-identity.C-WLv51I.js",
          "method": "GET",
          "body": null
        },
        {
          "url": "http://127.0.0.1:62654/_astro/post-chart-context.BZ1tHGpl.js",
          "method": "GET",
          "body": null
        },
        {
          "url": "http://127.0.0.1:62654/_astro/chunk-INI453VG.BxjMUPBs.js",
          "method": "GET",
          "body": null
        },
        {
          "url": "http://127.0.0.1:62654/_astro/paths.DYbAuceH.js",
          "method": "GET",
          "body": null
        },
        {
          "url": "http://127.0.0.1:62654/_astro/rolldown-runtime.DK3Fl9T5.js",
          "method": "GET",
          "body": null
        },
        {
          "url": "http://127.0.0.1:62654/_astro/civil-date.CpOZUt7Z.js",
          "method": "GET",
          "body": null
        },
        {
          "url": "http://127.0.0.1:62654/_astro/technical-locales.DDKucXXd.js",
          "method": "GET",
          "body": null
        },
        {
          "url": "http://127.0.0.1:62654/assets/app-icons/v3/favicon.svg",
          "method": "GET",
          "body": null
        },
        {
          "url": "http://127.0.0.1:62654/_astro/PlaceSearch.D1WsU_jW.js",
          "method": "GET",
          "body": null
        },
        {
          "url": "http://127.0.0.1:62654/_astro/chart-signature.-is-2T7w.js",
          "method": "GET",
          "body": null
        },
        {
          "url": "http://127.0.0.1:62654/_astro/natal.D7JKDSdx.js",
          "method": "GET",
          "body": null
        },
        {
          "url": "http://127.0.0.1:62654/_astro/synastry.rhUg9_9F.js",
          "method": "GET",
          "body": null
        },
        {
          "url": "http://127.0.0.1:62654/_astro/aspects.BNC-J2iD.js",
          "method": "GET",
          "body": null
        },
        {
          "url": "http://127.0.0.1:62654/_astro/compat.Bjc3uaB7.js",
          "method": "GET",
          "body": null
        },
        {
          "url": "http://127.0.0.1:62654/_astro/ChartActionDock.DLS2UbgE.js",
          "method": "GET",
          "body": null
        },
        {
          "url": "http://127.0.0.1:62654/_astro/LearningPractice.CSqTNZrv.js",
          "method": "GET",
          "body": null
        },
        {
          "url": "http://127.0.0.1:62654/_astro/chart-context-copy.UBOz97Jz.js",
          "method": "GET",
          "body": null
        },
        {
          "url": "http://127.0.0.1:62654/_astro/AspectPatternFeature.DkxQP4nT.js",
          "method": "GET",
          "body": null
        },
        {
          "url": "http://127.0.0.1:62654/_astro/use-learning-sources.CF4htVRf.js",
          "method": "GET",
          "body": null
        },
        {
          "url": "http://127.0.0.1:62654/_astro/schema.DqKqbGHb.js",
          "method": "GET",
          "body": null
        },
        {
          "url": "http://127.0.0.1:62654/_astro/read-store.X7Oz9YN7.js",
          "method": "GET",
          "body": null
        },
        {
          "url": "http://127.0.0.1:62654/_astro/full.DXD_oWB0.js",
          "method": "GET",
          "body": null
        },
        {
          "url": "http://127.0.0.1:62654/_astro/chart-adapter.DdfW9XjH.js",
          "method": "GET",
          "body": null
        },
        {
          "url": "http://127.0.0.1:62654/assets/app-icons/v3/favicon.svg",
          "method": "GET",
          "body": null
        },
        {
          "url": "http://127.0.0.1:62654/_astro/calculator-receipt.DqIFvBmX.js",
          "method": "GET",
          "body": null
        },
        {
          "url": "http://127.0.0.1:62654/_astro/PositionsShareSurface.Eb3pENdV.js",
          "method": "GET",
          "body": null
        },
        {
          "url": "http://127.0.0.1:62654/_astro/share-positions.D3o0ugj4.js",
          "method": "GET",
          "body": null
        },
        {
          "url": "http://127.0.0.1:62654/_astro/share-card.BvVC0EVI.js",
          "method": "GET",
          "body": null
        },
        {
          "url": "http://127.0.0.1:62654/_astro/share-card-brand.CJKZtcRK.js",
          "method": "GET",
          "body": null
        },
        {
          "url": "http://127.0.0.1:62654/_astro/share-card-copy.D0c42nic.js",
          "method": "GET",
          "body": null
        },
        {
          "url": "http://127.0.0.1:62654/_astro/CalendarSubscribe.DXtj1Bbr.js",
          "method": "GET",
          "body": null
        },
        {
          "url": "http://127.0.0.1:62654/_astro/CommunicationRead.DXWBG2sR.js",
          "method": "GET",
          "body": null
        },
        {
          "url": "http://127.0.0.1:62654/_astro/ApproachRead.DjvvCuNe.js",
          "method": "GET",
          "body": null
        },
        {
          "url": "http://127.0.0.1:62654/_astro/PwaInstallPrompt.BCohgdPv.js",
          "method": "GET",
          "body": null
        },
        {
          "url": "http://127.0.0.1:62654/_astro/a2hs.WonhOqdm.js",
          "method": "GET",
          "body": null
        },
        {
          "url": "http://127.0.0.1:62654/assets/zodiac-icons/128/scorpio.avif",
          "method": "GET",
          "body": null
        },
        {
          "url": "http://127.0.0.1:62654/assets/zodiac-icons/128/sagittarius.avif",
          "method": "GET",
          "body": null
        },
        {
          "url": "http://127.0.0.1:62654/assets/zodiac-icons/128/leo.avif",
          "method": "GET",
          "body": null
        },
        {
          "url": "http://127.0.0.1:62654/assets/zodiac-icons/128/aries.webp",
          "method": "GET",
          "body": null
        },
        {
          "url": "http://127.0.0.1:62654/assets/zodiac-icons/128/taurus.webp",
          "method": "GET",
          "body": null
        },
        {
          "url": "http://127.0.0.1:62654/assets/zodiac-icons/128/gemini.webp",
          "method": "GET",
          "body": null
        },
        {
          "url": "http://127.0.0.1:62654/assets/zodiac-icons/128/cancer.webp",
          "method": "GET",
          "body": null
        },
        {
          "url": "http://127.0.0.1:62654/assets/zodiac-icons/128/leo.webp",
          "method": "GET",
          "body": null
        },
        {
          "url": "http://127.0.0.1:62654/assets/zodiac-icons/128/virgo.webp",
          "method": "GET",
          "body": null
        },
        {
          "url": "http://127.0.0.1:62654/assets/zodiac-icons/128/libra.webp",
          "method": "GET",
          "body": null
        },
        {
          "url": "http://127.0.0.1:62654/assets/zodiac-icons/128/scorpio.webp",
          "method": "GET",
          "body": null
        },
        {
          "url": "http://127.0.0.1:62654/assets/zodiac-icons/128/sagittarius.webp",
          "method": "GET",
          "body": null
        },
        {
          "url": "http://127.0.0.1:62654/assets/zodiac-icons/128/capricorn.webp",
          "method": "GET",
          "body": null
        },
        {
          "url": "http://127.0.0.1:62654/assets/zodiac-icons/128/aquarius.webp",
          "method": "GET",
          "body": null
        },
        {
          "url": "http://127.0.0.1:62654/assets/zodiac-icons/128/pisces.webp",
          "method": "GET",
          "body": null
        },
        {
          "url": "http://127.0.0.1:62654/_astro/store.DKqN0snE.js",
          "method": "GET",
          "body": null
        },
        {
          "url": "http://127.0.0.1:62654/_astro/deletions.DUQYISzq.js",
          "method": "GET",
          "body": null
        },
        {
          "url": "http://127.0.0.1:62654/assets/zodiac-icons/128/aries.webp",
          "method": "GET",
          "body": null
        },
        {
          "url": "http://127.0.0.1:62654/assets/zodiac-icons/128/taurus.webp",
          "method": "GET",
          "body": null
        },
        {
          "url": "http://127.0.0.1:62654/assets/zodiac-icons/128/gemini.webp",
          "method": "GET",
          "body": null
        },
        {
          "url": "http://127.0.0.1:62654/assets/zodiac-icons/128/cancer.webp",
          "method": "GET",
          "body": null
        },
        {
          "url": "http://127.0.0.1:62654/assets/zodiac-icons/128/leo.webp",
          "method": "GET",
          "body": null
        },
        {
          "url": "http://127.0.0.1:62654/assets/zodiac-icons/128/virgo.webp",
          "method": "GET",
          "body": null
        },
        {
          "url": "http://127.0.0.1:62654/assets/zodiac-icons/128/libra.webp",
          "method": "GET",
          "body": null
        },
        {
          "url": "http://127.0.0.1:62654/assets/zodiac-icons/128/scorpio.webp",
          "method": "GET",
          "body": null
        },
        {
          "url": "http://127.0.0.1:62654/assets/zodiac-icons/128/sagittarius.webp",
          "method": "GET",
          "body": null
        },
        {
          "url": "http://127.0.0.1:62654/assets/zodiac-icons/128/capricorn.webp",
          "method": "GET",
          "body": null
        },
        {
          "url": "http://127.0.0.1:62654/assets/zodiac-icons/128/aquarius.webp",
          "method": "GET",
          "body": null
        },
        {
          "url": "http://127.0.0.1:62654/assets/zodiac-icons/128/pisces.webp",
          "method": "GET",
          "body": null
        },
        {
          "url": "http://127.0.0.1:62654/assets/zodiac-icons/128/sagittarius.webp",
          "method": "GET",
          "body": null
        },
        {
          "url": "http://127.0.0.1:62654/assets/zodiac-icons/128/sagittarius.webp",
          "method": "GET",
          "body": null
        },
        {
          "url": "http://127.0.0.1:62654/assets/zodiac-icons/128/cancer.webp",
          "method": "GET",
          "body": null
        },
        {
          "url": "http://127.0.0.1:62654/assets/zodiac-icons/128/leo.webp",
          "method": "GET",
          "body": null
        },
        {
          "url": "http://127.0.0.1:62654/assets/zodiac-icons/128/sagittarius.webp",
          "method": "GET",
          "body": null
        },
        {
          "url": "http://127.0.0.1:62654/assets/zodiac-icons/128/sagittarius.webp",
          "method": "GET",
          "body": null
        },
        {
          "url": "http://127.0.0.1:62654/assets/zodiac-icons/128/cancer.webp",
          "method": "GET",
          "body": null
        },
        {
          "url": "http://127.0.0.1:62654/fonts/eb-garamond-latin-400-italic.woff2",
          "method": "GET",
          "body": null
        },
        {
          "url": "http://127.0.0.1:62654/assets/app-icons/v3/icon-512.png",
          "method": "GET",
          "body": null
        },
        {
          "url": "blob:http://127.0.0.1:62654/98ab0283-7b7d-4928-87ca-a681c7a29c74",
          "method": "GET",
          "body": null
        },
        {
          "url": "http://127.0.0.1:62654/assets/app-icons/v3/icon-512.png",
          "method": "GET",
          "body": null
        },
        {
          "url": "http://127.0.0.1:62654/assets/app-icons/v3/icon-512.png",
          "method": "GET",
          "body": null
        },
        {
          "url": "http://127.0.0.1:62654/assets/site-footer.css",
          "method": "GET",
          "body": null
        },
        {
          "url": "http://127.0.0.1:62654/assets/zodiac-icons/48/sagittarius.avif",
          "method": "GET",
          "body": null
        },
        {
          "url": "http://127.0.0.1:62654/assets/zodiac-icons/48/cancer.avif",
          "method": "GET",
          "body": null
        },
        {
          "url": "http://127.0.0.1:62654/assets/zodiac-icons/48/leo.avif",
          "method": "GET",
          "body": null
        }
      ]
    },
    {
      "name": "download-gap-half-hour",
      "status": "passed",
      "detail": {
        "file": "download-gap-half-hour.json",
        "sha256": "184748d1743a6f9d57594a75966da7e9d66caa099c5364464ab64221a36d2d60",
        "receipt": {
          "conventions": {
            "angles": "gast-and-mean-obliquity",
            "aspects": "major-aspects;sun-moon-eight-planets;no-nodes",
            "calendar": "proleptic-gregorian",
            "longitudeUnit": "degrees-[0,360)",
            "moonNodes": "instantaneous-geocentric-moon-orbit-plane",
            "moonPosition": "astronomy-engine-ecliptic-geo-moon",
            "planetPositions": "apparent-geocentric-ecliptic-of-date",
            "speed": "degrees-per-day;central-difference-plus-minus-0.25-day",
            "zodiac": "tropical"
          },
          "coordinates": {
            "latitude": -31.55,
            "longitude": 159.0833
          },
          "coverage": {
            "angleExclusions": "exact-geographic-poles-and-ecliptic-horizon-coincidence",
            "assessment": "finite-reference-cases-only",
            "broadDateRange": "not-certified",
            "inputSyntax": "not-an-astronomical-accuracy-guarantee"
          },
          "engine": {
            "name": "@zodiacs/engine",
            "version": "0.1.1-rc.5"
          },
          "houses": {
            "absenceReason": null,
            "actual": "whole",
            "requested": "whole"
          },
          "inputFlags": [
            "dst-gap"
          ],
          "instant": "2024-10-05T15:45:00.000Z",
          "localResolution": {
            "date": "2024-10-06",
            "gapShiftMinutes": 30,
            "offsetMinutes": 660,
            "policy": {
              "fold": "earlier",
              "gap": "shift-forward"
            },
            "time": "02:15",
            "timeZone": "Australia/Lord_Howe"
          },
          "provenance": null,
          "reference": "supplied-instant",
          "resultFlags": [
            "dst-gap"
          ],
          "schema": "zodiacs.calculation-receipt.draft-v1",
          "sourceInstant": null,
          "timeKnown": true
        }
      },
      "observation": {
        "computed": 1,
        "writes": [
          {
            "key": "zodiacs.install.compute-count.v1"
          }
        ],
        "idbOpens": [],
        "urls": [
          {
            "url": "blob:http://127.0.0.1:62654/6e7e7013-2241-4163-a609-39733dd7dc5b",
            "type": "image/svg+xml",
            "size": 161680
          },
          {
            "url": "blob:http://127.0.0.1:62654/9ef042cf-1120-48c8-a333-eafa2c41369c",
            "type": "application/json;charset=utf-8",
            "size": 4579
          }
        ],
        "revoked": [
          "blob:http://127.0.0.1:62654/6e7e7013-2241-4163-a609-39733dd7dc5b",
          "blob:http://127.0.0.1:62654/9ef042cf-1120-48c8-a333-eafa2c41369c"
        ],
        "viewport": 1280,
        "scrollWidth": 1280,
        "clientWidth": 1280,
        "overlay": false
      },
      "natalCalls": 1,
      "publicNatalCalls": 1,
      "pageErrors": [],
      "requests": [
        {
          "url": "http://127.0.0.1:62654/birth-chart/",
          "method": "GET",
          "body": null
        },
        {
          "url": "http://127.0.0.1:62654/fonts/instrument-sans-latin-wght-normal.woff2",
          "method": "GET",
          "body": null
        },
        {
          "url": "http://127.0.0.1:62654/fonts/eb-garamond-latin-400-normal.woff2",
          "method": "GET",
          "body": null
        },
        {
          "url": "http://127.0.0.1:62654/fonts/eb-garamond-latin-500-normal.woff2",
          "method": "GET",
          "body": null
        },
        {
          "url": "http://127.0.0.1:62654/_astro/Base.Bryss0yT.css",
          "method": "GET",
          "body": null
        },
        {
          "url": "http://127.0.0.1:62654/_astro/calculator.MBHg3tIV.css",
          "method": "GET",
          "body": null
        },
        {
          "url": "http://127.0.0.1:62654/_astro/explorer.ijMRUwvv.css",
          "method": "GET",
          "body": null
        },
        {
          "url": "http://127.0.0.1:62654/_astro/ChartActionDock.Cc8zzTbx.css",
          "method": "GET",
          "body": null
        },
        {
          "url": "http://127.0.0.1:62654/_astro/AstroTerm.astro_astro_type_script_index_0_lang.DB1iYTmP.js",
          "method": "GET",
          "body": null
        },
        {
          "url": "http://127.0.0.1:62654/fonts/jetbrains-mono-latin-wght-normal.woff2",
          "method": "GET",
          "body": null
        },
        {
          "url": "http://127.0.0.1:62654/_astro/preload-helper.L5lOfJxi.js",
          "method": "GET",
          "body": null
        },
        {
          "url": "http://127.0.0.1:62654/_astro/context-help-client.BqVrBbz0.js",
          "method": "GET",
          "body": null
        },
        {
          "url": "http://127.0.0.1:62654/_astro/analytics.CH5T6e-b.js",
          "method": "GET",
          "body": null
        },
        {
          "url": "http://127.0.0.1:62654/_astro/ChartCalculator.ChqyFlxy.js",
          "method": "GET",
          "body": null
        },
        {
          "url": "http://127.0.0.1:62654/_astro/client.DPkn9Lbl.js",
          "method": "GET",
          "body": null
        },
        {
          "url": "http://127.0.0.1:62654/assets/app-icons/v3/favicon.svg",
          "method": "GET",
          "body": null
        },
        {
          "url": "http://127.0.0.1:62654/_astro/preact.module.Bjq9tLsx.js",
          "method": "GET",
          "body": null
        },
        {
          "url": "http://127.0.0.1:62654/_astro/hooks.module.C0_8FjiD.js",
          "method": "GET",
          "body": null
        },
        {
          "url": "http://127.0.0.1:62654/_astro/profile-access-reader.DoQqlSjt.js",
          "method": "GET",
          "body": null
        },
        {
          "url": "http://127.0.0.1:62654/_astro/chunk-PD4H342X.BYuLx_KT.js",
          "method": "GET",
          "body": null
        },
        {
          "url": "http://127.0.0.1:62654/_astro/signs.BMXPKoMF.js",
          "method": "GET",
          "body": null
        },
        {
          "url": "http://127.0.0.1:62654/_astro/jsxRuntime.module.BG9KJlGc.js",
          "method": "GET",
          "body": null
        },
        {
          "url": "http://127.0.0.1:62654/_astro/PlanetGlyph.BhITbtcc.js",
          "method": "GET",
          "body": null
        },
        {
          "url": "http://127.0.0.1:62654/_astro/i18n.Cg_lCJuc.js",
          "method": "GET",
          "body": null
        },
        {
          "url": "http://127.0.0.1:62654/_astro/CalculationReload.DXyGkRsn.js",
          "method": "GET",
          "body": null
        },
        {
          "url": "http://127.0.0.1:62654/_astro/astrology.BHib5efU.js",
          "method": "GET",
          "body": null
        },
        {
          "url": "http://127.0.0.1:62654/_astro/share.BRlg0eGS.js",
          "method": "GET",
          "body": null
        },
        {
          "url": "http://127.0.0.1:62654/_astro/chart-handoff.Dvz2AAcL.js",
          "method": "GET",
          "body": null
        },
        {
          "url": "http://127.0.0.1:62654/_astro/useProfileAccessGeneration.w2JLb1F6.js",
          "method": "GET",
          "body": null
        },
        {
          "url": "http://127.0.0.1:62654/_astro/useEngine.BxQZzCQs.js",
          "method": "GET",
          "body": null
        },
        {
          "url": "http://127.0.0.1:62654/_astro/BirthFields.VmY_J4-2.js",
          "method": "GET",
          "body": null
        },
        {
          "url": "http://127.0.0.1:62654/_astro/localToUtc.lkZcCpbL.js",
          "method": "GET",
          "body": null
        },
        {
          "url": "http://127.0.0.1:62654/_astro/interpretations.BaZkYN67.js",
          "method": "GET",
          "body": null
        },
        {
          "url": "http://127.0.0.1:62654/_astro/AstroTerm.7K8SAipO.js",
          "method": "GET",
          "body": null
        },
        {
          "url": "http://127.0.0.1:62654/_astro/SignChip.Dx3tQVZl.js",
          "method": "GET",
          "body": null
        },
        {
          "url": "http://127.0.0.1:62654/_astro/AspectGlyph.DMIAGIQV.js",
          "method": "GET",
          "body": null
        },
        {
          "url": "http://127.0.0.1:62654/_astro/Wheel.RNRSqGob.js",
          "method": "GET",
          "body": null
        },
        {
          "url": "http://127.0.0.1:62654/_astro/dignities.BycBkP8Y.js",
          "method": "GET",
          "body": null
        },
        {
          "url": "http://127.0.0.1:62654/_astro/houses.DhEjqPPf.js",
          "method": "GET",
          "body": null
        },
        {
          "url": "http://127.0.0.1:62654/_astro/technical-layout.DQIjXHHb.js",
          "method": "GET",
          "body": null
        },
        {
          "url": "http://127.0.0.1:62654/_astro/lite.DKWHZC5_.js",
          "method": "GET",
          "body": null
        },
        {
          "url": "http://127.0.0.1:62654/_astro/learning-input-identity.C-WLv51I.js",
          "method": "GET",
          "body": null
        },
        {
          "url": "http://127.0.0.1:62654/_astro/post-chart-context.BZ1tHGpl.js",
          "method": "GET",
          "body": null
        },
        {
          "url": "http://127.0.0.1:62654/_astro/chunk-INI453VG.BxjMUPBs.js",
          "method": "GET",
          "body": null
        },
        {
          "url": "http://127.0.0.1:62654/_astro/paths.DYbAuceH.js",
          "method": "GET",
          "body": null
        },
        {
          "url": "http://127.0.0.1:62654/_astro/rolldown-runtime.DK3Fl9T5.js",
          "method": "GET",
          "body": null
        },
        {
          "url": "http://127.0.0.1:62654/_astro/civil-date.CpOZUt7Z.js",
          "method": "GET",
          "body": null
        },
        {
          "url": "http://127.0.0.1:62654/_astro/technical-locales.DDKucXXd.js",
          "method": "GET",
          "body": null
        },
        {
          "url": "http://127.0.0.1:62654/_astro/PlaceSearch.D1WsU_jW.js",
          "method": "GET",
          "body": null
        },
        {
          "url": "http://127.0.0.1:62654/_astro/chart-signature.-is-2T7w.js",
          "method": "GET",
          "body": null
        },
        {
          "url": "http://127.0.0.1:62654/_astro/natal.D7JKDSdx.js",
          "method": "GET",
          "body": null
        },
        {
          "url": "http://127.0.0.1:62654/_astro/synastry.rhUg9_9F.js",
          "method": "GET",
          "body": null
        },
        {
          "url": "http://127.0.0.1:62654/_astro/aspects.BNC-J2iD.js",
          "method": "GET",
          "body": null
        },
        {
          "url": "http://127.0.0.1:62654/_astro/compat.Bjc3uaB7.js",
          "method": "GET",
          "body": null
        },
        {
          "url": "http://127.0.0.1:62654/_astro/ChartActionDock.DLS2UbgE.js",
          "method": "GET",
          "body": null
        },
        {
          "url": "http://127.0.0.1:62654/_astro/LearningPractice.CSqTNZrv.js",
          "method": "GET",
          "body": null
        },
        {
          "url": "http://127.0.0.1:62654/_astro/chart-context-copy.UBOz97Jz.js",
          "method": "GET",
          "body": null
        },
        {
          "url": "http://127.0.0.1:62654/_astro/AspectPatternFeature.DkxQP4nT.js",
          "method": "GET",
          "body": null
        },
        {
          "url": "http://127.0.0.1:62654/_astro/use-learning-sources.CF4htVRf.js",
          "method": "GET",
          "body": null
        },
        {
          "url": "http://127.0.0.1:62654/_astro/schema.DqKqbGHb.js",
          "method": "GET",
          "body": null
        },
        {
          "url": "http://127.0.0.1:62654/_astro/read-store.X7Oz9YN7.js",
          "method": "GET",
          "body": null
        },
        {
          "url": "http://127.0.0.1:62654/_astro/full.DXD_oWB0.js",
          "method": "GET",
          "body": null
        },
        {
          "url": "http://127.0.0.1:62654/_astro/chart-adapter.DdfW9XjH.js",
          "method": "GET",
          "body": null
        },
        {
          "url": "http://127.0.0.1:62654/assets/app-icons/v3/favicon.svg",
          "method": "GET",
          "body": null
        },
        {
          "url": "http://127.0.0.1:62654/_astro/calculator-receipt.DqIFvBmX.js",
          "method": "GET",
          "body": null
        },
        {
          "url": "http://127.0.0.1:62654/_astro/PositionsShareSurface.Eb3pENdV.js",
          "method": "GET",
          "body": null
        },
        {
          "url": "http://127.0.0.1:62654/_astro/share-positions.D3o0ugj4.js",
          "method": "GET",
          "body": null
        },
        {
          "url": "http://127.0.0.1:62654/_astro/share-card.BvVC0EVI.js",
          "method": "GET",
          "body": null
        },
        {
          "url": "http://127.0.0.1:62654/_astro/share-card-brand.CJKZtcRK.js",
          "method": "GET",
          "body": null
        },
        {
          "url": "http://127.0.0.1:62654/_astro/share-card-copy.D0c42nic.js",
          "method": "GET",
          "body": null
        },
        {
          "url": "http://127.0.0.1:62654/_astro/CalendarSubscribe.DXtj1Bbr.js",
          "method": "GET",
          "body": null
        },
        {
          "url": "http://127.0.0.1:62654/_astro/CommunicationRead.DXWBG2sR.js",
          "method": "GET",
          "body": null
        },
        {
          "url": "http://127.0.0.1:62654/_astro/ApproachRead.DjvvCuNe.js",
          "method": "GET",
          "body": null
        },
        {
          "url": "http://127.0.0.1:62654/_astro/PwaInstallPrompt.BCohgdPv.js",
          "method": "GET",
          "body": null
        },
        {
          "url": "http://127.0.0.1:62654/_astro/a2hs.WonhOqdm.js",
          "method": "GET",
          "body": null
        },
        {
          "url": "http://127.0.0.1:62654/assets/zodiac-icons/128/libra.avif",
          "method": "GET",
          "body": null
        },
        {
          "url": "http://127.0.0.1:62654/assets/zodiac-icons/128/scorpio.avif",
          "method": "GET",
          "body": null
        },
        {
          "url": "http://127.0.0.1:62654/assets/zodiac-icons/128/leo.avif",
          "method": "GET",
          "body": null
        },
        {
          "url": "http://127.0.0.1:62654/assets/zodiac-icons/128/aries.webp",
          "method": "GET",
          "body": null
        },
        {
          "url": "http://127.0.0.1:62654/assets/zodiac-icons/128/taurus.webp",
          "method": "GET",
          "body": null
        },
        {
          "url": "http://127.0.0.1:62654/assets/zodiac-icons/128/gemini.webp",
          "method": "GET",
          "body": null
        },
        {
          "url": "http://127.0.0.1:62654/assets/zodiac-icons/128/cancer.webp",
          "method": "GET",
          "body": null
        },
        {
          "url": "http://127.0.0.1:62654/assets/zodiac-icons/128/leo.webp",
          "method": "GET",
          "body": null
        },
        {
          "url": "http://127.0.0.1:62654/assets/zodiac-icons/128/virgo.webp",
          "method": "GET",
          "body": null
        },
        {
          "url": "http://127.0.0.1:62654/assets/zodiac-icons/128/libra.webp",
          "method": "GET",
          "body": null
        },
        {
          "url": "http://127.0.0.1:62654/assets/zodiac-icons/128/scorpio.webp",
          "method": "GET",
          "body": null
        },
        {
          "url": "http://127.0.0.1:62654/assets/zodiac-icons/128/sagittarius.webp",
          "method": "GET",
          "body": null
        },
        {
          "url": "http://127.0.0.1:62654/assets/zodiac-icons/128/capricorn.webp",
          "method": "GET",
          "body": null
        },
        {
          "url": "http://127.0.0.1:62654/assets/zodiac-icons/128/aquarius.webp",
          "method": "GET",
          "body": null
        },
        {
          "url": "http://127.0.0.1:62654/assets/zodiac-icons/128/pisces.webp",
          "method": "GET",
          "body": null
        },
        {
          "url": "http://127.0.0.1:62654/_astro/store.DKqN0snE.js",
          "method": "GET",
          "body": null
        },
        {
          "url": "http://127.0.0.1:62654/_astro/deletions.DUQYISzq.js",
          "method": "GET",
          "body": null
        },
        {
          "url": "http://127.0.0.1:62654/assets/zodiac-icons/128/aries.webp",
          "method": "GET",
          "body": null
        },
        {
          "url": "http://127.0.0.1:62654/assets/zodiac-icons/128/taurus.webp",
          "method": "GET",
          "body": null
        },
        {
          "url": "http://127.0.0.1:62654/assets/zodiac-icons/128/gemini.webp",
          "method": "GET",
          "body": null
        },
        {
          "url": "http://127.0.0.1:62654/assets/zodiac-icons/128/cancer.webp",
          "method": "GET",
          "body": null
        },
        {
          "url": "http://127.0.0.1:62654/assets/zodiac-icons/128/leo.webp",
          "method": "GET",
          "body": null
        },
        {
          "url": "http://127.0.0.1:62654/assets/zodiac-icons/128/virgo.webp",
          "method": "GET",
          "body": null
        },
        {
          "url": "http://127.0.0.1:62654/assets/zodiac-icons/128/libra.webp",
          "method": "GET",
          "body": null
        },
        {
          "url": "http://127.0.0.1:62654/assets/zodiac-icons/128/scorpio.webp",
          "method": "GET",
          "body": null
        },
        {
          "url": "http://127.0.0.1:62654/assets/zodiac-icons/128/sagittarius.webp",
          "method": "GET",
          "body": null
        },
        {
          "url": "http://127.0.0.1:62654/assets/zodiac-icons/128/capricorn.webp",
          "method": "GET",
          "body": null
        },
        {
          "url": "http://127.0.0.1:62654/assets/zodiac-icons/128/aquarius.webp",
          "method": "GET",
          "body": null
        },
        {
          "url": "http://127.0.0.1:62654/assets/zodiac-icons/128/pisces.webp",
          "method": "GET",
          "body": null
        },
        {
          "url": "http://127.0.0.1:62654/assets/zodiac-icons/128/libra.webp",
          "method": "GET",
          "body": null
        },
        {
          "url": "http://127.0.0.1:62654/assets/zodiac-icons/128/scorpio.webp",
          "method": "GET",
          "body": null
        },
        {
          "url": "http://127.0.0.1:62654/assets/zodiac-icons/128/cancer.webp",
          "method": "GET",
          "body": null
        },
        {
          "url": "http://127.0.0.1:62654/assets/zodiac-icons/128/leo.webp",
          "method": "GET",
          "body": null
        },
        {
          "url": "http://127.0.0.1:62654/assets/zodiac-icons/128/libra.webp",
          "method": "GET",
          "body": null
        },
        {
          "url": "http://127.0.0.1:62654/assets/zodiac-icons/128/scorpio.webp",
          "method": "GET",
          "body": null
        },
        {
          "url": "http://127.0.0.1:62654/assets/zodiac-icons/128/cancer.webp",
          "method": "GET",
          "body": null
        },
        {
          "url": "http://127.0.0.1:62654/fonts/eb-garamond-latin-400-italic.woff2",
          "method": "GET",
          "body": null
        },
        {
          "url": "http://127.0.0.1:62654/assets/app-icons/v3/icon-512.png",
          "method": "GET",
          "body": null
        },
        {
          "url": "blob:http://127.0.0.1:62654/6e7e7013-2241-4163-a609-39733dd7dc5b",
          "method": "GET",
          "body": null
        },
        {
          "url": "http://127.0.0.1:62654/assets/app-icons/v3/icon-512.png",
          "method": "GET",
          "body": null
        },
        {
          "url": "http://127.0.0.1:62654/assets/app-icons/v3/icon-512.png",
          "method": "GET",
          "body": null
        },
        {
          "url": "http://127.0.0.1:62654/assets/zodiac-icons/48/libra.avif",
          "method": "GET",
          "body": null
        },
        {
          "url": "http://127.0.0.1:62654/assets/zodiac-icons/48/scorpio.avif",
          "method": "GET",
          "body": null
        },
        {
          "url": "http://127.0.0.1:62654/assets/zodiac-icons/48/cancer.avif",
          "method": "GET",
          "body": null
        },
        {
          "url": "http://127.0.0.1:62654/assets/zodiac-icons/48/leo.avif",
          "method": "GET",
          "body": null
        },
        {
          "url": "http://127.0.0.1:62654/assets/site-footer.css",
          "method": "GET",
          "body": null
        }
      ]
    },
    {
      "name": "download-gap-whole-day-unknown",
      "status": "passed",
      "detail": {
        "file": "download-gap-whole-day-unknown.json",
        "sha256": "7596e891a1512803e1b08ce66133854f3d657387c80832d9bf17faf57dec3fd5",
        "receipt": {
          "conventions": {
            "angles": "gast-and-mean-obliquity",
            "aspects": "major-aspects;sun-moon-eight-planets;no-nodes",
            "calendar": "proleptic-gregorian",
            "longitudeUnit": "degrees-[0,360)",
            "moonNodes": "instantaneous-geocentric-moon-orbit-plane",
            "moonPosition": "astronomy-engine-ecliptic-geo-moon",
            "planetPositions": "apparent-geocentric-ecliptic-of-date",
            "speed": "degrees-per-day;central-difference-plus-minus-0.25-day",
            "zodiac": "tropical"
          },
          "coordinates": {
            "latitude": -13.8333,
            "longitude": -171.7667
          },
          "coverage": {
            "angleExclusions": "exact-geographic-poles-and-ecliptic-horizon-coincidence",
            "assessment": "finite-reference-cases-only",
            "broadDateRange": "not-certified",
            "inputSyntax": "not-an-astronomical-accuracy-guarantee"
          },
          "engine": {
            "name": "@zodiacs/engine",
            "version": "0.1.1-rc.5"
          },
          "houses": {
            "absenceReason": "unknown-time",
            "actual": null,
            "requested": "placidus"
          },
          "inputFlags": [
            "dst-gap"
          ],
          "instant": "2011-12-30T22:00:00.000Z",
          "localResolution": {
            "date": "2011-12-30",
            "gapShiftMinutes": 1440,
            "offsetMinutes": 840,
            "policy": {
              "fold": "earlier",
              "gap": "shift-forward"
            },
            "time": "12:00",
            "timeZone": "Pacific/Apia"
          },
          "provenance": null,
          "reference": "local-noon",
          "resultFlags": [
            "dst-gap",
            "no-time"
          ],
          "schema": "zodiacs.calculation-receipt.draft-v1",
          "sourceInstant": null,
          "timeKnown": false
        }
      },
      "observation": {
        "computed": 1,
        "writes": [
          {
            "key": "zodiacs.install.compute-count.v1"
          }
        ],
        "idbOpens": [],
        "urls": [
          {
            "url": "blob:http://127.0.0.1:62654/40d2603d-32ca-4854-8dbb-f6ae9f21e8c2",
            "type": "image/svg+xml",
            "size": 154719
          },
          {
            "url": "blob:http://127.0.0.1:62654/dd9e41b2-9fe3-457d-8801-0d22291e1571",
            "type": "application/json;charset=utf-8",
            "size": 4121
          }
        ],
        "revoked": [
          "blob:http://127.0.0.1:62654/40d2603d-32ca-4854-8dbb-f6ae9f21e8c2",
          "blob:http://127.0.0.1:62654/dd9e41b2-9fe3-457d-8801-0d22291e1571"
        ],
        "viewport": 1280,
        "scrollWidth": 1280,
        "clientWidth": 1280,
        "overlay": false
      },
      "natalCalls": 1,
      "publicNatalCalls": 1,
      "pageErrors": [],
      "requests": [
        {
          "url": "http://127.0.0.1:62654/birth-chart/",
          "method": "GET",
          "body": null
        },
        {
          "url": "http://127.0.0.1:62654/fonts/instrument-sans-latin-wght-normal.woff2",
          "method": "GET",
          "body": null
        },
        {
          "url": "http://127.0.0.1:62654/fonts/eb-garamond-latin-400-normal.woff2",
          "method": "GET",
          "body": null
        },
        {
          "url": "http://127.0.0.1:62654/fonts/eb-garamond-latin-500-normal.woff2",
          "method": "GET",
          "body": null
        },
        {
          "url": "http://127.0.0.1:62654/_astro/Base.Bryss0yT.css",
          "method": "GET",
          "body": null
        },
        {
          "url": "http://127.0.0.1:62654/_astro/calculator.MBHg3tIV.css",
          "method": "GET",
          "body": null
        },
        {
          "url": "http://127.0.0.1:62654/_astro/explorer.ijMRUwvv.css",
          "method": "GET",
          "body": null
        },
        {
          "url": "http://127.0.0.1:62654/_astro/ChartActionDock.Cc8zzTbx.css",
          "method": "GET",
          "body": null
        },
        {
          "url": "http://127.0.0.1:62654/_astro/AstroTerm.astro_astro_type_script_index_0_lang.DB1iYTmP.js",
          "method": "GET",
          "body": null
        },
        {
          "url": "http://127.0.0.1:62654/fonts/jetbrains-mono-latin-wght-normal.woff2",
          "method": "GET",
          "body": null
        },
        {
          "url": "http://127.0.0.1:62654/_astro/preload-helper.L5lOfJxi.js",
          "method": "GET",
          "body": null
        },
        {
          "url": "http://127.0.0.1:62654/_astro/ChartCalculator.ChqyFlxy.js",
          "method": "GET",
          "body": null
        },
        {
          "url": "http://127.0.0.1:62654/_astro/client.DPkn9Lbl.js",
          "method": "GET",
          "body": null
        },
        {
          "url": "http://127.0.0.1:62654/_astro/context-help-client.BqVrBbz0.js",
          "method": "GET",
          "body": null
        },
        {
          "url": "http://127.0.0.1:62654/_astro/analytics.CH5T6e-b.js",
          "method": "GET",
          "body": null
        },
        {
          "url": "http://127.0.0.1:62654/_astro/preact.module.Bjq9tLsx.js",
          "method": "GET",
          "body": null
        },
        {
          "url": "http://127.0.0.1:62654/_astro/hooks.module.C0_8FjiD.js",
          "method": "GET",
          "body": null
        },
        {
          "url": "http://127.0.0.1:62654/_astro/profile-access-reader.DoQqlSjt.js",
          "method": "GET",
          "body": null
        },
        {
          "url": "http://127.0.0.1:62654/_astro/chunk-PD4H342X.BYuLx_KT.js",
          "method": "GET",
          "body": null
        },
        {
          "url": "http://127.0.0.1:62654/_astro/signs.BMXPKoMF.js",
          "method": "GET",
          "body": null
        },
        {
          "url": "http://127.0.0.1:62654/_astro/jsxRuntime.module.BG9KJlGc.js",
          "method": "GET",
          "body": null
        },
        {
          "url": "http://127.0.0.1:62654/_astro/PlanetGlyph.BhITbtcc.js",
          "method": "GET",
          "body": null
        },
        {
          "url": "http://127.0.0.1:62654/_astro/i18n.Cg_lCJuc.js",
          "method": "GET",
          "body": null
        },
        {
          "url": "http://127.0.0.1:62654/_astro/CalculationReload.DXyGkRsn.js",
          "method": "GET",
          "body": null
        },
        {
          "url": "http://127.0.0.1:62654/_astro/astrology.BHib5efU.js",
          "method": "GET",
          "body": null
        },
        {
          "url": "http://127.0.0.1:62654/_astro/share.BRlg0eGS.js",
          "method": "GET",
          "body": null
        },
        {
          "url": "http://127.0.0.1:62654/_astro/chart-handoff.Dvz2AAcL.js",
          "method": "GET",
          "body": null
        },
        {
          "url": "http://127.0.0.1:62654/_astro/useProfileAccessGeneration.w2JLb1F6.js",
          "method": "GET",
          "body": null
        },
        {
          "url": "http://127.0.0.1:62654/_astro/useEngine.BxQZzCQs.js",
          "method": "GET",
          "body": null
        },
        {
          "url": "http://127.0.0.1:62654/_astro/BirthFields.VmY_J4-2.js",
          "method": "GET",
          "body": null
        },
        {
          "url": "http://127.0.0.1:62654/_astro/localToUtc.lkZcCpbL.js",
          "method": "GET",
          "body": null
        },
        {
          "url": "http://127.0.0.1:62654/_astro/interpretations.BaZkYN67.js",
          "method": "GET",
          "body": null
        },
        {
          "url": "http://127.0.0.1:62654/_astro/AstroTerm.7K8SAipO.js",
          "method": "GET",
          "body": null
        },
        {
          "url": "http://127.0.0.1:62654/_astro/SignChip.Dx3tQVZl.js",
          "method": "GET",
          "body": null
        },
        {
          "url": "http://127.0.0.1:62654/_astro/AspectGlyph.DMIAGIQV.js",
          "method": "GET",
          "body": null
        },
        {
          "url": "http://127.0.0.1:62654/_astro/Wheel.RNRSqGob.js",
          "method": "GET",
          "body": null
        },
        {
          "url": "http://127.0.0.1:62654/_astro/dignities.BycBkP8Y.js",
          "method": "GET",
          "body": null
        },
        {
          "url": "http://127.0.0.1:62654/_astro/houses.DhEjqPPf.js",
          "method": "GET",
          "body": null
        },
        {
          "url": "http://127.0.0.1:62654/_astro/technical-layout.DQIjXHHb.js",
          "method": "GET",
          "body": null
        },
        {
          "url": "http://127.0.0.1:62654/_astro/lite.DKWHZC5_.js",
          "method": "GET",
          "body": null
        },
        {
          "url": "http://127.0.0.1:62654/_astro/learning-input-identity.C-WLv51I.js",
          "method": "GET",
          "body": null
        },
        {
          "url": "http://127.0.0.1:62654/_astro/post-chart-context.BZ1tHGpl.js",
          "method": "GET",
          "body": null
        },
        {
          "url": "http://127.0.0.1:62654/_astro/chunk-INI453VG.BxjMUPBs.js",
          "method": "GET",
          "body": null
        },
        {
          "url": "http://127.0.0.1:62654/_astro/paths.DYbAuceH.js",
          "method": "GET",
          "body": null
        },
        {
          "url": "http://127.0.0.1:62654/_astro/rolldown-runtime.DK3Fl9T5.js",
          "method": "GET",
          "body": null
        },
        {
          "url": "http://127.0.0.1:62654/_astro/civil-date.CpOZUt7Z.js",
          "method": "GET",
          "body": null
        },
        {
          "url": "http://127.0.0.1:62654/_astro/technical-locales.DDKucXXd.js",
          "method": "GET",
          "body": null
        },
        {
          "url": "http://127.0.0.1:62654/_astro/PlaceSearch.D1WsU_jW.js",
          "method": "GET",
          "body": null
        },
        {
          "url": "http://127.0.0.1:62654/assets/app-icons/v3/favicon.svg",
          "method": "GET",
          "body": null
        },
        {
          "url": "http://127.0.0.1:62654/_astro/chart-signature.-is-2T7w.js",
          "method": "GET",
          "body": null
        },
        {
          "url": "http://127.0.0.1:62654/_astro/natal.D7JKDSdx.js",
          "method": "GET",
          "body": null
        },
        {
          "url": "http://127.0.0.1:62654/_astro/synastry.rhUg9_9F.js",
          "method": "GET",
          "body": null
        },
        {
          "url": "http://127.0.0.1:62654/_astro/aspects.BNC-J2iD.js",
          "method": "GET",
          "body": null
        },
        {
          "url": "http://127.0.0.1:62654/_astro/compat.Bjc3uaB7.js",
          "method": "GET",
          "body": null
        },
        {
          "url": "http://127.0.0.1:62654/_astro/ChartActionDock.DLS2UbgE.js",
          "method": "GET",
          "body": null
        },
        {
          "url": "http://127.0.0.1:62654/_astro/LearningPractice.CSqTNZrv.js",
          "method": "GET",
          "body": null
        },
        {
          "url": "http://127.0.0.1:62654/_astro/chart-context-copy.UBOz97Jz.js",
          "method": "GET",
          "body": null
        },
        {
          "url": "http://127.0.0.1:62654/_astro/AspectPatternFeature.DkxQP4nT.js",
          "method": "GET",
          "body": null
        },
        {
          "url": "http://127.0.0.1:62654/_astro/use-learning-sources.CF4htVRf.js",
          "method": "GET",
          "body": null
        },
        {
          "url": "http://127.0.0.1:62654/_astro/schema.DqKqbGHb.js",
          "method": "GET",
          "body": null
        },
        {
          "url": "http://127.0.0.1:62654/_astro/read-store.X7Oz9YN7.js",
          "method": "GET",
          "body": null
        },
        {
          "url": "http://127.0.0.1:62654/_astro/full.DXD_oWB0.js",
          "method": "GET",
          "body": null
        },
        {
          "url": "http://127.0.0.1:62654/_astro/chart-adapter.DdfW9XjH.js",
          "method": "GET",
          "body": null
        },
        {
          "url": "http://127.0.0.1:62654/assets/app-icons/v3/favicon.svg",
          "method": "GET",
          "body": null
        },
        {
          "url": "http://127.0.0.1:62654/_astro/calculator-receipt.DqIFvBmX.js",
          "method": "GET",
          "body": null
        },
        {
          "url": "http://127.0.0.1:62654/_astro/PositionsShareSurface.Eb3pENdV.js",
          "method": "GET",
          "body": null
        },
        {
          "url": "http://127.0.0.1:62654/_astro/share-positions.D3o0ugj4.js",
          "method": "GET",
          "body": null
        },
        {
          "url": "http://127.0.0.1:62654/_astro/share-card.BvVC0EVI.js",
          "method": "GET",
          "body": null
        },
        {
          "url": "http://127.0.0.1:62654/_astro/share-card-brand.CJKZtcRK.js",
          "method": "GET",
          "body": null
        },
        {
          "url": "http://127.0.0.1:62654/_astro/share-card-copy.D0c42nic.js",
          "method": "GET",
          "body": null
        },
        {
          "url": "http://127.0.0.1:62654/_astro/CalendarSubscribe.DXtj1Bbr.js",
          "method": "GET",
          "body": null
        },
        {
          "url": "http://127.0.0.1:62654/_astro/CommunicationRead.DXWBG2sR.js",
          "method": "GET",
          "body": null
        },
        {
          "url": "http://127.0.0.1:62654/_astro/ApproachRead.DjvvCuNe.js",
          "method": "GET",
          "body": null
        },
        {
          "url": "http://127.0.0.1:62654/_astro/PwaInstallPrompt.BCohgdPv.js",
          "method": "GET",
          "body": null
        },
        {
          "url": "http://127.0.0.1:62654/_astro/a2hs.WonhOqdm.js",
          "method": "GET",
          "body": null
        },
        {
          "url": "http://127.0.0.1:62654/assets/zodiac-icons/128/capricorn.avif",
          "method": "GET",
          "body": null
        },
        {
          "url": "http://127.0.0.1:62654/assets/zodiac-icons/128/pisces.avif",
          "method": "GET",
          "body": null
        },
        {
          "url": "http://127.0.0.1:62654/assets/zodiac-icons/128/aries.webp",
          "method": "GET",
          "body": null
        },
        {
          "url": "http://127.0.0.1:62654/assets/zodiac-icons/128/taurus.webp",
          "method": "GET",
          "body": null
        },
        {
          "url": "http://127.0.0.1:62654/assets/zodiac-icons/128/gemini.webp",
          "method": "GET",
          "body": null
        },
        {
          "url": "http://127.0.0.1:62654/assets/zodiac-icons/128/cancer.webp",
          "method": "GET",
          "body": null
        },
        {
          "url": "http://127.0.0.1:62654/assets/zodiac-icons/128/leo.webp",
          "method": "GET",
          "body": null
        },
        {
          "url": "http://127.0.0.1:62654/assets/zodiac-icons/128/virgo.webp",
          "method": "GET",
          "body": null
        },
        {
          "url": "http://127.0.0.1:62654/assets/zodiac-icons/128/libra.webp",
          "method": "GET",
          "body": null
        },
        {
          "url": "http://127.0.0.1:62654/assets/zodiac-icons/128/scorpio.webp",
          "method": "GET",
          "body": null
        },
        {
          "url": "http://127.0.0.1:62654/assets/zodiac-icons/128/sagittarius.webp",
          "method": "GET",
          "body": null
        },
        {
          "url": "http://127.0.0.1:62654/assets/zodiac-icons/128/capricorn.webp",
          "method": "GET",
          "body": null
        },
        {
          "url": "http://127.0.0.1:62654/assets/zodiac-icons/128/aquarius.webp",
          "method": "GET",
          "body": null
        },
        {
          "url": "http://127.0.0.1:62654/assets/zodiac-icons/128/pisces.webp",
          "method": "GET",
          "body": null
        },
        {
          "url": "http://127.0.0.1:62654/_astro/store.DKqN0snE.js",
          "method": "GET",
          "body": null
        },
        {
          "url": "http://127.0.0.1:62654/_astro/deletions.DUQYISzq.js",
          "method": "GET",
          "body": null
        },
        {
          "url": "http://127.0.0.1:62654/assets/zodiac-icons/128/aries.webp",
          "method": "GET",
          "body": null
        },
        {
          "url": "http://127.0.0.1:62654/assets/zodiac-icons/128/taurus.webp",
          "method": "GET",
          "body": null
        },
        {
          "url": "http://127.0.0.1:62654/assets/zodiac-icons/128/gemini.webp",
          "method": "GET",
          "body": null
        },
        {
          "url": "http://127.0.0.1:62654/assets/zodiac-icons/128/cancer.webp",
          "method": "GET",
          "body": null
        },
        {
          "url": "http://127.0.0.1:62654/assets/zodiac-icons/128/leo.webp",
          "method": "GET",
          "body": null
        },
        {
          "url": "http://127.0.0.1:62654/assets/zodiac-icons/128/virgo.webp",
          "method": "GET",
          "body": null
        },
        {
          "url": "http://127.0.0.1:62654/assets/zodiac-icons/128/libra.webp",
          "method": "GET",
          "body": null
        },
        {
          "url": "http://127.0.0.1:62654/assets/zodiac-icons/128/scorpio.webp",
          "method": "GET",
          "body": null
        },
        {
          "url": "http://127.0.0.1:62654/assets/zodiac-icons/128/sagittarius.webp",
          "method": "GET",
          "body": null
        },
        {
          "url": "http://127.0.0.1:62654/assets/zodiac-icons/128/capricorn.webp",
          "method": "GET",
          "body": null
        },
        {
          "url": "http://127.0.0.1:62654/assets/zodiac-icons/128/aquarius.webp",
          "method": "GET",
          "body": null
        },
        {
          "url": "http://127.0.0.1:62654/assets/zodiac-icons/128/pisces.webp",
          "method": "GET",
          "body": null
        },
        {
          "url": "http://127.0.0.1:62654/assets/zodiac-icons/128/sagittarius.webp",
          "method": "GET",
          "body": null
        },
        {
          "url": "http://127.0.0.1:62654/assets/zodiac-icons/128/pisces.webp",
          "method": "GET",
          "body": null
        },
        {
          "url": "http://127.0.0.1:62654/assets/zodiac-icons/128/virgo.webp",
          "method": "GET",
          "body": null
        },
        {
          "url": "http://127.0.0.1:62654/assets/zodiac-icons/128/sagittarius.webp",
          "method": "GET",
          "body": null
        },
        {
          "url": "http://127.0.0.1:62654/assets/zodiac-icons/128/pisces.webp",
          "method": "GET",
          "body": null
        },
        {
          "url": "http://127.0.0.1:62654/assets/zodiac-icons/128/virgo.webp",
          "method": "GET",
          "body": null
        },
        {
          "url": "http://127.0.0.1:62654/fonts/eb-garamond-latin-400-italic.woff2",
          "method": "GET",
          "body": null
        },
        {
          "url": "http://127.0.0.1:62654/assets/app-icons/v3/icon-512.png",
          "method": "GET",
          "body": null
        },
        {
          "url": "http://127.0.0.1:62654/assets/app-icons/v3/icon-512.png",
          "method": "GET",
          "body": null
        },
        {
          "url": "blob:http://127.0.0.1:62654/40d2603d-32ca-4854-8dbb-f6ae9f21e8c2",
          "method": "GET",
          "body": null
        },
        {
          "url": "http://127.0.0.1:62654/assets/app-icons/v3/icon-512.png",
          "method": "GET",
          "body": null
        },
        {
          "url": "http://127.0.0.1:62654/assets/site-footer.css",
          "method": "GET",
          "body": null
        },
        {
          "url": "http://127.0.0.1:62654/assets/zodiac-icons/48/sagittarius.avif",
          "method": "GET",
          "body": null
        },
        {
          "url": "http://127.0.0.1:62654/assets/zodiac-icons/48/pisces.avif",
          "method": "GET",
          "body": null
        },
        {
          "url": "http://127.0.0.1:62654/assets/zodiac-icons/48/virgo.avif",
          "method": "GET",
          "body": null
        },
        {
          "url": "http://127.0.0.1:62654/assets/assistant-ui.js?v=ask-guide-3",
          "method": "GET",
          "body": null
        },
        {
          "url": "http://127.0.0.1:62654/assets/assistant-ui.css?v=ask-guide-3",
          "method": "GET",
          "body": null
        },
        {
          "url": "http://127.0.0.1:62654/assets/guide-avatar.webp",
          "method": "GET",
          "body": null
        }
      ]
    },
    {
      "name": "download-LMT",
      "status": "passed",
      "detail": {
        "file": "download-LMT.json",
        "sha256": "3a25b9df41f0c96e933d17477b4ee4ee9c7bb4c7f81e80f28c3af76e24794b2f",
        "receipt": {
          "conventions": {
            "angles": "gast-and-mean-obliquity",
            "aspects": "major-aspects;sun-moon-eight-planets;no-nodes",
            "calendar": "proleptic-gregorian",
            "longitudeUnit": "degrees-[0,360)",
            "moonNodes": "instantaneous-geocentric-moon-orbit-plane",
            "moonPosition": "astronomy-engine-ecliptic-geo-moon",
            "planetPositions": "apparent-geocentric-ecliptic-of-date",
            "speed": "degrees-per-day;central-difference-plus-minus-0.25-day",
            "zodiac": "tropical"
          },
          "coordinates": {
            "latitude": 19.4326,
            "longitude": -99.1332
          },
          "coverage": {
            "angleExclusions": "exact-geographic-poles-and-ecliptic-horizon-coincidence",
            "assessment": "finite-reference-cases-only",
            "broadDateRange": "not-certified",
            "inputSyntax": "not-an-astronomical-accuracy-guarantee"
          },
          "engine": {
            "name": "@zodiacs/engine",
            "version": "0.1.1-rc.5"
          },
          "houses": {
            "absenceReason": null,
            "actual": "whole",
            "requested": "whole"
          },
          "inputFlags": [
            "lmt"
          ],
          "instant": "1907-07-06T15:06:36.000Z",
          "localResolution": {
            "date": "1907-07-06",
            "gapShiftMinutes": 0,
            "offsetMinutes": -396.6,
            "policy": {
              "fold": "earlier",
              "gap": "shift-forward"
            },
            "time": "08:30",
            "timeZone": "America/Mexico_City"
          },
          "provenance": null,
          "reference": "supplied-instant",
          "resultFlags": [
            "lmt"
          ],
          "schema": "zodiacs.calculation-receipt.draft-v1",
          "sourceInstant": null,
          "timeKnown": true
        }
      },
      "observation": {
        "computed": 1,
        "writes": [
          {
            "key": "zodiacs.install.compute-count.v1"
          }
        ],
        "idbOpens": [],
        "urls": [
          {
            "url": "blob:http://127.0.0.1:62654/36488803-ee75-43b9-b904-322f2aa1e8bd",
            "type": "image/svg+xml",
            "size": 160935
          },
          {
            "url": "blob:http://127.0.0.1:62654/7fc40580-4547-4f3b-9c0c-cfb3cd9e64e0",
            "type": "application/json;charset=utf-8",
            "size": 4453
          }
        ],
        "revoked": [
          "blob:http://127.0.0.1:62654/36488803-ee75-43b9-b904-322f2aa1e8bd",
          "blob:http://127.0.0.1:62654/7fc40580-4547-4f3b-9c0c-cfb3cd9e64e0"
        ],
        "viewport": 1280,
        "scrollWidth": 1280,
        "clientWidth": 1280,
        "overlay": false
      },
      "natalCalls": 1,
      "publicNatalCalls": 1,
      "pageErrors": [],
      "requests": [
        {
          "url": "http://127.0.0.1:62654/birth-chart/",
          "method": "GET",
          "body": null
        },
        {
          "url": "http://127.0.0.1:62654/fonts/instrument-sans-latin-wght-normal.woff2",
          "method": "GET",
          "body": null
        },
        {
          "url": "http://127.0.0.1:62654/fonts/eb-garamond-latin-400-normal.woff2",
          "method": "GET",
          "body": null
        },
        {
          "url": "http://127.0.0.1:62654/fonts/eb-garamond-latin-500-normal.woff2",
          "method": "GET",
          "body": null
        },
        {
          "url": "http://127.0.0.1:62654/_astro/Base.Bryss0yT.css",
          "method": "GET",
          "body": null
        },
        {
          "url": "http://127.0.0.1:62654/_astro/calculator.MBHg3tIV.css",
          "method": "GET",
          "body": null
        },
        {
          "url": "http://127.0.0.1:62654/_astro/explorer.ijMRUwvv.css",
          "method": "GET",
          "body": null
        },
        {
          "url": "http://127.0.0.1:62654/_astro/ChartActionDock.Cc8zzTbx.css",
          "method": "GET",
          "body": null
        },
        {
          "url": "http://127.0.0.1:62654/_astro/AstroTerm.astro_astro_type_script_index_0_lang.DB1iYTmP.js",
          "method": "GET",
          "body": null
        },
        {
          "url": "http://127.0.0.1:62654/fonts/jetbrains-mono-latin-wght-normal.woff2",
          "method": "GET",
          "body": null
        },
        {
          "url": "http://127.0.0.1:62654/_astro/preload-helper.L5lOfJxi.js",
          "method": "GET",
          "body": null
        },
        {
          "url": "http://127.0.0.1:62654/_astro/ChartCalculator.ChqyFlxy.js",
          "method": "GET",
          "body": null
        },
        {
          "url": "http://127.0.0.1:62654/_astro/client.DPkn9Lbl.js",
          "method": "GET",
          "body": null
        },
        {
          "url": "http://127.0.0.1:62654/_astro/context-help-client.BqVrBbz0.js",
          "method": "GET",
          "body": null
        },
        {
          "url": "http://127.0.0.1:62654/_astro/analytics.CH5T6e-b.js",
          "method": "GET",
          "body": null
        },
        {
          "url": "http://127.0.0.1:62654/_astro/preact.module.Bjq9tLsx.js",
          "method": "GET",
          "body": null
        },
        {
          "url": "http://127.0.0.1:62654/_astro/hooks.module.C0_8FjiD.js",
          "method": "GET",
          "body": null
        },
        {
          "url": "http://127.0.0.1:62654/_astro/profile-access-reader.DoQqlSjt.js",
          "method": "GET",
          "body": null
        },
        {
          "url": "http://127.0.0.1:62654/_astro/chunk-PD4H342X.BYuLx_KT.js",
          "method": "GET",
          "body": null
        },
        {
          "url": "http://127.0.0.1:62654/_astro/signs.BMXPKoMF.js",
          "method": "GET",
          "body": null
        },
        {
          "url": "http://127.0.0.1:62654/_astro/jsxRuntime.module.BG9KJlGc.js",
          "method": "GET",
          "body": null
        },
        {
          "url": "http://127.0.0.1:62654/_astro/PlanetGlyph.BhITbtcc.js",
          "method": "GET",
          "body": null
        },
        {
          "url": "http://127.0.0.1:62654/_astro/i18n.Cg_lCJuc.js",
          "method": "GET",
          "body": null
        },
        {
          "url": "http://127.0.0.1:62654/_astro/CalculationReload.DXyGkRsn.js",
          "method": "GET",
          "body": null
        },
        {
          "url": "http://127.0.0.1:62654/_astro/astrology.BHib5efU.js",
          "method": "GET",
          "body": null
        },
        {
          "url": "http://127.0.0.1:62654/_astro/share.BRlg0eGS.js",
          "method": "GET",
          "body": null
        },
        {
          "url": "http://127.0.0.1:62654/_astro/chart-handoff.Dvz2AAcL.js",
          "method": "GET",
          "body": null
        },
        {
          "url": "http://127.0.0.1:62654/_astro/useProfileAccessGeneration.w2JLb1F6.js",
          "method": "GET",
          "body": null
        },
        {
          "url": "http://127.0.0.1:62654/_astro/useEngine.BxQZzCQs.js",
          "method": "GET",
          "body": null
        },
        {
          "url": "http://127.0.0.1:62654/_astro/BirthFields.VmY_J4-2.js",
          "method": "GET",
          "body": null
        },
        {
          "url": "http://127.0.0.1:62654/_astro/localToUtc.lkZcCpbL.js",
          "method": "GET",
          "body": null
        },
        {
          "url": "http://127.0.0.1:62654/_astro/interpretations.BaZkYN67.js",
          "method": "GET",
          "body": null
        },
        {
          "url": "http://127.0.0.1:62654/_astro/AstroTerm.7K8SAipO.js",
          "method": "GET",
          "body": null
        },
        {
          "url": "http://127.0.0.1:62654/_astro/SignChip.Dx3tQVZl.js",
          "method": "GET",
          "body": null
        },
        {
          "url": "http://127.0.0.1:62654/_astro/AspectGlyph.DMIAGIQV.js",
          "method": "GET",
          "body": null
        },
        {
          "url": "http://127.0.0.1:62654/_astro/Wheel.RNRSqGob.js",
          "method": "GET",
          "body": null
        },
        {
          "url": "http://127.0.0.1:62654/_astro/dignities.BycBkP8Y.js",
          "method": "GET",
          "body": null
        },
        {
          "url": "http://127.0.0.1:62654/_astro/houses.DhEjqPPf.js",
          "method": "GET",
          "body": null
        },
        {
          "url": "http://127.0.0.1:62654/_astro/technical-layout.DQIjXHHb.js",
          "method": "GET",
          "body": null
        },
        {
          "url": "http://127.0.0.1:62654/_astro/lite.DKWHZC5_.js",
          "method": "GET",
          "body": null
        },
        {
          "url": "http://127.0.0.1:62654/_astro/learning-input-identity.C-WLv51I.js",
          "method": "GET",
          "body": null
        },
        {
          "url": "http://127.0.0.1:62654/_astro/post-chart-context.BZ1tHGpl.js",
          "method": "GET",
          "body": null
        },
        {
          "url": "http://127.0.0.1:62654/assets/app-icons/v3/favicon.svg",
          "method": "GET",
          "body": null
        },
        {
          "url": "http://127.0.0.1:62654/_astro/chunk-INI453VG.BxjMUPBs.js",
          "method": "GET",
          "body": null
        },
        {
          "url": "http://127.0.0.1:62654/_astro/paths.DYbAuceH.js",
          "method": "GET",
          "body": null
        },
        {
          "url": "http://127.0.0.1:62654/_astro/rolldown-runtime.DK3Fl9T5.js",
          "method": "GET",
          "body": null
        },
        {
          "url": "http://127.0.0.1:62654/_astro/civil-date.CpOZUt7Z.js",
          "method": "GET",
          "body": null
        },
        {
          "url": "http://127.0.0.1:62654/_astro/technical-locales.DDKucXXd.js",
          "method": "GET",
          "body": null
        },
        {
          "url": "http://127.0.0.1:62654/_astro/PlaceSearch.D1WsU_jW.js",
          "method": "GET",
          "body": null
        },
        {
          "url": "http://127.0.0.1:62654/_astro/chart-signature.-is-2T7w.js",
          "method": "GET",
          "body": null
        },
        {
          "url": "http://127.0.0.1:62654/_astro/natal.D7JKDSdx.js",
          "method": "GET",
          "body": null
        },
        {
          "url": "http://127.0.0.1:62654/_astro/synastry.rhUg9_9F.js",
          "method": "GET",
          "body": null
        },
        {
          "url": "http://127.0.0.1:62654/_astro/aspects.BNC-J2iD.js",
          "method": "GET",
          "body": null
        },
        {
          "url": "http://127.0.0.1:62654/_astro/compat.Bjc3uaB7.js",
          "method": "GET",
          "body": null
        },
        {
          "url": "http://127.0.0.1:62654/_astro/ChartActionDock.DLS2UbgE.js",
          "method": "GET",
          "body": null
        },
        {
          "url": "http://127.0.0.1:62654/_astro/LearningPractice.CSqTNZrv.js",
          "method": "GET",
          "body": null
        },
        {
          "url": "http://127.0.0.1:62654/_astro/chart-context-copy.UBOz97Jz.js",
          "method": "GET",
          "body": null
        },
        {
          "url": "http://127.0.0.1:62654/_astro/AspectPatternFeature.DkxQP4nT.js",
          "method": "GET",
          "body": null
        },
        {
          "url": "http://127.0.0.1:62654/_astro/use-learning-sources.CF4htVRf.js",
          "method": "GET",
          "body": null
        },
        {
          "url": "http://127.0.0.1:62654/_astro/schema.DqKqbGHb.js",
          "method": "GET",
          "body": null
        },
        {
          "url": "http://127.0.0.1:62654/_astro/read-store.X7Oz9YN7.js",
          "method": "GET",
          "body": null
        },
        {
          "url": "http://127.0.0.1:62654/_astro/full.DXD_oWB0.js",
          "method": "GET",
          "body": null
        },
        {
          "url": "http://127.0.0.1:62654/_astro/chart-adapter.DdfW9XjH.js",
          "method": "GET",
          "body": null
        },
        {
          "url": "http://127.0.0.1:62654/assets/app-icons/v3/favicon.svg",
          "method": "GET",
          "body": null
        },
        {
          "url": "http://127.0.0.1:62654/_astro/calculator-receipt.DqIFvBmX.js",
          "method": "GET",
          "body": null
        },
        {
          "url": "http://127.0.0.1:62654/_astro/PositionsShareSurface.Eb3pENdV.js",
          "method": "GET",
          "body": null
        },
        {
          "url": "http://127.0.0.1:62654/_astro/share-positions.D3o0ugj4.js",
          "method": "GET",
          "body": null
        },
        {
          "url": "http://127.0.0.1:62654/_astro/share-card.BvVC0EVI.js",
          "method": "GET",
          "body": null
        },
        {
          "url": "http://127.0.0.1:62654/_astro/share-card-brand.CJKZtcRK.js",
          "method": "GET",
          "body": null
        },
        {
          "url": "http://127.0.0.1:62654/_astro/share-card-copy.D0c42nic.js",
          "method": "GET",
          "body": null
        },
        {
          "url": "http://127.0.0.1:62654/_astro/CalendarSubscribe.DXtj1Bbr.js",
          "method": "GET",
          "body": null
        },
        {
          "url": "http://127.0.0.1:62654/_astro/CommunicationRead.DXWBG2sR.js",
          "method": "GET",
          "body": null
        },
        {
          "url": "http://127.0.0.1:62654/_astro/ApproachRead.DjvvCuNe.js",
          "method": "GET",
          "body": null
        },
        {
          "url": "http://127.0.0.1:62654/_astro/PwaInstallPrompt.BCohgdPv.js",
          "method": "GET",
          "body": null
        },
        {
          "url": "http://127.0.0.1:62654/_astro/a2hs.WonhOqdm.js",
          "method": "GET",
          "body": null
        },
        {
          "url": "http://127.0.0.1:62654/assets/zodiac-icons/128/cancer.avif",
          "method": "GET",
          "body": null
        },
        {
          "url": "http://127.0.0.1:62654/assets/zodiac-icons/128/taurus.avif",
          "method": "GET",
          "body": null
        },
        {
          "url": "http://127.0.0.1:62654/assets/zodiac-icons/128/leo.avif",
          "method": "GET",
          "body": null
        },
        {
          "url": "http://127.0.0.1:62654/assets/zodiac-icons/128/aries.webp",
          "method": "GET",
          "body": null
        },
        {
          "url": "http://127.0.0.1:62654/assets/zodiac-icons/128/taurus.webp",
          "method": "GET",
          "body": null
        },
        {
          "url": "http://127.0.0.1:62654/assets/zodiac-icons/128/gemini.webp",
          "method": "GET",
          "body": null
        },
        {
          "url": "http://127.0.0.1:62654/assets/zodiac-icons/128/cancer.webp",
          "method": "GET",
          "body": null
        },
        {
          "url": "http://127.0.0.1:62654/assets/zodiac-icons/128/leo.webp",
          "method": "GET",
          "body": null
        },
        {
          "url": "http://127.0.0.1:62654/assets/zodiac-icons/128/virgo.webp",
          "method": "GET",
          "body": null
        },
        {
          "url": "http://127.0.0.1:62654/assets/zodiac-icons/128/libra.webp",
          "method": "GET",
          "body": null
        },
        {
          "url": "http://127.0.0.1:62654/assets/zodiac-icons/128/scorpio.webp",
          "method": "GET",
          "body": null
        },
        {
          "url": "http://127.0.0.1:62654/assets/zodiac-icons/128/sagittarius.webp",
          "method": "GET",
          "body": null
        },
        {
          "url": "http://127.0.0.1:62654/assets/zodiac-icons/128/capricorn.webp",
          "method": "GET",
          "body": null
        },
        {
          "url": "http://127.0.0.1:62654/assets/zodiac-icons/128/aquarius.webp",
          "method": "GET",
          "body": null
        },
        {
          "url": "http://127.0.0.1:62654/assets/zodiac-icons/128/pisces.webp",
          "method": "GET",
          "body": null
        },
        {
          "url": "http://127.0.0.1:62654/_astro/store.DKqN0snE.js",
          "method": "GET",
          "body": null
        },
        {
          "url": "http://127.0.0.1:62654/_astro/deletions.DUQYISzq.js",
          "method": "GET",
          "body": null
        },
        {
          "url": "http://127.0.0.1:62654/assets/zodiac-icons/128/aries.webp",
          "method": "GET",
          "body": null
        },
        {
          "url": "http://127.0.0.1:62654/assets/zodiac-icons/128/taurus.webp",
          "method": "GET",
          "body": null
        },
        {
          "url": "http://127.0.0.1:62654/assets/zodiac-icons/128/gemini.webp",
          "method": "GET",
          "body": null
        },
        {
          "url": "http://127.0.0.1:62654/assets/zodiac-icons/128/cancer.webp",
          "method": "GET",
          "body": null
        },
        {
          "url": "http://127.0.0.1:62654/assets/zodiac-icons/128/leo.webp",
          "method": "GET",
          "body": null
        },
        {
          "url": "http://127.0.0.1:62654/assets/zodiac-icons/128/virgo.webp",
          "method": "GET",
          "body": null
        },
        {
          "url": "http://127.0.0.1:62654/assets/zodiac-icons/128/libra.webp",
          "method": "GET",
          "body": null
        },
        {
          "url": "http://127.0.0.1:62654/assets/zodiac-icons/128/scorpio.webp",
          "method": "GET",
          "body": null
        },
        {
          "url": "http://127.0.0.1:62654/assets/zodiac-icons/128/sagittarius.webp",
          "method": "GET",
          "body": null
        },
        {
          "url": "http://127.0.0.1:62654/assets/zodiac-icons/128/capricorn.webp",
          "method": "GET",
          "body": null
        },
        {
          "url": "http://127.0.0.1:62654/assets/zodiac-icons/128/aquarius.webp",
          "method": "GET",
          "body": null
        },
        {
          "url": "http://127.0.0.1:62654/assets/zodiac-icons/128/pisces.webp",
          "method": "GET",
          "body": null
        },
        {
          "url": "http://127.0.0.1:62654/assets/zodiac-icons/128/leo.webp",
          "method": "GET",
          "body": null
        },
        {
          "url": "http://127.0.0.1:62654/assets/zodiac-icons/128/taurus.webp",
          "method": "GET",
          "body": null
        },
        {
          "url": "http://127.0.0.1:62654/assets/zodiac-icons/128/capricorn.webp",
          "method": "GET",
          "body": null
        },
        {
          "url": "http://127.0.0.1:62654/assets/zodiac-icons/128/leo.webp",
          "method": "GET",
          "body": null
        },
        {
          "url": "http://127.0.0.1:62654/assets/zodiac-icons/128/leo.webp",
          "method": "GET",
          "body": null
        },
        {
          "url": "http://127.0.0.1:62654/assets/zodiac-icons/128/taurus.webp",
          "method": "GET",
          "body": null
        },
        {
          "url": "http://127.0.0.1:62654/assets/zodiac-icons/128/capricorn.webp",
          "method": "GET",
          "body": null
        },
        {
          "url": "http://127.0.0.1:62654/fonts/eb-garamond-latin-400-italic.woff2",
          "method": "GET",
          "body": null
        },
        {
          "url": "http://127.0.0.1:62654/assets/app-icons/v3/icon-512.png",
          "method": "GET",
          "body": null
        },
        {
          "url": "blob:http://127.0.0.1:62654/36488803-ee75-43b9-b904-322f2aa1e8bd",
          "method": "GET",
          "body": null
        },
        {
          "url": "http://127.0.0.1:62654/assets/app-icons/v3/icon-512.png",
          "method": "GET",
          "body": null
        },
        {
          "url": "http://127.0.0.1:62654/assets/app-icons/v3/icon-512.png",
          "method": "GET",
          "body": null
        },
        {
          "url": "http://127.0.0.1:62654/assets/site-footer.css",
          "method": "GET",
          "body": null
        },
        {
          "url": "http://127.0.0.1:62654/assets/zodiac-icons/48/leo.avif",
          "method": "GET",
          "body": null
        },
        {
          "url": "http://127.0.0.1:62654/assets/zodiac-icons/48/taurus.avif",
          "method": "GET",
          "body": null
        },
        {
          "url": "http://127.0.0.1:62654/assets/zodiac-icons/48/capricorn.avif",
          "method": "GET",
          "body": null
        },
        {
          "url": "http://127.0.0.1:62654/assets/assistant-ui.js?v=ask-guide-3",
          "method": "GET",
          "body": null
        },
        {
          "url": "http://127.0.0.1:62654/assets/assistant-ui.css?v=ask-guide-3",
          "method": "GET",
          "body": null
        },
        {
          "url": "http://127.0.0.1:62654/assets/guide-avatar.webp",
          "method": "GET",
          "body": null
        }
      ]
    },
    {
      "name": "download-polar-requested-placidus",
      "status": "passed",
      "detail": {
        "file": "download-polar-requested-placidus.json",
        "sha256": "00f8d8ffa204c956708b4b18538ce12bc65212c46060f893466d68b5e0f7ebfb",
        "receipt": {
          "conventions": {
            "angles": "gast-and-mean-obliquity",
            "aspects": "major-aspects;sun-moon-eight-planets;no-nodes",
            "calendar": "proleptic-gregorian",
            "longitudeUnit": "degrees-[0,360)",
            "moonNodes": "instantaneous-geocentric-moon-orbit-plane",
            "moonPosition": "astronomy-engine-ecliptic-geo-moon",
            "planetPositions": "apparent-geocentric-ecliptic-of-date",
            "speed": "degrees-per-day;central-difference-plus-minus-0.25-day",
            "zodiac": "tropical"
          },
          "coordinates": {
            "latitude": 78.2232,
            "longitude": 15.6267
          },
          "coverage": {
            "angleExclusions": "exact-geographic-poles-and-ecliptic-horizon-coincidence",
            "assessment": "finite-reference-cases-only",
            "broadDateRange": "not-certified",
            "inputSyntax": "not-an-astronomical-accuracy-guarantee"
          },
          "engine": {
            "name": "@zodiacs/engine",
            "version": "0.1.1-rc.5"
          },
          "houses": {
            "absenceReason": null,
            "actual": "whole",
            "requested": "placidus"
          },
          "inputFlags": [],
          "instant": "2001-12-21T07:30:00.000Z",
          "localResolution": {
            "date": "2001-12-21",
            "gapShiftMinutes": 0,
            "offsetMinutes": 60,
            "policy": {
              "fold": "earlier",
              "gap": "shift-forward"
            },
            "time": "08:30",
            "timeZone": "Arctic/Longyearbyen"
          },
          "provenance": null,
          "reference": "supplied-instant",
          "resultFlags": [
            "polar-fallback"
          ],
          "schema": "zodiacs.calculation-receipt.draft-v1",
          "sourceInstant": null,
          "timeKnown": true
        }
      },
      "observation": {
        "computed": 1,
        "writes": [
          {
            "key": "zodiacs.install.compute-count.v1"
          }
        ],
        "idbOpens": [],
        "urls": [
          {
            "url": "blob:http://127.0.0.1:62654/75b85e5c-d62d-4bd4-8ea1-a82d850c7155",
            "type": "image/svg+xml",
            "size": 161403
          },
          {
            "url": "blob:http://127.0.0.1:62654/e242b515-b8ac-46bb-9de5-5235278cbcb1",
            "type": "application/json;charset=utf-8",
            "size": 4698
          }
        ],
        "revoked": [
          "blob:http://127.0.0.1:62654/75b85e5c-d62d-4bd4-8ea1-a82d850c7155",
          "blob:http://127.0.0.1:62654/e242b515-b8ac-46bb-9de5-5235278cbcb1"
        ],
        "viewport": 1280,
        "scrollWidth": 1280,
        "clientWidth": 1280,
        "overlay": false
      },
      "natalCalls": 1,
      "publicNatalCalls": 1,
      "pageErrors": [],
      "requests": [
        {
          "url": "http://127.0.0.1:62654/birth-chart/",
          "method": "GET",
          "body": null
        },
        {
          "url": "http://127.0.0.1:62654/fonts/instrument-sans-latin-wght-normal.woff2",
          "method": "GET",
          "body": null
        },
        {
          "url": "http://127.0.0.1:62654/fonts/eb-garamond-latin-400-normal.woff2",
          "method": "GET",
          "body": null
        },
        {
          "url": "http://127.0.0.1:62654/fonts/eb-garamond-latin-500-normal.woff2",
          "method": "GET",
          "body": null
        },
        {
          "url": "http://127.0.0.1:62654/_astro/Base.Bryss0yT.css",
          "method": "GET",
          "body": null
        },
        {
          "url": "http://127.0.0.1:62654/_astro/calculator.MBHg3tIV.css",
          "method": "GET",
          "body": null
        },
        {
          "url": "http://127.0.0.1:62654/_astro/explorer.ijMRUwvv.css",
          "method": "GET",
          "body": null
        },
        {
          "url": "http://127.0.0.1:62654/_astro/ChartActionDock.Cc8zzTbx.css",
          "method": "GET",
          "body": null
        },
        {
          "url": "http://127.0.0.1:62654/_astro/AstroTerm.astro_astro_type_script_index_0_lang.DB1iYTmP.js",
          "method": "GET",
          "body": null
        },
        {
          "url": "http://127.0.0.1:62654/fonts/jetbrains-mono-latin-wght-normal.woff2",
          "method": "GET",
          "body": null
        },
        {
          "url": "http://127.0.0.1:62654/_astro/preload-helper.L5lOfJxi.js",
          "method": "GET",
          "body": null
        },
        {
          "url": "http://127.0.0.1:62654/_astro/context-help-client.BqVrBbz0.js",
          "method": "GET",
          "body": null
        },
        {
          "url": "http://127.0.0.1:62654/_astro/analytics.CH5T6e-b.js",
          "method": "GET",
          "body": null
        },
        {
          "url": "http://127.0.0.1:62654/_astro/ChartCalculator.ChqyFlxy.js",
          "method": "GET",
          "body": null
        },
        {
          "url": "http://127.0.0.1:62654/_astro/client.DPkn9Lbl.js",
          "method": "GET",
          "body": null
        },
        {
          "url": "http://127.0.0.1:62654/_astro/preact.module.Bjq9tLsx.js",
          "method": "GET",
          "body": null
        },
        {
          "url": "http://127.0.0.1:62654/_astro/hooks.module.C0_8FjiD.js",
          "method": "GET",
          "body": null
        },
        {
          "url": "http://127.0.0.1:62654/_astro/profile-access-reader.DoQqlSjt.js",
          "method": "GET",
          "body": null
        },
        {
          "url": "http://127.0.0.1:62654/_astro/chunk-PD4H342X.BYuLx_KT.js",
          "method": "GET",
          "body": null
        },
        {
          "url": "http://127.0.0.1:62654/_astro/signs.BMXPKoMF.js",
          "method": "GET",
          "body": null
        },
        {
          "url": "http://127.0.0.1:62654/_astro/jsxRuntime.module.BG9KJlGc.js",
          "method": "GET",
          "body": null
        },
        {
          "url": "http://127.0.0.1:62654/_astro/PlanetGlyph.BhITbtcc.js",
          "method": "GET",
          "body": null
        },
        {
          "url": "http://127.0.0.1:62654/_astro/i18n.Cg_lCJuc.js",
          "method": "GET",
          "body": null
        },
        {
          "url": "http://127.0.0.1:62654/_astro/CalculationReload.DXyGkRsn.js",
          "method": "GET",
          "body": null
        },
        {
          "url": "http://127.0.0.1:62654/_astro/astrology.BHib5efU.js",
          "method": "GET",
          "body": null
        },
        {
          "url": "http://127.0.0.1:62654/_astro/share.BRlg0eGS.js",
          "method": "GET",
          "body": null
        },
        {
          "url": "http://127.0.0.1:62654/_astro/chart-handoff.Dvz2AAcL.js",
          "method": "GET",
          "body": null
        },
        {
          "url": "http://127.0.0.1:62654/_astro/useProfileAccessGeneration.w2JLb1F6.js",
          "method": "GET",
          "body": null
        },
        {
          "url": "http://127.0.0.1:62654/_astro/useEngine.BxQZzCQs.js",
          "method": "GET",
          "body": null
        },
        {
          "url": "http://127.0.0.1:62654/_astro/BirthFields.VmY_J4-2.js",
          "method": "GET",
          "body": null
        },
        {
          "url": "http://127.0.0.1:62654/_astro/localToUtc.lkZcCpbL.js",
          "method": "GET",
          "body": null
        },
        {
          "url": "http://127.0.0.1:62654/_astro/interpretations.BaZkYN67.js",
          "method": "GET",
          "body": null
        },
        {
          "url": "http://127.0.0.1:62654/_astro/AstroTerm.7K8SAipO.js",
          "method": "GET",
          "body": null
        },
        {
          "url": "http://127.0.0.1:62654/_astro/SignChip.Dx3tQVZl.js",
          "method": "GET",
          "body": null
        },
        {
          "url": "http://127.0.0.1:62654/_astro/AspectGlyph.DMIAGIQV.js",
          "method": "GET",
          "body": null
        },
        {
          "url": "http://127.0.0.1:62654/_astro/Wheel.RNRSqGob.js",
          "method": "GET",
          "body": null
        },
        {
          "url": "http://127.0.0.1:62654/_astro/dignities.BycBkP8Y.js",
          "method": "GET",
          "body": null
        },
        {
          "url": "http://127.0.0.1:62654/_astro/houses.DhEjqPPf.js",
          "method": "GET",
          "body": null
        },
        {
          "url": "http://127.0.0.1:62654/_astro/technical-layout.DQIjXHHb.js",
          "method": "GET",
          "body": null
        },
        {
          "url": "http://127.0.0.1:62654/_astro/lite.DKWHZC5_.js",
          "method": "GET",
          "body": null
        },
        {
          "url": "http://127.0.0.1:62654/_astro/learning-input-identity.C-WLv51I.js",
          "method": "GET",
          "body": null
        },
        {
          "url": "http://127.0.0.1:62654/_astro/post-chart-context.BZ1tHGpl.js",
          "method": "GET",
          "body": null
        },
        {
          "url": "http://127.0.0.1:62654/assets/app-icons/v3/favicon.svg",
          "method": "GET",
          "body": null
        },
        {
          "url": "http://127.0.0.1:62654/_astro/chunk-INI453VG.BxjMUPBs.js",
          "method": "GET",
          "body": null
        },
        {
          "url": "http://127.0.0.1:62654/_astro/paths.DYbAuceH.js",
          "method": "GET",
          "body": null
        },
        {
          "url": "http://127.0.0.1:62654/_astro/PlaceSearch.D1WsU_jW.js",
          "method": "GET",
          "body": null
        },
        {
          "url": "http://127.0.0.1:62654/_astro/rolldown-runtime.DK3Fl9T5.js",
          "method": "GET",
          "body": null
        },
        {
          "url": "http://127.0.0.1:62654/_astro/civil-date.CpOZUt7Z.js",
          "method": "GET",
          "body": null
        },
        {
          "url": "http://127.0.0.1:62654/_astro/technical-locales.DDKucXXd.js",
          "method": "GET",
          "body": null
        },
        {
          "url": "http://127.0.0.1:62654/_astro/chart-signature.-is-2T7w.js",
          "method": "GET",
          "body": null
        },
        {
          "url": "http://127.0.0.1:62654/_astro/natal.D7JKDSdx.js",
          "method": "GET",
          "body": null
        },
        {
          "url": "http://127.0.0.1:62654/_astro/synastry.rhUg9_9F.js",
          "method": "GET",
          "body": null
        },
        {
          "url": "http://127.0.0.1:62654/_astro/aspects.BNC-J2iD.js",
          "method": "GET",
          "body": null
        },
        {
          "url": "http://127.0.0.1:62654/_astro/compat.Bjc3uaB7.js",
          "method": "GET",
          "body": null
        },
        {
          "url": "http://127.0.0.1:62654/_astro/ChartActionDock.DLS2UbgE.js",
          "method": "GET",
          "body": null
        },
        {
          "url": "http://127.0.0.1:62654/_astro/LearningPractice.CSqTNZrv.js",
          "method": "GET",
          "body": null
        },
        {
          "url": "http://127.0.0.1:62654/_astro/chart-context-copy.UBOz97Jz.js",
          "method": "GET",
          "body": null
        },
        {
          "url": "http://127.0.0.1:62654/_astro/AspectPatternFeature.DkxQP4nT.js",
          "method": "GET",
          "body": null
        },
        {
          "url": "http://127.0.0.1:62654/_astro/use-learning-sources.CF4htVRf.js",
          "method": "GET",
          "body": null
        },
        {
          "url": "http://127.0.0.1:62654/_astro/schema.DqKqbGHb.js",
          "method": "GET",
          "body": null
        },
        {
          "url": "http://127.0.0.1:62654/_astro/read-store.X7Oz9YN7.js",
          "method": "GET",
          "body": null
        },
        {
          "url": "http://127.0.0.1:62654/_astro/full.DXD_oWB0.js",
          "method": "GET",
          "body": null
        },
        {
          "url": "http://127.0.0.1:62654/_astro/chart-adapter.DdfW9XjH.js",
          "method": "GET",
          "body": null
        },
        {
          "url": "http://127.0.0.1:62654/assets/app-icons/v3/favicon.svg",
          "method": "GET",
          "body": null
        },
        {
          "url": "http://127.0.0.1:62654/_astro/calculator-receipt.DqIFvBmX.js",
          "method": "GET",
          "body": null
        },
        {
          "url": "http://127.0.0.1:62654/_astro/PositionsShareSurface.Eb3pENdV.js",
          "method": "GET",
          "body": null
        },
        {
          "url": "http://127.0.0.1:62654/_astro/share-positions.D3o0ugj4.js",
          "method": "GET",
          "body": null
        },
        {
          "url": "http://127.0.0.1:62654/_astro/share-card.BvVC0EVI.js",
          "method": "GET",
          "body": null
        },
        {
          "url": "http://127.0.0.1:62654/_astro/share-card-brand.CJKZtcRK.js",
          "method": "GET",
          "body": null
        },
        {
          "url": "http://127.0.0.1:62654/_astro/share-card-copy.D0c42nic.js",
          "method": "GET",
          "body": null
        },
        {
          "url": "http://127.0.0.1:62654/_astro/CalendarSubscribe.DXtj1Bbr.js",
          "method": "GET",
          "body": null
        },
        {
          "url": "http://127.0.0.1:62654/_astro/CommunicationRead.DXWBG2sR.js",
          "method": "GET",
          "body": null
        },
        {
          "url": "http://127.0.0.1:62654/_astro/ApproachRead.DjvvCuNe.js",
          "method": "GET",
          "body": null
        },
        {
          "url": "http://127.0.0.1:62654/_astro/PwaInstallPrompt.BCohgdPv.js",
          "method": "GET",
          "body": null
        },
        {
          "url": "http://127.0.0.1:62654/_astro/a2hs.WonhOqdm.js",
          "method": "GET",
          "body": null
        },
        {
          "url": "http://127.0.0.1:62654/assets/zodiac-icons/128/sagittarius.avif",
          "method": "GET",
          "body": null
        },
        {
          "url": "http://127.0.0.1:62654/assets/zodiac-icons/128/pisces.avif",
          "method": "GET",
          "body": null
        },
        {
          "url": "http://127.0.0.1:62654/assets/zodiac-icons/128/taurus.avif",
          "method": "GET",
          "body": null
        },
        {
          "url": "http://127.0.0.1:62654/assets/zodiac-icons/128/aries.webp",
          "method": "GET",
          "body": null
        },
        {
          "url": "http://127.0.0.1:62654/assets/zodiac-icons/128/taurus.webp",
          "method": "GET",
          "body": null
        },
        {
          "url": "http://127.0.0.1:62654/assets/zodiac-icons/128/gemini.webp",
          "method": "GET",
          "body": null
        },
        {
          "url": "http://127.0.0.1:62654/assets/zodiac-icons/128/cancer.webp",
          "method": "GET",
          "body": null
        },
        {
          "url": "http://127.0.0.1:62654/assets/zodiac-icons/128/leo.webp",
          "method": "GET",
          "body": null
        },
        {
          "url": "http://127.0.0.1:62654/assets/zodiac-icons/128/virgo.webp",
          "method": "GET",
          "body": null
        },
        {
          "url": "http://127.0.0.1:62654/assets/zodiac-icons/128/libra.webp",
          "method": "GET",
          "body": null
        },
        {
          "url": "http://127.0.0.1:62654/assets/zodiac-icons/128/scorpio.webp",
          "method": "GET",
          "body": null
        },
        {
          "url": "http://127.0.0.1:62654/assets/zodiac-icons/128/sagittarius.webp",
          "method": "GET",
          "body": null
        },
        {
          "url": "http://127.0.0.1:62654/assets/zodiac-icons/128/capricorn.webp",
          "method": "GET",
          "body": null
        },
        {
          "url": "http://127.0.0.1:62654/assets/zodiac-icons/128/aquarius.webp",
          "method": "GET",
          "body": null
        },
        {
          "url": "http://127.0.0.1:62654/assets/zodiac-icons/128/pisces.webp",
          "method": "GET",
          "body": null
        },
        {
          "url": "http://127.0.0.1:62654/_astro/store.DKqN0snE.js",
          "method": "GET",
          "body": null
        },
        {
          "url": "http://127.0.0.1:62654/_astro/deletions.DUQYISzq.js",
          "method": "GET",
          "body": null
        },
        {
          "url": "http://127.0.0.1:62654/assets/zodiac-icons/128/aries.webp",
          "method": "GET",
          "body": null
        },
        {
          "url": "http://127.0.0.1:62654/assets/zodiac-icons/128/taurus.webp",
          "method": "GET",
          "body": null
        },
        {
          "url": "http://127.0.0.1:62654/assets/zodiac-icons/128/gemini.webp",
          "method": "GET",
          "body": null
        },
        {
          "url": "http://127.0.0.1:62654/assets/zodiac-icons/128/cancer.webp",
          "method": "GET",
          "body": null
        },
        {
          "url": "http://127.0.0.1:62654/assets/zodiac-icons/128/leo.webp",
          "method": "GET",
          "body": null
        },
        {
          "url": "http://127.0.0.1:62654/assets/zodiac-icons/128/virgo.webp",
          "method": "GET",
          "body": null
        },
        {
          "url": "http://127.0.0.1:62654/assets/zodiac-icons/128/libra.webp",
          "method": "GET",
          "body": null
        },
        {
          "url": "http://127.0.0.1:62654/assets/zodiac-icons/128/scorpio.webp",
          "method": "GET",
          "body": null
        },
        {
          "url": "http://127.0.0.1:62654/assets/zodiac-icons/128/sagittarius.webp",
          "method": "GET",
          "body": null
        },
        {
          "url": "http://127.0.0.1:62654/assets/zodiac-icons/128/capricorn.webp",
          "method": "GET",
          "body": null
        },
        {
          "url": "http://127.0.0.1:62654/assets/zodiac-icons/128/aquarius.webp",
          "method": "GET",
          "body": null
        },
        {
          "url": "http://127.0.0.1:62654/assets/zodiac-icons/128/pisces.webp",
          "method": "GET",
          "body": null
        },
        {
          "url": "http://127.0.0.1:62654/assets/zodiac-icons/128/taurus.webp",
          "method": "GET",
          "body": null
        },
        {
          "url": "http://127.0.0.1:62654/assets/zodiac-icons/128/capricorn.webp",
          "method": "GET",
          "body": null
        },
        {
          "url": "http://127.0.0.1:62654/assets/zodiac-icons/128/pisces.webp",
          "method": "GET",
          "body": null
        },
        {
          "url": "http://127.0.0.1:62654/assets/zodiac-icons/128/pisces.webp",
          "method": "GET",
          "body": null
        },
        {
          "url": "http://127.0.0.1:62654/assets/zodiac-icons/128/capricorn.webp",
          "method": "GET",
          "body": null
        },
        {
          "url": "http://127.0.0.1:62654/assets/zodiac-icons/128/pisces.webp",
          "method": "GET",
          "body": null
        },
        {
          "url": "http://127.0.0.1:62654/assets/zodiac-icons/128/pisces.webp",
          "method": "GET",
          "body": null
        },
        {
          "url": "http://127.0.0.1:62654/fonts/eb-garamond-latin-400-italic.woff2",
          "method": "GET",
          "body": null
        },
        {
          "url": "http://127.0.0.1:62654/assets/app-icons/v3/icon-512.png",
          "method": "GET",
          "body": null
        },
        {
          "url": "blob:http://127.0.0.1:62654/75b85e5c-d62d-4bd4-8ea1-a82d850c7155",
          "method": "GET",
          "body": null
        },
        {
          "url": "http://127.0.0.1:62654/assets/app-icons/v3/icon-512.png",
          "method": "GET",
          "body": null
        },
        {
          "url": "http://127.0.0.1:62654/assets/app-icons/v3/icon-512.png",
          "method": "GET",
          "body": null
        },
        {
          "url": "http://127.0.0.1:62654/assets/site-footer.css",
          "method": "GET",
          "body": null
        },
        {
          "url": "http://127.0.0.1:62654/assets/zodiac-icons/48/taurus.avif",
          "method": "GET",
          "body": null
        },
        {
          "url": "http://127.0.0.1:62654/assets/zodiac-icons/48/capricorn.avif",
          "method": "GET",
          "body": null
        },
        {
          "url": "http://127.0.0.1:62654/assets/zodiac-icons/48/pisces.avif",
          "method": "GET",
          "body": null
        },
        {
          "url": "http://127.0.0.1:62654/assets/assistant-ui.js?v=ask-guide-3",
          "method": "GET",
          "body": null
        },
        {
          "url": "http://127.0.0.1:62654/assets/assistant-ui.css?v=ask-guide-3",
          "method": "GET",
          "body": null
        },
        {
          "url": "http://127.0.0.1:62654/assets/guide-avatar.webp",
          "method": "GET",
          "body": null
        }
      ]
    },
    {
      "name": "download-unknown-local-noon",
      "status": "passed",
      "detail": {
        "file": "download-unknown-local-noon.json",
        "sha256": "7953d5cc7c7f764a2077f2b2c99aa6322dafc083b6e58c5f52086bd244cb17fe",
        "receipt": {
          "conventions": {
            "angles": "gast-and-mean-obliquity",
            "aspects": "major-aspects;sun-moon-eight-planets;no-nodes",
            "calendar": "proleptic-gregorian",
            "longitudeUnit": "degrees-[0,360)",
            "moonNodes": "instantaneous-geocentric-moon-orbit-plane",
            "moonPosition": "astronomy-engine-ecliptic-geo-moon",
            "planetPositions": "apparent-geocentric-ecliptic-of-date",
            "speed": "degrees-per-day;central-difference-plus-minus-0.25-day",
            "zodiac": "tropical"
          },
          "coordinates": {
            "latitude": 78.2232,
            "longitude": 15.6267
          },
          "coverage": {
            "angleExclusions": "exact-geographic-poles-and-ecliptic-horizon-coincidence",
            "assessment": "finite-reference-cases-only",
            "broadDateRange": "not-certified",
            "inputSyntax": "not-an-astronomical-accuracy-guarantee"
          },
          "engine": {
            "name": "@zodiacs/engine",
            "version": "0.1.1-rc.5"
          },
          "houses": {
            "absenceReason": "unknown-time",
            "actual": null,
            "requested": "placidus"
          },
          "inputFlags": [],
          "instant": "2001-12-21T11:00:00.000Z",
          "localResolution": {
            "date": "2001-12-21",
            "gapShiftMinutes": 0,
            "offsetMinutes": 60,
            "policy": {
              "fold": "earlier",
              "gap": "shift-forward"
            },
            "time": "12:00",
            "timeZone": "Arctic/Longyearbyen"
          },
          "provenance": null,
          "reference": "local-noon",
          "resultFlags": [
            "no-time"
          ],
          "schema": "zodiacs.calculation-receipt.draft-v1",
          "sourceInstant": null,
          "timeKnown": false
        }
      },
      "observation": {
        "computed": 1,
        "writes": [
          {
            "key": "zodiacs.install.compute-count.v1"
          }
        ],
        "idbOpens": [],
        "urls": [
          {
            "url": "blob:http://127.0.0.1:62654/f32c1b5a-1710-4707-9171-258e9e1c6d71",
            "type": "image/svg+xml",
            "size": 155723
          },
          {
            "url": "blob:http://127.0.0.1:62654/8e2ae5c2-ab3c-4835-ade6-cf5ce91eb58f",
            "type": "application/json;charset=utf-8",
            "size": 4449
          }
        ],
        "revoked": [
          "blob:http://127.0.0.1:62654/f32c1b5a-1710-4707-9171-258e9e1c6d71",
          "blob:http://127.0.0.1:62654/8e2ae5c2-ab3c-4835-ade6-cf5ce91eb58f"
        ],
        "viewport": 1280,
        "scrollWidth": 1280,
        "clientWidth": 1280,
        "overlay": false
      },
      "natalCalls": 1,
      "publicNatalCalls": 1,
      "pageErrors": [],
      "requests": [
        {
          "url": "http://127.0.0.1:62654/birth-chart/",
          "method": "GET",
          "body": null
        },
        {
          "url": "http://127.0.0.1:62654/fonts/instrument-sans-latin-wght-normal.woff2",
          "method": "GET",
          "body": null
        },
        {
          "url": "http://127.0.0.1:62654/fonts/eb-garamond-latin-400-normal.woff2",
          "method": "GET",
          "body": null
        },
        {
          "url": "http://127.0.0.1:62654/fonts/eb-garamond-latin-500-normal.woff2",
          "method": "GET",
          "body": null
        },
        {
          "url": "http://127.0.0.1:62654/_astro/Base.Bryss0yT.css",
          "method": "GET",
          "body": null
        },
        {
          "url": "http://127.0.0.1:62654/_astro/calculator.MBHg3tIV.css",
          "method": "GET",
          "body": null
        },
        {
          "url": "http://127.0.0.1:62654/_astro/explorer.ijMRUwvv.css",
          "method": "GET",
          "body": null
        },
        {
          "url": "http://127.0.0.1:62654/_astro/ChartActionDock.Cc8zzTbx.css",
          "method": "GET",
          "body": null
        },
        {
          "url": "http://127.0.0.1:62654/_astro/AstroTerm.astro_astro_type_script_index_0_lang.DB1iYTmP.js",
          "method": "GET",
          "body": null
        },
        {
          "url": "http://127.0.0.1:62654/fonts/jetbrains-mono-latin-wght-normal.woff2",
          "method": "GET",
          "body": null
        },
        {
          "url": "http://127.0.0.1:62654/_astro/preload-helper.L5lOfJxi.js",
          "method": "GET",
          "body": null
        },
        {
          "url": "http://127.0.0.1:62654/_astro/ChartCalculator.ChqyFlxy.js",
          "method": "GET",
          "body": null
        },
        {
          "url": "http://127.0.0.1:62654/_astro/client.DPkn9Lbl.js",
          "method": "GET",
          "body": null
        },
        {
          "url": "http://127.0.0.1:62654/_astro/context-help-client.BqVrBbz0.js",
          "method": "GET",
          "body": null
        },
        {
          "url": "http://127.0.0.1:62654/_astro/analytics.CH5T6e-b.js",
          "method": "GET",
          "body": null
        },
        {
          "url": "http://127.0.0.1:62654/_astro/preact.module.Bjq9tLsx.js",
          "method": "GET",
          "body": null
        },
        {
          "url": "http://127.0.0.1:62654/_astro/hooks.module.C0_8FjiD.js",
          "method": "GET",
          "body": null
        },
        {
          "url": "http://127.0.0.1:62654/_astro/profile-access-reader.DoQqlSjt.js",
          "method": "GET",
          "body": null
        },
        {
          "url": "http://127.0.0.1:62654/_astro/chunk-PD4H342X.BYuLx_KT.js",
          "method": "GET",
          "body": null
        },
        {
          "url": "http://127.0.0.1:62654/_astro/signs.BMXPKoMF.js",
          "method": "GET",
          "body": null
        },
        {
          "url": "http://127.0.0.1:62654/_astro/jsxRuntime.module.BG9KJlGc.js",
          "method": "GET",
          "body": null
        },
        {
          "url": "http://127.0.0.1:62654/_astro/PlanetGlyph.BhITbtcc.js",
          "method": "GET",
          "body": null
        },
        {
          "url": "http://127.0.0.1:62654/_astro/i18n.Cg_lCJuc.js",
          "method": "GET",
          "body": null
        },
        {
          "url": "http://127.0.0.1:62654/_astro/CalculationReload.DXyGkRsn.js",
          "method": "GET",
          "body": null
        },
        {
          "url": "http://127.0.0.1:62654/_astro/astrology.BHib5efU.js",
          "method": "GET",
          "body": null
        },
        {
          "url": "http://127.0.0.1:62654/_astro/share.BRlg0eGS.js",
          "method": "GET",
          "body": null
        },
        {
          "url": "http://127.0.0.1:62654/_astro/chart-handoff.Dvz2AAcL.js",
          "method": "GET",
          "body": null
        },
        {
          "url": "http://127.0.0.1:62654/_astro/useProfileAccessGeneration.w2JLb1F6.js",
          "method": "GET",
          "body": null
        },
        {
          "url": "http://127.0.0.1:62654/_astro/useEngine.BxQZzCQs.js",
          "method": "GET",
          "body": null
        },
        {
          "url": "http://127.0.0.1:62654/_astro/BirthFields.VmY_J4-2.js",
          "method": "GET",
          "body": null
        },
        {
          "url": "http://127.0.0.1:62654/_astro/localToUtc.lkZcCpbL.js",
          "method": "GET",
          "body": null
        },
        {
          "url": "http://127.0.0.1:62654/_astro/interpretations.BaZkYN67.js",
          "method": "GET",
          "body": null
        },
        {
          "url": "http://127.0.0.1:62654/_astro/AstroTerm.7K8SAipO.js",
          "method": "GET",
          "body": null
        },
        {
          "url": "http://127.0.0.1:62654/_astro/SignChip.Dx3tQVZl.js",
          "method": "GET",
          "body": null
        },
        {
          "url": "http://127.0.0.1:62654/_astro/AspectGlyph.DMIAGIQV.js",
          "method": "GET",
          "body": null
        },
        {
          "url": "http://127.0.0.1:62654/_astro/Wheel.RNRSqGob.js",
          "method": "GET",
          "body": null
        },
        {
          "url": "http://127.0.0.1:62654/_astro/dignities.BycBkP8Y.js",
          "method": "GET",
          "body": null
        },
        {
          "url": "http://127.0.0.1:62654/_astro/houses.DhEjqPPf.js",
          "method": "GET",
          "body": null
        },
        {
          "url": "http://127.0.0.1:62654/_astro/technical-layout.DQIjXHHb.js",
          "method": "GET",
          "body": null
        },
        {
          "url": "http://127.0.0.1:62654/_astro/lite.DKWHZC5_.js",
          "method": "GET",
          "body": null
        },
        {
          "url": "http://127.0.0.1:62654/_astro/learning-input-identity.C-WLv51I.js",
          "method": "GET",
          "body": null
        },
        {
          "url": "http://127.0.0.1:62654/_astro/post-chart-context.BZ1tHGpl.js",
          "method": "GET",
          "body": null
        },
        {
          "url": "http://127.0.0.1:62654/_astro/chunk-INI453VG.BxjMUPBs.js",
          "method": "GET",
          "body": null
        },
        {
          "url": "http://127.0.0.1:62654/assets/app-icons/v3/favicon.svg",
          "method": "GET",
          "body": null
        },
        {
          "url": "http://127.0.0.1:62654/_astro/rolldown-runtime.DK3Fl9T5.js",
          "method": "GET",
          "body": null
        },
        {
          "url": "http://127.0.0.1:62654/_astro/civil-date.CpOZUt7Z.js",
          "method": "GET",
          "body": null
        },
        {
          "url": "http://127.0.0.1:62654/_astro/technical-locales.DDKucXXd.js",
          "method": "GET",
          "body": null
        },
        {
          "url": "http://127.0.0.1:62654/_astro/paths.DYbAuceH.js",
          "method": "GET",
          "body": null
        },
        {
          "url": "http://127.0.0.1:62654/_astro/PlaceSearch.D1WsU_jW.js",
          "method": "GET",
          "body": null
        },
        {
          "url": "http://127.0.0.1:62654/_astro/chart-signature.-is-2T7w.js",
          "method": "GET",
          "body": null
        },
        {
          "url": "http://127.0.0.1:62654/_astro/natal.D7JKDSdx.js",
          "method": "GET",
          "body": null
        },
        {
          "url": "http://127.0.0.1:62654/_astro/synastry.rhUg9_9F.js",
          "method": "GET",
          "body": null
        },
        {
          "url": "http://127.0.0.1:62654/_astro/aspects.BNC-J2iD.js",
          "method": "GET",
          "body": null
        },
        {
          "url": "http://127.0.0.1:62654/_astro/compat.Bjc3uaB7.js",
          "method": "GET",
          "body": null
        },
        {
          "url": "http://127.0.0.1:62654/_astro/ChartActionDock.DLS2UbgE.js",
          "method": "GET",
          "body": null
        },
        {
          "url": "http://127.0.0.1:62654/_astro/LearningPractice.CSqTNZrv.js",
          "method": "GET",
          "body": null
        },
        {
          "url": "http://127.0.0.1:62654/_astro/chart-context-copy.UBOz97Jz.js",
          "method": "GET",
          "body": null
        },
        {
          "url": "http://127.0.0.1:62654/_astro/AspectPatternFeature.DkxQP4nT.js",
          "method": "GET",
          "body": null
        },
        {
          "url": "http://127.0.0.1:62654/_astro/use-learning-sources.CF4htVRf.js",
          "method": "GET",
          "body": null
        },
        {
          "url": "http://127.0.0.1:62654/_astro/schema.DqKqbGHb.js",
          "method": "GET",
          "body": null
        },
        {
          "url": "http://127.0.0.1:62654/_astro/read-store.X7Oz9YN7.js",
          "method": "GET",
          "body": null
        },
        {
          "url": "http://127.0.0.1:62654/_astro/full.DXD_oWB0.js",
          "method": "GET",
          "body": null
        },
        {
          "url": "http://127.0.0.1:62654/_astro/chart-adapter.DdfW9XjH.js",
          "method": "GET",
          "body": null
        },
        {
          "url": "http://127.0.0.1:62654/assets/app-icons/v3/favicon.svg",
          "method": "GET",
          "body": null
        },
        {
          "url": "http://127.0.0.1:62654/_astro/calculator-receipt.DqIFvBmX.js",
          "method": "GET",
          "body": null
        },
        {
          "url": "http://127.0.0.1:62654/_astro/PositionsShareSurface.Eb3pENdV.js",
          "method": "GET",
          "body": null
        },
        {
          "url": "http://127.0.0.1:62654/_astro/share-positions.D3o0ugj4.js",
          "method": "GET",
          "body": null
        },
        {
          "url": "http://127.0.0.1:62654/_astro/share-card.BvVC0EVI.js",
          "method": "GET",
          "body": null
        },
        {
          "url": "http://127.0.0.1:62654/_astro/share-card-brand.CJKZtcRK.js",
          "method": "GET",
          "body": null
        },
        {
          "url": "http://127.0.0.1:62654/_astro/share-card-copy.D0c42nic.js",
          "method": "GET",
          "body": null
        },
        {
          "url": "http://127.0.0.1:62654/_astro/CalendarSubscribe.DXtj1Bbr.js",
          "method": "GET",
          "body": null
        },
        {
          "url": "http://127.0.0.1:62654/_astro/CommunicationRead.DXWBG2sR.js",
          "method": "GET",
          "body": null
        },
        {
          "url": "http://127.0.0.1:62654/_astro/ApproachRead.DjvvCuNe.js",
          "method": "GET",
          "body": null
        },
        {
          "url": "http://127.0.0.1:62654/_astro/PwaInstallPrompt.BCohgdPv.js",
          "method": "GET",
          "body": null
        },
        {
          "url": "http://127.0.0.1:62654/_astro/a2hs.WonhOqdm.js",
          "method": "GET",
          "body": null
        },
        {
          "url": "http://127.0.0.1:62654/assets/zodiac-icons/128/sagittarius.avif",
          "method": "GET",
          "body": null
        },
        {
          "url": "http://127.0.0.1:62654/assets/zodiac-icons/128/pisces.avif",
          "method": "GET",
          "body": null
        },
        {
          "url": "http://127.0.0.1:62654/assets/zodiac-icons/128/aries.webp",
          "method": "GET",
          "body": null
        },
        {
          "url": "http://127.0.0.1:62654/assets/zodiac-icons/128/taurus.webp",
          "method": "GET",
          "body": null
        },
        {
          "url": "http://127.0.0.1:62654/assets/zodiac-icons/128/gemini.webp",
          "method": "GET",
          "body": null
        },
        {
          "url": "http://127.0.0.1:62654/assets/zodiac-icons/128/cancer.webp",
          "method": "GET",
          "body": null
        },
        {
          "url": "http://127.0.0.1:62654/assets/zodiac-icons/128/leo.webp",
          "method": "GET",
          "body": null
        },
        {
          "url": "http://127.0.0.1:62654/assets/zodiac-icons/128/virgo.webp",
          "method": "GET",
          "body": null
        },
        {
          "url": "http://127.0.0.1:62654/assets/zodiac-icons/128/libra.webp",
          "method": "GET",
          "body": null
        },
        {
          "url": "http://127.0.0.1:62654/assets/zodiac-icons/128/scorpio.webp",
          "method": "GET",
          "body": null
        },
        {
          "url": "http://127.0.0.1:62654/assets/zodiac-icons/128/sagittarius.webp",
          "method": "GET",
          "body": null
        },
        {
          "url": "http://127.0.0.1:62654/assets/zodiac-icons/128/capricorn.webp",
          "method": "GET",
          "body": null
        },
        {
          "url": "http://127.0.0.1:62654/assets/zodiac-icons/128/aquarius.webp",
          "method": "GET",
          "body": null
        },
        {
          "url": "http://127.0.0.1:62654/assets/zodiac-icons/128/pisces.webp",
          "method": "GET",
          "body": null
        },
        {
          "url": "http://127.0.0.1:62654/_astro/store.DKqN0snE.js",
          "method": "GET",
          "body": null
        },
        {
          "url": "http://127.0.0.1:62654/_astro/deletions.DUQYISzq.js",
          "method": "GET",
          "body": null
        },
        {
          "url": "http://127.0.0.1:62654/assets/zodiac-icons/128/aries.webp",
          "method": "GET",
          "body": null
        },
        {
          "url": "http://127.0.0.1:62654/assets/zodiac-icons/128/taurus.webp",
          "method": "GET",
          "body": null
        },
        {
          "url": "http://127.0.0.1:62654/assets/zodiac-icons/128/gemini.webp",
          "method": "GET",
          "body": null
        },
        {
          "url": "http://127.0.0.1:62654/assets/zodiac-icons/128/cancer.webp",
          "method": "GET",
          "body": null
        },
        {
          "url": "http://127.0.0.1:62654/assets/zodiac-icons/128/leo.webp",
          "method": "GET",
          "body": null
        },
        {
          "url": "http://127.0.0.1:62654/assets/zodiac-icons/128/virgo.webp",
          "method": "GET",
          "body": null
        },
        {
          "url": "http://127.0.0.1:62654/assets/zodiac-icons/128/libra.webp",
          "method": "GET",
          "body": null
        },
        {
          "url": "http://127.0.0.1:62654/assets/zodiac-icons/128/scorpio.webp",
          "method": "GET",
          "body": null
        },
        {
          "url": "http://127.0.0.1:62654/assets/zodiac-icons/128/sagittarius.webp",
          "method": "GET",
          "body": null
        },
        {
          "url": "http://127.0.0.1:62654/assets/zodiac-icons/128/capricorn.webp",
          "method": "GET",
          "body": null
        },
        {
          "url": "http://127.0.0.1:62654/assets/zodiac-icons/128/aquarius.webp",
          "method": "GET",
          "body": null
        },
        {
          "url": "http://127.0.0.1:62654/assets/zodiac-icons/128/pisces.webp",
          "method": "GET",
          "body": null
        },
        {
          "url": "http://127.0.0.1:62654/assets/zodiac-icons/128/capricorn.webp",
          "method": "GET",
          "body": null
        },
        {
          "url": "http://127.0.0.1:62654/assets/zodiac-icons/128/pisces.webp",
          "method": "GET",
          "body": null
        },
        {
          "url": "http://127.0.0.1:62654/assets/zodiac-icons/128/pisces.webp",
          "method": "GET",
          "body": null
        },
        {
          "url": "http://127.0.0.1:62654/assets/zodiac-icons/128/capricorn.webp",
          "method": "GET",
          "body": null
        },
        {
          "url": "http://127.0.0.1:62654/assets/zodiac-icons/128/pisces.webp",
          "method": "GET",
          "body": null
        },
        {
          "url": "http://127.0.0.1:62654/assets/zodiac-icons/128/pisces.webp",
          "method": "GET",
          "body": null
        },
        {
          "url": "http://127.0.0.1:62654/fonts/eb-garamond-latin-400-italic.woff2",
          "method": "GET",
          "body": null
        },
        {
          "url": "http://127.0.0.1:62654/assets/app-icons/v3/icon-512.png",
          "method": "GET",
          "body": null
        },
        {
          "url": "blob:http://127.0.0.1:62654/f32c1b5a-1710-4707-9171-258e9e1c6d71",
          "method": "GET",
          "body": null
        },
        {
          "url": "http://127.0.0.1:62654/assets/app-icons/v3/icon-512.png",
          "method": "GET",
          "body": null
        },
        {
          "url": "http://127.0.0.1:62654/assets/app-icons/v3/icon-512.png",
          "method": "GET",
          "body": null
        },
        {
          "url": "http://127.0.0.1:62654/assets/site-footer.css",
          "method": "GET",
          "body": null
        },
        {
          "url": "http://127.0.0.1:62654/assets/zodiac-icons/48/capricorn.avif",
          "method": "GET",
          "body": null
        },
        {
          "url": "http://127.0.0.1:62654/assets/zodiac-icons/48/pisces.avif",
          "method": "GET",
          "body": null
        }
      ]
    },
    {
      "name": "preserve-fixed-offset",
      "status": "passed",
      "detail": {
        "receiptUnavailable": true,
        "chartPresent": true
      },
      "observation": {
        "computed": 1,
        "writes": [
          {
            "key": "zodiacs.install.compute-count.v1"
          }
        ],
        "idbOpens": [],
        "urls": [
          {
            "url": "blob:http://127.0.0.1:62654/93d45a46-c746-4161-a2c3-fcde86e3cfed",
            "type": "image/svg+xml",
            "size": 161735
          }
        ],
        "revoked": [
          "blob:http://127.0.0.1:62654/93d45a46-c746-4161-a2c3-fcde86e3cfed"
        ],
        "viewport": 1280,
        "scrollWidth": 1280,
        "clientWidth": 1280,
        "overlay": false
      },
      "natalCalls": 1,
      "publicNatalCalls": 0,
      "pageErrors": [],
      "requests": [
        {
          "url": "http://127.0.0.1:62654/birth-chart/",
          "method": "GET",
          "body": null
        },
        {
          "url": "http://127.0.0.1:62654/fonts/instrument-sans-latin-wght-normal.woff2",
          "method": "GET",
          "body": null
        },
        {
          "url": "http://127.0.0.1:62654/fonts/eb-garamond-latin-400-normal.woff2",
          "method": "GET",
          "body": null
        },
        {
          "url": "http://127.0.0.1:62654/fonts/eb-garamond-latin-500-normal.woff2",
          "method": "GET",
          "body": null
        },
        {
          "url": "http://127.0.0.1:62654/_astro/Base.Bryss0yT.css",
          "method": "GET",
          "body": null
        },
        {
          "url": "http://127.0.0.1:62654/_astro/calculator.MBHg3tIV.css",
          "method": "GET",
          "body": null
        },
        {
          "url": "http://127.0.0.1:62654/_astro/explorer.ijMRUwvv.css",
          "method": "GET",
          "body": null
        },
        {
          "url": "http://127.0.0.1:62654/_astro/ChartActionDock.Cc8zzTbx.css",
          "method": "GET",
          "body": null
        },
        {
          "url": "http://127.0.0.1:62654/_astro/AstroTerm.astro_astro_type_script_index_0_lang.DB1iYTmP.js",
          "method": "GET",
          "body": null
        },
        {
          "url": "http://127.0.0.1:62654/fonts/jetbrains-mono-latin-wght-normal.woff2",
          "method": "GET",
          "body": null
        },
        {
          "url": "http://127.0.0.1:62654/_astro/preload-helper.L5lOfJxi.js",
          "method": "GET",
          "body": null
        },
        {
          "url": "http://127.0.0.1:62654/_astro/ChartCalculator.ChqyFlxy.js",
          "method": "GET",
          "body": null
        },
        {
          "url": "http://127.0.0.1:62654/_astro/client.DPkn9Lbl.js",
          "method": "GET",
          "body": null
        },
        {
          "url": "http://127.0.0.1:62654/_astro/context-help-client.BqVrBbz0.js",
          "method": "GET",
          "body": null
        },
        {
          "url": "http://127.0.0.1:62654/_astro/analytics.CH5T6e-b.js",
          "method": "GET",
          "body": null
        },
        {
          "url": "http://127.0.0.1:62654/_astro/preact.module.Bjq9tLsx.js",
          "method": "GET",
          "body": null
        },
        {
          "url": "http://127.0.0.1:62654/_astro/hooks.module.C0_8FjiD.js",
          "method": "GET",
          "body": null
        },
        {
          "url": "http://127.0.0.1:62654/_astro/profile-access-reader.DoQqlSjt.js",
          "method": "GET",
          "body": null
        },
        {
          "url": "http://127.0.0.1:62654/_astro/chunk-PD4H342X.BYuLx_KT.js",
          "method": "GET",
          "body": null
        },
        {
          "url": "http://127.0.0.1:62654/_astro/signs.BMXPKoMF.js",
          "method": "GET",
          "body": null
        },
        {
          "url": "http://127.0.0.1:62654/_astro/jsxRuntime.module.BG9KJlGc.js",
          "method": "GET",
          "body": null
        },
        {
          "url": "http://127.0.0.1:62654/_astro/PlanetGlyph.BhITbtcc.js",
          "method": "GET",
          "body": null
        },
        {
          "url": "http://127.0.0.1:62654/_astro/i18n.Cg_lCJuc.js",
          "method": "GET",
          "body": null
        },
        {
          "url": "http://127.0.0.1:62654/_astro/CalculationReload.DXyGkRsn.js",
          "method": "GET",
          "body": null
        },
        {
          "url": "http://127.0.0.1:62654/_astro/astrology.BHib5efU.js",
          "method": "GET",
          "body": null
        },
        {
          "url": "http://127.0.0.1:62654/_astro/share.BRlg0eGS.js",
          "method": "GET",
          "body": null
        },
        {
          "url": "http://127.0.0.1:62654/_astro/chart-handoff.Dvz2AAcL.js",
          "method": "GET",
          "body": null
        },
        {
          "url": "http://127.0.0.1:62654/_astro/useProfileAccessGeneration.w2JLb1F6.js",
          "method": "GET",
          "body": null
        },
        {
          "url": "http://127.0.0.1:62654/_astro/useEngine.BxQZzCQs.js",
          "method": "GET",
          "body": null
        },
        {
          "url": "http://127.0.0.1:62654/_astro/BirthFields.VmY_J4-2.js",
          "method": "GET",
          "body": null
        },
        {
          "url": "http://127.0.0.1:62654/_astro/localToUtc.lkZcCpbL.js",
          "method": "GET",
          "body": null
        },
        {
          "url": "http://127.0.0.1:62654/_astro/interpretations.BaZkYN67.js",
          "method": "GET",
          "body": null
        },
        {
          "url": "http://127.0.0.1:62654/_astro/AstroTerm.7K8SAipO.js",
          "method": "GET",
          "body": null
        },
        {
          "url": "http://127.0.0.1:62654/_astro/SignChip.Dx3tQVZl.js",
          "method": "GET",
          "body": null
        },
        {
          "url": "http://127.0.0.1:62654/_astro/AspectGlyph.DMIAGIQV.js",
          "method": "GET",
          "body": null
        },
        {
          "url": "http://127.0.0.1:62654/_astro/Wheel.RNRSqGob.js",
          "method": "GET",
          "body": null
        },
        {
          "url": "http://127.0.0.1:62654/_astro/dignities.BycBkP8Y.js",
          "method": "GET",
          "body": null
        },
        {
          "url": "http://127.0.0.1:62654/_astro/houses.DhEjqPPf.js",
          "method": "GET",
          "body": null
        },
        {
          "url": "http://127.0.0.1:62654/_astro/technical-layout.DQIjXHHb.js",
          "method": "GET",
          "body": null
        },
        {
          "url": "http://127.0.0.1:62654/_astro/lite.DKWHZC5_.js",
          "method": "GET",
          "body": null
        },
        {
          "url": "http://127.0.0.1:62654/_astro/learning-input-identity.C-WLv51I.js",
          "method": "GET",
          "body": null
        },
        {
          "url": "http://127.0.0.1:62654/_astro/post-chart-context.BZ1tHGpl.js",
          "method": "GET",
          "body": null
        },
        {
          "url": "http://127.0.0.1:62654/assets/app-icons/v3/favicon.svg",
          "method": "GET",
          "body": null
        },
        {
          "url": "http://127.0.0.1:62654/_astro/paths.DYbAuceH.js",
          "method": "GET",
          "body": null
        },
        {
          "url": "http://127.0.0.1:62654/_astro/chunk-INI453VG.BxjMUPBs.js",
          "method": "GET",
          "body": null
        },
        {
          "url": "http://127.0.0.1:62654/_astro/rolldown-runtime.DK3Fl9T5.js",
          "method": "GET",
          "body": null
        },
        {
          "url": "http://127.0.0.1:62654/_astro/civil-date.CpOZUt7Z.js",
          "method": "GET",
          "body": null
        },
        {
          "url": "http://127.0.0.1:62654/_astro/technical-locales.DDKucXXd.js",
          "method": "GET",
          "body": null
        },
        {
          "url": "http://127.0.0.1:62654/_astro/PlaceSearch.D1WsU_jW.js",
          "method": "GET",
          "body": null
        },
        {
          "url": "http://127.0.0.1:62654/_astro/chart-signature.-is-2T7w.js",
          "method": "GET",
          "body": null
        },
        {
          "url": "http://127.0.0.1:62654/_astro/natal.D7JKDSdx.js",
          "method": "GET",
          "body": null
        },
        {
          "url": "http://127.0.0.1:62654/_astro/synastry.rhUg9_9F.js",
          "method": "GET",
          "body": null
        },
        {
          "url": "http://127.0.0.1:62654/_astro/aspects.BNC-J2iD.js",
          "method": "GET",
          "body": null
        },
        {
          "url": "http://127.0.0.1:62654/_astro/compat.Bjc3uaB7.js",
          "method": "GET",
          "body": null
        },
        {
          "url": "http://127.0.0.1:62654/_astro/ChartActionDock.DLS2UbgE.js",
          "method": "GET",
          "body": null
        },
        {
          "url": "http://127.0.0.1:62654/_astro/LearningPractice.CSqTNZrv.js",
          "method": "GET",
          "body": null
        },
        {
          "url": "http://127.0.0.1:62654/_astro/chart-context-copy.UBOz97Jz.js",
          "method": "GET",
          "body": null
        },
        {
          "url": "http://127.0.0.1:62654/_astro/AspectPatternFeature.DkxQP4nT.js",
          "method": "GET",
          "body": null
        },
        {
          "url": "http://127.0.0.1:62654/_astro/use-learning-sources.CF4htVRf.js",
          "method": "GET",
          "body": null
        },
        {
          "url": "http://127.0.0.1:62654/_astro/schema.DqKqbGHb.js",
          "method": "GET",
          "body": null
        },
        {
          "url": "http://127.0.0.1:62654/_astro/read-store.X7Oz9YN7.js",
          "method": "GET",
          "body": null
        },
        {
          "url": "http://127.0.0.1:62654/_astro/full.DXD_oWB0.js",
          "method": "GET",
          "body": null
        },
        {
          "url": "http://127.0.0.1:62654/_astro/chart-adapter.DdfW9XjH.js",
          "method": "GET",
          "body": null
        },
        {
          "url": "http://127.0.0.1:62654/assets/app-icons/v3/favicon.svg",
          "method": "GET",
          "body": null
        },
        {
          "url": "http://127.0.0.1:62654/_astro/calculator-receipt.DqIFvBmX.js",
          "method": "GET",
          "body": null
        },
        {
          "url": "http://127.0.0.1:62654/_astro/PositionsShareSurface.Eb3pENdV.js",
          "method": "GET",
          "body": null
        },
        {
          "url": "http://127.0.0.1:62654/_astro/share-positions.D3o0ugj4.js",
          "method": "GET",
          "body": null
        },
        {
          "url": "http://127.0.0.1:62654/_astro/share-card.BvVC0EVI.js",
          "method": "GET",
          "body": null
        },
        {
          "url": "http://127.0.0.1:62654/_astro/share-card-brand.CJKZtcRK.js",
          "method": "GET",
          "body": null
        },
        {
          "url": "http://127.0.0.1:62654/_astro/share-card-copy.D0c42nic.js",
          "method": "GET",
          "body": null
        },
        {
          "url": "http://127.0.0.1:62654/_astro/CalendarSubscribe.DXtj1Bbr.js",
          "method": "GET",
          "body": null
        },
        {
          "url": "http://127.0.0.1:62654/_astro/CommunicationRead.DXWBG2sR.js",
          "method": "GET",
          "body": null
        },
        {
          "url": "http://127.0.0.1:62654/_astro/ApproachRead.DjvvCuNe.js",
          "method": "GET",
          "body": null
        },
        {
          "url": "http://127.0.0.1:62654/_astro/PwaInstallPrompt.BCohgdPv.js",
          "method": "GET",
          "body": null
        },
        {
          "url": "http://127.0.0.1:62654/_astro/a2hs.WonhOqdm.js",
          "method": "GET",
          "body": null
        },
        {
          "url": "http://127.0.0.1:62654/assets/zodiac-icons/128/gemini.avif",
          "method": "GET",
          "body": null
        },
        {
          "url": "http://127.0.0.1:62654/assets/zodiac-icons/128/pisces.avif",
          "method": "GET",
          "body": null
        },
        {
          "url": "http://127.0.0.1:62654/assets/zodiac-icons/128/leo.avif",
          "method": "GET",
          "body": null
        },
        {
          "url": "http://127.0.0.1:62654/assets/zodiac-icons/128/aries.webp",
          "method": "GET",
          "body": null
        },
        {
          "url": "http://127.0.0.1:62654/assets/zodiac-icons/128/taurus.webp",
          "method": "GET",
          "body": null
        },
        {
          "url": "http://127.0.0.1:62654/assets/zodiac-icons/128/gemini.webp",
          "method": "GET",
          "body": null
        },
        {
          "url": "http://127.0.0.1:62654/assets/zodiac-icons/128/cancer.webp",
          "method": "GET",
          "body": null
        },
        {
          "url": "http://127.0.0.1:62654/assets/zodiac-icons/128/leo.webp",
          "method": "GET",
          "body": null
        },
        {
          "url": "http://127.0.0.1:62654/assets/zodiac-icons/128/virgo.webp",
          "method": "GET",
          "body": null
        },
        {
          "url": "http://127.0.0.1:62654/assets/zodiac-icons/128/libra.webp",
          "method": "GET",
          "body": null
        },
        {
          "url": "http://127.0.0.1:62654/assets/zodiac-icons/128/scorpio.webp",
          "method": "GET",
          "body": null
        },
        {
          "url": "http://127.0.0.1:62654/assets/zodiac-icons/128/sagittarius.webp",
          "method": "GET",
          "body": null
        },
        {
          "url": "http://127.0.0.1:62654/assets/zodiac-icons/128/capricorn.webp",
          "method": "GET",
          "body": null
        },
        {
          "url": "http://127.0.0.1:62654/assets/zodiac-icons/128/aquarius.webp",
          "method": "GET",
          "body": null
        },
        {
          "url": "http://127.0.0.1:62654/assets/zodiac-icons/128/pisces.webp",
          "method": "GET",
          "body": null
        },
        {
          "url": "http://127.0.0.1:62654/_astro/store.DKqN0snE.js",
          "method": "GET",
          "body": null
        },
        {
          "url": "http://127.0.0.1:62654/_astro/deletions.DUQYISzq.js",
          "method": "GET",
          "body": null
        },
        {
          "url": "http://127.0.0.1:62654/assets/zodiac-icons/128/aries.webp",
          "method": "GET",
          "body": null
        },
        {
          "url": "http://127.0.0.1:62654/assets/zodiac-icons/128/taurus.webp",
          "method": "GET",
          "body": null
        },
        {
          "url": "http://127.0.0.1:62654/assets/zodiac-icons/128/gemini.webp",
          "method": "GET",
          "body": null
        },
        {
          "url": "http://127.0.0.1:62654/assets/zodiac-icons/128/cancer.webp",
          "method": "GET",
          "body": null
        },
        {
          "url": "http://127.0.0.1:62654/assets/zodiac-icons/128/leo.webp",
          "method": "GET",
          "body": null
        },
        {
          "url": "http://127.0.0.1:62654/assets/zodiac-icons/128/virgo.webp",
          "method": "GET",
          "body": null
        },
        {
          "url": "http://127.0.0.1:62654/assets/zodiac-icons/128/libra.webp",
          "method": "GET",
          "body": null
        },
        {
          "url": "http://127.0.0.1:62654/assets/zodiac-icons/128/scorpio.webp",
          "method": "GET",
          "body": null
        },
        {
          "url": "http://127.0.0.1:62654/assets/zodiac-icons/128/sagittarius.webp",
          "method": "GET",
          "body": null
        },
        {
          "url": "http://127.0.0.1:62654/assets/zodiac-icons/128/capricorn.webp",
          "method": "GET",
          "body": null
        },
        {
          "url": "http://127.0.0.1:62654/assets/zodiac-icons/128/aquarius.webp",
          "method": "GET",
          "body": null
        },
        {
          "url": "http://127.0.0.1:62654/assets/zodiac-icons/128/pisces.webp",
          "method": "GET",
          "body": null
        },
        {
          "url": "http://127.0.0.1:62654/assets/zodiac-icons/128/leo.webp",
          "method": "GET",
          "body": null
        },
        {
          "url": "http://127.0.0.1:62654/assets/zodiac-icons/128/gemini.webp",
          "method": "GET",
          "body": null
        },
        {
          "url": "http://127.0.0.1:62654/assets/zodiac-icons/128/pisces.webp",
          "method": "GET",
          "body": null
        },
        {
          "url": "http://127.0.0.1:62654/assets/zodiac-icons/128/aries.webp",
          "method": "GET",
          "body": null
        },
        {
          "url": "http://127.0.0.1:62654/assets/zodiac-icons/128/gemini.webp",
          "method": "GET",
          "body": null
        },
        {
          "url": "http://127.0.0.1:62654/assets/zodiac-icons/128/pisces.webp",
          "method": "GET",
          "body": null
        },
        {
          "url": "http://127.0.0.1:62654/assets/zodiac-icons/128/aries.webp",
          "method": "GET",
          "body": null
        },
        {
          "url": "http://127.0.0.1:62654/fonts/eb-garamond-latin-400-italic.woff2",
          "method": "GET",
          "body": null
        },
        {
          "url": "http://127.0.0.1:62654/assets/app-icons/v3/icon-512.png",
          "method": "GET",
          "body": null
        },
        {
          "url": "blob:http://127.0.0.1:62654/93d45a46-c746-4161-a2c3-fcde86e3cfed",
          "method": "GET",
          "body": null
        },
        {
          "url": "http://127.0.0.1:62654/assets/app-icons/v3/icon-512.png",
          "method": "GET",
          "body": null
        },
        {
          "url": "http://127.0.0.1:62654/assets/app-icons/v3/icon-512.png",
          "method": "GET",
          "body": null
        },
        {
          "url": "http://127.0.0.1:62654/assets/site-footer.css",
          "method": "GET",
          "body": null
        },
        {
          "url": "http://127.0.0.1:62654/assets/zodiac-icons/48/leo.avif",
          "method": "GET",
          "body": null
        },
        {
          "url": "http://127.0.0.1:62654/assets/zodiac-icons/48/gemini.avif",
          "method": "GET",
          "body": null
        },
        {
          "url": "http://127.0.0.1:62654/assets/zodiac-icons/48/pisces.avif",
          "method": "GET",
          "body": null
        },
        {
          "url": "http://127.0.0.1:62654/assets/zodiac-icons/48/aries.avif",
          "method": "GET",
          "body": null
        }
      ]
    },
    {
      "name": "preserve-subminute-gap",
      "status": "passed",
      "detail": {
        "receiptUnavailable": true,
        "chartPresent": true
      },
      "observation": {
        "computed": 1,
        "writes": [
          {
            "key": "zodiacs.install.compute-count.v1"
          }
        ],
        "idbOpens": [],
        "urls": [
          {
            "url": "blob:http://127.0.0.1:62654/78ecc3f9-75f5-496a-8e2d-6691f3b6db07",
            "type": "image/svg+xml",
            "size": 161021
          }
        ],
        "revoked": [
          "blob:http://127.0.0.1:62654/78ecc3f9-75f5-496a-8e2d-6691f3b6db07"
        ],
        "viewport": 1280,
        "scrollWidth": 1280,
        "clientWidth": 1280,
        "overlay": false
      },
      "natalCalls": 1,
      "publicNatalCalls": 0,
      "pageErrors": [],
      "requests": [
        {
          "url": "http://127.0.0.1:62654/birth-chart/",
          "method": "GET",
          "body": null
        },
        {
          "url": "http://127.0.0.1:62654/fonts/instrument-sans-latin-wght-normal.woff2",
          "method": "GET",
          "body": null
        },
        {
          "url": "http://127.0.0.1:62654/fonts/eb-garamond-latin-400-normal.woff2",
          "method": "GET",
          "body": null
        },
        {
          "url": "http://127.0.0.1:62654/fonts/eb-garamond-latin-500-normal.woff2",
          "method": "GET",
          "body": null
        },
        {
          "url": "http://127.0.0.1:62654/_astro/Base.Bryss0yT.css",
          "method": "GET",
          "body": null
        },
        {
          "url": "http://127.0.0.1:62654/_astro/calculator.MBHg3tIV.css",
          "method": "GET",
          "body": null
        },
        {
          "url": "http://127.0.0.1:62654/_astro/explorer.ijMRUwvv.css",
          "method": "GET",
          "body": null
        },
        {
          "url": "http://127.0.0.1:62654/_astro/ChartActionDock.Cc8zzTbx.css",
          "method": "GET",
          "body": null
        },
        {
          "url": "http://127.0.0.1:62654/_astro/AstroTerm.astro_astro_type_script_index_0_lang.DB1iYTmP.js",
          "method": "GET",
          "body": null
        },
        {
          "url": "http://127.0.0.1:62654/fonts/jetbrains-mono-latin-wght-normal.woff2",
          "method": "GET",
          "body": null
        },
        {
          "url": "http://127.0.0.1:62654/_astro/preload-helper.L5lOfJxi.js",
          "method": "GET",
          "body": null
        },
        {
          "url": "http://127.0.0.1:62654/_astro/ChartCalculator.ChqyFlxy.js",
          "method": "GET",
          "body": null
        },
        {
          "url": "http://127.0.0.1:62654/_astro/client.DPkn9Lbl.js",
          "method": "GET",
          "body": null
        },
        {
          "url": "http://127.0.0.1:62654/_astro/context-help-client.BqVrBbz0.js",
          "method": "GET",
          "body": null
        },
        {
          "url": "http://127.0.0.1:62654/_astro/analytics.CH5T6e-b.js",
          "method": "GET",
          "body": null
        },
        {
          "url": "http://127.0.0.1:62654/_astro/preact.module.Bjq9tLsx.js",
          "method": "GET",
          "body": null
        },
        {
          "url": "http://127.0.0.1:62654/_astro/hooks.module.C0_8FjiD.js",
          "method": "GET",
          "body": null
        },
        {
          "url": "http://127.0.0.1:62654/_astro/profile-access-reader.DoQqlSjt.js",
          "method": "GET",
          "body": null
        },
        {
          "url": "http://127.0.0.1:62654/_astro/chunk-PD4H342X.BYuLx_KT.js",
          "method": "GET",
          "body": null
        },
        {
          "url": "http://127.0.0.1:62654/_astro/signs.BMXPKoMF.js",
          "method": "GET",
          "body": null
        },
        {
          "url": "http://127.0.0.1:62654/_astro/jsxRuntime.module.BG9KJlGc.js",
          "method": "GET",
          "body": null
        },
        {
          "url": "http://127.0.0.1:62654/_astro/PlanetGlyph.BhITbtcc.js",
          "method": "GET",
          "body": null
        },
        {
          "url": "http://127.0.0.1:62654/_astro/i18n.Cg_lCJuc.js",
          "method": "GET",
          "body": null
        },
        {
          "url": "http://127.0.0.1:62654/_astro/CalculationReload.DXyGkRsn.js",
          "method": "GET",
          "body": null
        },
        {
          "url": "http://127.0.0.1:62654/_astro/astrology.BHib5efU.js",
          "method": "GET",
          "body": null
        },
        {
          "url": "http://127.0.0.1:62654/_astro/share.BRlg0eGS.js",
          "method": "GET",
          "body": null
        },
        {
          "url": "http://127.0.0.1:62654/_astro/chart-handoff.Dvz2AAcL.js",
          "method": "GET",
          "body": null
        },
        {
          "url": "http://127.0.0.1:62654/_astro/useProfileAccessGeneration.w2JLb1F6.js",
          "method": "GET",
          "body": null
        },
        {
          "url": "http://127.0.0.1:62654/_astro/useEngine.BxQZzCQs.js",
          "method": "GET",
          "body": null
        },
        {
          "url": "http://127.0.0.1:62654/_astro/BirthFields.VmY_J4-2.js",
          "method": "GET",
          "body": null
        },
        {
          "url": "http://127.0.0.1:62654/_astro/localToUtc.lkZcCpbL.js",
          "method": "GET",
          "body": null
        },
        {
          "url": "http://127.0.0.1:62654/_astro/interpretations.BaZkYN67.js",
          "method": "GET",
          "body": null
        },
        {
          "url": "http://127.0.0.1:62654/_astro/AstroTerm.7K8SAipO.js",
          "method": "GET",
          "body": null
        },
        {
          "url": "http://127.0.0.1:62654/_astro/SignChip.Dx3tQVZl.js",
          "method": "GET",
          "body": null
        },
        {
          "url": "http://127.0.0.1:62654/_astro/AspectGlyph.DMIAGIQV.js",
          "method": "GET",
          "body": null
        },
        {
          "url": "http://127.0.0.1:62654/_astro/Wheel.RNRSqGob.js",
          "method": "GET",
          "body": null
        },
        {
          "url": "http://127.0.0.1:62654/_astro/dignities.BycBkP8Y.js",
          "method": "GET",
          "body": null
        },
        {
          "url": "http://127.0.0.1:62654/_astro/houses.DhEjqPPf.js",
          "method": "GET",
          "body": null
        },
        {
          "url": "http://127.0.0.1:62654/_astro/technical-layout.DQIjXHHb.js",
          "method": "GET",
          "body": null
        },
        {
          "url": "http://127.0.0.1:62654/_astro/lite.DKWHZC5_.js",
          "method": "GET",
          "body": null
        },
        {
          "url": "http://127.0.0.1:62654/_astro/learning-input-identity.C-WLv51I.js",
          "method": "GET",
          "body": null
        },
        {
          "url": "http://127.0.0.1:62654/_astro/post-chart-context.BZ1tHGpl.js",
          "method": "GET",
          "body": null
        },
        {
          "url": "http://127.0.0.1:62654/assets/app-icons/v3/favicon.svg",
          "method": "GET",
          "body": null
        },
        {
          "url": "http://127.0.0.1:62654/_astro/chunk-INI453VG.BxjMUPBs.js",
          "method": "GET",
          "body": null
        },
        {
          "url": "http://127.0.0.1:62654/_astro/paths.DYbAuceH.js",
          "method": "GET",
          "body": null
        },
        {
          "url": "http://127.0.0.1:62654/_astro/rolldown-runtime.DK3Fl9T5.js",
          "method": "GET",
          "body": null
        },
        {
          "url": "http://127.0.0.1:62654/_astro/civil-date.CpOZUt7Z.js",
          "method": "GET",
          "body": null
        },
        {
          "url": "http://127.0.0.1:62654/_astro/technical-locales.DDKucXXd.js",
          "method": "GET",
          "body": null
        },
        {
          "url": "http://127.0.0.1:62654/_astro/PlaceSearch.D1WsU_jW.js",
          "method": "GET",
          "body": null
        },
        {
          "url": "http://127.0.0.1:62654/_astro/chart-signature.-is-2T7w.js",
          "method": "GET",
          "body": null
        },
        {
          "url": "http://127.0.0.1:62654/_astro/natal.D7JKDSdx.js",
          "method": "GET",
          "body": null
        },
        {
          "url": "http://127.0.0.1:62654/_astro/synastry.rhUg9_9F.js",
          "method": "GET",
          "body": null
        },
        {
          "url": "http://127.0.0.1:62654/_astro/aspects.BNC-J2iD.js",
          "method": "GET",
          "body": null
        },
        {
          "url": "http://127.0.0.1:62654/_astro/compat.Bjc3uaB7.js",
          "method": "GET",
          "body": null
        },
        {
          "url": "http://127.0.0.1:62654/_astro/ChartActionDock.DLS2UbgE.js",
          "method": "GET",
          "body": null
        },
        {
          "url": "http://127.0.0.1:62654/_astro/LearningPractice.CSqTNZrv.js",
          "method": "GET",
          "body": null
        },
        {
          "url": "http://127.0.0.1:62654/_astro/chart-context-copy.UBOz97Jz.js",
          "method": "GET",
          "body": null
        },
        {
          "url": "http://127.0.0.1:62654/_astro/AspectPatternFeature.DkxQP4nT.js",
          "method": "GET",
          "body": null
        },
        {
          "url": "http://127.0.0.1:62654/_astro/use-learning-sources.CF4htVRf.js",
          "method": "GET",
          "body": null
        },
        {
          "url": "http://127.0.0.1:62654/_astro/schema.DqKqbGHb.js",
          "method": "GET",
          "body": null
        },
        {
          "url": "http://127.0.0.1:62654/_astro/read-store.X7Oz9YN7.js",
          "method": "GET",
          "body": null
        },
        {
          "url": "http://127.0.0.1:62654/_astro/full.DXD_oWB0.js",
          "method": "GET",
          "body": null
        },
        {
          "url": "http://127.0.0.1:62654/_astro/chart-adapter.DdfW9XjH.js",
          "method": "GET",
          "body": null
        },
        {
          "url": "http://127.0.0.1:62654/assets/app-icons/v3/favicon.svg",
          "method": "GET",
          "body": null
        },
        {
          "url": "http://127.0.0.1:62654/_astro/calculator-receipt.DqIFvBmX.js",
          "method": "GET",
          "body": null
        },
        {
          "url": "http://127.0.0.1:62654/_astro/PositionsShareSurface.Eb3pENdV.js",
          "method": "GET",
          "body": null
        },
        {
          "url": "http://127.0.0.1:62654/_astro/share-positions.D3o0ugj4.js",
          "method": "GET",
          "body": null
        },
        {
          "url": "http://127.0.0.1:62654/_astro/share-card.BvVC0EVI.js",
          "method": "GET",
          "body": null
        },
        {
          "url": "http://127.0.0.1:62654/_astro/share-card-brand.CJKZtcRK.js",
          "method": "GET",
          "body": null
        },
        {
          "url": "http://127.0.0.1:62654/_astro/share-card-copy.D0c42nic.js",
          "method": "GET",
          "body": null
        },
        {
          "url": "http://127.0.0.1:62654/_astro/CalendarSubscribe.DXtj1Bbr.js",
          "method": "GET",
          "body": null
        },
        {
          "url": "http://127.0.0.1:62654/_astro/CommunicationRead.DXWBG2sR.js",
          "method": "GET",
          "body": null
        },
        {
          "url": "http://127.0.0.1:62654/_astro/ApproachRead.DjvvCuNe.js",
          "method": "GET",
          "body": null
        },
        {
          "url": "http://127.0.0.1:62654/_astro/PwaInstallPrompt.BCohgdPv.js",
          "method": "GET",
          "body": null
        },
        {
          "url": "http://127.0.0.1:62654/_astro/a2hs.WonhOqdm.js",
          "method": "GET",
          "body": null
        },
        {
          "url": "http://127.0.0.1:62654/assets/zodiac-icons/128/capricorn.avif",
          "method": "GET",
          "body": null
        },
        {
          "url": "http://127.0.0.1:62654/assets/zodiac-icons/128/pisces.avif",
          "method": "GET",
          "body": null
        },
        {
          "url": "http://127.0.0.1:62654/assets/zodiac-icons/128/libra.avif",
          "method": "GET",
          "body": null
        },
        {
          "url": "http://127.0.0.1:62654/assets/zodiac-icons/128/aries.webp",
          "method": "GET",
          "body": null
        },
        {
          "url": "http://127.0.0.1:62654/assets/zodiac-icons/128/taurus.webp",
          "method": "GET",
          "body": null
        },
        {
          "url": "http://127.0.0.1:62654/assets/zodiac-icons/128/gemini.webp",
          "method": "GET",
          "body": null
        },
        {
          "url": "http://127.0.0.1:62654/assets/zodiac-icons/128/cancer.webp",
          "method": "GET",
          "body": null
        },
        {
          "url": "http://127.0.0.1:62654/assets/zodiac-icons/128/leo.webp",
          "method": "GET",
          "body": null
        },
        {
          "url": "http://127.0.0.1:62654/assets/zodiac-icons/128/virgo.webp",
          "method": "GET",
          "body": null
        },
        {
          "url": "http://127.0.0.1:62654/assets/zodiac-icons/128/libra.webp",
          "method": "GET",
          "body": null
        },
        {
          "url": "http://127.0.0.1:62654/assets/zodiac-icons/128/scorpio.webp",
          "method": "GET",
          "body": null
        },
        {
          "url": "http://127.0.0.1:62654/assets/zodiac-icons/128/sagittarius.webp",
          "method": "GET",
          "body": null
        },
        {
          "url": "http://127.0.0.1:62654/assets/zodiac-icons/128/capricorn.webp",
          "method": "GET",
          "body": null
        },
        {
          "url": "http://127.0.0.1:62654/assets/zodiac-icons/128/aquarius.webp",
          "method": "GET",
          "body": null
        },
        {
          "url": "http://127.0.0.1:62654/assets/zodiac-icons/128/pisces.webp",
          "method": "GET",
          "body": null
        },
        {
          "url": "http://127.0.0.1:62654/_astro/store.DKqN0snE.js",
          "method": "GET",
          "body": null
        },
        {
          "url": "http://127.0.0.1:62654/_astro/deletions.DUQYISzq.js",
          "method": "GET",
          "body": null
        },
        {
          "url": "http://127.0.0.1:62654/assets/zodiac-icons/128/aries.webp",
          "method": "GET",
          "body": null
        },
        {
          "url": "http://127.0.0.1:62654/assets/zodiac-icons/128/taurus.webp",
          "method": "GET",
          "body": null
        },
        {
          "url": "http://127.0.0.1:62654/assets/zodiac-icons/128/gemini.webp",
          "method": "GET",
          "body": null
        },
        {
          "url": "http://127.0.0.1:62654/assets/zodiac-icons/128/cancer.webp",
          "method": "GET",
          "body": null
        },
        {
          "url": "http://127.0.0.1:62654/assets/zodiac-icons/128/leo.webp",
          "method": "GET",
          "body": null
        },
        {
          "url": "http://127.0.0.1:62654/assets/zodiac-icons/128/virgo.webp",
          "method": "GET",
          "body": null
        },
        {
          "url": "http://127.0.0.1:62654/assets/zodiac-icons/128/libra.webp",
          "method": "GET",
          "body": null
        },
        {
          "url": "http://127.0.0.1:62654/assets/zodiac-icons/128/scorpio.webp",
          "method": "GET",
          "body": null
        },
        {
          "url": "http://127.0.0.1:62654/assets/zodiac-icons/128/sagittarius.webp",
          "method": "GET",
          "body": null
        },
        {
          "url": "http://127.0.0.1:62654/assets/zodiac-icons/128/capricorn.webp",
          "method": "GET",
          "body": null
        },
        {
          "url": "http://127.0.0.1:62654/assets/zodiac-icons/128/aquarius.webp",
          "method": "GET",
          "body": null
        },
        {
          "url": "http://127.0.0.1:62654/assets/zodiac-icons/128/pisces.webp",
          "method": "GET",
          "body": null
        },
        {
          "url": "http://127.0.0.1:62654/assets/zodiac-icons/128/libra.webp",
          "method": "GET",
          "body": null
        },
        {
          "url": "http://127.0.0.1:62654/assets/zodiac-icons/128/sagittarius.webp",
          "method": "GET",
          "body": null
        },
        {
          "url": "http://127.0.0.1:62654/assets/zodiac-icons/128/pisces.webp",
          "method": "GET",
          "body": null
        },
        {
          "url": "http://127.0.0.1:62654/assets/zodiac-icons/128/cancer.webp",
          "method": "GET",
          "body": null
        },
        {
          "url": "http://127.0.0.1:62654/assets/zodiac-icons/128/sagittarius.webp",
          "method": "GET",
          "body": null
        },
        {
          "url": "http://127.0.0.1:62654/assets/zodiac-icons/128/pisces.webp",
          "method": "GET",
          "body": null
        },
        {
          "url": "http://127.0.0.1:62654/assets/zodiac-icons/128/cancer.webp",
          "method": "GET",
          "body": null
        },
        {
          "url": "http://127.0.0.1:62654/fonts/eb-garamond-latin-400-italic.woff2",
          "method": "GET",
          "body": null
        },
        {
          "url": "http://127.0.0.1:62654/assets/app-icons/v3/icon-512.png",
          "method": "GET",
          "body": null
        },
        {
          "url": "http://127.0.0.1:62654/assets/app-icons/v3/icon-512.png",
          "method": "GET",
          "body": null
        },
        {
          "url": "blob:http://127.0.0.1:62654/78ecc3f9-75f5-496a-8e2d-6691f3b6db07",
          "method": "GET",
          "body": null
        },
        {
          "url": "http://127.0.0.1:62654/assets/app-icons/v3/icon-512.png",
          "method": "GET",
          "body": null
        },
        {
          "url": "http://127.0.0.1:62654/assets/zodiac-icons/48/libra.avif",
          "method": "GET",
          "body": null
        },
        {
          "url": "http://127.0.0.1:62654/assets/zodiac-icons/48/sagittarius.avif",
          "method": "GET",
          "body": null
        },
        {
          "url": "http://127.0.0.1:62654/assets/zodiac-icons/48/pisces.avif",
          "method": "GET",
          "body": null
        },
        {
          "url": "http://127.0.0.1:62654/assets/zodiac-icons/48/cancer.avif",
          "method": "GET",
          "body": null
        },
        {
          "url": "http://127.0.0.1:62654/assets/site-footer.css",
          "method": "GET",
          "body": null
        }
      ]
    },
    {
      "name": "preserve-exact-pole",
      "status": "passed",
      "detail": {
        "receiptUnavailable": true,
        "chartPresent": true
      },
      "observation": {
        "computed": 1,
        "writes": [
          {
            "key": "zodiacs.install.compute-count.v1"
          }
        ],
        "idbOpens": [],
        "urls": [
          {
            "url": "blob:http://127.0.0.1:62654/74b410c6-2e97-41ef-846f-90f94c3645b5",
            "type": "image/svg+xml",
            "size": 161132
          }
        ],
        "revoked": [
          "blob:http://127.0.0.1:62654/74b410c6-2e97-41ef-846f-90f94c3645b5"
        ],
        "viewport": 1280,
        "scrollWidth": 1280,
        "clientWidth": 1280,
        "overlay": false
      },
      "natalCalls": 1,
      "publicNatalCalls": 0,
      "pageErrors": [],
      "requests": [
        {
          "url": "http://127.0.0.1:62654/birth-chart/",
          "method": "GET",
          "body": null
        },
        {
          "url": "http://127.0.0.1:62654/fonts/instrument-sans-latin-wght-normal.woff2",
          "method": "GET",
          "body": null
        },
        {
          "url": "http://127.0.0.1:62654/fonts/eb-garamond-latin-400-normal.woff2",
          "method": "GET",
          "body": null
        },
        {
          "url": "http://127.0.0.1:62654/fonts/eb-garamond-latin-500-normal.woff2",
          "method": "GET",
          "body": null
        },
        {
          "url": "http://127.0.0.1:62654/_astro/Base.Bryss0yT.css",
          "method": "GET",
          "body": null
        },
        {
          "url": "http://127.0.0.1:62654/_astro/calculator.MBHg3tIV.css",
          "method": "GET",
          "body": null
        },
        {
          "url": "http://127.0.0.1:62654/_astro/explorer.ijMRUwvv.css",
          "method": "GET",
          "body": null
        },
        {
          "url": "http://127.0.0.1:62654/_astro/ChartActionDock.Cc8zzTbx.css",
          "method": "GET",
          "body": null
        },
        {
          "url": "http://127.0.0.1:62654/_astro/AstroTerm.astro_astro_type_script_index_0_lang.DB1iYTmP.js",
          "method": "GET",
          "body": null
        },
        {
          "url": "http://127.0.0.1:62654/fonts/jetbrains-mono-latin-wght-normal.woff2",
          "method": "GET",
          "body": null
        },
        {
          "url": "http://127.0.0.1:62654/_astro/preload-helper.L5lOfJxi.js",
          "method": "GET",
          "body": null
        },
        {
          "url": "http://127.0.0.1:62654/_astro/context-help-client.BqVrBbz0.js",
          "method": "GET",
          "body": null
        },
        {
          "url": "http://127.0.0.1:62654/_astro/analytics.CH5T6e-b.js",
          "method": "GET",
          "body": null
        },
        {
          "url": "http://127.0.0.1:62654/assets/app-icons/v3/favicon.svg",
          "method": "GET",
          "body": null
        },
        {
          "url": "http://127.0.0.1:62654/_astro/ChartCalculator.ChqyFlxy.js",
          "method": "GET",
          "body": null
        },
        {
          "url": "http://127.0.0.1:62654/_astro/client.DPkn9Lbl.js",
          "method": "GET",
          "body": null
        },
        {
          "url": "http://127.0.0.1:62654/_astro/preact.module.Bjq9tLsx.js",
          "method": "GET",
          "body": null
        },
        {
          "url": "http://127.0.0.1:62654/_astro/hooks.module.C0_8FjiD.js",
          "method": "GET",
          "body": null
        },
        {
          "url": "http://127.0.0.1:62654/_astro/profile-access-reader.DoQqlSjt.js",
          "method": "GET",
          "body": null
        },
        {
          "url": "http://127.0.0.1:62654/_astro/chunk-PD4H342X.BYuLx_KT.js",
          "method": "GET",
          "body": null
        },
        {
          "url": "http://127.0.0.1:62654/_astro/signs.BMXPKoMF.js",
          "method": "GET",
          "body": null
        },
        {
          "url": "http://127.0.0.1:62654/_astro/jsxRuntime.module.BG9KJlGc.js",
          "method": "GET",
          "body": null
        },
        {
          "url": "http://127.0.0.1:62654/_astro/PlanetGlyph.BhITbtcc.js",
          "method": "GET",
          "body": null
        },
        {
          "url": "http://127.0.0.1:62654/_astro/i18n.Cg_lCJuc.js",
          "method": "GET",
          "body": null
        },
        {
          "url": "http://127.0.0.1:62654/_astro/CalculationReload.DXyGkRsn.js",
          "method": "GET",
          "body": null
        },
        {
          "url": "http://127.0.0.1:62654/_astro/astrology.BHib5efU.js",
          "method": "GET",
          "body": null
        },
        {
          "url": "http://127.0.0.1:62654/_astro/share.BRlg0eGS.js",
          "method": "GET",
          "body": null
        },
        {
          "url": "http://127.0.0.1:62654/_astro/chart-handoff.Dvz2AAcL.js",
          "method": "GET",
          "body": null
        },
        {
          "url": "http://127.0.0.1:62654/_astro/useProfileAccessGeneration.w2JLb1F6.js",
          "method": "GET",
          "body": null
        },
        {
          "url": "http://127.0.0.1:62654/_astro/useEngine.BxQZzCQs.js",
          "method": "GET",
          "body": null
        },
        {
          "url": "http://127.0.0.1:62654/_astro/BirthFields.VmY_J4-2.js",
          "method": "GET",
          "body": null
        },
        {
          "url": "http://127.0.0.1:62654/_astro/localToUtc.lkZcCpbL.js",
          "method": "GET",
          "body": null
        },
        {
          "url": "http://127.0.0.1:62654/_astro/interpretations.BaZkYN67.js",
          "method": "GET",
          "body": null
        },
        {
          "url": "http://127.0.0.1:62654/_astro/AstroTerm.7K8SAipO.js",
          "method": "GET",
          "body": null
        },
        {
          "url": "http://127.0.0.1:62654/_astro/SignChip.Dx3tQVZl.js",
          "method": "GET",
          "body": null
        },
        {
          "url": "http://127.0.0.1:62654/_astro/AspectGlyph.DMIAGIQV.js",
          "method": "GET",
          "body": null
        },
        {
          "url": "http://127.0.0.1:62654/_astro/Wheel.RNRSqGob.js",
          "method": "GET",
          "body": null
        },
        {
          "url": "http://127.0.0.1:62654/_astro/dignities.BycBkP8Y.js",
          "method": "GET",
          "body": null
        },
        {
          "url": "http://127.0.0.1:62654/_astro/houses.DhEjqPPf.js",
          "method": "GET",
          "body": null
        },
        {
          "url": "http://127.0.0.1:62654/_astro/technical-layout.DQIjXHHb.js",
          "method": "GET",
          "body": null
        },
        {
          "url": "http://127.0.0.1:62654/_astro/lite.DKWHZC5_.js",
          "method": "GET",
          "body": null
        },
        {
          "url": "http://127.0.0.1:62654/_astro/learning-input-identity.C-WLv51I.js",
          "method": "GET",
          "body": null
        },
        {
          "url": "http://127.0.0.1:62654/_astro/post-chart-context.BZ1tHGpl.js",
          "method": "GET",
          "body": null
        },
        {
          "url": "http://127.0.0.1:62654/_astro/chunk-INI453VG.BxjMUPBs.js",
          "method": "GET",
          "body": null
        },
        {
          "url": "http://127.0.0.1:62654/_astro/paths.DYbAuceH.js",
          "method": "GET",
          "body": null
        },
        {
          "url": "http://127.0.0.1:62654/_astro/rolldown-runtime.DK3Fl9T5.js",
          "method": "GET",
          "body": null
        },
        {
          "url": "http://127.0.0.1:62654/_astro/civil-date.CpOZUt7Z.js",
          "method": "GET",
          "body": null
        },
        {
          "url": "http://127.0.0.1:62654/_astro/technical-locales.DDKucXXd.js",
          "method": "GET",
          "body": null
        },
        {
          "url": "http://127.0.0.1:62654/_astro/PlaceSearch.D1WsU_jW.js",
          "method": "GET",
          "body": null
        },
        {
          "url": "http://127.0.0.1:62654/_astro/chart-signature.-is-2T7w.js",
          "method": "GET",
          "body": null
        },
        {
          "url": "http://127.0.0.1:62654/_astro/natal.D7JKDSdx.js",
          "method": "GET",
          "body": null
        },
        {
          "url": "http://127.0.0.1:62654/_astro/synastry.rhUg9_9F.js",
          "method": "GET",
          "body": null
        },
        {
          "url": "http://127.0.0.1:62654/_astro/aspects.BNC-J2iD.js",
          "method": "GET",
          "body": null
        },
        {
          "url": "http://127.0.0.1:62654/_astro/compat.Bjc3uaB7.js",
          "method": "GET",
          "body": null
        },
        {
          "url": "http://127.0.0.1:62654/_astro/ChartActionDock.DLS2UbgE.js",
          "method": "GET",
          "body": null
        },
        {
          "url": "http://127.0.0.1:62654/_astro/LearningPractice.CSqTNZrv.js",
          "method": "GET",
          "body": null
        },
        {
          "url": "http://127.0.0.1:62654/_astro/chart-context-copy.UBOz97Jz.js",
          "method": "GET",
          "body": null
        },
        {
          "url": "http://127.0.0.1:62654/_astro/AspectPatternFeature.DkxQP4nT.js",
          "method": "GET",
          "body": null
        },
        {
          "url": "http://127.0.0.1:62654/_astro/use-learning-sources.CF4htVRf.js",
          "method": "GET",
          "body": null
        },
        {
          "url": "http://127.0.0.1:62654/_astro/schema.DqKqbGHb.js",
          "method": "GET",
          "body": null
        },
        {
          "url": "http://127.0.0.1:62654/_astro/read-store.X7Oz9YN7.js",
          "method": "GET",
          "body": null
        },
        {
          "url": "http://127.0.0.1:62654/_astro/full.DXD_oWB0.js",
          "method": "GET",
          "body": null
        },
        {
          "url": "http://127.0.0.1:62654/_astro/chart-adapter.DdfW9XjH.js",
          "method": "GET",
          "body": null
        },
        {
          "url": "http://127.0.0.1:62654/assets/app-icons/v3/favicon.svg",
          "method": "GET",
          "body": null
        },
        {
          "url": "http://127.0.0.1:62654/_astro/calculator-receipt.DqIFvBmX.js",
          "method": "GET",
          "body": null
        },
        {
          "url": "http://127.0.0.1:62654/_astro/PositionsShareSurface.Eb3pENdV.js",
          "method": "GET",
          "body": null
        },
        {
          "url": "http://127.0.0.1:62654/_astro/share-positions.D3o0ugj4.js",
          "method": "GET",
          "body": null
        },
        {
          "url": "http://127.0.0.1:62654/_astro/share-card.BvVC0EVI.js",
          "method": "GET",
          "body": null
        },
        {
          "url": "http://127.0.0.1:62654/_astro/share-card-brand.CJKZtcRK.js",
          "method": "GET",
          "body": null
        },
        {
          "url": "http://127.0.0.1:62654/_astro/share-card-copy.D0c42nic.js",
          "method": "GET",
          "body": null
        },
        {
          "url": "http://127.0.0.1:62654/_astro/CalendarSubscribe.DXtj1Bbr.js",
          "method": "GET",
          "body": null
        },
        {
          "url": "http://127.0.0.1:62654/_astro/CommunicationRead.DXWBG2sR.js",
          "method": "GET",
          "body": null
        },
        {
          "url": "http://127.0.0.1:62654/_astro/ApproachRead.DjvvCuNe.js",
          "method": "GET",
          "body": null
        },
        {
          "url": "http://127.0.0.1:62654/_astro/PwaInstallPrompt.BCohgdPv.js",
          "method": "GET",
          "body": null
        },
        {
          "url": "http://127.0.0.1:62654/_astro/a2hs.WonhOqdm.js",
          "method": "GET",
          "body": null
        },
        {
          "url": "http://127.0.0.1:62654/assets/zodiac-icons/128/gemini.avif",
          "method": "GET",
          "body": null
        },
        {
          "url": "http://127.0.0.1:62654/assets/zodiac-icons/128/pisces.avif",
          "method": "GET",
          "body": null
        },
        {
          "url": "http://127.0.0.1:62654/assets/zodiac-icons/128/libra.avif",
          "method": "GET",
          "body": null
        },
        {
          "url": "http://127.0.0.1:62654/assets/zodiac-icons/128/aries.webp",
          "method": "GET",
          "body": null
        },
        {
          "url": "http://127.0.0.1:62654/assets/zodiac-icons/128/taurus.webp",
          "method": "GET",
          "body": null
        },
        {
          "url": "http://127.0.0.1:62654/assets/zodiac-icons/128/gemini.webp",
          "method": "GET",
          "body": null
        },
        {
          "url": "http://127.0.0.1:62654/assets/zodiac-icons/128/cancer.webp",
          "method": "GET",
          "body": null
        },
        {
          "url": "http://127.0.0.1:62654/assets/zodiac-icons/128/leo.webp",
          "method": "GET",
          "body": null
        },
        {
          "url": "http://127.0.0.1:62654/assets/zodiac-icons/128/virgo.webp",
          "method": "GET",
          "body": null
        },
        {
          "url": "http://127.0.0.1:62654/assets/zodiac-icons/128/libra.webp",
          "method": "GET",
          "body": null
        },
        {
          "url": "http://127.0.0.1:62654/assets/zodiac-icons/128/scorpio.webp",
          "method": "GET",
          "body": null
        },
        {
          "url": "http://127.0.0.1:62654/assets/zodiac-icons/128/sagittarius.webp",
          "method": "GET",
          "body": null
        },
        {
          "url": "http://127.0.0.1:62654/assets/zodiac-icons/128/capricorn.webp",
          "method": "GET",
          "body": null
        },
        {
          "url": "http://127.0.0.1:62654/assets/zodiac-icons/128/aquarius.webp",
          "method": "GET",
          "body": null
        },
        {
          "url": "http://127.0.0.1:62654/assets/zodiac-icons/128/pisces.webp",
          "method": "GET",
          "body": null
        },
        {
          "url": "http://127.0.0.1:62654/_astro/store.DKqN0snE.js",
          "method": "GET",
          "body": null
        },
        {
          "url": "http://127.0.0.1:62654/_astro/deletions.DUQYISzq.js",
          "method": "GET",
          "body": null
        },
        {
          "url": "http://127.0.0.1:62654/assets/zodiac-icons/128/aries.webp",
          "method": "GET",
          "body": null
        },
        {
          "url": "http://127.0.0.1:62654/assets/zodiac-icons/128/taurus.webp",
          "method": "GET",
          "body": null
        },
        {
          "url": "http://127.0.0.1:62654/assets/zodiac-icons/128/gemini.webp",
          "method": "GET",
          "body": null
        },
        {
          "url": "http://127.0.0.1:62654/assets/zodiac-icons/128/cancer.webp",
          "method": "GET",
          "body": null
        },
        {
          "url": "http://127.0.0.1:62654/assets/zodiac-icons/128/leo.webp",
          "method": "GET",
          "body": null
        },
        {
          "url": "http://127.0.0.1:62654/assets/zodiac-icons/128/virgo.webp",
          "method": "GET",
          "body": null
        },
        {
          "url": "http://127.0.0.1:62654/assets/zodiac-icons/128/libra.webp",
          "method": "GET",
          "body": null
        },
        {
          "url": "http://127.0.0.1:62654/assets/zodiac-icons/128/scorpio.webp",
          "method": "GET",
          "body": null
        },
        {
          "url": "http://127.0.0.1:62654/assets/zodiac-icons/128/sagittarius.webp",
          "method": "GET",
          "body": null
        },
        {
          "url": "http://127.0.0.1:62654/assets/zodiac-icons/128/capricorn.webp",
          "method": "GET",
          "body": null
        },
        {
          "url": "http://127.0.0.1:62654/assets/zodiac-icons/128/aquarius.webp",
          "method": "GET",
          "body": null
        },
        {
          "url": "http://127.0.0.1:62654/assets/zodiac-icons/128/pisces.webp",
          "method": "GET",
          "body": null
        },
        {
          "url": "http://127.0.0.1:62654/assets/zodiac-icons/128/gemini.webp",
          "method": "GET",
          "body": null
        },
        {
          "url": "http://127.0.0.1:62654/assets/zodiac-icons/128/pisces.webp",
          "method": "GET",
          "body": null
        },
        {
          "url": "http://127.0.0.1:62654/assets/zodiac-icons/128/aries.webp",
          "method": "GET",
          "body": null
        },
        {
          "url": "http://127.0.0.1:62654/assets/zodiac-icons/128/libra.webp",
          "method": "GET",
          "body": null
        },
        {
          "url": "http://127.0.0.1:62654/assets/zodiac-icons/128/gemini.webp",
          "method": "GET",
          "body": null
        },
        {
          "url": "http://127.0.0.1:62654/assets/zodiac-icons/128/pisces.webp",
          "method": "GET",
          "body": null
        },
        {
          "url": "http://127.0.0.1:62654/assets/zodiac-icons/128/aries.webp",
          "method": "GET",
          "body": null
        },
        {
          "url": "http://127.0.0.1:62654/fonts/eb-garamond-latin-400-italic.woff2",
          "method": "GET",
          "body": null
        },
        {
          "url": "http://127.0.0.1:62654/assets/app-icons/v3/icon-512.png",
          "method": "GET",
          "body": null
        },
        {
          "url": "blob:http://127.0.0.1:62654/74b410c6-2e97-41ef-846f-90f94c3645b5",
          "method": "GET",
          "body": null
        },
        {
          "url": "http://127.0.0.1:62654/assets/app-icons/v3/icon-512.png",
          "method": "GET",
          "body": null
        },
        {
          "url": "http://127.0.0.1:62654/assets/app-icons/v3/icon-512.png",
          "method": "GET",
          "body": null
        }
      ]
    },
    {
      "name": "stale-DOM-after-edit",
      "status": "passed",
      "detail": {
        "noStaleDownload": true
      },
      "observation": {
        "computed": 1,
        "writes": [
          {
            "key": "zodiacs.install.compute-count.v1"
          }
        ],
        "idbOpens": [],
        "urls": [
          {
            "url": "blob:http://127.0.0.1:62654/4949f516-f4a7-47a1-b12e-4d6c3e5706cb",
            "type": "image/svg+xml",
            "size": 161584
          }
        ],
        "revoked": [
          "blob:http://127.0.0.1:62654/4949f516-f4a7-47a1-b12e-4d6c3e5706cb"
        ],
        "viewport": 1280,
        "scrollWidth": 1280,
        "clientWidth": 1280,
        "overlay": false
      },
      "natalCalls": 1,
      "publicNatalCalls": 1,
      "pageErrors": [],
      "requests": [
        {
          "url": "http://127.0.0.1:62654/birth-chart/",
          "method": "GET",
          "body": null
        },
        {
          "url": "http://127.0.0.1:62654/fonts/instrument-sans-latin-wght-normal.woff2",
          "method": "GET",
          "body": null
        },
        {
          "url": "http://127.0.0.1:62654/fonts/eb-garamond-latin-400-normal.woff2",
          "method": "GET",
          "body": null
        },
        {
          "url": "http://127.0.0.1:62654/fonts/eb-garamond-latin-500-normal.woff2",
          "method": "GET",
          "body": null
        },
        {
          "url": "http://127.0.0.1:62654/_astro/Base.Bryss0yT.css",
          "method": "GET",
          "body": null
        },
        {
          "url": "http://127.0.0.1:62654/_astro/calculator.MBHg3tIV.css",
          "method": "GET",
          "body": null
        },
        {
          "url": "http://127.0.0.1:62654/_astro/explorer.ijMRUwvv.css",
          "method": "GET",
          "body": null
        },
        {
          "url": "http://127.0.0.1:62654/_astro/ChartActionDock.Cc8zzTbx.css",
          "method": "GET",
          "body": null
        },
        {
          "url": "http://127.0.0.1:62654/_astro/AstroTerm.astro_astro_type_script_index_0_lang.DB1iYTmP.js",
          "method": "GET",
          "body": null
        },
        {
          "url": "http://127.0.0.1:62654/fonts/jetbrains-mono-latin-wght-normal.woff2",
          "method": "GET",
          "body": null
        },
        {
          "url": "http://127.0.0.1:62654/_astro/preload-helper.L5lOfJxi.js",
          "method": "GET",
          "body": null
        },
        {
          "url": "http://127.0.0.1:62654/_astro/context-help-client.BqVrBbz0.js",
          "method": "GET",
          "body": null
        },
        {
          "url": "http://127.0.0.1:62654/_astro/analytics.CH5T6e-b.js",
          "method": "GET",
          "body": null
        },
        {
          "url": "http://127.0.0.1:62654/_astro/ChartCalculator.ChqyFlxy.js",
          "method": "GET",
          "body": null
        },
        {
          "url": "http://127.0.0.1:62654/_astro/client.DPkn9Lbl.js",
          "method": "GET",
          "body": null
        },
        {
          "url": "http://127.0.0.1:62654/_astro/preact.module.Bjq9tLsx.js",
          "method": "GET",
          "body": null
        },
        {
          "url": "http://127.0.0.1:62654/_astro/hooks.module.C0_8FjiD.js",
          "method": "GET",
          "body": null
        },
        {
          "url": "http://127.0.0.1:62654/_astro/profile-access-reader.DoQqlSjt.js",
          "method": "GET",
          "body": null
        },
        {
          "url": "http://127.0.0.1:62654/_astro/chunk-PD4H342X.BYuLx_KT.js",
          "method": "GET",
          "body": null
        },
        {
          "url": "http://127.0.0.1:62654/_astro/signs.BMXPKoMF.js",
          "method": "GET",
          "body": null
        },
        {
          "url": "http://127.0.0.1:62654/_astro/jsxRuntime.module.BG9KJlGc.js",
          "method": "GET",
          "body": null
        },
        {
          "url": "http://127.0.0.1:62654/_astro/PlanetGlyph.BhITbtcc.js",
          "method": "GET",
          "body": null
        },
        {
          "url": "http://127.0.0.1:62654/_astro/i18n.Cg_lCJuc.js",
          "method": "GET",
          "body": null
        },
        {
          "url": "http://127.0.0.1:62654/_astro/CalculationReload.DXyGkRsn.js",
          "method": "GET",
          "body": null
        },
        {
          "url": "http://127.0.0.1:62654/_astro/astrology.BHib5efU.js",
          "method": "GET",
          "body": null
        },
        {
          "url": "http://127.0.0.1:62654/_astro/share.BRlg0eGS.js",
          "method": "GET",
          "body": null
        },
        {
          "url": "http://127.0.0.1:62654/_astro/chart-handoff.Dvz2AAcL.js",
          "method": "GET",
          "body": null
        },
        {
          "url": "http://127.0.0.1:62654/_astro/useProfileAccessGeneration.w2JLb1F6.js",
          "method": "GET",
          "body": null
        },
        {
          "url": "http://127.0.0.1:62654/_astro/useEngine.BxQZzCQs.js",
          "method": "GET",
          "body": null
        },
        {
          "url": "http://127.0.0.1:62654/_astro/BirthFields.VmY_J4-2.js",
          "method": "GET",
          "body": null
        },
        {
          "url": "http://127.0.0.1:62654/_astro/localToUtc.lkZcCpbL.js",
          "method": "GET",
          "body": null
        },
        {
          "url": "http://127.0.0.1:62654/_astro/interpretations.BaZkYN67.js",
          "method": "GET",
          "body": null
        },
        {
          "url": "http://127.0.0.1:62654/_astro/AstroTerm.7K8SAipO.js",
          "method": "GET",
          "body": null
        },
        {
          "url": "http://127.0.0.1:62654/_astro/SignChip.Dx3tQVZl.js",
          "method": "GET",
          "body": null
        },
        {
          "url": "http://127.0.0.1:62654/_astro/AspectGlyph.DMIAGIQV.js",
          "method": "GET",
          "body": null
        },
        {
          "url": "http://127.0.0.1:62654/_astro/Wheel.RNRSqGob.js",
          "method": "GET",
          "body": null
        },
        {
          "url": "http://127.0.0.1:62654/_astro/dignities.BycBkP8Y.js",
          "method": "GET",
          "body": null
        },
        {
          "url": "http://127.0.0.1:62654/_astro/houses.DhEjqPPf.js",
          "method": "GET",
          "body": null
        },
        {
          "url": "http://127.0.0.1:62654/_astro/technical-layout.DQIjXHHb.js",
          "method": "GET",
          "body": null
        },
        {
          "url": "http://127.0.0.1:62654/_astro/lite.DKWHZC5_.js",
          "method": "GET",
          "body": null
        },
        {
          "url": "http://127.0.0.1:62654/_astro/learning-input-identity.C-WLv51I.js",
          "method": "GET",
          "body": null
        },
        {
          "url": "http://127.0.0.1:62654/_astro/post-chart-context.BZ1tHGpl.js",
          "method": "GET",
          "body": null
        },
        {
          "url": "http://127.0.0.1:62654/assets/app-icons/v3/favicon.svg",
          "method": "GET",
          "body": null
        },
        {
          "url": "http://127.0.0.1:62654/_astro/chunk-INI453VG.BxjMUPBs.js",
          "method": "GET",
          "body": null
        },
        {
          "url": "http://127.0.0.1:62654/_astro/paths.DYbAuceH.js",
          "method": "GET",
          "body": null
        },
        {
          "url": "http://127.0.0.1:62654/_astro/rolldown-runtime.DK3Fl9T5.js",
          "method": "GET",
          "body": null
        },
        {
          "url": "http://127.0.0.1:62654/_astro/civil-date.CpOZUt7Z.js",
          "method": "GET",
          "body": null
        },
        {
          "url": "http://127.0.0.1:62654/_astro/technical-locales.DDKucXXd.js",
          "method": "GET",
          "body": null
        },
        {
          "url": "http://127.0.0.1:62654/_astro/PlaceSearch.D1WsU_jW.js",
          "method": "GET",
          "body": null
        },
        {
          "url": "http://127.0.0.1:62654/_astro/chart-signature.-is-2T7w.js",
          "method": "GET",
          "body": null
        },
        {
          "url": "http://127.0.0.1:62654/_astro/natal.D7JKDSdx.js",
          "method": "GET",
          "body": null
        },
        {
          "url": "http://127.0.0.1:62654/_astro/synastry.rhUg9_9F.js",
          "method": "GET",
          "body": null
        },
        {
          "url": "http://127.0.0.1:62654/_astro/aspects.BNC-J2iD.js",
          "method": "GET",
          "body": null
        },
        {
          "url": "http://127.0.0.1:62654/_astro/compat.Bjc3uaB7.js",
          "method": "GET",
          "body": null
        },
        {
          "url": "http://127.0.0.1:62654/_astro/ChartActionDock.DLS2UbgE.js",
          "method": "GET",
          "body": null
        },
        {
          "url": "http://127.0.0.1:62654/_astro/LearningPractice.CSqTNZrv.js",
          "method": "GET",
          "body": null
        },
        {
          "url": "http://127.0.0.1:62654/_astro/chart-context-copy.UBOz97Jz.js",
          "method": "GET",
          "body": null
        },
        {
          "url": "http://127.0.0.1:62654/_astro/AspectPatternFeature.DkxQP4nT.js",
          "method": "GET",
          "body": null
        },
        {
          "url": "http://127.0.0.1:62654/_astro/use-learning-sources.CF4htVRf.js",
          "method": "GET",
          "body": null
        },
        {
          "url": "http://127.0.0.1:62654/_astro/schema.DqKqbGHb.js",
          "method": "GET",
          "body": null
        },
        {
          "url": "http://127.0.0.1:62654/_astro/read-store.X7Oz9YN7.js",
          "method": "GET",
          "body": null
        },
        {
          "url": "http://127.0.0.1:62654/_astro/full.DXD_oWB0.js",
          "method": "GET",
          "body": null
        },
        {
          "url": "http://127.0.0.1:62654/_astro/chart-adapter.DdfW9XjH.js",
          "method": "GET",
          "body": null
        },
        {
          "url": "http://127.0.0.1:62654/assets/app-icons/v3/favicon.svg",
          "method": "GET",
          "body": null
        },
        {
          "url": "http://127.0.0.1:62654/_astro/calculator-receipt.DqIFvBmX.js",
          "method": "GET",
          "body": null
        },
        {
          "url": "http://127.0.0.1:62654/_astro/PositionsShareSurface.Eb3pENdV.js",
          "method": "GET",
          "body": null
        },
        {
          "url": "http://127.0.0.1:62654/_astro/share-positions.D3o0ugj4.js",
          "method": "GET",
          "body": null
        },
        {
          "url": "http://127.0.0.1:62654/_astro/share-card.BvVC0EVI.js",
          "method": "GET",
          "body": null
        },
        {
          "url": "http://127.0.0.1:62654/_astro/share-card-brand.CJKZtcRK.js",
          "method": "GET",
          "body": null
        },
        {
          "url": "http://127.0.0.1:62654/_astro/share-card-copy.D0c42nic.js",
          "method": "GET",
          "body": null
        },
        {
          "url": "http://127.0.0.1:62654/_astro/CalendarSubscribe.DXtj1Bbr.js",
          "method": "GET",
          "body": null
        },
        {
          "url": "http://127.0.0.1:62654/_astro/CommunicationRead.DXWBG2sR.js",
          "method": "GET",
          "body": null
        },
        {
          "url": "http://127.0.0.1:62654/_astro/ApproachRead.DjvvCuNe.js",
          "method": "GET",
          "body": null
        },
        {
          "url": "http://127.0.0.1:62654/_astro/PwaInstallPrompt.BCohgdPv.js",
          "method": "GET",
          "body": null
        },
        {
          "url": "http://127.0.0.1:62654/_astro/a2hs.WonhOqdm.js",
          "method": "GET",
          "body": null
        },
        {
          "url": "http://127.0.0.1:62654/assets/zodiac-icons/128/gemini.avif",
          "method": "GET",
          "body": null
        },
        {
          "url": "http://127.0.0.1:62654/assets/zodiac-icons/128/pisces.avif",
          "method": "GET",
          "body": null
        },
        {
          "url": "http://127.0.0.1:62654/assets/zodiac-icons/128/libra.avif",
          "method": "GET",
          "body": null
        },
        {
          "url": "http://127.0.0.1:62654/assets/zodiac-icons/128/aries.webp",
          "method": "GET",
          "body": null
        },
        {
          "url": "http://127.0.0.1:62654/assets/zodiac-icons/128/taurus.webp",
          "method": "GET",
          "body": null
        },
        {
          "url": "http://127.0.0.1:62654/assets/zodiac-icons/128/gemini.webp",
          "method": "GET",
          "body": null
        },
        {
          "url": "http://127.0.0.1:62654/assets/zodiac-icons/128/cancer.webp",
          "method": "GET",
          "body": null
        },
        {
          "url": "http://127.0.0.1:62654/assets/zodiac-icons/128/leo.webp",
          "method": "GET",
          "body": null
        },
        {
          "url": "http://127.0.0.1:62654/assets/zodiac-icons/128/virgo.webp",
          "method": "GET",
          "body": null
        },
        {
          "url": "http://127.0.0.1:62654/assets/zodiac-icons/128/libra.webp",
          "method": "GET",
          "body": null
        },
        {
          "url": "http://127.0.0.1:62654/assets/zodiac-icons/128/scorpio.webp",
          "method": "GET",
          "body": null
        },
        {
          "url": "http://127.0.0.1:62654/assets/zodiac-icons/128/sagittarius.webp",
          "method": "GET",
          "body": null
        },
        {
          "url": "http://127.0.0.1:62654/assets/zodiac-icons/128/capricorn.webp",
          "method": "GET",
          "body": null
        },
        {
          "url": "http://127.0.0.1:62654/assets/zodiac-icons/128/aquarius.webp",
          "method": "GET",
          "body": null
        },
        {
          "url": "http://127.0.0.1:62654/assets/zodiac-icons/128/pisces.webp",
          "method": "GET",
          "body": null
        },
        {
          "url": "http://127.0.0.1:62654/_astro/store.DKqN0snE.js",
          "method": "GET",
          "body": null
        },
        {
          "url": "http://127.0.0.1:62654/_astro/deletions.DUQYISzq.js",
          "method": "GET",
          "body": null
        },
        {
          "url": "http://127.0.0.1:62654/assets/zodiac-icons/128/aries.webp",
          "method": "GET",
          "body": null
        },
        {
          "url": "http://127.0.0.1:62654/assets/zodiac-icons/128/taurus.webp",
          "method": "GET",
          "body": null
        },
        {
          "url": "http://127.0.0.1:62654/assets/zodiac-icons/128/gemini.webp",
          "method": "GET",
          "body": null
        },
        {
          "url": "http://127.0.0.1:62654/assets/zodiac-icons/128/cancer.webp",
          "method": "GET",
          "body": null
        },
        {
          "url": "http://127.0.0.1:62654/assets/zodiac-icons/128/leo.webp",
          "method": "GET",
          "body": null
        },
        {
          "url": "http://127.0.0.1:62654/assets/zodiac-icons/128/virgo.webp",
          "method": "GET",
          "body": null
        },
        {
          "url": "http://127.0.0.1:62654/assets/zodiac-icons/128/libra.webp",
          "method": "GET",
          "body": null
        },
        {
          "url": "http://127.0.0.1:62654/assets/zodiac-icons/128/scorpio.webp",
          "method": "GET",
          "body": null
        },
        {
          "url": "http://127.0.0.1:62654/assets/zodiac-icons/128/sagittarius.webp",
          "method": "GET",
          "body": null
        },
        {
          "url": "http://127.0.0.1:62654/assets/zodiac-icons/128/capricorn.webp",
          "method": "GET",
          "body": null
        },
        {
          "url": "http://127.0.0.1:62654/assets/zodiac-icons/128/aquarius.webp",
          "method": "GET",
          "body": null
        },
        {
          "url": "http://127.0.0.1:62654/assets/zodiac-icons/128/pisces.webp",
          "method": "GET",
          "body": null
        },
        {
          "url": "http://127.0.0.1:62654/assets/zodiac-icons/128/gemini.webp",
          "method": "GET",
          "body": null
        },
        {
          "url": "http://127.0.0.1:62654/assets/zodiac-icons/128/pisces.webp",
          "method": "GET",
          "body": null
        },
        {
          "url": "http://127.0.0.1:62654/assets/zodiac-icons/128/aries.webp",
          "method": "GET",
          "body": null
        },
        {
          "url": "http://127.0.0.1:62654/assets/zodiac-icons/128/libra.webp",
          "method": "GET",
          "body": null
        },
        {
          "url": "http://127.0.0.1:62654/assets/zodiac-icons/128/gemini.webp",
          "method": "GET",
          "body": null
        },
        {
          "url": "http://127.0.0.1:62654/assets/zodiac-icons/128/pisces.webp",
          "method": "GET",
          "body": null
        },
        {
          "url": "http://127.0.0.1:62654/assets/zodiac-icons/128/aries.webp",
          "method": "GET",
          "body": null
        },
        {
          "url": "http://127.0.0.1:62654/fonts/eb-garamond-latin-400-italic.woff2",
          "method": "GET",
          "body": null
        },
        {
          "url": "http://127.0.0.1:62654/assets/app-icons/v3/icon-512.png",
          "method": "GET",
          "body": null
        },
        {
          "url": "blob:http://127.0.0.1:62654/4949f516-f4a7-47a1-b12e-4d6c3e5706cb",
          "method": "GET",
          "body": null
        },
        {
          "url": "http://127.0.0.1:62654/assets/app-icons/v3/icon-512.png",
          "method": "GET",
          "body": null
        },
        {
          "url": "http://127.0.0.1:62654/assets/app-icons/v3/icon-512.png",
          "method": "GET",
          "body": null
        },
        {
          "url": "http://127.0.0.1:62654/assets/zodiac-icons/48/gemini.avif",
          "method": "GET",
          "body": null
        },
        {
          "url": "http://127.0.0.1:62654/assets/zodiac-icons/48/pisces.avif",
          "method": "GET",
          "body": null
        },
        {
          "url": "http://127.0.0.1:62654/assets/zodiac-icons/48/aries.avif",
          "method": "GET",
          "body": null
        },
        {
          "url": "http://127.0.0.1:62654/assets/zodiac-icons/48/libra.avif",
          "method": "GET",
          "body": null
        },
        {
          "url": "http://127.0.0.1:62654/assets/site-footer.css",
          "method": "GET",
          "body": null
        }
      ]
    },
    {
      "name": "replacement-run",
      "status": "passed",
      "detail": {
        "first": "c98ce4b28f5173ebe226e81d526d709fcd5fb4fca07628d7dd3e9c64f2f47784",
        "second": "b237c301edd56b478614add91580be5f72accbd24e3775a2e4702ccbc75048a3"
      },
      "observation": {
        "computed": 2,
        "writes": [
          {
            "key": "zodiacs.install.compute-count.v1"
          },
          {
            "key": "zodiacs.install.compute-count.v1"
          }
        ],
        "idbOpens": [],
        "urls": [
          {
            "url": "blob:http://127.0.0.1:62654/156e968a-0827-42ba-b4b7-726408eab948",
            "type": "image/svg+xml",
            "size": 161584
          },
          {
            "url": "blob:http://127.0.0.1:62654/8197461c-ac3b-4186-b511-146ee4b1ab5c",
            "type": "application/json;charset=utf-8",
            "size": 4753
          },
          {
            "url": "blob:http://127.0.0.1:62654/42d7648d-1b71-415c-98f1-a4f88f99ddbc",
            "type": "image/svg+xml",
            "size": 161450
          },
          {
            "url": "blob:http://127.0.0.1:62654/db6ccbdb-eb69-49a9-90b9-78cc7e6e4417",
            "type": "application/json;charset=utf-8",
            "size": 4690
          }
        ],
        "revoked": [
          "blob:http://127.0.0.1:62654/156e968a-0827-42ba-b4b7-726408eab948",
          "blob:http://127.0.0.1:62654/8197461c-ac3b-4186-b511-146ee4b1ab5c",
          "blob:http://127.0.0.1:62654/42d7648d-1b71-415c-98f1-a4f88f99ddbc",
          "blob:http://127.0.0.1:62654/db6ccbdb-eb69-49a9-90b9-78cc7e6e4417"
        ],
        "viewport": 1280,
        "scrollWidth": 1280,
        "clientWidth": 1280,
        "overlay": false
      },
      "natalCalls": 2,
      "publicNatalCalls": 2,
      "pageErrors": [],
      "requests": [
        {
          "url": "http://127.0.0.1:62654/birth-chart/",
          "method": "GET",
          "body": null
        },
        {
          "url": "http://127.0.0.1:62654/fonts/instrument-sans-latin-wght-normal.woff2",
          "method": "GET",
          "body": null
        },
        {
          "url": "http://127.0.0.1:62654/fonts/eb-garamond-latin-400-normal.woff2",
          "method": "GET",
          "body": null
        },
        {
          "url": "http://127.0.0.1:62654/fonts/eb-garamond-latin-500-normal.woff2",
          "method": "GET",
          "body": null
        },
        {
          "url": "http://127.0.0.1:62654/_astro/Base.Bryss0yT.css",
          "method": "GET",
          "body": null
        },
        {
          "url": "http://127.0.0.1:62654/_astro/calculator.MBHg3tIV.css",
          "method": "GET",
          "body": null
        },
        {
          "url": "http://127.0.0.1:62654/_astro/explorer.ijMRUwvv.css",
          "method": "GET",
          "body": null
        },
        {
          "url": "http://127.0.0.1:62654/_astro/ChartActionDock.Cc8zzTbx.css",
          "method": "GET",
          "body": null
        },
        {
          "url": "http://127.0.0.1:62654/_astro/AstroTerm.astro_astro_type_script_index_0_lang.DB1iYTmP.js",
          "method": "GET",
          "body": null
        },
        {
          "url": "http://127.0.0.1:62654/fonts/jetbrains-mono-latin-wght-normal.woff2",
          "method": "GET",
          "body": null
        },
        {
          "url": "http://127.0.0.1:62654/_astro/preload-helper.L5lOfJxi.js",
          "method": "GET",
          "body": null
        },
        {
          "url": "http://127.0.0.1:62654/_astro/context-help-client.BqVrBbz0.js",
          "method": "GET",
          "body": null
        },
        {
          "url": "http://127.0.0.1:62654/_astro/analytics.CH5T6e-b.js",
          "method": "GET",
          "body": null
        },
        {
          "url": "http://127.0.0.1:62654/_astro/ChartCalculator.ChqyFlxy.js",
          "method": "GET",
          "body": null
        },
        {
          "url": "http://127.0.0.1:62654/_astro/client.DPkn9Lbl.js",
          "method": "GET",
          "body": null
        },
        {
          "url": "http://127.0.0.1:62654/assets/app-icons/v3/favicon.svg",
          "method": "GET",
          "body": null
        },
        {
          "url": "http://127.0.0.1:62654/_astro/preact.module.Bjq9tLsx.js",
          "method": "GET",
          "body": null
        },
        {
          "url": "http://127.0.0.1:62654/_astro/hooks.module.C0_8FjiD.js",
          "method": "GET",
          "body": null
        },
        {
          "url": "http://127.0.0.1:62654/_astro/profile-access-reader.DoQqlSjt.js",
          "method": "GET",
          "body": null
        },
        {
          "url": "http://127.0.0.1:62654/_astro/chunk-PD4H342X.BYuLx_KT.js",
          "method": "GET",
          "body": null
        },
        {
          "url": "http://127.0.0.1:62654/_astro/signs.BMXPKoMF.js",
          "method": "GET",
          "body": null
        },
        {
          "url": "http://127.0.0.1:62654/_astro/jsxRuntime.module.BG9KJlGc.js",
          "method": "GET",
          "body": null
        },
        {
          "url": "http://127.0.0.1:62654/_astro/PlanetGlyph.BhITbtcc.js",
          "method": "GET",
          "body": null
        },
        {
          "url": "http://127.0.0.1:62654/_astro/i18n.Cg_lCJuc.js",
          "method": "GET",
          "body": null
        },
        {
          "url": "http://127.0.0.1:62654/_astro/CalculationReload.DXyGkRsn.js",
          "method": "GET",
          "body": null
        },
        {
          "url": "http://127.0.0.1:62654/_astro/astrology.BHib5efU.js",
          "method": "GET",
          "body": null
        },
        {
          "url": "http://127.0.0.1:62654/_astro/share.BRlg0eGS.js",
          "method": "GET",
          "body": null
        },
        {
          "url": "http://127.0.0.1:62654/_astro/chart-handoff.Dvz2AAcL.js",
          "method": "GET",
          "body": null
        },
        {
          "url": "http://127.0.0.1:62654/_astro/useProfileAccessGeneration.w2JLb1F6.js",
          "method": "GET",
          "body": null
        },
        {
          "url": "http://127.0.0.1:62654/_astro/useEngine.BxQZzCQs.js",
          "method": "GET",
          "body": null
        },
        {
          "url": "http://127.0.0.1:62654/_astro/BirthFields.VmY_J4-2.js",
          "method": "GET",
          "body": null
        },
        {
          "url": "http://127.0.0.1:62654/_astro/localToUtc.lkZcCpbL.js",
          "method": "GET",
          "body": null
        },
        {
          "url": "http://127.0.0.1:62654/_astro/interpretations.BaZkYN67.js",
          "method": "GET",
          "body": null
        },
        {
          "url": "http://127.0.0.1:62654/_astro/AstroTerm.7K8SAipO.js",
          "method": "GET",
          "body": null
        },
        {
          "url": "http://127.0.0.1:62654/_astro/SignChip.Dx3tQVZl.js",
          "method": "GET",
          "body": null
        },
        {
          "url": "http://127.0.0.1:62654/_astro/AspectGlyph.DMIAGIQV.js",
          "method": "GET",
          "body": null
        },
        {
          "url": "http://127.0.0.1:62654/_astro/Wheel.RNRSqGob.js",
          "method": "GET",
          "body": null
        },
        {
          "url": "http://127.0.0.1:62654/_astro/dignities.BycBkP8Y.js",
          "method": "GET",
          "body": null
        },
        {
          "url": "http://127.0.0.1:62654/_astro/houses.DhEjqPPf.js",
          "method": "GET",
          "body": null
        },
        {
          "url": "http://127.0.0.1:62654/_astro/technical-layout.DQIjXHHb.js",
          "method": "GET",
          "body": null
        },
        {
          "url": "http://127.0.0.1:62654/_astro/lite.DKWHZC5_.js",
          "method": "GET",
          "body": null
        },
        {
          "url": "http://127.0.0.1:62654/_astro/learning-input-identity.C-WLv51I.js",
          "method": "GET",
          "body": null
        },
        {
          "url": "http://127.0.0.1:62654/_astro/post-chart-context.BZ1tHGpl.js",
          "method": "GET",
          "body": null
        },
        {
          "url": "http://127.0.0.1:62654/_astro/chunk-INI453VG.BxjMUPBs.js",
          "method": "GET",
          "body": null
        },
        {
          "url": "http://127.0.0.1:62654/_astro/rolldown-runtime.DK3Fl9T5.js",
          "method": "GET",
          "body": null
        },
        {
          "url": "http://127.0.0.1:62654/_astro/civil-date.CpOZUt7Z.js",
          "method": "GET",
          "body": null
        },
        {
          "url": "http://127.0.0.1:62654/_astro/technical-locales.DDKucXXd.js",
          "method": "GET",
          "body": null
        },
        {
          "url": "http://127.0.0.1:62654/_astro/paths.DYbAuceH.js",
          "method": "GET",
          "body": null
        },
        {
          "url": "http://127.0.0.1:62654/_astro/PlaceSearch.D1WsU_jW.js",
          "method": "GET",
          "body": null
        },
        {
          "url": "http://127.0.0.1:62654/_astro/chart-signature.-is-2T7w.js",
          "method": "GET",
          "body": null
        },
        {
          "url": "http://127.0.0.1:62654/_astro/natal.D7JKDSdx.js",
          "method": "GET",
          "body": null
        },
        {
          "url": "http://127.0.0.1:62654/_astro/synastry.rhUg9_9F.js",
          "method": "GET",
          "body": null
        },
        {
          "url": "http://127.0.0.1:62654/_astro/aspects.BNC-J2iD.js",
          "method": "GET",
          "body": null
        },
        {
          "url": "http://127.0.0.1:62654/_astro/compat.Bjc3uaB7.js",
          "method": "GET",
          "body": null
        },
        {
          "url": "http://127.0.0.1:62654/_astro/ChartActionDock.DLS2UbgE.js",
          "method": "GET",
          "body": null
        },
        {
          "url": "http://127.0.0.1:62654/_astro/LearningPractice.CSqTNZrv.js",
          "method": "GET",
          "body": null
        },
        {
          "url": "http://127.0.0.1:62654/_astro/chart-context-copy.UBOz97Jz.js",
          "method": "GET",
          "body": null
        },
        {
          "url": "http://127.0.0.1:62654/_astro/AspectPatternFeature.DkxQP4nT.js",
          "method": "GET",
          "body": null
        },
        {
          "url": "http://127.0.0.1:62654/_astro/use-learning-sources.CF4htVRf.js",
          "method": "GET",
          "body": null
        },
        {
          "url": "http://127.0.0.1:62654/_astro/schema.DqKqbGHb.js",
          "method": "GET",
          "body": null
        },
        {
          "url": "http://127.0.0.1:62654/_astro/read-store.X7Oz9YN7.js",
          "method": "GET",
          "body": null
        },
        {
          "url": "http://127.0.0.1:62654/_astro/full.DXD_oWB0.js",
          "method": "GET",
          "body": null
        },
        {
          "url": "http://127.0.0.1:62654/_astro/chart-adapter.DdfW9XjH.js",
          "method": "GET",
          "body": null
        },
        {
          "url": "http://127.0.0.1:62654/_astro/calculator-receipt.DqIFvBmX.js",
          "method": "GET",
          "body": null
        },
        {
          "url": "http://127.0.0.1:62654/assets/app-icons/v3/favicon.svg",
          "method": "GET",
          "body": null
        },
        {
          "url": "http://127.0.0.1:62654/_astro/PositionsShareSurface.Eb3pENdV.js",
          "method": "GET",
          "body": null
        },
        {
          "url": "http://127.0.0.1:62654/_astro/share-positions.D3o0ugj4.js",
          "method": "GET",
          "body": null
        },
        {
          "url": "http://127.0.0.1:62654/_astro/share-card.BvVC0EVI.js",
          "method": "GET",
          "body": null
        },
        {
          "url": "http://127.0.0.1:62654/_astro/share-card-brand.CJKZtcRK.js",
          "method": "GET",
          "body": null
        },
        {
          "url": "http://127.0.0.1:62654/_astro/share-card-copy.D0c42nic.js",
          "method": "GET",
          "body": null
        },
        {
          "url": "http://127.0.0.1:62654/_astro/CalendarSubscribe.DXtj1Bbr.js",
          "method": "GET",
          "body": null
        },
        {
          "url": "http://127.0.0.1:62654/_astro/CommunicationRead.DXWBG2sR.js",
          "method": "GET",
          "body": null
        },
        {
          "url": "http://127.0.0.1:62654/_astro/ApproachRead.DjvvCuNe.js",
          "method": "GET",
          "body": null
        },
        {
          "url": "http://127.0.0.1:62654/_astro/PwaInstallPrompt.BCohgdPv.js",
          "method": "GET",
          "body": null
        },
        {
          "url": "http://127.0.0.1:62654/_astro/a2hs.WonhOqdm.js",
          "method": "GET",
          "body": null
        },
        {
          "url": "http://127.0.0.1:62654/assets/zodiac-icons/128/gemini.avif",
          "method": "GET",
          "body": null
        },
        {
          "url": "http://127.0.0.1:62654/assets/zodiac-icons/128/pisces.avif",
          "method": "GET",
          "body": null
        },
        {
          "url": "http://127.0.0.1:62654/assets/zodiac-icons/128/libra.avif",
          "method": "GET",
          "body": null
        },
        {
          "url": "http://127.0.0.1:62654/assets/zodiac-icons/128/aries.webp",
          "method": "GET",
          "body": null
        },
        {
          "url": "http://127.0.0.1:62654/assets/zodiac-icons/128/taurus.webp",
          "method": "GET",
          "body": null
        },
        {
          "url": "http://127.0.0.1:62654/assets/zodiac-icons/128/gemini.webp",
          "method": "GET",
          "body": null
        },
        {
          "url": "http://127.0.0.1:62654/assets/zodiac-icons/128/cancer.webp",
          "method": "GET",
          "body": null
        },
        {
          "url": "http://127.0.0.1:62654/assets/zodiac-icons/128/leo.webp",
          "method": "GET",
          "body": null
        },
        {
          "url": "http://127.0.0.1:62654/assets/zodiac-icons/128/virgo.webp",
          "method": "GET",
          "body": null
        },
        {
          "url": "http://127.0.0.1:62654/assets/zodiac-icons/128/libra.webp",
          "method": "GET",
          "body": null
        },
        {
          "url": "http://127.0.0.1:62654/assets/zodiac-icons/128/scorpio.webp",
          "method": "GET",
          "body": null
        },
        {
          "url": "http://127.0.0.1:62654/assets/zodiac-icons/128/sagittarius.webp",
          "method": "GET",
          "body": null
        },
        {
          "url": "http://127.0.0.1:62654/assets/zodiac-icons/128/capricorn.webp",
          "method": "GET",
          "body": null
        },
        {
          "url": "http://127.0.0.1:62654/assets/zodiac-icons/128/aquarius.webp",
          "method": "GET",
          "body": null
        },
        {
          "url": "http://127.0.0.1:62654/assets/zodiac-icons/128/pisces.webp",
          "method": "GET",
          "body": null
        },
        {
          "url": "http://127.0.0.1:62654/_astro/store.DKqN0snE.js",
          "method": "GET",
          "body": null
        },
        {
          "url": "http://127.0.0.1:62654/_astro/deletions.DUQYISzq.js",
          "method": "GET",
          "body": null
        },
        {
          "url": "http://127.0.0.1:62654/assets/zodiac-icons/128/aries.webp",
          "method": "GET",
          "body": null
        },
        {
          "url": "http://127.0.0.1:62654/assets/zodiac-icons/128/taurus.webp",
          "method": "GET",
          "body": null
        },
        {
          "url": "http://127.0.0.1:62654/assets/zodiac-icons/128/gemini.webp",
          "method": "GET",
          "body": null
        },
        {
          "url": "http://127.0.0.1:62654/assets/zodiac-icons/128/cancer.webp",
          "method": "GET",
          "body": null
        },
        {
          "url": "http://127.0.0.1:62654/assets/zodiac-icons/128/leo.webp",
          "method": "GET",
          "body": null
        },
        {
          "url": "http://127.0.0.1:62654/assets/zodiac-icons/128/virgo.webp",
          "method": "GET",
          "body": null
        },
        {
          "url": "http://127.0.0.1:62654/assets/zodiac-icons/128/libra.webp",
          "method": "GET",
          "body": null
        },
        {
          "url": "http://127.0.0.1:62654/assets/zodiac-icons/128/scorpio.webp",
          "method": "GET",
          "body": null
        },
        {
          "url": "http://127.0.0.1:62654/assets/zodiac-icons/128/sagittarius.webp",
          "method": "GET",
          "body": null
        },
        {
          "url": "http://127.0.0.1:62654/assets/zodiac-icons/128/capricorn.webp",
          "method": "GET",
          "body": null
        },
        {
          "url": "http://127.0.0.1:62654/assets/zodiac-icons/128/aquarius.webp",
          "method": "GET",
          "body": null
        },
        {
          "url": "http://127.0.0.1:62654/assets/zodiac-icons/128/pisces.webp",
          "method": "GET",
          "body": null
        },
        {
          "url": "http://127.0.0.1:62654/assets/zodiac-icons/128/libra.webp",
          "method": "GET",
          "body": null
        },
        {
          "url": "http://127.0.0.1:62654/assets/zodiac-icons/128/gemini.webp",
          "method": "GET",
          "body": null
        },
        {
          "url": "http://127.0.0.1:62654/assets/zodiac-icons/128/pisces.webp",
          "method": "GET",
          "body": null
        },
        {
          "url": "http://127.0.0.1:62654/assets/zodiac-icons/128/aries.webp",
          "method": "GET",
          "body": null
        },
        {
          "url": "http://127.0.0.1:62654/assets/zodiac-icons/128/gemini.webp",
          "method": "GET",
          "body": null
        },
        {
          "url": "http://127.0.0.1:62654/assets/zodiac-icons/128/pisces.webp",
          "method": "GET",
          "body": null
        },
        {
          "url": "http://127.0.0.1:62654/assets/zodiac-icons/128/aries.webp",
          "method": "GET",
          "body": null
        },
        {
          "url": "http://127.0.0.1:62654/fonts/eb-garamond-latin-400-italic.woff2",
          "method": "GET",
          "body": null
        },
        {
          "url": "http://127.0.0.1:62654/assets/app-icons/v3/icon-512.png",
          "method": "GET",
          "body": null
        },
        {
          "url": "blob:http://127.0.0.1:62654/156e968a-0827-42ba-b4b7-726408eab948",
          "method": "GET",
          "body": null
        },
        {
          "url": "http://127.0.0.1:62654/assets/app-icons/v3/icon-512.png",
          "method": "GET",
          "body": null
        },
        {
          "url": "http://127.0.0.1:62654/assets/app-icons/v3/icon-512.png",
          "method": "GET",
          "body": null
        },
        {
          "url": "http://127.0.0.1:62654/assets/site-footer.css",
          "method": "GET",
          "body": null
        },
        {
          "url": "http://127.0.0.1:62654/assets/zodiac-icons/48/libra.avif",
          "method": "GET",
          "body": null
        },
        {
          "url": "http://127.0.0.1:62654/assets/zodiac-icons/48/gemini.avif",
          "method": "GET",
          "body": null
        },
        {
          "url": "http://127.0.0.1:62654/assets/zodiac-icons/48/pisces.avif",
          "method": "GET",
          "body": null
        },
        {
          "url": "http://127.0.0.1:62654/assets/zodiac-icons/48/aries.avif",
          "method": "GET",
          "body": null
        },
        {
          "url": "http://127.0.0.1:62654/assets/zodiac-icons/48/leo.avif",
          "method": "GET",
          "body": null
        },
        {
          "url": "http://127.0.0.1:62654/assets/zodiac-icons/128/leo.avif",
          "method": "GET",
          "body": null
        },
        {
          "url": "http://127.0.0.1:62654/assets/zodiac-icons/128/libra.webp",
          "method": "GET",
          "body": null
        },
        {
          "url": "http://127.0.0.1:62654/assets/zodiac-icons/128/gemini.webp",
          "method": "GET",
          "body": null
        },
        {
          "url": "http://127.0.0.1:62654/assets/zodiac-icons/128/leo.webp",
          "method": "GET",
          "body": null
        },
        {
          "url": "http://127.0.0.1:62654/assets/zodiac-icons/128/leo.webp",
          "method": "GET",
          "body": null
        },
        {
          "url": "http://127.0.0.1:62654/assets/zodiac-icons/128/gemini.webp",
          "method": "GET",
          "body": null
        },
        {
          "url": "http://127.0.0.1:62654/assets/zodiac-icons/128/leo.webp",
          "method": "GET",
          "body": null
        },
        {
          "url": "http://127.0.0.1:62654/assets/zodiac-icons/128/leo.webp",
          "method": "GET",
          "body": null
        },
        {
          "url": "blob:http://127.0.0.1:62654/42d7648d-1b71-415c-98f1-a4f88f99ddbc",
          "method": "GET",
          "body": null
        },
        {
          "url": "http://127.0.0.1:62654/assets/assistant-ui.js?v=ask-guide-3",
          "method": "GET",
          "body": null
        },
        {
          "url": "http://127.0.0.1:62654/assets/assistant-ui.css?v=ask-guide-3",
          "method": "GET",
          "body": null
        },
        {
          "url": "http://127.0.0.1:62654/assets/app-icons/v3/icon-512.png",
          "method": "GET",
          "body": null
        },
        {
          "url": "http://127.0.0.1:62654/assets/app-icons/v3/icon-512.png",
          "method": "GET",
          "body": null
        },
        {
          "url": "http://127.0.0.1:62654/assets/app-icons/v3/icon-512.png",
          "method": "GET",
          "body": null
        },
        {
          "url": "http://127.0.0.1:62654/assets/guide-avatar.webp",
          "method": "GET",
          "body": null
        }
      ]
    },
    {
      "name": "positions-only-has-no-receipt",
      "status": "failed",
      "error": "AssertionError [ERR_ASSERTION]: Expected values to be strictly equal:\n\n1 !== 0\n",
      "stack": "AssertionError [ERR_ASSERTION]: Expected values to be strictly equal:\n\n1 !== 0\n\n    at file:///private/tmp/zodiacs-platform-site-receipt-export-review/browser/run.mjs:27:314\n    at async check (file:///private/tmp/zodiacs-platform-site-receipt-export-review/browser/run.mjs:21:90)\n    at async file:///private/tmp/zodiacs-platform-site-receipt-export-review/browser/run.mjs:27:1"
    },
    {
      "name": "locale-en",
      "status": "passed",
      "detail": {
        "label": "Download calculation receipt (.json)↓",
        "privacy": "This file contains sensitive birth details and chart data. Keep it private.",
        "keyboardDownload": true,
        "dimensions": {
          "width": 390,
          "scrollWidth": 390
        }
      },
      "observation": {
        "computed": 1,
        "writes": [
          {
            "key": "zodiacs.install.compute-count.v1"
          }
        ],
        "idbOpens": [],
        "urls": [
          {
            "url": "blob:http://127.0.0.1:62654/cd8d3bbe-a377-41c9-9683-daa9274220c4",
            "type": "image/svg+xml",
            "size": 161584
          },
          {
            "url": "blob:http://127.0.0.1:62654/db037012-c834-4b2f-baa2-6de77d7d862c",
            "type": "application/json;charset=utf-8",
            "size": 4753
          }
        ],
        "revoked": [
          "blob:http://127.0.0.1:62654/cd8d3bbe-a377-41c9-9683-daa9274220c4",
          "blob:http://127.0.0.1:62654/db037012-c834-4b2f-baa2-6de77d7d862c"
        ],
        "viewport": 390,
        "scrollWidth": 390,
        "clientWidth": 390,
        "overlay": false
      },
      "natalCalls": 1,
      "publicNatalCalls": 1,
      "pageErrors": [],
      "requests": [
        {
          "url": "http://127.0.0.1:62654/birth-chart/",
          "method": "GET",
          "body": null
        },
        {
          "url": "http://127.0.0.1:62654/fonts/instrument-sans-latin-wght-normal.woff2",
          "method": "GET",
          "body": null
        },
        {
          "url": "http://127.0.0.1:62654/fonts/eb-garamond-latin-400-normal.woff2",
          "method": "GET",
          "body": null
        },
        {
          "url": "http://127.0.0.1:62654/fonts/eb-garamond-latin-500-normal.woff2",
          "method": "GET",
          "body": null
        },
        {
          "url": "http://127.0.0.1:62654/_astro/Base.Bryss0yT.css",
          "method": "GET",
          "body": null
        },
        {
          "url": "http://127.0.0.1:62654/_astro/calculator.MBHg3tIV.css",
          "method": "GET",
          "body": null
        },
        {
          "url": "http://127.0.0.1:62654/_astro/explorer.ijMRUwvv.css",
          "method": "GET",
          "body": null
        },
        {
          "url": "http://127.0.0.1:62654/_astro/ChartActionDock.Cc8zzTbx.css",
          "method": "GET",
          "body": null
        },
        {
          "url": "http://127.0.0.1:62654/_astro/AstroTerm.astro_astro_type_script_index_0_lang.DB1iYTmP.js",
          "method": "GET",
          "body": null
        },
        {
          "url": "http://127.0.0.1:62654/fonts/jetbrains-mono-latin-wght-normal.woff2",
          "method": "GET",
          "body": null
        },
        {
          "url": "http://127.0.0.1:62654/_astro/preload-helper.L5lOfJxi.js",
          "method": "GET",
          "body": null
        },
        {
          "url": "http://127.0.0.1:62654/_astro/ChartCalculator.ChqyFlxy.js",
          "method": "GET",
          "body": null
        },
        {
          "url": "http://127.0.0.1:62654/_astro/client.DPkn9Lbl.js",
          "method": "GET",
          "body": null
        },
        {
          "url": "http://127.0.0.1:62654/_astro/context-help-client.BqVrBbz0.js",
          "method": "GET",
          "body": null
        },
        {
          "url": "http://127.0.0.1:62654/_astro/analytics.CH5T6e-b.js",
          "method": "GET",
          "body": null
        },
        {
          "url": "http://127.0.0.1:62654/_astro/preact.module.Bjq9tLsx.js",
          "method": "GET",
          "body": null
        },
        {
          "url": "http://127.0.0.1:62654/_astro/hooks.module.C0_8FjiD.js",
          "method": "GET",
          "body": null
        },
        {
          "url": "http://127.0.0.1:62654/_astro/profile-access-reader.DoQqlSjt.js",
          "method": "GET",
          "body": null
        },
        {
          "url": "http://127.0.0.1:62654/_astro/chunk-PD4H342X.BYuLx_KT.js",
          "method": "GET",
          "body": null
        },
        {
          "url": "http://127.0.0.1:62654/_astro/signs.BMXPKoMF.js",
          "method": "GET",
          "body": null
        },
        {
          "url": "http://127.0.0.1:62654/_astro/jsxRuntime.module.BG9KJlGc.js",
          "method": "GET",
          "body": null
        },
        {
          "url": "http://127.0.0.1:62654/_astro/PlanetGlyph.BhITbtcc.js",
          "method": "GET",
          "body": null
        },
        {
          "url": "http://127.0.0.1:62654/_astro/i18n.Cg_lCJuc.js",
          "method": "GET",
          "body": null
        },
        {
          "url": "http://127.0.0.1:62654/_astro/CalculationReload.DXyGkRsn.js",
          "method": "GET",
          "body": null
        },
        {
          "url": "http://127.0.0.1:62654/_astro/astrology.BHib5efU.js",
          "method": "GET",
          "body": null
        },
        {
          "url": "http://127.0.0.1:62654/_astro/share.BRlg0eGS.js",
          "method": "GET",
          "body": null
        },
        {
          "url": "http://127.0.0.1:62654/_astro/chart-handoff.Dvz2AAcL.js",
          "method": "GET",
          "body": null
        },
        {
          "url": "http://127.0.0.1:62654/_astro/useProfileAccessGeneration.w2JLb1F6.js",
          "method": "GET",
          "body": null
        },
        {
          "url": "http://127.0.0.1:62654/_astro/useEngine.BxQZzCQs.js",
          "method": "GET",
          "body": null
        },
        {
          "url": "http://127.0.0.1:62654/_astro/BirthFields.VmY_J4-2.js",
          "method": "GET",
          "body": null
        },
        {
          "url": "http://127.0.0.1:62654/_astro/localToUtc.lkZcCpbL.js",
          "method": "GET",
          "body": null
        },
        {
          "url": "http://127.0.0.1:62654/_astro/interpretations.BaZkYN67.js",
          "method": "GET",
          "body": null
        },
        {
          "url": "http://127.0.0.1:62654/_astro/AstroTerm.7K8SAipO.js",
          "method": "GET",
          "body": null
        },
        {
          "url": "http://127.0.0.1:62654/_astro/SignChip.Dx3tQVZl.js",
          "method": "GET",
          "body": null
        },
        {
          "url": "http://127.0.0.1:62654/_astro/AspectGlyph.DMIAGIQV.js",
          "method": "GET",
          "body": null
        },
        {
          "url": "http://127.0.0.1:62654/_astro/Wheel.RNRSqGob.js",
          "method": "GET",
          "body": null
        },
        {
          "url": "http://127.0.0.1:62654/_astro/dignities.BycBkP8Y.js",
          "method": "GET",
          "body": null
        },
        {
          "url": "http://127.0.0.1:62654/_astro/houses.DhEjqPPf.js",
          "method": "GET",
          "body": null
        },
        {
          "url": "http://127.0.0.1:62654/_astro/technical-layout.DQIjXHHb.js",
          "method": "GET",
          "body": null
        },
        {
          "url": "http://127.0.0.1:62654/_astro/lite.DKWHZC5_.js",
          "method": "GET",
          "body": null
        },
        {
          "url": "http://127.0.0.1:62654/_astro/learning-input-identity.C-WLv51I.js",
          "method": "GET",
          "body": null
        },
        {
          "url": "http://127.0.0.1:62654/_astro/post-chart-context.BZ1tHGpl.js",
          "method": "GET",
          "body": null
        },
        {
          "url": "http://127.0.0.1:62654/assets/app-icons/v3/favicon.svg",
          "method": "GET",
          "body": null
        },
        {
          "url": "http://127.0.0.1:62654/_astro/chunk-INI453VG.BxjMUPBs.js",
          "method": "GET",
          "body": null
        },
        {
          "url": "http://127.0.0.1:62654/_astro/paths.DYbAuceH.js",
          "method": "GET",
          "body": null
        },
        {
          "url": "http://127.0.0.1:62654/_astro/rolldown-runtime.DK3Fl9T5.js",
          "method": "GET",
          "body": null
        },
        {
          "url": "http://127.0.0.1:62654/_astro/civil-date.CpOZUt7Z.js",
          "method": "GET",
          "body": null
        },
        {
          "url": "http://127.0.0.1:62654/_astro/technical-locales.DDKucXXd.js",
          "method": "GET",
          "body": null
        },
        {
          "url": "http://127.0.0.1:62654/_astro/PlaceSearch.D1WsU_jW.js",
          "method": "GET",
          "body": null
        },
        {
          "url": "http://127.0.0.1:62654/_astro/chart-signature.-is-2T7w.js",
          "method": "GET",
          "body": null
        },
        {
          "url": "http://127.0.0.1:62654/_astro/natal.D7JKDSdx.js",
          "method": "GET",
          "body": null
        },
        {
          "url": "http://127.0.0.1:62654/_astro/synastry.rhUg9_9F.js",
          "method": "GET",
          "body": null
        },
        {
          "url": "http://127.0.0.1:62654/_astro/aspects.BNC-J2iD.js",
          "method": "GET",
          "body": null
        },
        {
          "url": "http://127.0.0.1:62654/_astro/compat.Bjc3uaB7.js",
          "method": "GET",
          "body": null
        },
        {
          "url": "http://127.0.0.1:62654/_astro/ChartActionDock.DLS2UbgE.js",
          "method": "GET",
          "body": null
        },
        {
          "url": "http://127.0.0.1:62654/_astro/LearningPractice.CSqTNZrv.js",
          "method": "GET",
          "body": null
        },
        {
          "url": "http://127.0.0.1:62654/_astro/chart-context-copy.UBOz97Jz.js",
          "method": "GET",
          "body": null
        },
        {
          "url": "http://127.0.0.1:62654/_astro/AspectPatternFeature.DkxQP4nT.js",
          "method": "GET",
          "body": null
        },
        {
          "url": "http://127.0.0.1:62654/_astro/use-learning-sources.CF4htVRf.js",
          "method": "GET",
          "body": null
        },
        {
          "url": "http://127.0.0.1:62654/_astro/schema.DqKqbGHb.js",
          "method": "GET",
          "body": null
        },
        {
          "url": "http://127.0.0.1:62654/_astro/read-store.X7Oz9YN7.js",
          "method": "GET",
          "body": null
        },
        {
          "url": "http://127.0.0.1:62654/_astro/full.DXD_oWB0.js",
          "method": "GET",
          "body": null
        },
        {
          "url": "http://127.0.0.1:62654/_astro/chart-adapter.DdfW9XjH.js",
          "method": "GET",
          "body": null
        },
        {
          "url": "http://127.0.0.1:62654/assets/app-icons/v3/favicon.svg",
          "method": "GET",
          "body": null
        },
        {
          "url": "http://127.0.0.1:62654/_astro/calculator-receipt.DqIFvBmX.js",
          "method": "GET",
          "body": null
        },
        {
          "url": "http://127.0.0.1:62654/_astro/PositionsShareSurface.Eb3pENdV.js",
          "method": "GET",
          "body": null
        },
        {
          "url": "http://127.0.0.1:62654/_astro/share-positions.D3o0ugj4.js",
          "method": "GET",
          "body": null
        },
        {
          "url": "http://127.0.0.1:62654/_astro/share-card.BvVC0EVI.js",
          "method": "GET",
          "body": null
        },
        {
          "url": "http://127.0.0.1:62654/_astro/share-card-brand.CJKZtcRK.js",
          "method": "GET",
          "body": null
        },
        {
          "url": "http://127.0.0.1:62654/_astro/share-card-copy.D0c42nic.js",
          "method": "GET",
          "body": null
        },
        {
          "url": "http://127.0.0.1:62654/_astro/CalendarSubscribe.DXtj1Bbr.js",
          "method": "GET",
          "body": null
        },
        {
          "url": "http://127.0.0.1:62654/_astro/CommunicationRead.DXWBG2sR.js",
          "method": "GET",
          "body": null
        },
        {
          "url": "http://127.0.0.1:62654/_astro/ApproachRead.DjvvCuNe.js",
          "method": "GET",
          "body": null
        },
        {
          "url": "http://127.0.0.1:62654/_astro/PwaInstallPrompt.BCohgdPv.js",
          "method": "GET",
          "body": null
        },
        {
          "url": "http://127.0.0.1:62654/_astro/a2hs.WonhOqdm.js",
          "method": "GET",
          "body": null
        },
        {
          "url": "http://127.0.0.1:62654/assets/zodiac-icons/128/gemini.avif",
          "method": "GET",
          "body": null
        },
        {
          "url": "http://127.0.0.1:62654/assets/zodiac-icons/128/pisces.avif",
          "method": "GET",
          "body": null
        },
        {
          "url": "http://127.0.0.1:62654/assets/zodiac-icons/128/libra.avif",
          "method": "GET",
          "body": null
        },
        {
          "url": "http://127.0.0.1:62654/assets/zodiac-icons/128/aries.webp",
          "method": "GET",
          "body": null
        },
        {
          "url": "http://127.0.0.1:62654/assets/zodiac-icons/128/taurus.webp",
          "method": "GET",
          "body": null
        },
        {
          "url": "http://127.0.0.1:62654/assets/zodiac-icons/128/gemini.webp",
          "method": "GET",
          "body": null
        },
        {
          "url": "http://127.0.0.1:62654/assets/zodiac-icons/128/cancer.webp",
          "method": "GET",
          "body": null
        },
        {
          "url": "http://127.0.0.1:62654/assets/zodiac-icons/128/leo.webp",
          "method": "GET",
          "body": null
        },
        {
          "url": "http://127.0.0.1:62654/assets/zodiac-icons/128/virgo.webp",
          "method": "GET",
          "body": null
        },
        {
          "url": "http://127.0.0.1:62654/assets/zodiac-icons/128/libra.webp",
          "method": "GET",
          "body": null
        },
        {
          "url": "http://127.0.0.1:62654/assets/zodiac-icons/128/scorpio.webp",
          "method": "GET",
          "body": null
        },
        {
          "url": "http://127.0.0.1:62654/assets/zodiac-icons/128/sagittarius.webp",
          "method": "GET",
          "body": null
        },
        {
          "url": "http://127.0.0.1:62654/assets/zodiac-icons/128/capricorn.webp",
          "method": "GET",
          "body": null
        },
        {
          "url": "http://127.0.0.1:62654/assets/zodiac-icons/128/aquarius.webp",
          "method": "GET",
          "body": null
        },
        {
          "url": "http://127.0.0.1:62654/assets/zodiac-icons/128/pisces.webp",
          "method": "GET",
          "body": null
        },
        {
          "url": "http://127.0.0.1:62654/_astro/store.DKqN0snE.js",
          "method": "GET",
          "body": null
        },
        {
          "url": "http://127.0.0.1:62654/_astro/deletions.DUQYISzq.js",
          "method": "GET",
          "body": null
        },
        {
          "url": "http://127.0.0.1:62654/assets/zodiac-icons/128/aries.webp",
          "method": "GET",
          "body": null
        },
        {
          "url": "http://127.0.0.1:62654/assets/zodiac-icons/128/taurus.webp",
          "method": "GET",
          "body": null
        },
        {
          "url": "http://127.0.0.1:62654/assets/zodiac-icons/128/gemini.webp",
          "method": "GET",
          "body": null
        },
        {
          "url": "http://127.0.0.1:62654/assets/zodiac-icons/128/cancer.webp",
          "method": "GET",
          "body": null
        },
        {
          "url": "http://127.0.0.1:62654/assets/zodiac-icons/128/leo.webp",
          "method": "GET",
          "body": null
        },
        {
          "url": "http://127.0.0.1:62654/assets/zodiac-icons/128/virgo.webp",
          "method": "GET",
          "body": null
        },
        {
          "url": "http://127.0.0.1:62654/assets/zodiac-icons/128/libra.webp",
          "method": "GET",
          "body": null
        },
        {
          "url": "http://127.0.0.1:62654/assets/zodiac-icons/128/scorpio.webp",
          "method": "GET",
          "body": null
        },
        {
          "url": "http://127.0.0.1:62654/assets/zodiac-icons/128/sagittarius.webp",
          "method": "GET",
          "body": null
        },
        {
          "url": "http://127.0.0.1:62654/assets/zodiac-icons/128/capricorn.webp",
          "method": "GET",
          "body": null
        },
        {
          "url": "http://127.0.0.1:62654/assets/zodiac-icons/128/aquarius.webp",
          "method": "GET",
          "body": null
        },
        {
          "url": "http://127.0.0.1:62654/assets/zodiac-icons/128/pisces.webp",
          "method": "GET",
          "body": null
        },
        {
          "url": "http://127.0.0.1:62654/assets/zodiac-icons/128/gemini.webp",
          "method": "GET",
          "body": null
        },
        {
          "url": "http://127.0.0.1:62654/assets/zodiac-icons/128/pisces.webp",
          "method": "GET",
          "body": null
        },
        {
          "url": "http://127.0.0.1:62654/assets/zodiac-icons/128/aries.webp",
          "method": "GET",
          "body": null
        },
        {
          "url": "http://127.0.0.1:62654/assets/zodiac-icons/128/libra.webp",
          "method": "GET",
          "body": null
        },
        {
          "url": "http://127.0.0.1:62654/assets/zodiac-icons/128/gemini.webp",
          "method": "GET",
          "body": null
        },
        {
          "url": "http://127.0.0.1:62654/assets/zodiac-icons/128/pisces.webp",
          "method": "GET",
          "body": null
        },
        {
          "url": "http://127.0.0.1:62654/assets/zodiac-icons/128/aries.webp",
          "method": "GET",
          "body": null
        },
        {
          "url": "http://127.0.0.1:62654/fonts/eb-garamond-latin-400-italic.woff2",
          "method": "GET",
          "body": null
        },
        {
          "url": "http://127.0.0.1:62654/assets/app-icons/v3/icon-512.png",
          "method": "GET",
          "body": null
        },
        {
          "url": "blob:http://127.0.0.1:62654/cd8d3bbe-a377-41c9-9683-daa9274220c4",
          "method": "GET",
          "body": null
        },
        {
          "url": "http://127.0.0.1:62654/assets/app-icons/v3/icon-512.png",
          "method": "GET",
          "body": null
        },
        {
          "url": "http://127.0.0.1:62654/assets/app-icons/v3/icon-512.png",
          "method": "GET",
          "body": null
        },
        {
          "url": "http://127.0.0.1:62654/assets/zodiac-icons/48/gemini.avif",
          "method": "GET",
          "body": null
        },
        {
          "url": "http://127.0.0.1:62654/assets/zodiac-icons/48/pisces.avif",
          "method": "GET",
          "body": null
        },
        {
          "url": "http://127.0.0.1:62654/assets/zodiac-icons/48/aries.avif",
          "method": "GET",
          "body": null
        },
        {
          "url": "http://127.0.0.1:62654/assets/site-footer.css",
          "method": "GET",
          "body": null
        }
      ]
    },
    {
      "name": "locale-es",
      "status": "passed",
      "detail": {
        "label": "Descargar el registro del cálculo (.json)↓",
        "privacy": "Este archivo contiene datos de nacimiento sensibles y datos de la carta. Mantenlo privado.",
        "keyboardDownload": true,
        "dimensions": {
          "width": 390,
          "scrollWidth": 390
        }
      },
      "observation": {
        "computed": 1,
        "writes": [
          {
            "key": "zodiacs.install.compute-count.v1"
          }
        ],
        "idbOpens": [],
        "urls": [
          {
            "url": "blob:http://127.0.0.1:62654/449dfe3f-d9c4-4d19-8921-eb27808ef075",
            "type": "image/svg+xml",
            "size": 161584
          },
          {
            "url": "blob:http://127.0.0.1:62654/e8c36b93-e91c-454f-9ff7-93903ff6da51",
            "type": "application/json;charset=utf-8",
            "size": 4753
          }
        ],
        "revoked": [
          "blob:http://127.0.0.1:62654/449dfe3f-d9c4-4d19-8921-eb27808ef075",
          "blob:http://127.0.0.1:62654/e8c36b93-e91c-454f-9ff7-93903ff6da51"
        ],
        "viewport": 390,
        "scrollWidth": 390,
        "clientWidth": 390,
        "overlay": false
      },
      "natalCalls": 1,
      "publicNatalCalls": 1,
      "pageErrors": [],
      "requests": [
        {
          "url": "http://127.0.0.1:62654/es/birth-chart/",
          "method": "GET",
          "body": null
        },
        {
          "url": "http://127.0.0.1:62654/fonts/instrument-sans-latin-wght-normal.woff2",
          "method": "GET",
          "body": null
        },
        {
          "url": "http://127.0.0.1:62654/fonts/eb-garamond-latin-400-normal.woff2",
          "method": "GET",
          "body": null
        },
        {
          "url": "http://127.0.0.1:62654/fonts/eb-garamond-latin-500-normal.woff2",
          "method": "GET",
          "body": null
        },
        {
          "url": "http://127.0.0.1:62654/_astro/Base.Bryss0yT.css",
          "method": "GET",
          "body": null
        },
        {
          "url": "http://127.0.0.1:62654/_astro/calculator.MBHg3tIV.css",
          "method": "GET",
          "body": null
        },
        {
          "url": "http://127.0.0.1:62654/_astro/explorer.ijMRUwvv.css",
          "method": "GET",
          "body": null
        },
        {
          "url": "http://127.0.0.1:62654/_astro/ChartActionDock.Cc8zzTbx.css",
          "method": "GET",
          "body": null
        },
        {
          "url": "http://127.0.0.1:62654/fonts/jetbrains-mono-latin-wght-normal.woff2",
          "method": "GET",
          "body": null
        },
        {
          "url": "http://127.0.0.1:62654/_astro/ChartCalculator.ChqyFlxy.js",
          "method": "GET",
          "body": null
        },
        {
          "url": "http://127.0.0.1:62654/_astro/client.DPkn9Lbl.js",
          "method": "GET",
          "body": null
        },
        {
          "url": "http://127.0.0.1:62654/assets/app-icons/v3/favicon.svg",
          "method": "GET",
          "body": null
        },
        {
          "url": "http://127.0.0.1:62654/_astro/preload-helper.L5lOfJxi.js",
          "method": "GET",
          "body": null
        },
        {
          "url": "http://127.0.0.1:62654/_astro/preact.module.Bjq9tLsx.js",
          "method": "GET",
          "body": null
        },
        {
          "url": "http://127.0.0.1:62654/_astro/hooks.module.C0_8FjiD.js",
          "method": "GET",
          "body": null
        },
        {
          "url": "http://127.0.0.1:62654/_astro/profile-access-reader.DoQqlSjt.js",
          "method": "GET",
          "body": null
        },
        {
          "url": "http://127.0.0.1:62654/_astro/chunk-PD4H342X.BYuLx_KT.js",
          "method": "GET",
          "body": null
        },
        {
          "url": "http://127.0.0.1:62654/_astro/signs.BMXPKoMF.js",
          "method": "GET",
          "body": null
        },
        {
          "url": "http://127.0.0.1:62654/_astro/jsxRuntime.module.BG9KJlGc.js",
          "method": "GET",
          "body": null
        },
        {
          "url": "http://127.0.0.1:62654/_astro/PlanetGlyph.BhITbtcc.js",
          "method": "GET",
          "body": null
        },
        {
          "url": "http://127.0.0.1:62654/_astro/i18n.Cg_lCJuc.js",
          "method": "GET",
          "body": null
        },
        {
          "url": "http://127.0.0.1:62654/_astro/CalculationReload.DXyGkRsn.js",
          "method": "GET",
          "body": null
        },
        {
          "url": "http://127.0.0.1:62654/_astro/astrology.BHib5efU.js",
          "method": "GET",
          "body": null
        },
        {
          "url": "http://127.0.0.1:62654/_astro/share.BRlg0eGS.js",
          "method": "GET",
          "body": null
        },
        {
          "url": "http://127.0.0.1:62654/_astro/chart-handoff.Dvz2AAcL.js",
          "method": "GET",
          "body": null
        },
        {
          "url": "http://127.0.0.1:62654/_astro/useProfileAccessGeneration.w2JLb1F6.js",
          "method": "GET",
          "body": null
        },
        {
          "url": "http://127.0.0.1:62654/_astro/useEngine.BxQZzCQs.js",
          "method": "GET",
          "body": null
        },
        {
          "url": "http://127.0.0.1:62654/_astro/BirthFields.VmY_J4-2.js",
          "method": "GET",
          "body": null
        },
        {
          "url": "http://127.0.0.1:62654/_astro/localToUtc.lkZcCpbL.js",
          "method": "GET",
          "body": null
        },
        {
          "url": "http://127.0.0.1:62654/_astro/interpretations.BaZkYN67.js",
          "method": "GET",
          "body": null
        },
        {
          "url": "http://127.0.0.1:62654/_astro/AstroTerm.7K8SAipO.js",
          "method": "GET",
          "body": null
        },
        {
          "url": "http://127.0.0.1:62654/_astro/SignChip.Dx3tQVZl.js",
          "method": "GET",
          "body": null
        },
        {
          "url": "http://127.0.0.1:62654/_astro/AspectGlyph.DMIAGIQV.js",
          "method": "GET",
          "body": null
        },
        {
          "url": "http://127.0.0.1:62654/_astro/Wheel.RNRSqGob.js",
          "method": "GET",
          "body": null
        },
        {
          "url": "http://127.0.0.1:62654/_astro/dignities.BycBkP8Y.js",
          "method": "GET",
          "body": null
        },
        {
          "url": "http://127.0.0.1:62654/_astro/houses.DhEjqPPf.js",
          "method": "GET",
          "body": null
        },
        {
          "url": "http://127.0.0.1:62654/_astro/technical-layout.DQIjXHHb.js",
          "method": "GET",
          "body": null
        },
        {
          "url": "http://127.0.0.1:62654/_astro/lite.DKWHZC5_.js",
          "method": "GET",
          "body": null
        },
        {
          "url": "http://127.0.0.1:62654/_astro/learning-input-identity.C-WLv51I.js",
          "method": "GET",
          "body": null
        },
        {
          "url": "http://127.0.0.1:62654/_astro/analytics.CH5T6e-b.js",
          "method": "GET",
          "body": null
        },
        {
          "url": "http://127.0.0.1:62654/_astro/post-chart-context.BZ1tHGpl.js",
          "method": "GET",
          "body": null
        },
        {
          "url": "http://127.0.0.1:62654/_astro/chunk-INI453VG.BxjMUPBs.js",
          "method": "GET",
          "body": null
        },
        {
          "url": "http://127.0.0.1:62654/_astro/rolldown-runtime.DK3Fl9T5.js",
          "method": "GET",
          "body": null
        },
        {
          "url": "http://127.0.0.1:62654/_astro/civil-date.CpOZUt7Z.js",
          "method": "GET",
          "body": null
        },
        {
          "url": "http://127.0.0.1:62654/_astro/technical-locales.DDKucXXd.js",
          "method": "GET",
          "body": null
        },
        {
          "url": "http://127.0.0.1:62654/_astro/paths.DYbAuceH.js",
          "method": "GET",
          "body": null
        },
        {
          "url": "http://127.0.0.1:62654/_astro/PlaceSearch.D1WsU_jW.js",
          "method": "GET",
          "body": null
        },
        {
          "url": "http://127.0.0.1:62654/_astro/ChartActionDock.DLS2UbgE.js",
          "method": "GET",
          "body": null
        },
        {
          "url": "http://127.0.0.1:62654/_astro/LearningPractice.CSqTNZrv.js",
          "method": "GET",
          "body": null
        },
        {
          "url": "http://127.0.0.1:62654/_astro/natal.D7JKDSdx.js",
          "method": "GET",
          "body": null
        },
        {
          "url": "http://127.0.0.1:62654/_astro/synastry.rhUg9_9F.js",
          "method": "GET",
          "body": null
        },
        {
          "url": "http://127.0.0.1:62654/_astro/aspects.BNC-J2iD.js",
          "method": "GET",
          "body": null
        },
        {
          "url": "http://127.0.0.1:62654/_astro/compat.Bjc3uaB7.js",
          "method": "GET",
          "body": null
        },
        {
          "url": "http://127.0.0.1:62654/_astro/chart-context-copy.UBOz97Jz.js",
          "method": "GET",
          "body": null
        },
        {
          "url": "http://127.0.0.1:62654/_astro/AspectPatternFeature.DkxQP4nT.js",
          "method": "GET",
          "body": null
        },
        {
          "url": "http://127.0.0.1:62654/_astro/use-learning-sources.CF4htVRf.js",
          "method": "GET",
          "body": null
        },
        {
          "url": "http://127.0.0.1:62654/_astro/schema.DqKqbGHb.js",
          "method": "GET",
          "body": null
        },
        {
          "url": "http://127.0.0.1:62654/_astro/read-store.X7Oz9YN7.js",
          "method": "GET",
          "body": null
        },
        {
          "url": "http://127.0.0.1:62654/_astro/full.DXD_oWB0.js",
          "method": "GET",
          "body": null
        },
        {
          "url": "http://127.0.0.1:62654/_astro/chart-adapter.DdfW9XjH.js",
          "method": "GET",
          "body": null
        },
        {
          "url": "http://127.0.0.1:62654/assets/app-icons/v3/favicon.svg",
          "method": "GET",
          "body": null
        },
        {
          "url": "http://127.0.0.1:62654/_astro/calculator-receipt.DqIFvBmX.js",
          "method": "GET",
          "body": null
        },
        {
          "url": "http://127.0.0.1:62654/_astro/PositionsShareSurface.Eb3pENdV.js",
          "method": "GET",
          "body": null
        },
        {
          "url": "http://127.0.0.1:62654/_astro/share-positions.D3o0ugj4.js",
          "method": "GET",
          "body": null
        },
        {
          "url": "http://127.0.0.1:62654/_astro/share-card.BvVC0EVI.js",
          "method": "GET",
          "body": null
        },
        {
          "url": "http://127.0.0.1:62654/_astro/share-card-brand.CJKZtcRK.js",
          "method": "GET",
          "body": null
        },
        {
          "url": "http://127.0.0.1:62654/_astro/share-card-copy.D0c42nic.js",
          "method": "GET",
          "body": null
        },
        {
          "url": "http://127.0.0.1:62654/_astro/chart-signature.-is-2T7w.js",
          "method": "GET",
          "body": null
        },
        {
          "url": "http://127.0.0.1:62654/_astro/CalendarSubscribe.DXtj1Bbr.js",
          "method": "GET",
          "body": null
        },
        {
          "url": "http://127.0.0.1:62654/_astro/PwaInstallPrompt.BCohgdPv.js",
          "method": "GET",
          "body": null
        },
        {
          "url": "http://127.0.0.1:62654/_astro/a2hs.WonhOqdm.js",
          "method": "GET",
          "body": null
        },
        {
          "url": "http://127.0.0.1:62654/assets/zodiac-icons/128/gemini.avif",
          "method": "GET",
          "body": null
        },
        {
          "url": "http://127.0.0.1:62654/assets/zodiac-icons/128/pisces.avif",
          "method": "GET",
          "body": null
        },
        {
          "url": "http://127.0.0.1:62654/assets/zodiac-icons/128/libra.avif",
          "method": "GET",
          "body": null
        },
        {
          "url": "http://127.0.0.1:62654/assets/zodiac-icons/128/aries.webp",
          "method": "GET",
          "body": null
        },
        {
          "url": "http://127.0.0.1:62654/assets/zodiac-icons/128/taurus.webp",
          "method": "GET",
          "body": null
        },
        {
          "url": "http://127.0.0.1:62654/assets/zodiac-icons/128/gemini.webp",
          "method": "GET",
          "body": null
        },
        {
          "url": "http://127.0.0.1:62654/assets/zodiac-icons/128/cancer.webp",
          "method": "GET",
          "body": null
        },
        {
          "url": "http://127.0.0.1:62654/assets/zodiac-icons/128/leo.webp",
          "method": "GET",
          "body": null
        },
        {
          "url": "http://127.0.0.1:62654/assets/zodiac-icons/128/virgo.webp",
          "method": "GET",
          "body": null
        },
        {
          "url": "http://127.0.0.1:62654/assets/zodiac-icons/128/libra.webp",
          "method": "GET",
          "body": null
        },
        {
          "url": "http://127.0.0.1:62654/assets/zodiac-icons/128/scorpio.webp",
          "method": "GET",
          "body": null
        },
        {
          "url": "http://127.0.0.1:62654/assets/zodiac-icons/128/sagittarius.webp",
          "method": "GET",
          "body": null
        },
        {
          "url": "http://127.0.0.1:62654/assets/zodiac-icons/128/capricorn.webp",
          "method": "GET",
          "body": null
        },
        {
          "url": "http://127.0.0.1:62654/assets/zodiac-icons/128/aquarius.webp",
          "method": "GET",
          "body": null
        },
        {
          "url": "http://127.0.0.1:62654/assets/zodiac-icons/128/pisces.webp",
          "method": "GET",
          "body": null
        },
        {
          "url": "http://127.0.0.1:62654/_astro/store.DKqN0snE.js",
          "method": "GET",
          "body": null
        },
        {
          "url": "http://127.0.0.1:62654/_astro/deletions.DUQYISzq.js",
          "method": "GET",
          "body": null
        },
        {
          "url": "http://127.0.0.1:62654/assets/zodiac-icons/128/aries.webp",
          "method": "GET",
          "body": null
        },
        {
          "url": "http://127.0.0.1:62654/assets/zodiac-icons/128/taurus.webp",
          "method": "GET",
          "body": null
        },
        {
          "url": "http://127.0.0.1:62654/assets/zodiac-icons/128/gemini.webp",
          "method": "GET",
          "body": null
        },
        {
          "url": "http://127.0.0.1:62654/assets/zodiac-icons/128/cancer.webp",
          "method": "GET",
          "body": null
        },
        {
          "url": "http://127.0.0.1:62654/assets/zodiac-icons/128/leo.webp",
          "method": "GET",
          "body": null
        },
        {
          "url": "http://127.0.0.1:62654/assets/zodiac-icons/128/virgo.webp",
          "method": "GET",
          "body": null
        },
        {
          "url": "http://127.0.0.1:62654/assets/zodiac-icons/128/libra.webp",
          "method": "GET",
          "body": null
        },
        {
          "url": "http://127.0.0.1:62654/assets/zodiac-icons/128/scorpio.webp",
          "method": "GET",
          "body": null
        },
        {
          "url": "http://127.0.0.1:62654/assets/zodiac-icons/128/sagittarius.webp",
          "method": "GET",
          "body": null
        },
        {
          "url": "http://127.0.0.1:62654/assets/zodiac-icons/128/capricorn.webp",
          "method": "GET",
          "body": null
        },
        {
          "url": "http://127.0.0.1:62654/assets/zodiac-icons/128/aquarius.webp",
          "method": "GET",
          "body": null
        },
        {
          "url": "http://127.0.0.1:62654/assets/zodiac-icons/128/pisces.webp",
          "method": "GET",
          "body": null
        },
        {
          "url": "http://127.0.0.1:62654/fonts/eb-garamond-latin-400-italic.woff2",
          "method": "GET",
          "body": null
        },
        {
          "url": "blob:http://127.0.0.1:62654/449dfe3f-d9c4-4d19-8921-eb27808ef075",
          "method": "GET",
          "body": null
        },
        {
          "url": "http://127.0.0.1:62654/assets/app-icons/v3/icon-512.png",
          "method": "GET",
          "body": null
        },
        {
          "url": "http://127.0.0.1:62654/assets/site-footer.css",
          "method": "GET",
          "body": null
        }
      ]
    },
    {
      "name": "locale-pt",
      "status": "passed",
      "detail": {
        "label": "Baixar o registro do cálculo (.json)↓",
        "privacy": "Este arquivo contém dados de nascimento sensíveis e dados do mapa. Mantenha-o privado.",
        "keyboardDownload": true,
        "dimensions": {
          "width": 390,
          "scrollWidth": 390
        }
      },
      "observation": {
        "computed": 1,
        "writes": [
          {
            "key": "zodiacs.install.compute-count.v1"
          }
        ],
        "idbOpens": [],
        "urls": [
          {
            "url": "blob:http://127.0.0.1:62654/3d3e5e5d-91f3-487b-b5f6-cfe730e51fed",
            "type": "image/svg+xml",
            "size": 161584
          },
          {
            "url": "blob:http://127.0.0.1:62654/e3b9b86b-46a4-48f3-9e89-83222f7fdb12",
            "type": "application/json;charset=utf-8",
            "size": 4753
          }
        ],
        "revoked": [
          "blob:http://127.0.0.1:62654/3d3e5e5d-91f3-487b-b5f6-cfe730e51fed",
          "blob:http://127.0.0.1:62654/e3b9b86b-46a4-48f3-9e89-83222f7fdb12"
        ],
        "viewport": 390,
        "scrollWidth": 390,
        "clientWidth": 390,
        "overlay": false
      },
      "natalCalls": 1,
      "publicNatalCalls": 1,
      "pageErrors": [],
      "requests": [
        {
          "url": "http://127.0.0.1:62654/pt/birth-chart/",
          "method": "GET",
          "body": null
        },
        {
          "url": "http://127.0.0.1:62654/fonts/instrument-sans-latin-wght-normal.woff2",
          "method": "GET",
          "body": null
        },
        {
          "url": "http://127.0.0.1:62654/fonts/eb-garamond-latin-400-normal.woff2",
          "method": "GET",
          "body": null
        },
        {
          "url": "http://127.0.0.1:62654/fonts/eb-garamond-latin-500-normal.woff2",
          "method": "GET",
          "body": null
        },
        {
          "url": "http://127.0.0.1:62654/_astro/Base.Bryss0yT.css",
          "method": "GET",
          "body": null
        },
        {
          "url": "http://127.0.0.1:62654/_astro/calculator.MBHg3tIV.css",
          "method": "GET",
          "body": null
        },
        {
          "url": "http://127.0.0.1:62654/_astro/explorer.ijMRUwvv.css",
          "method": "GET",
          "body": null
        },
        {
          "url": "http://127.0.0.1:62654/_astro/ChartActionDock.Cc8zzTbx.css",
          "method": "GET",
          "body": null
        },
        {
          "url": "http://127.0.0.1:62654/fonts/jetbrains-mono-latin-wght-normal.woff2",
          "method": "GET",
          "body": null
        },
        {
          "url": "http://127.0.0.1:62654/_astro/ChartCalculator.ChqyFlxy.js",
          "method": "GET",
          "body": null
        },
        {
          "url": "http://127.0.0.1:62654/_astro/client.DPkn9Lbl.js",
          "method": "GET",
          "body": null
        },
        {
          "url": "http://127.0.0.1:62654/_astro/preload-helper.L5lOfJxi.js",
          "method": "GET",
          "body": null
        },
        {
          "url": "http://127.0.0.1:62654/_astro/preact.module.Bjq9tLsx.js",
          "method": "GET",
          "body": null
        },
        {
          "url": "http://127.0.0.1:62654/_astro/hooks.module.C0_8FjiD.js",
          "method": "GET",
          "body": null
        },
        {
          "url": "http://127.0.0.1:62654/_astro/profile-access-reader.DoQqlSjt.js",
          "method": "GET",
          "body": null
        },
        {
          "url": "http://127.0.0.1:62654/_astro/chunk-PD4H342X.BYuLx_KT.js",
          "method": "GET",
          "body": null
        },
        {
          "url": "http://127.0.0.1:62654/_astro/signs.BMXPKoMF.js",
          "method": "GET",
          "body": null
        },
        {
          "url": "http://127.0.0.1:62654/_astro/jsxRuntime.module.BG9KJlGc.js",
          "method": "GET",
          "body": null
        },
        {
          "url": "http://127.0.0.1:62654/_astro/PlanetGlyph.BhITbtcc.js",
          "method": "GET",
          "body": null
        },
        {
          "url": "http://127.0.0.1:62654/_astro/i18n.Cg_lCJuc.js",
          "method": "GET",
          "body": null
        },
        {
          "url": "http://127.0.0.1:62654/_astro/CalculationReload.DXyGkRsn.js",
          "method": "GET",
          "body": null
        },
        {
          "url": "http://127.0.0.1:62654/_astro/astrology.BHib5efU.js",
          "method": "GET",
          "body": null
        },
        {
          "url": "http://127.0.0.1:62654/_astro/share.BRlg0eGS.js",
          "method": "GET",
          "body": null
        },
        {
          "url": "http://127.0.0.1:62654/_astro/chart-handoff.Dvz2AAcL.js",
          "method": "GET",
          "body": null
        },
        {
          "url": "http://127.0.0.1:62654/_astro/useProfileAccessGeneration.w2JLb1F6.js",
          "method": "GET",
          "body": null
        },
        {
          "url": "http://127.0.0.1:62654/_astro/useEngine.BxQZzCQs.js",
          "method": "GET",
          "body": null
        },
        {
          "url": "http://127.0.0.1:62654/_astro/BirthFields.VmY_J4-2.js",
          "method": "GET",
          "body": null
        },
        {
          "url": "http://127.0.0.1:62654/_astro/localToUtc.lkZcCpbL.js",
          "method": "GET",
          "body": null
        },
        {
          "url": "http://127.0.0.1:62654/_astro/interpretations.BaZkYN67.js",
          "method": "GET",
          "body": null
        },
        {
          "url": "http://127.0.0.1:62654/_astro/AstroTerm.7K8SAipO.js",
          "method": "GET",
          "body": null
        },
        {
          "url": "http://127.0.0.1:62654/_astro/SignChip.Dx3tQVZl.js",
          "method": "GET",
          "body": null
        },
        {
          "url": "http://127.0.0.1:62654/_astro/AspectGlyph.DMIAGIQV.js",
          "method": "GET",
          "body": null
        },
        {
          "url": "http://127.0.0.1:62654/_astro/Wheel.RNRSqGob.js",
          "method": "GET",
          "body": null
        },
        {
          "url": "http://127.0.0.1:62654/_astro/dignities.BycBkP8Y.js",
          "method": "GET",
          "body": null
        },
        {
          "url": "http://127.0.0.1:62654/_astro/houses.DhEjqPPf.js",
          "method": "GET",
          "body": null
        },
        {
          "url": "http://127.0.0.1:62654/_astro/technical-layout.DQIjXHHb.js",
          "method": "GET",
          "body": null
        },
        {
          "url": "http://127.0.0.1:62654/_astro/lite.DKWHZC5_.js",
          "method": "GET",
          "body": null
        },
        {
          "url": "http://127.0.0.1:62654/_astro/learning-input-identity.C-WLv51I.js",
          "method": "GET",
          "body": null
        },
        {
          "url": "http://127.0.0.1:62654/_astro/analytics.CH5T6e-b.js",
          "method": "GET",
          "body": null
        },
        {
          "url": "http://127.0.0.1:62654/_astro/post-chart-context.BZ1tHGpl.js",
          "method": "GET",
          "body": null
        },
        {
          "url": "http://127.0.0.1:62654/assets/app-icons/v3/favicon.svg",
          "method": "GET",
          "body": null
        },
        {
          "url": "http://127.0.0.1:62654/_astro/paths.DYbAuceH.js",
          "method": "GET",
          "body": null
        },
        {
          "url": "http://127.0.0.1:62654/_astro/chunk-INI453VG.BxjMUPBs.js",
          "method": "GET",
          "body": null
        },
        {
          "url": "http://127.0.0.1:62654/_astro/rolldown-runtime.DK3Fl9T5.js",
          "method": "GET",
          "body": null
        },
        {
          "url": "http://127.0.0.1:62654/_astro/civil-date.CpOZUt7Z.js",
          "method": "GET",
          "body": null
        },
        {
          "url": "http://127.0.0.1:62654/_astro/technical-locales.DDKucXXd.js",
          "method": "GET",
          "body": null
        },
        {
          "url": "http://127.0.0.1:62654/_astro/PlaceSearch.D1WsU_jW.js",
          "method": "GET",
          "body": null
        },
        {
          "url": "http://127.0.0.1:62654/_astro/ChartActionDock.DLS2UbgE.js",
          "method": "GET",
          "body": null
        },
        {
          "url": "http://127.0.0.1:62654/_astro/LearningPractice.CSqTNZrv.js",
          "method": "GET",
          "body": null
        },
        {
          "url": "http://127.0.0.1:62654/_astro/natal.D7JKDSdx.js",
          "method": "GET",
          "body": null
        },
        {
          "url": "http://127.0.0.1:62654/_astro/synastry.rhUg9_9F.js",
          "method": "GET",
          "body": null
        },
        {
          "url": "http://127.0.0.1:62654/_astro/aspects.BNC-J2iD.js",
          "method": "GET",
          "body": null
        },
        {
          "url": "http://127.0.0.1:62654/_astro/compat.Bjc3uaB7.js",
          "method": "GET",
          "body": null
        },
        {
          "url": "http://127.0.0.1:62654/_astro/chart-context-copy.UBOz97Jz.js",
          "method": "GET",
          "body": null
        },
        {
          "url": "http://127.0.0.1:62654/_astro/AspectPatternFeature.DkxQP4nT.js",
          "method": "GET",
          "body": null
        },
        {
          "url": "http://127.0.0.1:62654/_astro/use-learning-sources.CF4htVRf.js",
          "method": "GET",
          "body": null
        },
        {
          "url": "http://127.0.0.1:62654/_astro/schema.DqKqbGHb.js",
          "method": "GET",
          "body": null
        },
        {
          "url": "http://127.0.0.1:62654/_astro/read-store.X7Oz9YN7.js",
          "method": "GET",
          "body": null
        },
        {
          "url": "http://127.0.0.1:62654/_astro/full.DXD_oWB0.js",
          "method": "GET",
          "body": null
        },
        {
          "url": "http://127.0.0.1:62654/_astro/chart-adapter.DdfW9XjH.js",
          "method": "GET",
          "body": null
        },
        {
          "url": "http://127.0.0.1:62654/assets/app-icons/v3/favicon.svg",
          "method": "GET",
          "body": null
        },
        {
          "url": "http://127.0.0.1:62654/_astro/calculator-receipt.DqIFvBmX.js",
          "method": "GET",
          "body": null
        },
        {
          "url": "http://127.0.0.1:62654/_astro/PositionsShareSurface.Eb3pENdV.js",
          "method": "GET",
          "body": null
        },
        {
          "url": "http://127.0.0.1:62654/_astro/share-positions.D3o0ugj4.js",
          "method": "GET",
          "body": null
        },
        {
          "url": "http://127.0.0.1:62654/_astro/share-card.BvVC0EVI.js",
          "method": "GET",
          "body": null
        },
        {
          "url": "http://127.0.0.1:62654/_astro/share-card-brand.CJKZtcRK.js",
          "method": "GET",
          "body": null
        },
        {
          "url": "http://127.0.0.1:62654/_astro/share-card-copy.D0c42nic.js",
          "method": "GET",
          "body": null
        },
        {
          "url": "http://127.0.0.1:62654/_astro/chart-signature.-is-2T7w.js",
          "method": "GET",
          "body": null
        },
        {
          "url": "http://127.0.0.1:62654/_astro/CalendarSubscribe.DXtj1Bbr.js",
          "method": "GET",
          "body": null
        },
        {
          "url": "http://127.0.0.1:62654/_astro/PwaInstallPrompt.BCohgdPv.js",
          "method": "GET",
          "body": null
        },
        {
          "url": "http://127.0.0.1:62654/_astro/a2hs.WonhOqdm.js",
          "method": "GET",
          "body": null
        },
        {
          "url": "http://127.0.0.1:62654/assets/zodiac-icons/128/gemini.avif",
          "method": "GET",
          "body": null
        },
        {
          "url": "http://127.0.0.1:62654/assets/zodiac-icons/128/pisces.avif",
          "method": "GET",
          "body": null
        },
        {
          "url": "http://127.0.0.1:62654/assets/zodiac-icons/128/libra.avif",
          "method": "GET",
          "body": null
        },
        {
          "url": "http://127.0.0.1:62654/assets/zodiac-icons/128/aries.webp",
          "method": "GET",
          "body": null
        },
        {
          "url": "http://127.0.0.1:62654/assets/zodiac-icons/128/taurus.webp",
          "method": "GET",
          "body": null
        },
        {
          "url": "http://127.0.0.1:62654/assets/zodiac-icons/128/gemini.webp",
          "method": "GET",
          "body": null
        },
        {
          "url": "http://127.0.0.1:62654/assets/zodiac-icons/128/cancer.webp",
          "method": "GET",
          "body": null
        },
        {
          "url": "http://127.0.0.1:62654/assets/zodiac-icons/128/leo.webp",
          "method": "GET",
          "body": null
        },
        {
          "url": "http://127.0.0.1:62654/assets/zodiac-icons/128/virgo.webp",
          "method": "GET",
          "body": null
        },
        {
          "url": "http://127.0.0.1:62654/assets/zodiac-icons/128/libra.webp",
          "method": "GET",
          "body": null
        },
        {
          "url": "http://127.0.0.1:62654/assets/zodiac-icons/128/scorpio.webp",
          "method": "GET",
          "body": null
        },
        {
          "url": "http://127.0.0.1:62654/assets/zodiac-icons/128/sagittarius.webp",
          "method": "GET",
          "body": null
        },
        {
          "url": "http://127.0.0.1:62654/assets/zodiac-icons/128/capricorn.webp",
          "method": "GET",
          "body": null
        },
        {
          "url": "http://127.0.0.1:62654/assets/zodiac-icons/128/aquarius.webp",
          "method": "GET",
          "body": null
        },
        {
          "url": "http://127.0.0.1:62654/assets/zodiac-icons/128/pisces.webp",
          "method": "GET",
          "body": null
        },
        {
          "url": "http://127.0.0.1:62654/_astro/store.DKqN0snE.js",
          "method": "GET",
          "body": null
        },
        {
          "url": "http://127.0.0.1:62654/_astro/deletions.DUQYISzq.js",
          "method": "GET",
          "body": null
        },
        {
          "url": "http://127.0.0.1:62654/assets/zodiac-icons/128/aries.webp",
          "method": "GET",
          "body": null
        },
        {
          "url": "http://127.0.0.1:62654/assets/zodiac-icons/128/taurus.webp",
          "method": "GET",
          "body": null
        },
        {
          "url": "http://127.0.0.1:62654/assets/zodiac-icons/128/gemini.webp",
          "method": "GET",
          "body": null
        },
        {
          "url": "http://127.0.0.1:62654/assets/zodiac-icons/128/cancer.webp",
          "method": "GET",
          "body": null
        },
        {
          "url": "http://127.0.0.1:62654/assets/zodiac-icons/128/leo.webp",
          "method": "GET",
          "body": null
        },
        {
          "url": "http://127.0.0.1:62654/assets/zodiac-icons/128/virgo.webp",
          "method": "GET",
          "body": null
        },
        {
          "url": "http://127.0.0.1:62654/assets/zodiac-icons/128/libra.webp",
          "method": "GET",
          "body": null
        },
        {
          "url": "http://127.0.0.1:62654/assets/zodiac-icons/128/scorpio.webp",
          "method": "GET",
          "body": null
        },
        {
          "url": "http://127.0.0.1:62654/assets/zodiac-icons/128/sagittarius.webp",
          "method": "GET",
          "body": null
        },
        {
          "url": "http://127.0.0.1:62654/assets/zodiac-icons/128/capricorn.webp",
          "method": "GET",
          "body": null
        },
        {
          "url": "http://127.0.0.1:62654/assets/zodiac-icons/128/aquarius.webp",
          "method": "GET",
          "body": null
        },
        {
          "url": "http://127.0.0.1:62654/assets/zodiac-icons/128/pisces.webp",
          "method": "GET",
          "body": null
        },
        {
          "url": "http://127.0.0.1:62654/fonts/eb-garamond-latin-400-italic.woff2",
          "method": "GET",
          "body": null
        },
        {
          "url": "blob:http://127.0.0.1:62654/3d3e5e5d-91f3-487b-b5f6-cfe730e51fed",
          "method": "GET",
          "body": null
        },
        {
          "url": "http://127.0.0.1:62654/assets/app-icons/v3/icon-512.png",
          "method": "GET",
          "body": null
        },
        {
          "url": "http://127.0.0.1:62654/assets/site-footer.css",
          "method": "GET",
          "body": null
        }
      ]
    },
    {
      "name": "locale-fr",
      "status": "passed",
      "detail": {
        "label": "Télécharger le relevé du calcul (.json)↓",
        "privacy": "Ce fichier contient des données de naissance sensibles et les données du thème. Gardez-le privé.",
        "keyboardDownload": true,
        "dimensions": {
          "width": 390,
          "scrollWidth": 390
        }
      },
      "observation": {
        "computed": 1,
        "writes": [
          {
            "key": "zodiacs.install.compute-count.v1"
          }
        ],
        "idbOpens": [],
        "urls": [
          {
            "url": "blob:http://127.0.0.1:62654/5fcd2af8-1f61-4944-b5da-95c823303909",
            "type": "image/svg+xml",
            "size": 161584
          },
          {
            "url": "blob:http://127.0.0.1:62654/add40c8b-cb4a-401b-9adb-4832fed9ba2d",
            "type": "application/json;charset=utf-8",
            "size": 4753
          }
        ],
        "revoked": [
          "blob:http://127.0.0.1:62654/5fcd2af8-1f61-4944-b5da-95c823303909",
          "blob:http://127.0.0.1:62654/add40c8b-cb4a-401b-9adb-4832fed9ba2d"
        ],
        "viewport": 390,
        "scrollWidth": 390,
        "clientWidth": 390,
        "overlay": false
      },
      "natalCalls": 1,
      "publicNatalCalls": 1,
      "pageErrors": [],
      "requests": [
        {
          "url": "http://127.0.0.1:62654/fr/birth-chart/",
          "method": "GET",
          "body": null
        },
        {
          "url": "http://127.0.0.1:62654/fonts/instrument-sans-latin-wght-normal.woff2",
          "method": "GET",
          "body": null
        },
        {
          "url": "http://127.0.0.1:62654/fonts/eb-garamond-latin-400-normal.woff2",
          "method": "GET",
          "body": null
        },
        {
          "url": "http://127.0.0.1:62654/fonts/eb-garamond-latin-500-normal.woff2",
          "method": "GET",
          "body": null
        },
        {
          "url": "http://127.0.0.1:62654/_astro/Base.Bryss0yT.css",
          "method": "GET",
          "body": null
        },
        {
          "url": "http://127.0.0.1:62654/_astro/calculator.MBHg3tIV.css",
          "method": "GET",
          "body": null
        },
        {
          "url": "http://127.0.0.1:62654/_astro/explorer.ijMRUwvv.css",
          "method": "GET",
          "body": null
        },
        {
          "url": "http://127.0.0.1:62654/_astro/ChartActionDock.Cc8zzTbx.css",
          "method": "GET",
          "body": null
        },
        {
          "url": "http://127.0.0.1:62654/fonts/jetbrains-mono-latin-wght-normal.woff2",
          "method": "GET",
          "body": null
        },
        {
          "url": "http://127.0.0.1:62654/assets/app-icons/v3/favicon.svg",
          "method": "GET",
          "body": null
        },
        {
          "url": "http://127.0.0.1:62654/_astro/ChartCalculator.ChqyFlxy.js",
          "method": "GET",
          "body": null
        },
        {
          "url": "http://127.0.0.1:62654/_astro/client.DPkn9Lbl.js",
          "method": "GET",
          "body": null
        },
        {
          "url": "http://127.0.0.1:62654/_astro/preload-helper.L5lOfJxi.js",
          "method": "GET",
          "body": null
        },
        {
          "url": "http://127.0.0.1:62654/_astro/preact.module.Bjq9tLsx.js",
          "method": "GET",
          "body": null
        },
        {
          "url": "http://127.0.0.1:62654/_astro/hooks.module.C0_8FjiD.js",
          "method": "GET",
          "body": null
        },
        {
          "url": "http://127.0.0.1:62654/_astro/profile-access-reader.DoQqlSjt.js",
          "method": "GET",
          "body": null
        },
        {
          "url": "http://127.0.0.1:62654/_astro/chunk-PD4H342X.BYuLx_KT.js",
          "method": "GET",
          "body": null
        },
        {
          "url": "http://127.0.0.1:62654/_astro/signs.BMXPKoMF.js",
          "method": "GET",
          "body": null
        },
        {
          "url": "http://127.0.0.1:62654/_astro/jsxRuntime.module.BG9KJlGc.js",
          "method": "GET",
          "body": null
        },
        {
          "url": "http://127.0.0.1:62654/_astro/PlanetGlyph.BhITbtcc.js",
          "method": "GET",
          "body": null
        },
        {
          "url": "http://127.0.0.1:62654/_astro/i18n.Cg_lCJuc.js",
          "method": "GET",
          "body": null
        },
        {
          "url": "http://127.0.0.1:62654/_astro/CalculationReload.DXyGkRsn.js",
          "method": "GET",
          "body": null
        },
        {
          "url": "http://127.0.0.1:62654/_astro/astrology.BHib5efU.js",
          "method": "GET",
          "body": null
        },
        {
          "url": "http://127.0.0.1:62654/_astro/share.BRlg0eGS.js",
          "method": "GET",
          "body": null
        },
        {
          "url": "http://127.0.0.1:62654/_astro/chart-handoff.Dvz2AAcL.js",
          "method": "GET",
          "body": null
        },
        {
          "url": "http://127.0.0.1:62654/_astro/useProfileAccessGeneration.w2JLb1F6.js",
          "method": "GET",
          "body": null
        },
        {
          "url": "http://127.0.0.1:62654/_astro/useEngine.BxQZzCQs.js",
          "method": "GET",
          "body": null
        },
        {
          "url": "http://127.0.0.1:62654/_astro/BirthFields.VmY_J4-2.js",
          "method": "GET",
          "body": null
        },
        {
          "url": "http://127.0.0.1:62654/_astro/localToUtc.lkZcCpbL.js",
          "method": "GET",
          "body": null
        },
        {
          "url": "http://127.0.0.1:62654/_astro/interpretations.BaZkYN67.js",
          "method": "GET",
          "body": null
        },
        {
          "url": "http://127.0.0.1:62654/_astro/AstroTerm.7K8SAipO.js",
          "method": "GET",
          "body": null
        },
        {
          "url": "http://127.0.0.1:62654/_astro/SignChip.Dx3tQVZl.js",
          "method": "GET",
          "body": null
        },
        {
          "url": "http://127.0.0.1:62654/_astro/AspectGlyph.DMIAGIQV.js",
          "method": "GET",
          "body": null
        },
        {
          "url": "http://127.0.0.1:62654/_astro/Wheel.RNRSqGob.js",
          "method": "GET",
          "body": null
        },
        {
          "url": "http://127.0.0.1:62654/_astro/dignities.BycBkP8Y.js",
          "method": "GET",
          "body": null
        },
        {
          "url": "http://127.0.0.1:62654/_astro/houses.DhEjqPPf.js",
          "method": "GET",
          "body": null
        },
        {
          "url": "http://127.0.0.1:62654/_astro/technical-layout.DQIjXHHb.js",
          "method": "GET",
          "body": null
        },
        {
          "url": "http://127.0.0.1:62654/_astro/lite.DKWHZC5_.js",
          "method": "GET",
          "body": null
        },
        {
          "url": "http://127.0.0.1:62654/_astro/learning-input-identity.C-WLv51I.js",
          "method": "GET",
          "body": null
        },
        {
          "url": "http://127.0.0.1:62654/_astro/analytics.CH5T6e-b.js",
          "method": "GET",
          "body": null
        },
        {
          "url": "http://127.0.0.1:62654/_astro/post-chart-context.BZ1tHGpl.js",
          "method": "GET",
          "body": null
        },
        {
          "url": "http://127.0.0.1:62654/_astro/chunk-INI453VG.BxjMUPBs.js",
          "method": "GET",
          "body": null
        },
        {
          "url": "http://127.0.0.1:62654/_astro/paths.DYbAuceH.js",
          "method": "GET",
          "body": null
        },
        {
          "url": "http://127.0.0.1:62654/_astro/PlaceSearch.D1WsU_jW.js",
          "method": "GET",
          "body": null
        },
        {
          "url": "http://127.0.0.1:62654/_astro/rolldown-runtime.DK3Fl9T5.js",
          "method": "GET",
          "body": null
        },
        {
          "url": "http://127.0.0.1:62654/_astro/civil-date.CpOZUt7Z.js",
          "method": "GET",
          "body": null
        },
        {
          "url": "http://127.0.0.1:62654/_astro/technical-locales.DDKucXXd.js",
          "method": "GET",
          "body": null
        },
        {
          "url": "http://127.0.0.1:62654/_astro/ChartActionDock.DLS2UbgE.js",
          "method": "GET",
          "body": null
        },
        {
          "url": "http://127.0.0.1:62654/_astro/LearningPractice.CSqTNZrv.js",
          "method": "GET",
          "body": null
        },
        {
          "url": "http://127.0.0.1:62654/_astro/natal.D7JKDSdx.js",
          "method": "GET",
          "body": null
        },
        {
          "url": "http://127.0.0.1:62654/_astro/synastry.rhUg9_9F.js",
          "method": "GET",
          "body": null
        },
        {
          "url": "http://127.0.0.1:62654/_astro/aspects.BNC-J2iD.js",
          "method": "GET",
          "body": null
        },
        {
          "url": "http://127.0.0.1:62654/_astro/compat.Bjc3uaB7.js",
          "method": "GET",
          "body": null
        },
        {
          "url": "http://127.0.0.1:62654/_astro/chart-context-copy.UBOz97Jz.js",
          "method": "GET",
          "body": null
        },
        {
          "url": "http://127.0.0.1:62654/_astro/AspectPatternFeature.DkxQP4nT.js",
          "method": "GET",
          "body": null
        },
        {
          "url": "http://127.0.0.1:62654/_astro/use-learning-sources.CF4htVRf.js",
          "method": "GET",
          "body": null
        },
        {
          "url": "http://127.0.0.1:62654/_astro/schema.DqKqbGHb.js",
          "method": "GET",
          "body": null
        },
        {
          "url": "http://127.0.0.1:62654/_astro/read-store.X7Oz9YN7.js",
          "method": "GET",
          "body": null
        },
        {
          "url": "http://127.0.0.1:62654/_astro/full.DXD_oWB0.js",
          "method": "GET",
          "body": null
        },
        {
          "url": "http://127.0.0.1:62654/_astro/chart-adapter.DdfW9XjH.js",
          "method": "GET",
          "body": null
        },
        {
          "url": "http://127.0.0.1:62654/assets/app-icons/v3/favicon.svg",
          "method": "GET",
          "body": null
        },
        {
          "url": "http://127.0.0.1:62654/_astro/calculator-receipt.DqIFvBmX.js",
          "method": "GET",
          "body": null
        },
        {
          "url": "http://127.0.0.1:62654/_astro/PositionsShareSurface.Eb3pENdV.js",
          "method": "GET",
          "body": null
        },
        {
          "url": "http://127.0.0.1:62654/_astro/share-positions.D3o0ugj4.js",
          "method": "GET",
          "body": null
        },
        {
          "url": "http://127.0.0.1:62654/_astro/share-card.BvVC0EVI.js",
          "method": "GET",
          "body": null
        },
        {
          "url": "http://127.0.0.1:62654/_astro/share-card-brand.CJKZtcRK.js",
          "method": "GET",
          "body": null
        },
        {
          "url": "http://127.0.0.1:62654/_astro/share-card-copy.D0c42nic.js",
          "method": "GET",
          "body": null
        },
        {
          "url": "http://127.0.0.1:62654/_astro/chart-signature.-is-2T7w.js",
          "method": "GET",
          "body": null
        },
        {
          "url": "http://127.0.0.1:62654/_astro/CalendarSubscribe.DXtj1Bbr.js",
          "method": "GET",
          "body": null
        },
        {
          "url": "http://127.0.0.1:62654/_astro/PwaInstallPrompt.BCohgdPv.js",
          "method": "GET",
          "body": null
        },
        {
          "url": "http://127.0.0.1:62654/_astro/a2hs.WonhOqdm.js",
          "method": "GET",
          "body": null
        },
        {
          "url": "http://127.0.0.1:62654/assets/zodiac-icons/128/gemini.avif",
          "method": "GET",
          "body": null
        },
        {
          "url": "http://127.0.0.1:62654/assets/zodiac-icons/128/pisces.avif",
          "method": "GET",
          "body": null
        },
        {
          "url": "http://127.0.0.1:62654/assets/zodiac-icons/128/libra.avif",
          "method": "GET",
          "body": null
        },
        {
          "url": "http://127.0.0.1:62654/assets/zodiac-icons/128/aries.webp",
          "method": "GET",
          "body": null
        },
        {
          "url": "http://127.0.0.1:62654/assets/zodiac-icons/128/taurus.webp",
          "method": "GET",
          "body": null
        },
        {
          "url": "http://127.0.0.1:62654/assets/zodiac-icons/128/gemini.webp",
          "method": "GET",
          "body": null
        },
        {
          "url": "http://127.0.0.1:62654/assets/zodiac-icons/128/cancer.webp",
          "method": "GET",
          "body": null
        },
        {
          "url": "http://127.0.0.1:62654/assets/zodiac-icons/128/leo.webp",
          "method": "GET",
          "body": null
        },
        {
          "url": "http://127.0.0.1:62654/assets/zodiac-icons/128/virgo.webp",
          "method": "GET",
          "body": null
        },
        {
          "url": "http://127.0.0.1:62654/assets/zodiac-icons/128/libra.webp",
          "method": "GET",
          "body": null
        },
        {
          "url": "http://127.0.0.1:62654/assets/zodiac-icons/128/scorpio.webp",
          "method": "GET",
          "body": null
        },
        {
          "url": "http://127.0.0.1:62654/assets/zodiac-icons/128/sagittarius.webp",
          "method": "GET",
          "body": null
        },
        {
          "url": "http://127.0.0.1:62654/assets/zodiac-icons/128/capricorn.webp",
          "method": "GET",
          "body": null
        },
        {
          "url": "http://127.0.0.1:62654/assets/zodiac-icons/128/aquarius.webp",
          "method": "GET",
          "body": null
        },
        {
          "url": "http://127.0.0.1:62654/assets/zodiac-icons/128/pisces.webp",
          "method": "GET",
          "body": null
        },
        {
          "url": "http://127.0.0.1:62654/_astro/store.DKqN0snE.js",
          "method": "GET",
          "body": null
        },
        {
          "url": "http://127.0.0.1:62654/_astro/deletions.DUQYISzq.js",
          "method": "GET",
          "body": null
        },
        {
          "url": "http://127.0.0.1:62654/assets/zodiac-icons/128/aries.webp",
          "method": "GET",
          "body": null
        },
        {
          "url": "http://127.0.0.1:62654/assets/zodiac-icons/128/taurus.webp",
          "method": "GET",
          "body": null
        },
        {
          "url": "http://127.0.0.1:62654/assets/zodiac-icons/128/gemini.webp",
          "method": "GET",
          "body": null
        },
        {
          "url": "http://127.0.0.1:62654/assets/zodiac-icons/128/cancer.webp",
          "method": "GET",
          "body": null
        },
        {
          "url": "http://127.0.0.1:62654/assets/zodiac-icons/128/leo.webp",
          "method": "GET",
          "body": null
        },
        {
          "url": "http://127.0.0.1:62654/assets/zodiac-icons/128/virgo.webp",
          "method": "GET",
          "body": null
        },
        {
          "url": "http://127.0.0.1:62654/assets/zodiac-icons/128/libra.webp",
          "method": "GET",
          "body": null
        },
        {
          "url": "http://127.0.0.1:62654/assets/zodiac-icons/128/scorpio.webp",
          "method": "GET",
          "body": null
        },
        {
          "url": "http://127.0.0.1:62654/assets/zodiac-icons/128/sagittarius.webp",
          "method": "GET",
          "body": null
        },
        {
          "url": "http://127.0.0.1:62654/assets/zodiac-icons/128/capricorn.webp",
          "method": "GET",
          "body": null
        },
        {
          "url": "http://127.0.0.1:62654/assets/zodiac-icons/128/aquarius.webp",
          "method": "GET",
          "body": null
        },
        {
          "url": "http://127.0.0.1:62654/assets/zodiac-icons/128/pisces.webp",
          "method": "GET",
          "body": null
        },
        {
          "url": "http://127.0.0.1:62654/fonts/eb-garamond-latin-400-italic.woff2",
          "method": "GET",
          "body": null
        },
        {
          "url": "blob:http://127.0.0.1:62654/5fcd2af8-1f61-4944-b5da-95c823303909",
          "method": "GET",
          "body": null
        },
        {
          "url": "http://127.0.0.1:62654/assets/app-icons/v3/icon-512.png",
          "method": "GET",
          "body": null
        },
        {
          "url": "http://127.0.0.1:62654/assets/site-footer.css",
          "method": "GET",
          "body": null
        }
      ]
    },
    {
      "name": "locale-it",
      "status": "passed",
      "detail": {
        "label": "Scarica il resoconto del calcolo (.json)↓",
        "privacy": "Questo file contiene dati di nascita sensibili e dati del tema. Conservalo in privato.",
        "keyboardDownload": true,
        "dimensions": {
          "width": 390,
          "scrollWidth": 390
        }
      },
      "observation": {
        "computed": 1,
        "writes": [
          {
            "key": "zodiacs.install.compute-count.v1"
          }
        ],
        "idbOpens": [],
        "urls": [
          {
            "url": "blob:http://127.0.0.1:62654/c7022619-0780-45ce-a8d3-28ec34746646",
            "type": "image/svg+xml",
            "size": 161584
          },
          {
            "url": "blob:http://127.0.0.1:62654/d88e6d80-cb8e-4d04-9c36-b7c5201a1f60",
            "type": "application/json;charset=utf-8",
            "size": 4753
          }
        ],
        "revoked": [
          "blob:http://127.0.0.1:62654/c7022619-0780-45ce-a8d3-28ec34746646",
          "blob:http://127.0.0.1:62654/d88e6d80-cb8e-4d04-9c36-b7c5201a1f60"
        ],
        "viewport": 390,
        "scrollWidth": 390,
        "clientWidth": 390,
        "overlay": false
      },
      "natalCalls": 1,
      "publicNatalCalls": 1,
      "pageErrors": [],
      "requests": [
        {
          "url": "http://127.0.0.1:62654/it/birth-chart/",
          "method": "GET",
          "body": null
        },
        {
          "url": "http://127.0.0.1:62654/fonts/instrument-sans-latin-wght-normal.woff2",
          "method": "GET",
          "body": null
        },
        {
          "url": "http://127.0.0.1:62654/fonts/eb-garamond-latin-400-normal.woff2",
          "method": "GET",
          "body": null
        },
        {
          "url": "http://127.0.0.1:62654/fonts/eb-garamond-latin-500-normal.woff2",
          "method": "GET",
          "body": null
        },
        {
          "url": "http://127.0.0.1:62654/_astro/Base.Bryss0yT.css",
          "method": "GET",
          "body": null
        },
        {
          "url": "http://127.0.0.1:62654/_astro/calculator.MBHg3tIV.css",
          "method": "GET",
          "body": null
        },
        {
          "url": "http://127.0.0.1:62654/_astro/explorer.ijMRUwvv.css",
          "method": "GET",
          "body": null
        },
        {
          "url": "http://127.0.0.1:62654/_astro/ChartActionDock.Cc8zzTbx.css",
          "method": "GET",
          "body": null
        },
        {
          "url": "http://127.0.0.1:62654/fonts/jetbrains-mono-latin-wght-normal.woff2",
          "method": "GET",
          "body": null
        },
        {
          "url": "http://127.0.0.1:62654/_astro/ChartCalculator.ChqyFlxy.js",
          "method": "GET",
          "body": null
        },
        {
          "url": "http://127.0.0.1:62654/_astro/client.DPkn9Lbl.js",
          "method": "GET",
          "body": null
        },
        {
          "url": "http://127.0.0.1:62654/assets/app-icons/v3/favicon.svg",
          "method": "GET",
          "body": null
        },
        {
          "url": "http://127.0.0.1:62654/_astro/preload-helper.L5lOfJxi.js",
          "method": "GET",
          "body": null
        },
        {
          "url": "http://127.0.0.1:62654/_astro/preact.module.Bjq9tLsx.js",
          "method": "GET",
          "body": null
        },
        {
          "url": "http://127.0.0.1:62654/_astro/hooks.module.C0_8FjiD.js",
          "method": "GET",
          "body": null
        },
        {
          "url": "http://127.0.0.1:62654/_astro/profile-access-reader.DoQqlSjt.js",
          "method": "GET",
          "body": null
        },
        {
          "url": "http://127.0.0.1:62654/_astro/chunk-PD4H342X.BYuLx_KT.js",
          "method": "GET",
          "body": null
        },
        {
          "url": "http://127.0.0.1:62654/_astro/signs.BMXPKoMF.js",
          "method": "GET",
          "body": null
        },
        {
          "url": "http://127.0.0.1:62654/_astro/jsxRuntime.module.BG9KJlGc.js",
          "method": "GET",
          "body": null
        },
        {
          "url": "http://127.0.0.1:62654/_astro/PlanetGlyph.BhITbtcc.js",
          "method": "GET",
          "body": null
        },
        {
          "url": "http://127.0.0.1:62654/_astro/i18n.Cg_lCJuc.js",
          "method": "GET",
          "body": null
        },
        {
          "url": "http://127.0.0.1:62654/_astro/CalculationReload.DXyGkRsn.js",
          "method": "GET",
          "body": null
        },
        {
          "url": "http://127.0.0.1:62654/_astro/astrology.BHib5efU.js",
          "method": "GET",
          "body": null
        },
        {
          "url": "http://127.0.0.1:62654/_astro/share.BRlg0eGS.js",
          "method": "GET",
          "body": null
        },
        {
          "url": "http://127.0.0.1:62654/_astro/chart-handoff.Dvz2AAcL.js",
          "method": "GET",
          "body": null
        },
        {
          "url": "http://127.0.0.1:62654/_astro/useProfileAccessGeneration.w2JLb1F6.js",
          "method": "GET",
          "body": null
        },
        {
          "url": "http://127.0.0.1:62654/_astro/useEngine.BxQZzCQs.js",
          "method": "GET",
          "body": null
        },
        {
          "url": "http://127.0.0.1:62654/_astro/BirthFields.VmY_J4-2.js",
          "method": "GET",
          "body": null
        },
        {
          "url": "http://127.0.0.1:62654/_astro/localToUtc.lkZcCpbL.js",
          "method": "GET",
          "body": null
        },
        {
          "url": "http://127.0.0.1:62654/_astro/interpretations.BaZkYN67.js",
          "method": "GET",
          "body": null
        },
        {
          "url": "http://127.0.0.1:62654/_astro/AstroTerm.7K8SAipO.js",
          "method": "GET",
          "body": null
        },
        {
          "url": "http://127.0.0.1:62654/_astro/SignChip.Dx3tQVZl.js",
          "method": "GET",
          "body": null
        },
        {
          "url": "http://127.0.0.1:62654/_astro/AspectGlyph.DMIAGIQV.js",
          "method": "GET",
          "body": null
        },
        {
          "url": "http://127.0.0.1:62654/_astro/Wheel.RNRSqGob.js",
          "method": "GET",
          "body": null
        },
        {
          "url": "http://127.0.0.1:62654/_astro/dignities.BycBkP8Y.js",
          "method": "GET",
          "body": null
        },
        {
          "url": "http://127.0.0.1:62654/_astro/houses.DhEjqPPf.js",
          "method": "GET",
          "body": null
        },
        {
          "url": "http://127.0.0.1:62654/_astro/technical-layout.DQIjXHHb.js",
          "method": "GET",
          "body": null
        },
        {
          "url": "http://127.0.0.1:62654/_astro/lite.DKWHZC5_.js",
          "method": "GET",
          "body": null
        },
        {
          "url": "http://127.0.0.1:62654/_astro/learning-input-identity.C-WLv51I.js",
          "method": "GET",
          "body": null
        },
        {
          "url": "http://127.0.0.1:62654/_astro/analytics.CH5T6e-b.js",
          "method": "GET",
          "body": null
        },
        {
          "url": "http://127.0.0.1:62654/_astro/post-chart-context.BZ1tHGpl.js",
          "method": "GET",
          "body": null
        },
        {
          "url": "http://127.0.0.1:62654/_astro/paths.DYbAuceH.js",
          "method": "GET",
          "body": null
        },
        {
          "url": "http://127.0.0.1:62654/_astro/rolldown-runtime.DK3Fl9T5.js",
          "method": "GET",
          "body": null
        },
        {
          "url": "http://127.0.0.1:62654/_astro/civil-date.CpOZUt7Z.js",
          "method": "GET",
          "body": null
        },
        {
          "url": "http://127.0.0.1:62654/_astro/technical-locales.DDKucXXd.js",
          "method": "GET",
          "body": null
        },
        {
          "url": "http://127.0.0.1:62654/_astro/chunk-INI453VG.BxjMUPBs.js",
          "method": "GET",
          "body": null
        },
        {
          "url": "http://127.0.0.1:62654/_astro/PlaceSearch.D1WsU_jW.js",
          "method": "GET",
          "body": null
        },
        {
          "url": "http://127.0.0.1:62654/_astro/ChartActionDock.DLS2UbgE.js",
          "method": "GET",
          "body": null
        },
        {
          "url": "http://127.0.0.1:62654/_astro/LearningPractice.CSqTNZrv.js",
          "method": "GET",
          "body": null
        },
        {
          "url": "http://127.0.0.1:62654/_astro/natal.D7JKDSdx.js",
          "method": "GET",
          "body": null
        },
        {
          "url": "http://127.0.0.1:62654/_astro/synastry.rhUg9_9F.js",
          "method": "GET",
          "body": null
        },
        {
          "url": "http://127.0.0.1:62654/_astro/aspects.BNC-J2iD.js",
          "method": "GET",
          "body": null
        },
        {
          "url": "http://127.0.0.1:62654/_astro/compat.Bjc3uaB7.js",
          "method": "GET",
          "body": null
        },
        {
          "url": "http://127.0.0.1:62654/_astro/chart-context-copy.UBOz97Jz.js",
          "method": "GET",
          "body": null
        },
        {
          "url": "http://127.0.0.1:62654/_astro/AspectPatternFeature.DkxQP4nT.js",
          "method": "GET",
          "body": null
        },
        {
          "url": "http://127.0.0.1:62654/_astro/use-learning-sources.CF4htVRf.js",
          "method": "GET",
          "body": null
        },
        {
          "url": "http://127.0.0.1:62654/_astro/schema.DqKqbGHb.js",
          "method": "GET",
          "body": null
        },
        {
          "url": "http://127.0.0.1:62654/_astro/read-store.X7Oz9YN7.js",
          "method": "GET",
          "body": null
        },
        {
          "url": "http://127.0.0.1:62654/_astro/full.DXD_oWB0.js",
          "method": "GET",
          "body": null
        },
        {
          "url": "http://127.0.0.1:62654/_astro/chart-adapter.DdfW9XjH.js",
          "method": "GET",
          "body": null
        },
        {
          "url": "http://127.0.0.1:62654/assets/app-icons/v3/favicon.svg",
          "method": "GET",
          "body": null
        },
        {
          "url": "http://127.0.0.1:62654/_astro/calculator-receipt.DqIFvBmX.js",
          "method": "GET",
          "body": null
        },
        {
          "url": "http://127.0.0.1:62654/_astro/PositionsShareSurface.Eb3pENdV.js",
          "method": "GET",
          "body": null
        },
        {
          "url": "http://127.0.0.1:62654/_astro/share-positions.D3o0ugj4.js",
          "method": "GET",
          "body": null
        },
        {
          "url": "http://127.0.0.1:62654/_astro/share-card.BvVC0EVI.js",
          "method": "GET",
          "body": null
        },
        {
          "url": "http://127.0.0.1:62654/_astro/share-card-brand.CJKZtcRK.js",
          "method": "GET",
          "body": null
        },
        {
          "url": "http://127.0.0.1:62654/_astro/share-card-copy.D0c42nic.js",
          "method": "GET",
          "body": null
        },
        {
          "url": "http://127.0.0.1:62654/_astro/chart-signature.-is-2T7w.js",
          "method": "GET",
          "body": null
        },
        {
          "url": "http://127.0.0.1:62654/_astro/CalendarSubscribe.DXtj1Bbr.js",
          "method": "GET",
          "body": null
        },
        {
          "url": "http://127.0.0.1:62654/_astro/PwaInstallPrompt.BCohgdPv.js",
          "method": "GET",
          "body": null
        },
        {
          "url": "http://127.0.0.1:62654/_astro/a2hs.WonhOqdm.js",
          "method": "GET",
          "body": null
        },
        {
          "url": "http://127.0.0.1:62654/assets/zodiac-icons/128/gemini.avif",
          "method": "GET",
          "body": null
        },
        {
          "url": "http://127.0.0.1:62654/assets/zodiac-icons/128/pisces.avif",
          "method": "GET",
          "body": null
        },
        {
          "url": "http://127.0.0.1:62654/assets/zodiac-icons/128/libra.avif",
          "method": "GET",
          "body": null
        },
        {
          "url": "http://127.0.0.1:62654/assets/zodiac-icons/128/aries.webp",
          "method": "GET",
          "body": null
        },
        {
          "url": "http://127.0.0.1:62654/assets/zodiac-icons/128/taurus.webp",
          "method": "GET",
          "body": null
        },
        {
          "url": "http://127.0.0.1:62654/assets/zodiac-icons/128/gemini.webp",
          "method": "GET",
          "body": null
        },
        {
          "url": "http://127.0.0.1:62654/assets/zodiac-icons/128/cancer.webp",
          "method": "GET",
          "body": null
        },
        {
          "url": "http://127.0.0.1:62654/assets/zodiac-icons/128/leo.webp",
          "method": "GET",
          "body": null
        },
        {
          "url": "http://127.0.0.1:62654/assets/zodiac-icons/128/virgo.webp",
          "method": "GET",
          "body": null
        },
        {
          "url": "http://127.0.0.1:62654/assets/zodiac-icons/128/libra.webp",
          "method": "GET",
          "body": null
        },
        {
          "url": "http://127.0.0.1:62654/assets/zodiac-icons/128/scorpio.webp",
          "method": "GET",
          "body": null
        },
        {
          "url": "http://127.0.0.1:62654/assets/zodiac-icons/128/sagittarius.webp",
          "method": "GET",
          "body": null
        },
        {
          "url": "http://127.0.0.1:62654/assets/zodiac-icons/128/capricorn.webp",
          "method": "GET",
          "body": null
        },
        {
          "url": "http://127.0.0.1:62654/assets/zodiac-icons/128/aquarius.webp",
          "method": "GET",
          "body": null
        },
        {
          "url": "http://127.0.0.1:62654/assets/zodiac-icons/128/pisces.webp",
          "method": "GET",
          "body": null
        },
        {
          "url": "http://127.0.0.1:62654/_astro/store.DKqN0snE.js",
          "method": "GET",
          "body": null
        },
        {
          "url": "http://127.0.0.1:62654/_astro/deletions.DUQYISzq.js",
          "method": "GET",
          "body": null
        },
        {
          "url": "http://127.0.0.1:62654/assets/zodiac-icons/128/aries.webp",
          "method": "GET",
          "body": null
        },
        {
          "url": "http://127.0.0.1:62654/assets/zodiac-icons/128/taurus.webp",
          "method": "GET",
          "body": null
        },
        {
          "url": "http://127.0.0.1:62654/assets/zodiac-icons/128/gemini.webp",
          "method": "GET",
          "body": null
        },
        {
          "url": "http://127.0.0.1:62654/assets/zodiac-icons/128/cancer.webp",
          "method": "GET",
          "body": null
        },
        {
          "url": "http://127.0.0.1:62654/assets/zodiac-icons/128/leo.webp",
          "method": "GET",
          "body": null
        },
        {
          "url": "http://127.0.0.1:62654/assets/zodiac-icons/128/virgo.webp",
          "method": "GET",
          "body": null
        },
        {
          "url": "http://127.0.0.1:62654/assets/zodiac-icons/128/libra.webp",
          "method": "GET",
          "body": null
        },
        {
          "url": "http://127.0.0.1:62654/assets/zodiac-icons/128/scorpio.webp",
          "method": "GET",
          "body": null
        },
        {
          "url": "http://127.0.0.1:62654/assets/zodiac-icons/128/sagittarius.webp",
          "method": "GET",
          "body": null
        },
        {
          "url": "http://127.0.0.1:62654/assets/zodiac-icons/128/capricorn.webp",
          "method": "GET",
          "body": null
        },
        {
          "url": "http://127.0.0.1:62654/assets/zodiac-icons/128/aquarius.webp",
          "method": "GET",
          "body": null
        },
        {
          "url": "http://127.0.0.1:62654/assets/zodiac-icons/128/pisces.webp",
          "method": "GET",
          "body": null
        },
        {
          "url": "http://127.0.0.1:62654/fonts/eb-garamond-latin-400-italic.woff2",
          "method": "GET",
          "body": null
        },
        {
          "url": "blob:http://127.0.0.1:62654/c7022619-0780-45ce-a8d3-28ec34746646",
          "method": "GET",
          "body": null
        },
        {
          "url": "http://127.0.0.1:62654/assets/app-icons/v3/icon-512.png",
          "method": "GET",
          "body": null
        },
        {
          "url": "http://127.0.0.1:62654/assets/site-footer.css",
          "method": "GET",
          "body": null
        },
        {
          "url": "http://127.0.0.1:62654/assets/assistant-ui.js?v=ask-guide-3",
          "method": "GET",
          "body": null
        },
        {
          "url": "http://127.0.0.1:62654/assets/assistant-ui.css?v=ask-guide-3",
          "method": "GET",
          "body": null
        },
        {
          "url": "http://127.0.0.1:62654/assets/guide-avatar.webp",
          "method": "GET",
          "body": null
        }
      ]
    },
    {
      "name": "locale-ru",
      "status": "failed",
      "error": "TimeoutError: page.waitForEvent: Timeout 30000ms exceeded while waiting for event \"download\"\n=========================== logs ===========================\nwaiting for event \"download\"\n============================================================",
      "stack": "page.waitForEvent: Timeout 30000ms exceeded while waiting for event \"download\"\n=========================== logs ===========================\nwaiting for event \"download\"\n============================================================\n    at /private/tmp/zodiacs-platform-site-receipt-export-review/browser/run.mjs:28:705\n    at async check (/private/tmp/zodiacs-platform-site-receipt-export-review/browser/run.mjs:21:90)\n    at async file:///private/tmp/zodiacs-platform-site-receipt-export-review/browser/run.mjs:28:53"
    }
  ],
  "passed": 18,
  "failed": 2,
  "servedFiles": {
    "birth-chart/index.html": "9710a99b1309f994402859c6e75e11b9a510a6a7c0f9f352bfc51802069b3065",
    "fonts/instrument-sans-latin-wght-normal.woff2": "2ee17598a98d8a59e4df8152d015bec9ab8e4d5672cc0ab42bef806b568e3971",
    "_astro/Base.Bryss0yT.css": "4877c6226e887495ac2c87605485f8011cbd605ab9c0ab4a5400310591712486",
    "_astro/AstroTerm.astro_astro_type_script_index_0_lang.DB1iYTmP.js": "e5e0beef4df10d80ce52048ae4dde287d85081dc1ef43a7ae1d2b7cd0d9c57ca",
    "fonts/eb-garamond-latin-500-normal.woff2": "d2bb3f624516d0233ef8a03bd7b2be47489c36809a02e83ac1bc859e85f4874a",
    "_astro/calculator.MBHg3tIV.css": "e4606bd37837f898c7b5e0a5e2da987c1de2bcfe97130a72beb2e5c22d154004",
    "fonts/eb-garamond-latin-400-normal.woff2": "b63448e2680a0dbde70ebb2f3de78f6c515122835491f938e8a8595b46f29210",
    "_astro/explorer.ijMRUwvv.css": "741806551de3bf6e2ff210ea3c7e76f9361ed2e26894f23f8ad0870faed312a5",
    "_astro/ChartActionDock.Cc8zzTbx.css": "cab0ce96a6285f99bbfbcea67006a99a09d7f345bb1459d03ddf9ae7a71eeffc",
    "fonts/jetbrains-mono-latin-wght-normal.woff2": "18be452724bfdc236c074ca94a249a7f41a86752c7d04ab258ce9ed5651f6a7e",
    "_astro/preload-helper.L5lOfJxi.js": "8bf772fcf734da4b451168642b9e1e058d1b50662c2a7d3898e381a93821e927",
    "_astro/context-help-client.BqVrBbz0.js": "52898761ddcbdc056db7ca336cd74278a03e2295fe1bb45bbaa08ce2c8df37ce",
    "_astro/analytics.CH5T6e-b.js": "56e90fb699bd1011541cdb4d08db91eddd597aed43c60b230334be26a2034252",
    "_astro/ChartCalculator.ChqyFlxy.js": "f9c5dbf47f13dae1b0f64200382a91cc42a8710f07fca690ae2c4503d4488b7d",
    "_astro/client.DPkn9Lbl.js": "d3be63c8d0105f6032306ace6829ffea98abed0096ddeb191582c25b21406999",
    "_astro/preact.module.Bjq9tLsx.js": "796cb24cfe472a03b823ebf5cfbded9e8a72d0b2ca7e9b664ac86f00a4ae5635",
    "assets/app-icons/v3/favicon.svg": "7905102c09c8c80f73cca1f2b23d3921fd8a18f8666cbe7d1436e7acabca1f9b",
    "_astro/jsxRuntime.module.BG9KJlGc.js": "7ddcbbccf1cc5b5de237799db0cae97c8f7fdd5d9165217bdb6589e1784c4daa",
    "_astro/PlanetGlyph.BhITbtcc.js": "57a8ba42fb26d5c455b964998d5fbc23fc0585de59f9c0137374ddba12b2bf04",
    "_astro/hooks.module.C0_8FjiD.js": "70a0edc427ea0e3966f512ed162307b8a5afb48573954980940e3192514f706d",
    "_astro/profile-access-reader.DoQqlSjt.js": "ac2ba400a524418b089be2106d34a11f9bb7643fefc6b64037c1e70817c95390",
    "_astro/chunk-PD4H342X.BYuLx_KT.js": "468213d118f571a9fdeececc20be4fafe5390666c258aee0dcca44860ea12cbd",
    "_astro/signs.BMXPKoMF.js": "21b146a22aa299589f659504f61ab2104f8ad9b0e1ed7e157225846e1380b2bc",
    "_astro/i18n.Cg_lCJuc.js": "70a9b92ff3baa35ed2be7696d32de5c76cae626de229e50c6487c25c2e18715d",
    "_astro/CalculationReload.DXyGkRsn.js": "7e2446346104d1763f368f626e5985841253b06c69d963d70b805d9c97b4f0ef",
    "_astro/astrology.BHib5efU.js": "e94055469669e92e81c0dd91a9abfd798f3117b043722af9d00bed9862ea375d",
    "_astro/share.BRlg0eGS.js": "f3a348fb12040c31c28f228429082eef8c165dab93c24c85d23fabc246819308",
    "_astro/chart-handoff.Dvz2AAcL.js": "6cbebae5f3208b46424ee9b969e574d566f8195bef4f717ed4f16bcacbd61de8",
    "_astro/useProfileAccessGeneration.w2JLb1F6.js": "8ccce5b321237b4d1cecd2c69650d62e2860db72ce71fdd43e9ddc2310ede47f",
    "_astro/useEngine.BxQZzCQs.js": "c3af18772d3d57456f5968dba3d71c5791abb1a881e23556ba03a491c6e3f9d9",
    "_astro/BirthFields.VmY_J4-2.js": "19e06f8315f7c93b377f7409a4720365386a7299105cc996abb511eac88c583d",
    "_astro/localToUtc.lkZcCpbL.js": "eed244467ad95ea62901b2996c1ec8d204ee9b4ef49f08fc5101111429e207df",
    "_astro/interpretations.BaZkYN67.js": "5aa7453429b2bf749187d7cc798ee5b36ca2aae705d087c333664101e5198dae",
    "_astro/AstroTerm.7K8SAipO.js": "17af4a5e86f3270f2aa6364ab24d0de9f444c2839b4018a181de22448a581cbe",
    "_astro/SignChip.Dx3tQVZl.js": "646a0460f7a067c5fb3a73900214c973dabf4876a2f86148e236d6c2d424a324",
    "_astro/AspectGlyph.DMIAGIQV.js": "ecdefca57e6790a7adb230908af5aac6eb308e0cbcc80097871c54297124c10a",
    "_astro/Wheel.RNRSqGob.js": "d7da588ac840dfd90aba737f3b6d01e4e70c09c9ec00ccfbc7916377751b2f0e",
    "_astro/dignities.BycBkP8Y.js": "a925e7ba2284ebe5efc85bcd0e3e6aac10249c09ce84d50c5190c1d2c7460d17",
    "_astro/houses.DhEjqPPf.js": "6bef6329bd817cfe2ce9d709c02c5b3acd57d355eaeda8a5ef40279b0face74b",
    "_astro/technical-layout.DQIjXHHb.js": "68a00271f2f7ca0a13b4ebb91a551621055cb4ba300f129a7f51e6f37e8d5f3a",
    "_astro/lite.DKWHZC5_.js": "476fab7cec6bcb6af7fef8a37f86632f70def966fc429b9f9aba7e79e5bc191a",
    "_astro/learning-input-identity.C-WLv51I.js": "5106f2126175d7ff8e312ba0cbc6eb0147633260d0a22efae31e75a2de1d5eb9",
    "_astro/post-chart-context.BZ1tHGpl.js": "1ba31290b285532f103921d8d443ba806f1726a7929b603134dbcee278f55ecc",
    "_astro/paths.DYbAuceH.js": "77317e53ca4be342c789290b02f93192d52a7623db0b9c4bf871df17082a8720",
    "_astro/chunk-INI453VG.BxjMUPBs.js": "efa084e2eae5485eccfaad870772aec3ac07d92c962418d8cc609a54ebbc287b",
    "_astro/rolldown-runtime.DK3Fl9T5.js": "a526d1bb3288ef04d001028843220a24b0867a4edf8c685b69506d6525af36ff",
    "_astro/civil-date.CpOZUt7Z.js": "74a94adc5da6547b114096c562cc0f2490d057a3b599d90578ea0972d2044df9",
    "_astro/technical-locales.DDKucXXd.js": "69bc1979f1929b7cb2ce9131fe3d21dd6ea7462b6442d503d883d6aa64d1a5b6",
    "_astro/PlaceSearch.D1WsU_jW.js": "9f384108f99e4e65ac31f34e627d405a5fad82aee9ff840d149be58183f380c9",
    "_astro/chart-signature.-is-2T7w.js": "a9df3a6ba5a17fb3d393f12da0c9a7c523073d7d65d813bb8eb1681248045f0c",
    "_astro/natal.D7JKDSdx.js": "7c110a349995c403e271185603cdff4a9b9ea60be2860dd0a4880b7d0f4c4778",
    "_astro/synastry.rhUg9_9F.js": "c7846d24e6a83bc96b9dc0722d3daa8cb69bf62fb1ca60fb4d0ff45082c9efef",
    "_astro/aspects.BNC-J2iD.js": "9be0562c40b6bec157c1e484a6847fd5dfef09d4934f297a3b97d9e2119b3533",
    "_astro/compat.Bjc3uaB7.js": "77bbabb1768676c75048d2a263743e05b2bca1625d18e38739729c59aeb248f7",
    "_astro/ChartActionDock.DLS2UbgE.js": "1b5b3befc5b0f3f067396a4b31963af355263e5d216f30588fb6817a8581e05b",
    "_astro/chart-context-copy.UBOz97Jz.js": "f8ca6b3ad758a7f70d34b779c66627c4b6ee9621a2269f0e141d87f182a3318a",
    "_astro/AspectPatternFeature.DkxQP4nT.js": "ce61d18d5ea3184d929986d0d416d116a27e9b17b36265bd3ebf03555321b58c",
    "_astro/use-learning-sources.CF4htVRf.js": "035d1330d85b2dc236464d90aa8b5f8483288ad852fdf996627ae43c74f298c8",
    "_astro/schema.DqKqbGHb.js": "2d3a1ca10f5d7cb644905a1ee3d1dbd8a2dffdfaaad03cdd722453c51b4b4c53",
    "_astro/LearningPractice.CSqTNZrv.js": "63ee2d2f4bc68cc5c5b81ae686b8eecdc6e08e687b1aa6adf6dc162119568709",
    "_astro/full.DXD_oWB0.js": "02aa86bc56ca2f36c3368974dd6ef38b9be112c0339386e2cd294e12fa86dece",
    "_astro/chart-adapter.DdfW9XjH.js": "99570f67d9d48b397774ac7cb648a61dd512024beb6e11f3a97bd229a6fe30ea",
    "_astro/read-store.X7Oz9YN7.js": "0a9114da3a66d5ea73b7672aa4619f7d345fe43aee24c2a56d84469ed91c1dc7",
    "_astro/calculator-receipt.DqIFvBmX.js": "191e125ef6bb163412662bcf2313dc37d542aff47686615081f7064b626e4588",
    "assets/site-footer.css": "d6088ed5422a2ec37639adb906b1c6ed81ff93df7f36d3d50de1d23ab94e0700",
    "_astro/PositionsShareSurface.Eb3pENdV.js": "d0d362d433fd619626a4eb664744dffcc27ea072e256e07fb32160dac2413714",
    "_astro/share-positions.D3o0ugj4.js": "71378cf3d6f07f65bca19b89a557118cfe1bea78bafe4d37f3709b6870434985",
    "_astro/CommunicationRead.DXWBG2sR.js": "64ff52f09ed14b274e81dfe076bed529f3fe960e96f1a13d1af3c84f853aac33",
    "_astro/share-card.BvVC0EVI.js": "7c1c883b075ea563800c5920cd604726a660716cdb599a916244298ed0ea977a",
    "_astro/share-card-brand.CJKZtcRK.js": "36430edb6904d9d1db657b81930a970587911aad2604a37db32b441c4d4fb5b6",
    "_astro/share-card-copy.D0c42nic.js": "f1b7a708bc6151f1c0bdab37332a11c0355a2e9239c45fb49f85eafbaecc075b",
    "_astro/CalendarSubscribe.DXtj1Bbr.js": "002553e4521b4da36a4819c8897ec7f383309f924a2e9d94f8e7e0badd55ba7e",
    "_astro/PwaInstallPrompt.BCohgdPv.js": "a8dc3e6a121d6560fc00a782c8ebf38e11184496c065e1ab9e71e95588d1b1a3",
    "_astro/a2hs.WonhOqdm.js": "944d41da8648bb3fe09b4bf0374c458b14ceb450afcc6be3f2907c8229897316",
    "_astro/ApproachRead.DjvvCuNe.js": "0c7cbdcb2f138fa2be30f14734d54910536a1d491c1a7485c3c455a94c25a8d2",
    "assets/zodiac-icons/128/gemini.avif": "c388b79b077bd3dd23b6d3f0b8f7c12922e2557569ed6d847626803c5dca6228",
    "assets/zodiac-icons/128/pisces.avif": "6b048f9e3a65675d4bb32547e12f349d9bf3c954c2d38accb0e4f37a3f69c852",
    "assets/zodiac-icons/128/libra.avif": "bc437eaf9e186ded4217982450bec9a4190a5fd17139f16ceafcbe006662521d",
    "assets/zodiac-icons/128/aries.webp": "7550c5b7545f81f2c0783576c8f71562cb1e0e47e4c83ea2297016bf9febf7d9",
    "assets/zodiac-icons/128/taurus.webp": "f15447014c88e0270f9ac8d4ad5431dce41ef9f89f572e3e48997fa55c1ede8d",
    "assets/zodiac-icons/128/gemini.webp": "e34ba92a8abad763ecd8cb008381bce6c6454ff906eaf405a0d27b735b57a7ce",
    "_astro/deletions.DUQYISzq.js": "28744fcc33ddb02b6df893a9579135219176d767bf768f625f65e13c51cae82b",
    "assets/zodiac-icons/128/cancer.webp": "3cb7255d053d136a066c67a42f0dedd60827052574ff9c13cec90c3328d48725",
    "assets/zodiac-icons/128/leo.webp": "55e216907703a27ea4e959a2f14c324187d06693daa1e02acf7611db003d10a9",
    "assets/zodiac-icons/128/virgo.webp": "66dfd434cd47e0ff6116b904e37b28326be2125b9d2a51bcbb71d44952de1134",
    "assets/zodiac-icons/128/libra.webp": "fd6df007626eb45a6e4ead08db3e387b13201eb02c8bc3fa112511126020b871",
    "_astro/store.DKqN0snE.js": "800ef144490fe0eb27d5d1c151da359b979fefceedfd1b4a326fa8b24440adc1",
    "assets/zodiac-icons/128/scorpio.webp": "792ba54ebeaea084f0e218113ced6a39fbb4b3d83d94caf0358a3abaa3f4b130",
    "assets/zodiac-icons/128/sagittarius.webp": "8254a32a439fa0ad37b2ca66284d9985c1c5b985e69d75897c6672be744b21cc",
    "assets/zodiac-icons/128/capricorn.webp": "45dc11a1350c54d758bbdeb13882b2bbc45cba8237fb986ff8764a480797d469",
    "assets/zodiac-icons/128/aquarius.webp": "3437d5fc940c83830a0240d0a1b9870e94b14c17720967688aa5cf20530a7122",
    "assets/zodiac-icons/128/pisces.webp": "552fddb24708be2a37b37b741c53fc1e7f34b8023e3ca9838b4aadccede2b8c3",
    "assets/assistant-ui.js": "238a125c27cb9d23f5267524a6e2a30f38b357d6d54f4b396b776617b56563eb",
    "assets/assistant-ui.css": "eaf7e9531749d921c0947df7894e2fd447dcd800da620b3a14ba673af1cb7e0d",
    "assets/guide-avatar.webp": "9970c7c5d7d20343e20a7f59422f3647c2ff3bf38a0565ac145d5bed0f96bb11",
    "fonts/eb-garamond-latin-400-italic.woff2": "1bd1b20fd55986b334ba42dbcb0d9bed7e2d08fd7a713000e8041bfafa37e8ec",
    "assets/app-icons/v3/icon-512.png": "01405f4da95d384d77e19d2986abbbe1ae9081650055d03cc46698b8d53c8896",
    "assets/zodiac-icons/48/gemini.avif": "5da253e26d44582b88c6b14b7eeb0619ea392986a7f129def0e7e5e45b249892",
    "assets/zodiac-icons/48/pisces.avif": "b1d52e8cfb94f443fedf0f872bee82269181f8d83e0e975ef4d3511ef07c5602",
    "assets/zodiac-icons/48/aries.avif": "2424642d38ff70104004dfd27a9b6fd096f3e3165d40a4feba5939d88f86d95f",
    "assets/zodiac-icons/48/libra.avif": "29a50917644a9d0fe17d4abaacb3a629d95335b53c72770de8d681079eba8dac",
    "assets/zodiac-icons/128/capricorn.avif": "54f55ce18743977f61f677724dd1e92fd303d9d206de4dcc29d394a991c120cc",
    "assets/zodiac-icons/48/aquarius.avif": "304bed767a39527076594880d6b25170d09e57f18fb5ac5951b855aa474c417e",
    "assets/zodiac-icons/48/capricorn.avif": "a6da230de228e5c59398f016a0df4c1d065777b2fea980fc6084fcb74bfcab30",
    "assets/zodiac-icons/128/scorpio.avif": "9ae49525cdf487511ee13e899d9d1829225979b68f6b538b9ecff967ea0ef6e3",
    "assets/zodiac-icons/128/sagittarius.avif": "b9b3f989250b49271d2957a918f0d704f5f74ab48ef6db1dfc27804cb4aa9f0a",
    "assets/zodiac-icons/128/leo.avif": "469223be8975a95352f0b7d3b064a73b3978ac3a507bf66d090f356e9e99601d",
    "assets/zodiac-icons/48/sagittarius.avif": "128571b213f2f8249c08de4a08d90485b4d0c823c7a1c234c76e7d85cae6fb95",
    "assets/zodiac-icons/48/cancer.avif": "540ae1267b516f154b307cd35c4984e6d15e01015e22c6f4491d772529af8ae6",
    "assets/zodiac-icons/48/leo.avif": "026f990aefb63f097151c3b424ec120dc93b9b2b885a354c457cb4bf45ac43b1",
    "assets/zodiac-icons/48/scorpio.avif": "58b0ff55cf70d8965adca5ea631ac3dda471b524a6fd1087cbd564d2c27e8006",
    "assets/zodiac-icons/48/virgo.avif": "9dcbd7b04569c05029b6ea3d9cca1e1349c0b7b83130c0212614d3c1c282fb89",
    "assets/zodiac-icons/128/cancer.avif": "358eee536f79588e923ffadda68af4918f835b9c436872b656c163e6a0b7cf97",
    "assets/zodiac-icons/128/taurus.avif": "84c57d70db50b0c086b57f5c537d2ef33dcfd947f11eb1689d87fd047fbbbc51",
    "assets/zodiac-icons/48/taurus.avif": "fb17740932a8496affa7edf833377cb29785557c555cbc0efceb9c8089e2d366",
    "es/birth-chart/index.html": "25b3841c6d9f09f22eb03b061a7e41fe310b091d53fccc7f717cfe62e6af2c14",
    "pt/birth-chart/index.html": "379e7771396c970f4a534960b9e36ba6c0a83e3fbc9cd9dded3feca00b696f0d",
    "fr/birth-chart/index.html": "a2981026eb269c69e6c6e3603a4bb8601c1e348d89a0c4596bfb38393e586807",
    "it/birth-chart/index.html": "7703bc2852180191195f2a1cffa8179ee5e2da5791a1014b2388a0cef0cdec38",
    "ru/birth-chart/index.html": "3a7aca391b74e65c505271321b9904ec1bad5ca48da1f7f2e212fdc9154e5bc9",
    "fonts/golos-text-cyr-b.woff2": "2f175b8fc40ed4e826742879f92ec903256fc2612d8d95c7c287232fd7138e4b",
    "fonts/jetbrains-mono-cyrillic-400-500.woff2": "4995a9a43ac659ec32fcd8b463755cd6a07b31a6e6b3894a6a153b661cf490e2",
    "fonts/golos-text-cyr-a.woff2": "10aa879203c4b62f61841bdeee64a2ca5d97f1cf21e717f45c96914ce7629710",
    "fonts/eb-garamond-cyrillic-500-normal.woff2": "d6cbde36e0e8a5355921c385f434ef60ba81bd2502abeb4f19d87a901b423e22",
    "sw.js": "75c3f24c1b4de3570403363d7cf44016e012a8434023e3e1a20eba818bbe0a3b",
    "index.html": "9c6a8d3da32c61fc280eecf61ea0c28d84056684a7e94da738fd6a5c4b9b193b",
    "tools/index.html": "7a8c3266455b869f53e3db8c4548cada4a491b594fe341cae3c1cb1febd6ed30",
    "compatibility/index.html": "dc5ac9fcbc3201758161364c2c1ec90175363bedb24cfbaee31931e844ddb1c4",
    "moon-sign/index.html": "33e343e1ddc3a5b8caaf3c92dc4a1aa3fa20e23a45a4413281fb40a0003e28df",
    "rising-sign/index.html": "5aeee776fe85d19f1c6336bebeb6d726e5e248277ec63a16cb8496e5d9de931d",
    "transits/index.html": "da1d74f6455b78898f35be8b4f476aac61e4d2cee8803290533515a410c4fc7b",
    "moon-phase/index.html": "711013fc762968bd4ed4b485ea2c1b2aa49535935e804e963ebd105ab0206b90",
    "saturn-return/index.html": "84039c31b93a1d1542e63236b75c7ca34b0e87a39bf1f936a7ca8875eedb08b6",
    "eclipses/index.html": "5d56cd84a909801d3c37cc1df04ec513e9134243f8beebf020a523b5bc59890a",
    "retrogrades/index.html": "2d0c17eda63d6ce6f60573d4574e2b37a668212a1a00297203dfdde14f0e1010",
    "birthday/index.html": "a1514b4e317c3ac989a4f4fbfbc8612f91167b98a9bb62d3de35b7ca20a1b6ba",
    "horoscopes/index.html": "b10f9b74fd39247b63a750b676f2578452a702552f73b3582713ad4e6e708dd2",
    "today/index.html": "e8b23cb6dc70c8188ab380f4f5582716c2834d72e0784ed8bf0c66a78374f8af",
    "site.webmanifest": "63e4f47ebeef82fb33bb13221bbf4dcebf52dc07607486ab1468687f64104f82",
    "profile/index.html": "ca8aa0b5c063bed5a41fd875959428a8949eeef94aa521efc36ecdde3c33da7f"
  },
  "harnessSha256": "83f2fde45946715db22240dacdc4c617ce9a10a30cfc9326accc126c33934633"
}
