var __create = Object.create;
var __defProp = Object.defineProperty;
var __getOwnPropDesc = Object.getOwnPropertyDescriptor;
var __getOwnPropNames = Object.getOwnPropertyNames;
var __getProtoOf = Object.getPrototypeOf;
var __hasOwnProp = Object.prototype.hasOwnProperty;
var __copyProps = (to, from, except, desc) => {
  if (from && typeof from === "object" || typeof from === "function") {
    for (let key of __getOwnPropNames(from))
      if (!__hasOwnProp.call(to, key) && key !== except)
        __defProp(to, key, { get: () => from[key], enumerable: !(desc = __getOwnPropDesc(from, key)) || desc.enumerable });
  }
  return to;
};
var __toESM = (mod, isNodeMode, target) => (target = mod != null ? __create(__getProtoOf(mod)) : {}, __copyProps(
  // If the importer is in node compatibility mode or this is not an ESM
  // file that has been converted to a CommonJS file using a Babel-
  // compatible transform (i.e. "__esModule" has not been set), then set
  // "default" to the CommonJS "module.exports" for node compatibility.
  isNodeMode || !mod || !mod.__esModule ? __defProp(target, "default", { value: mod, enumerable: true }) : target,
  mod
));

// site/src/lib/i18n/ui/growth.ts
var GROWTH_UI_EN = {
  footerWidgets: "Widgets",
  footerDisclosure: "Disclosure",
  emailCaptureKicker: "Free weekly forecast",
  emailCaptureTitle: "Your week ahead.",
  emailCapturePersonalTitle: "Your {sign} week ahead.",
  emailCaptureCopy: "A weekly forecast for your sign. Free, unsubscribe anytime.",
  emailCaptureEmailLabel: "Email address",
  emailCaptureEmailPlaceholder: "you@example.com",
  emailCaptureSignLegend: "Your sun sign (optional)",
  emailCaptureNoSign: "Skip the sign",
  emailCaptureUsingSign: "Using your Sun sign: {sign}",
  emailCaptureChangeSign: "Change",
  emailCaptureSubmit: "Send my week",
  emailCaptureSubmitting: "Joining\u2026",
  emailCaptureSuccess: "Check your email to confirm your subscription.",
  emailCaptureErrorTitle: "Subscription unavailable",
  emailCaptureError: "Couldn't start the subscription. Please try again.",
  emailCapturePrivacy: "We store your email with your chosen sign only \u2014 never your birth data.",
  emailCaptureHoneypot: "Leave this field blank",
  emailPendingTitle: "Check your email.",
  emailPendingBody: "Use the confirmation link we sent before your weekly forecast begins.",
  emailConfirmSubject: "Confirm your Zodiacs.org weekly forecast",
  emailConfirmMessage: "Confirm that you want the free Zodiacs.org weekly forecast:",
  emailConfirmIgnore: "If you did not request this, ignore this email. Nothing will be subscribed.",
  emailConfirmTitle: "One last check.",
  emailConfirmBody: "Confirm this subscription to begin the free weekly forecast. Until then, no weekly subscription is active.",
  emailConfirmAction: "Confirm subscription",
  emailConfirmedTitle: "Subscription confirmed.",
  emailConfirmedBody: "Your free weekly forecast is on. Every message includes an unsubscribe link.",
  emailConfirmInvalidTitle: "This link is not valid.",
  emailConfirmInvalidBody: "The confirmation link is invalid or has expired. Return to Zodiacs.org to request another.",
  emailReturnHome: "Return to Zodiacs.org"
};
var GROWTH_UI_ES = {
  ...GROWTH_UI_EN,
  footerWidgets: "Widgets",
  footerDisclosure: "Declaraciones",
  emailCaptureKicker: "Pron\xF3stico semanal gratuito",
  emailCaptureTitle: "Tu semana por delante.",
  emailCapturePersonalTitle: "Tu semana de {sign} por delante.",
  emailCaptureCopy: "Un pron\xF3stico semanal para tu signo. Gratis y con baja en cualquier momento.",
  emailCaptureEmailLabel: "Direcci\xF3n de email",
  emailCaptureEmailPlaceholder: "tu@email.com",
  emailCaptureSignLegend: "Tu signo solar (opcional)",
  emailCaptureNoSign: "Omitir el signo",
  emailCaptureUsingSign: "Usando tu signo solar: {sign}",
  emailCaptureChangeSign: "Cambiar",
  emailCaptureSubmit: "Env\xEDame mi semana",
  emailCaptureSubmitting: "Uni\xE9ndote\u2026",
  emailCaptureSuccess: "Revisa tu email para confirmar la suscripci\xF3n.",
  emailCaptureErrorTitle: "Suscripci\xF3n no disponible",
  emailCaptureError: "No se pudo iniciar la suscripci\xF3n. Int\xE9ntalo otra vez.",
  emailCapturePrivacy: "Guardamos tu email solo con el signo que elijas, nunca tus datos de nacimiento.",
  emailCaptureHoneypot: "Deja este campo en blanco",
  emailPendingTitle: "Revisa tu email.",
  emailPendingBody: "Usa el enlace de confirmaci\xF3n que te enviamos antes de que comience tu pron\xF3stico semanal.",
  emailConfirmSubject: "Confirma tu pron\xF3stico semanal de Zodiacs.org",
  emailConfirmMessage: "Confirma que quieres recibir el pron\xF3stico semanal gratuito de Zodiacs.org:",
  emailConfirmIgnore: "Si no lo solicitaste, ignora este email. No se activar\xE1 ninguna suscripci\xF3n.",
  emailConfirmTitle: "Una \xFAltima comprobaci\xF3n.",
  emailConfirmBody: "Confirma la suscripci\xF3n para empezar a recibir el pron\xF3stico semanal gratuito. Hasta entonces, no hay ninguna suscripci\xF3n semanal activa.",
  emailConfirmAction: "Confirmar suscripci\xF3n",
  emailConfirmedTitle: "Suscripci\xF3n confirmada.",
  emailConfirmedBody: "Tu pron\xF3stico semanal gratuito est\xE1 activo. Cada mensaje incluye un enlace para darte de baja.",
  emailConfirmInvalidTitle: "Este enlace no es v\xE1lido.",
  emailConfirmInvalidBody: "El enlace de confirmaci\xF3n no es v\xE1lido o ha caducado. Vuelve a Zodiacs.org para solicitar otro.",
  emailReturnHome: "Volver a Zodiacs.org"
};

// site/src/lib/i18n/ui/en.ts
var en = {
  chartDepthOpen: "See it in three dimensions",
  chartDepthClose: "Hide the third dimension",
  calculationLoadError: "The calculation files could not load. Check your connection and try again.",
  calculationReload: "Reload page",
  calculationReloadWarning: "Reloading clears unsaved entries.",
  calculationRetry: "Try again",
  pfdYearError: "We couldn\u2019t finish your year-ahead reading. Try again.",
  placeSearching: "Searching places\u2026",
  chartWheelActions: "Chart actions",
  chartWheelGuide: "Take the guided tour",
  chartWheelReplay: "Replay the tour",
  chartWheelAnother: "Read another chart",
  chartWheelSignatureSelf: "Your chart signature",
  chartWheelSignatureOther: "Their chart signature",
  chartWheelCompareMine: "Compare with mine",
  chartWheelCompareAdd: "Add my chart to compare",
  chartWheelShareOther: "Share this chart",
  navPrimary: "Primary",
  navSigns: "Signs",
  navTools: "Tools",
  navLearn: "Learn",
  navHoroscopes: "Horoscopes",
  navCollect: "Astrofolio",
  navSavedCharts: "Saved charts",
  navMenu: "Menu",
  navSite: "The site",
  navTwelve: "The twelve",
  footerTag: "Free astrology tools and sign guides, with charts calculated privately in your browser.",
  footerStartHere: "Start here",
  footerPlanets: "The planets",
  footerHouses: "The houses",
  footerZodiacDates: "Zodiac dates",
  footerGlossary: "Glossary",
  footerCompute: "How we compute",
  footerRegistry: "Registry",
  footerThesis: "Thesis",
  footerArchive: "Archive",
  footerSdk: "SDK",
  footerCollectNote: "Registry records, lookups, catalogue profiles, and the SDK are read-only. Astrofolio\u2019s optional buying tool uses independent Jupiter and your own wallet; Zodiacs.org holds no keys or funds. Nothing here is financial advice.",
  footerMethodology: "Methodology",
  footerAbout: "About",
  footerPrivacy: "Privacy",
  footerTerms: "Terms",
  footerPlaceData: "Place data",
  footerFonts: "Fonts under",
  skipContent: "Skip to content",
  open: "Open",
  birthChart: "Birth chart",
  compatibility: "Compatibility",
  moonSign: "Moon sign",
  risingSign: "Rising sign",
  moonPhase: "Moon phase",
  saturnReturn: "Saturn return",
  transits: "Transits",
  birthday: "Birthday",
  retrogrades: "Retrogrades",
  sun: "Sun",
  moon: "Moon",
  rising: "Rising",
  body: "Body",
  position: "Position",
  sign: "Sign",
  house: "House",
  chart: "Chart",
  date: "Date",
  time: "Time",
  place: "Place",
  motion: "Motion",
  optional: "optional",
  birthDate: "Birth date",
  birthTime: "Birth time",
  birthplace: "Birthplace",
  birthDateRequired: "Enter your birth date.",
  birthDateRange: "Choose a birth date from 1800 through 2199.",
  birthTimeRequired: "Enter your birth time.",
  houseSystem: "House system",
  wholeSignDefault: "Whole sign (default)",
  placidus: "Placidus",
  // The EN calculator renders this sentence as JSX with tap-to-explain terms — keep both in sync.
  houseSystemHelp: "How the chart divides into twelve areas of life. Whole sign gives each sign one house; Placidus varies house sizes by exact birth time and place. Planets stay put \u2014 only house boundaries move.",
  computing: "Computing\u2026",
  checking: "Checking\u2026",
  comparing: "Comparing\u2026",
  save: "Save",
  rename: "Rename",
  remove: "Remove",
  getBirthChart: "Get your free birth chart",
  findMoonSign: "Find your moon sign",
  findRisingSign: "Find your rising sign",
  savedCharts: "Saved charts",
  profile: "Your profile",
  read: "Read",
  rightNow: "Right now",
  enterBirthDetails: "Enter birth details\u2026",
  privacyDevice: "Private by default. Your birth details stay in this browser.",
  placePlaceholder: "Start typing a city\u2026",
  placeChange: "Change birthplace",
  placePickHint: "Pick your birthplace from the list.",
  placeNoResults: "Not listed? Choose the nearest town \u2014 a few km rarely changes the chart.",
  placeError: "Couldn't load the place index \u2014 check your connection and try again.",
  searchGeo: "Search covers ~34,000 places \xB7 GeoNames (CC BY 4.0)",
  chartError: "Something went wrong computing the chart. Please try again.",
  moonError: "Something went wrong computing that moon. Please try again.",
  localDateReferenceError: "We couldn\u2019t establish a calculation time within this local date. Check the date and place.",
  returnError: "Something went wrong computing the return. Please try again.",
  transitError: "Something went wrong computing the transits. Please try again.",
  compareError: "Something went wrong comparing the charts. Please try again.",
  noBirthTime: "I don't know it",
  risingTimeHelp: "Rising signs change every two hours \u2014 the clock matters here.",
  chartTimeHelp: "No birth time? You'll get a local-noon reference without rising or houses; the Moon may be uncertain.",
  chartSavedDevice: "Saved \xB7 on this device",
  saveThisChart: "Save this chart",
  chartSavedStatus: "Chart saved on this device.",
  chartSaveFull: "You can save up to 40 charts \u2014 remove one first.",
  chartSaveError: "Couldn't save \u2014 your browser may be blocking local storage.",
  chartSavedMessage: "Saved to your charts. Sign in here when you want them on every device.",
  linkCopied: "Link copied",
  copyChartLink: "Copy a link to this chart",
  rendering: "Rendering\u2026",
  cardSaved: "Card saved",
  saveChartCard: "Save a chart card",
  shareChart: "Share your chart",
  linkToChart: "Link to this chart",
  chartLinkCopied: "Chart link copied to your clipboard.",
  chartCardSaved: "Chart card saved.",
  cardError: "Couldn't draw the card in this browser \u2014 the wheel above will screenshot just as well.",
  shareNote: "The link carries the birth details you entered \u2014 nothing is sent to us, so only people you hand it to can open it. The card is a 1080\xD71350 image drawn on your device.",
  needsBirthTime: "Needs a birth time",
  yourMoonSign: "Your Moon sign",
  yourRisingSign: "Your Rising sign",
  moonPhaseAtBirth: "Moon phase at birth",
  chartRuler: "Chart ruler",
  planetSteering: "the planet steering your rising sign.",
  aspectsFound: "Aspects",
  found: "found",
  applying: "applying",
  wholeSignHouses: "Whole sign houses",
  placidusHouses: "Placidus houses",
  engine: "engine v",
  readInOrder: "Reading it in order",
  readIntro: "Top to bottom, the way an astrologer would take it in. The tables above are the data; this is what they say.",
  readBigThree: "Start with the big three",
  readBigThreeBody: "Sun, Moon, rising \u2014 the three cards at the top. Identity, instinct, entrance. Everything below refines them; nothing replaces them.",
  readRooms: "Planets, room by room",
  readNoHouses: "Without a birth time there are no houses, so each planet reads by sign alone. Add a time and this section gains its rooms.",
  readAspects: "The aspects doing the most work",
  readWeather: "The chart\u2019s weather",
  readIn: "in",
  today: "today",
  todayBySignTitle: "The sky today, by sign",
  todayBySignPrompt: "Tap your Sun sign for a clear reading for today \u2014 no birth time needed.",
  todaySolarNote: "read from your sign\u2019s solar houses",
  whyThisReading: "Why this reading",
  todayHoroscopeLink: "horoscope",
  or: "or",
  chartSavedBeforeLink: "Saved to your charts. Sign in",
  chartSavedLink: "here",
  chartSavedAfterLink: "when you want them on every device.",
  signedInAs: "Signed in as {email}",
  removeChartConfirm: 'Remove "{name}" from this device?',
  compareSavedHeading: "Compare {a} & {b}",
  compareSavedPitch: "Two charts saved is a comparison waiting to happen: every cross-chart aspect, read honestly, computed on this device.",
  saturnDateHelp: "The date alone pins your return years. Time and place sharpen the dates by a few days, never the year.",
  saturnReturnHeading: "{ordinal} return",
  skyMercuryRetrograde: "Mercury retrograde",
  skyMercuryDirect: "Mercury direct",
  skyPlanetRetrograde: "{planet} retrograde",
  skyFullMoon: "Full moon",
  skyNewMoon: "New moon",
  skyMoonOn: "{event} \xB7 {date}",
  skyAsOf: "{date} \xB7 12 UTC",
  skyTickerAria: "Sky positions for {date} at 12:00 UTC",
  moonDiscAria: "Moon, {percent}% illuminated",
  pairingCta: "Read the {a} and {b} pairing",
  inviteWith: "Invite someone to compare with {name}",
  inviteNamedNote: "The link carries {name}'s birth details and opens this page with that side filled in \u2014 nothing is sent to us. Worth their okay if that isn't you.",
  transitMiddayUtc: "{date} \xB7 midday UTC",
  planetReturn: "{planet} return",
  natalPlanet: "Natal {planet}",
  pfdToday: "Today for this chart",
  pfdComing: "Coming up for this chart",
  pfdYearAhead: "The year ahead for this chart",
  pfdYearBusy: "Computing the year on your device \u2014 a few seconds\u2026",
  pfdYearNote: "Computed from your saved chart: exact dates for the next twelve months.",
  saveYearAheadNote: "Saved charts get a computed year ahead on the profile page \u2014 solar return, Jupiter and Saturn dates, eclipse hits.",
  recordLabel: "Collector\u2019s wing",
  recordOneOfTwelve: "also exists as one of the Twelve \u2014 a canonical record in the registry.",
  recordViewLink: "View the record \u2192",
  recordChartSun: "Your Sun is in {sign}.",
  recordChartBody: "{sign} is one of the Twelve\u2014with its own artwork, history, and official Registry record.",
  recordChartLink: "Explore the {sign} Registry \u2192",
  babyDueDate: "Due date",
  babyCompute: "Read the due-date sky",
  babyNeedDate: "Enter a due date first.",
  babyError: "Something went wrong computing the sky. Please try again.",
  babySunHead: "Sun sign \u2014 near certain",
  babySunSingle: "A birth on this date gets the Sun in",
  babySunNearEdge: "The date sits close to the edge of the sign, so arriving more than a day early or late can tip into",
  babySunNearEdgeTail: "\u2014 the birth date decides.",
  babySunSplitA: "The Sun changes signs on this date: a birth comes out",
  babySunSplitOr: "or",
  babySunSplitTail: "depending on the hour. The exact birth moment decides.",
  babyNoonNote: "signs read at midday universal time",
  babyMoonHead: "Moon sign \u2014 one of a few",
  babyMoonBody: "The Moon changes signs every two or three days, so a due week usually spans two or three moon signs. Babies born the same week can carry different ones \u2014 the birth day and hour decide.",
  babyRetroHead: "Retrograde at birth",
  babyRetroBody: "these planets are in their retrograde stretch around the due date. In a birth chart a retrograde planet reads as more inward than usual \u2014 common and nothing to fix.",
  babyRisingHead: "Rising sign \u2014 unknowable until the minute",
  babyRisingBody: "The rising sign changes roughly every two hours, so no due date can predict it. It is the one placement that has to wait for the birth certificate.",
  babyDateLink: "Read this birthday in depth",
  babyChartLink: "After the birth: the full chart",
  pfdChartPick: "Chart",
  pfdQuietSky: "A quiet sky for this chart today \u2014 nothing within 3\xB0 of a natal point.",
  pfdQuietAhead: "Nothing major on this chart\u2019s horizon in the computed window.",
  pfdSaturnBusy: "Computing Saturn windows on your device\u2026",
  pfdEmptyTitle: "Your sky, once you save a chart",
  pfdEmptyBody: "Save a birth chart and this page opens each day with its transits, its houses, and what\u2019s coming for it.",
  pfdWindows: "windows",
  openChart: "Open",
  dignityDomicile: "domicile",
  dignityExaltation: "exaltation",
  dignityDetriment: "detriment",
  dignityFall: "fall",
  explorerHint: "Tap any planet, sign, house, or aspect line to inspect it \u2014 or focus the wheel and use the arrow keys.",
  explorerLabel: "Interactive birth chart",
  explorerSelectPart: "Choose a chart part",
  explorerNoSelection: "No selection",
  explorerAngles: "Angles",
  explorerControlsLoading: "Loading chart readings and controls\u2026",
  explorerControlsError: "Your chart is ready, but its readings and controls could not load. Check your connection and try again.",
  explorerKeyHint: "Left and right arrow keys move between placements; Enter opens the details panel.",
  selectionCleared: "Selection cleared.",
  inspectorClose: "Close details",
  speed: "Speed",
  day: "day",
  dignity: "Standing",
  separating: "separating",
  dates: "Dates",
  element: "Element",
  ruler: "Ruler",
  inThisSign: "In this sign",
  inThisHouse: "In this house",
  cusp: "Cusp",
  span: "Span",
  emptyHouseNote: "No planets here. An empty house isn't a blank \u2014 its themes run through the planet that rules it.",
  angleAscNote: "The Ascendant \u2014 the degree rising on the eastern horizon at the birth moment. It anchors the whole wheel.",
  angleDscNote: "The Descendant \u2014 the degree setting in the west, opposite the Ascendant. The traditional doorway to partners.",
  angleMcNote: "The Midheaven \u2014 the degree culminating overhead at birth. Career, reputation, the visible life.",
  angleIcNote: "The IC \u2014 the lowest point of the wheel, opposite the Midheaven. Home, roots, the private life.",
  layersLabel: "Chart layers",
  layerHouses: "Houses",
  editedBy: "Published by",
  tourStart: "Take the tour",
  firstReadingLabel: "Your 2-minute reading",
  firstReadingTitle: "What does your chart say about you \u2014 and what comes next?",
  firstReadingBody: "See your personality mix, where it plays out, one pattern you may recognize, and how astrology turns a birth chart into a forecast.",
  firstReadingResumeTitle: "Your reading is waiting",
  firstReadingResumeBody: "Continue where you left off on this device.",
  firstReadingStart: "Read my chart",
  firstReadingExplore: "Explore on my own",
  firstReadingResume: "Continue my reading",
  firstReadingStep: "Step",
  firstReadingFullTour: "See how the chart works \u2014 advanced tour",
  firstReadingReplay: "Replay my chart story",
  chartActionsMore: "More ways to use this chart",
  chartReceiptDownload: "Download calculation receipt (.json)",
  chartReceiptPrivacy: "This file contains sensitive birth details and chart data. Keep it private.",
  chartReceiptError: "The file could not be downloaded. Please try again.",
  chartReceiptUnavailable: "A calculation receipt is not available for this chart.",
  seeTodaySky: "See today's sky",
  contextHelpCue: "Dotted terms can be tapped for a plain-English explanation.",
  editorialHow: "editorial standards",
  dstGapNotice: "That clock time fell inside a daylight-saving jump, so it never quite existed \u2014 we shifted forward across the gap, the standard convention.",
  dstFoldNotice: "Clocks repeated that hour where you were born; we used the earlier pass. If you know it was the later one, your chart barely changes \u2014 the Moon moves about half a degree an hour.",
  lmtNotice: "Born before standardized time zones \u2014 we used local mean time for that era, the same convention professional software uses.",
  polarNotice: "Placidus houses aren't defined that close to the pole, so this chart uses whole sign houses instead.",
  noTimeNotice: "Without a birth time we use 12:00 local civil time as a reference and omit the rising sign, angles, and houses.",
  moonUnverifiedNotice: "The Moon\u2019s possible signs across this birth date are unverified. Add a birth time for a result at that moment.",
  moonAmbiguousNotice: "The Moon also changed signs that day \u2014 reading both neighbors is fair until you find the time.",
  fromLinkNotice: "Opened from a shared link \u2014 the birth details came in the link itself, and the chart was computed on your device just now.",
  howWeCompute: "How we compute",
  welcomeBack: "Welcome back.",
  savedChartAria: "Your saved chart",
  todayAgainstChart: "Today against your chart",
  yourCharts: "Your charts",
  recommendedNext: "Recommended next",
  todayForName: "See what today means for {name}",
  savedChartTodayBody: "Your chart stays the same. Today\u2019s sky does not \u2014 start with what is changing for you now.",
  openSavedChart: "Open saved chart",
  moonReadingSky: "Reading the sky\u2026",
  illuminated: "illuminated",
  moonIn: "Moon in",
  findThatMoon: "Find that moon",
  dateHelp: "A birthday, an anniversary, any date at all.",
  placeHelpMoon: "Sharpens the clock conversion; the phase barely needs it.",
  middayLocalCaption: "Read at midday local time \u2014 adding the clock time pins the degree exactly.",
  utcTimeCaption: "The time is read as universal time \u2014 add a birthplace to convert your local clock.",
  middayUtcCaption: "Read at midday universal time \u2014 a time and place pin the degree exactly.",
  moonChangedNotice: "The Moon changed signs that day, and without a time we can't say which side of the line you were born on. The phase is unaffected \u2014 it moves too slowly for hours to matter.",
  birthChartForDate: "Get the birth chart for this date",
  natalSaturn: "Your natal Saturn",
  addBirthDetails: "Add birth time and place (optional)",
  findSaturnReturn: "Find your Saturn return",
  returnApprox: "Dates computed from a noon reading \u2014 with a birth time and place they can shift by a few days either way.",
  complete: "Complete",
  underwayNow: "Underway now",
  aheadOfYou: "Ahead of you",
  first: "First",
  second: "Second",
  third: "Third",
  fourth: "Fourth",
  aroundAge29: "around age 29",
  aroundAge58: "around age 58",
  aroundAge88: "around age 88",
  retrogradePass: "retrograde pass",
  threePasses: "Three exact passes: Saturn crosses your degree, backs over it in retrograde, then seals it on the way out. The whole span is the return.",
  seeSaturnChart: "See Saturn in your birth chart",
  whatSaturnMeans: "What Saturn means",
  yourChart: "Your chart",
  theSky: "The sky",
  transitRingLede: "Draw your chart, then move a slider to watch the planets travel over it \u2014 forward or back, up to a year.",
  checkTransits: "Check your transits",
  savedChartHelp: "Charts you calculate and save appear here as one-tap choices, so the next check skips the typing.",
  noTransitTimeNotice: "No birth time on this chart, so its Moon is a midday estimate \u2014 it can sit up to six degrees off, and a transit to the Moon near the edge of its orb may come or go with the real time.",
  skyAt: "Sky at",
  noTransitsWithin: "No transits within",
  activeTransitsWithin: "active transits within",
  activeTransitWithin: "active transit within",
  ofExact: "of exact",
  transitMoonOmitted: "transiting Moon left out \u2014 it crosses the whole chart every month",
  quietSky: "A quiet sky by the tight orb this page uses. Nothing pressing \u2014 check back in a few days, or widen your reading to the month's events below.",
  natal: "Natal",
  forYourChart: "For your chart",
  orb: "orb",
  openDailyBrief: "Open my full daily brief",
  allTransits: "All your transits",
  personA: "Person A",
  personB: "Person B",
  sharedChart: "Shared chart",
  sharedWithYou: "shared with you",
  removeSharedChart: "Remove the shared chart",
  sharedSideHelp: "This side arrived in the link \u2014 clear it to enter someone else.",
  name: "Name",
  compareCharts: "Compare the charts",
  sameChart: "That's the same chart twice \u2014 pick two different ones to compare.",
  compareSavedHelp: "Charts you calculate and save appear here as one-tap choices, so the second comparison is faster than the first.",
  compareNoTimeNotice: "No birth time for",
  moonMiddayEstimate: "so that Moon is a midday estimate \u2014 it can sit up to six degrees off, and a Moon aspect near the edge of its orb may come or go with the real time.",
  crossChartAspects: "cross-chart aspects",
  easeful: "easeful",
  charged: "charged",
  readPairing: "Read the pairing",
  inviteCompare: "Invite someone to compare",
  inviteLink: "Invite link",
  inviteNote: "The link carries this person's birth details and opens this page with that side filled in \u2014 nothing is sent to us. Worth their okay if that isn't you.",
  inviteCopied: "Invite link copied to your clipboard.",
  syncOn: "Sync is on",
  keepEveryDevice: "Keep charts on every device",
  signedIn: "Signed in",
  syncCopyOn: "Saved charts and removals sync across devices.",
  syncCopyOff: "Save charts on this device. Sign in when you want them on every device.",
  weeklyDigestTitle: "Weekly sky email",
  weeklyDigestCopy: "One email a week: the sky against your saved charts. Unsubscribe any time.",
  weeklyDigestAria: "Weekly digest opt-in",
  digestSaved: "Digest preference saved.",
  digestFailed: "Couldn't update digest preference. Please try again.",
  checkEmail: "Check your email for a sign-in link. This page will sync after you return.",
  syncFailed: "Sync failed. Please try again.",
  syncing: "Syncing\u2026",
  synced: "Synced",
  syncNow: "Sync now",
  signOut: "Sign out",
  emailSyncAria: "Email for profile sync",
  sending: "Sending\u2026",
  sendSignIn: "Send sign-in link",
  nothingSaved: "Nothing saved yet.",
  emptyProfile: "Charts you save will live here, on your device first. Run a chart and tap Save this chart to start your saved charts.",
  saved: "saved",
  chartSingular: "chart",
  chartPlural: "charts",
  savedChartSingular: "saved chart",
  savedChartPlural: "saved charts",
  syncedWhenSignedIn: "synced when signed in",
  storedBrowser: "stored in this browser",
  chartName: "Chart name",
  timeUnknown: "time unknown",
  needsTime: "needs a time",
  compareThese: "Compare these two charts",
  addAnotherChart: "Add another chart",
  ...GROWTH_UI_EN
};
var en_default = en;

// site/src/lib/i18n/ui/es.ts
var es = {
  chartDepthOpen: "Verla en tres dimensiones",
  chartDepthClose: "Ocultar la tercera dimensi\xF3n",
  calculationLoadError: "No se pudieron cargar los archivos de c\xE1lculo. Comprueba tu conexi\xF3n e int\xE9ntalo de nuevo.",
  calculationReload: "Recargar p\xE1gina",
  calculationReloadWarning: "Al recargar se borran los datos que no hayas guardado.",
  calculationRetry: "Intentar de nuevo",
  pfdYearError: "No pudimos completar la lectura del a\xF1o que viene. Int\xE9ntalo de nuevo.",
  placeSearching: "Buscando lugares\u2026",
  chartWheelActions: "Acciones de la carta",
  chartWheelGuide: "Hacer el recorrido guiado",
  chartWheelReplay: "Repetir el recorrido",
  chartWheelAnother: "Leer otra carta",
  chartWheelSignatureSelf: "La firma de tu carta",
  chartWheelSignatureOther: "La firma de su carta",
  chartWheelCompareMine: "Comparar con la m\xEDa",
  chartWheelCompareAdd: "A\xF1adir mi carta para comparar",
  chartWheelShareOther: "Compartir esta carta",
  navPrimary: "Principal",
  navSigns: "Signos",
  navTools: "Herramientas",
  navLearn: "Aprende",
  navHoroscopes: "Hor\xF3scopos",
  navCollect: "Astrofolio",
  navSavedCharts: "Cartas guardadas",
  navMenu: "Men\xFA",
  navSite: "El sitio",
  navTwelve: "Los doce",
  footerTag: "Herramientas gratuitas de astrolog\xEDa y gu\xEDas de signos, con cartas calculadas de forma privada en tu navegador.",
  footerStartHere: "Empieza aqu\xED",
  footerPlanets: "Los planetas",
  footerHouses: "Las casas",
  footerZodiacDates: "Fechas del zodiaco",
  footerGlossary: "Glosario",
  footerCompute: "C\xF3mo calculamos",
  footerRegistry: "Registry",
  footerThesis: "Tesis",
  footerArchive: "Archivo",
  footerSdk: "SDK",
  footerCollectNote: "Los registros, las consultas, los perfiles del cat\xE1logo y el SDK del Registry son de solo lectura. La herramienta opcional de compra de Astrofolio usa Jupiter independiente y tu propia cartera; Zodiacs.org no custodia claves ni fondos. Nada de esto es asesoramiento financiero.",
  footerMethodology: "Metodolog\xEDa",
  footerAbout: "Acerca de",
  footerPrivacy: "Privacidad",
  footerTerms: "T\xE9rminos",
  footerPlaceData: "Datos de lugares",
  footerFonts: "Fuentes bajo la licencia",
  skipContent: "Saltar al contenido",
  open: "Abrir",
  birthChart: "Carta natal",
  compatibility: "Compatibilidad",
  moonSign: "Signo lunar",
  risingSign: "Ascendente",
  moonPhase: "Fase lunar",
  saturnReturn: "Retorno de Saturno",
  transits: "Tr\xE1nsitos",
  birthday: "Cumplea\xF1os (en ingl\xE9s)",
  retrogrades: "Retr\xF3grados",
  sun: "Sol",
  moon: "Luna",
  rising: "Ascendente",
  body: "Cuerpo",
  position: "Posici\xF3n",
  sign: "Signo",
  house: "Casa",
  chart: "Carta",
  date: "Fecha",
  time: "Hora",
  place: "Lugar",
  motion: "Movimiento",
  optional: "opcional",
  birthDate: "Fecha de nacimiento",
  birthTime: "Hora de nacimiento",
  birthplace: "Lugar de nacimiento",
  birthDateRequired: "Ingresa tu fecha de nacimiento.",
  birthDateRange: "Elige una fecha de nacimiento entre 1800 y 2199.",
  birthTimeRequired: "Ingresa tu hora de nacimiento.",
  houseSystem: "Sistema de casas",
  wholeSignDefault: "Signos completos (predeterminado)",
  placidus: "Placidus",
  houseSystemHelp: "C\xF3mo se divide la carta en doce \xE1reas de la vida. Signos completos da a cada signo una casa entera; Placidus var\xEDa el tama\xF1o de las casas seg\xFAn la hora y el lugar exactos. Los planetas no se mueven: solo cambian los l\xEDmites de las casas.",
  computing: "Calculando\u2026",
  checking: "Revisando\u2026",
  comparing: "Comparando\u2026",
  save: "Guardar",
  rename: "Renombrar",
  remove: "Eliminar",
  getBirthChart: "Obt\xE9n tu carta natal gratis",
  findMoonSign: "Encuentra tu signo lunar",
  findRisingSign: "Encuentra tu ascendente",
  savedCharts: "Cartas guardadas",
  profile: "Tu perfil",
  read: "Leer",
  rightNow: "Ahora mismo",
  enterBirthDetails: "Ingresa los datos de nacimiento\u2026",
  privacyDevice: "Privado de forma predeterminada. Tus datos de nacimiento permanecen en este navegador.",
  placePlaceholder: "Empieza a escribir una ciudad\u2026",
  placeChange: "Cambiar lugar de nacimiento",
  placePickHint: "Elige tu lugar de nacimiento de la lista.",
  placeNoResults: "\xBFNo aparece? Elige la localidad m\xE1s cercana \u2014 unos pocos km rara vez cambian la carta.",
  placeError: "No se pudo cargar el \xEDndice de lugares \u2014 revisa tu conexi\xF3n e intenta otra vez.",
  searchGeo: "La b\xFAsqueda cubre ~34,000 lugares \xB7 GeoNames (CC BY 4.0)",
  chartError: "Algo sali\xF3 mal al calcular la carta. Int\xE9ntalo otra vez.",
  moonError: "Algo sali\xF3 mal al calcular esa Luna. Int\xE9ntalo otra vez.",
  localDateReferenceError: "No pudimos establecer una hora de c\xE1lculo dentro de esta fecha local. Comprueba la fecha y el lugar.",
  returnError: "Algo sali\xF3 mal al calcular el retorno. Int\xE9ntalo otra vez.",
  transitError: "Algo sali\xF3 mal al calcular los tr\xE1nsitos. Int\xE9ntalo otra vez.",
  compareError: "Algo sali\xF3 mal al comparar las cartas. Int\xE9ntalo otra vez.",
  noBirthTime: "No la s\xE9",
  risingTimeHelp: "El ascendente cambia cada dos horas \u2014 aqu\xED la hora importa.",
  chartTimeHelp: "\xBFNo sabes la hora? Ver\xE1s una referencia al mediod\xEDa local sin ascendente ni casas; la Luna puede ser incierta.",
  chartSavedDevice: "Guardada \xB7 en este dispositivo",
  saveThisChart: "Guardar esta carta",
  chartSavedStatus: "Carta guardada en este dispositivo.",
  chartSaveFull: "Puedes guardar hasta 40 cartas \u2014 elimina una primero.",
  chartSaveError: "No se pudo guardar \u2014 tu navegador puede estar bloqueando el almacenamiento local.",
  chartSavedMessage: "Guardada en tus cartas. Inicia sesi\xF3n aqu\xED cuando quieras tenerlas en todos tus dispositivos.",
  linkCopied: "Enlace copiado",
  copyChartLink: "Copiar enlace a esta carta",
  rendering: "Creando\u2026",
  cardSaved: "Imagen guardada",
  saveChartCard: "Guardar imagen de la carta",
  shareChart: "Comparte tu carta",
  linkToChart: "Enlace a esta carta",
  chartLinkCopied: "Enlace de la carta copiado al portapapeles.",
  chartCardSaved: "Imagen de la carta guardada.",
  cardError: "No se pudo dibujar la imagen en este navegador \u2014 la rueda de arriba tambi\xE9n sirve para una captura.",
  shareNote: "El enlace incluye los datos de nacimiento que ingresaste \u2014 no se nos env\xEDa nada, as\xED que solo las personas a quienes se lo des podr\xE1n abrirlo. La imagen es de 1080\xD71350 y se dibuja en tu dispositivo.",
  needsBirthTime: "Necesita hora de nacimiento",
  yourMoonSign: "Tu signo lunar",
  yourRisingSign: "Tu ascendente",
  moonPhaseAtBirth: "Fase lunar al nacer",
  chartRuler: "Regente de la carta",
  planetSteering: "el planeta que gu\xEDa tu ascendente.",
  aspectsFound: "Aspectos",
  found: "encontrados",
  applying: "aplicativo",
  wholeSignHouses: "casas de signos completos",
  placidusHouses: "casas Placidus",
  engine: "motor v",
  readInOrder: "La lectura, en orden",
  readIntro: "De arriba abajo, como la asimilar\xEDa un astr\xF3logo. Las tablas de arriba son los datos; esto es lo que dicen.",
  readBigThree: "Empieza por los tres grandes",
  readBigThreeBody: "Sol, Luna, ascendente: las tres tarjetas de arriba. Identidad, instinto, presencia. Todo lo que sigue los matiza; nada los sustituye.",
  readRooms: "Planetas, casa por casa",
  readNoHouses: "Sin hora de nacimiento no hay casas, as\xED que cada planeta se lee solo por signo. A\xF1ade la hora y esta secci\xF3n gana sus casas.",
  readAspects: "Los aspectos con m\xE1s peso",
  readWeather: "El clima de la carta",
  readIn: "en",
  today: "hoy",
  todayBySignTitle: "El cielo de hoy, por signo",
  todayBySignPrompt: "Toca tu signo solar para una lectura clara de hoy \u2014 no necesitas la hora de nacimiento.",
  todaySolarNote: "le\xEDdo desde las casas solares de tu signo",
  whyThisReading: "Por qu\xE9 esta lectura",
  todayHoroscopeLink: "hor\xF3scopo en ingl\xE9s",
  or: "o",
  chartSavedBeforeLink: "Guardada en tus cartas. Inicia sesi\xF3n",
  chartSavedLink: "aqu\xED",
  chartSavedAfterLink: "cuando quieras tenerlas en todos tus dispositivos.",
  signedInAs: "Sesi\xF3n iniciada como {email}",
  removeChartConfirm: '\xBFEliminar "{name}" de este dispositivo?',
  compareSavedHeading: "Comparar {a} y {b}",
  compareSavedPitch: "Dos cartas guardadas ya pueden compararse: cada aspecto entre cartas, le\xEDdo con claridad y calculado en este dispositivo.",
  saturnDateHelp: "Solo con la fecha se ubican los a\xF1os de tu retorno. La hora y el lugar afinan las fechas por unos d\xEDas, pero nunca cambian el a\xF1o.",
  saturnReturnHeading: "{ordinal} retorno",
  skyMercuryRetrograde: "Mercurio retr\xF3grado",
  skyMercuryDirect: "Mercurio directo",
  skyPlanetRetrograde: "{planet} retr\xF3grado",
  skyFullMoon: "Luna llena",
  skyNewMoon: "Luna nueva",
  skyMoonOn: "{event} \xB7 {date}",
  skyAsOf: "{date} \xB7 12 UTC",
  skyTickerAria: "Posiciones del cielo para el {date} a las 12:00 UTC",
  moonDiscAria: "Luna, {percent}% iluminada",
  pairingCta: "Leer la combinaci\xF3n de {a} y {b}",
  inviteWith: "Invitar a alguien a comparar con {name}",
  inviteNamedNote: "El enlace incluye los datos de nacimiento de {name} y abre esta p\xE1gina con ese lado completado; no se nos env\xEDa nada. Conviene tener su permiso si no eres t\xFA.",
  transitMiddayUtc: "{date} \xB7 mediod\xEDa UTC",
  planetReturn: "retorno de {planet}",
  natalPlanet: "{planet} natal",
  pfdToday: "Hoy para esta carta",
  pfdComing: "Lo pr\xF3ximo para esta carta",
  pfdYearAhead: "Los pr\xF3ximos doce meses para esta carta",
  pfdYearBusy: "Calculando los pr\xF3ximos doce meses en tu dispositivo \u2014 unos segundos\u2026",
  pfdYearNote: "Calculado a partir de tu carta guardada: fechas exactas para los pr\xF3ximos doce meses.",
  saveYearAheadNote: "En la p\xE1gina de perfil, las cartas guardadas reciben un c\xE1lculo de los pr\xF3ximos doce meses: retorno solar, fechas de J\xFApiter y Saturno, eclipses.",
  recordLabel: "Zona de colecci\xF3n",
  recordOneOfTwelve: "forma parte de las Doce piezas del Registro.",
  recordViewLink: "Ver el registro \u2014 por ahora en ingl\xE9s \u2192",
  recordChartSun: "Tu Sol est\xE1 en {sign}.",
  recordChartBody: "{sign} es una de las Doce, con su propio arte, historia y registro oficial en el Registro.",
  recordChartLink: "Explora el Registro de {sign} \u2192",
  babyDueDate: "Fecha probable de parto",
  babyCompute: "Leer el cielo de la fecha",
  babyNeedDate: "Primero ingresa una fecha probable de parto.",
  babyError: "Algo sali\xF3 mal al calcular el cielo. Int\xE9ntalo de nuevo.",
  babySunHead: "Signo solar \u2014 casi seguro",
  babySunSingle: "Un nacimiento en esta fecha tiene el Sol en",
  babySunNearEdge: "La fecha est\xE1 cerca del borde del signo: si el beb\xE9 nace m\xE1s de un d\xEDa antes o despu\xE9s, puede tener el Sol en",
  babySunNearEdgeTail: "\u2014 la fecha de nacimiento decide.",
  babySunSplitA: "El Sol cambia de signo ese d\xEDa: el beb\xE9 nace con el Sol en",
  babySunSplitOr: "o en",
  babySunSplitTail: "seg\xFAn la hora. El momento exacto del nacimiento decide.",
  babyNoonNote: "signos le\xEDdos al mediod\xEDa en tiempo universal",
  babyMoonHead: "Signo lunar \u2014 uno de varios",
  babyMoonBody: "La Luna cambia de signo cada dos o tres d\xEDas, as\xED que una semana de parto suele abarcar dos o tres signos lunares. Los beb\xE9s nacidos la misma semana pueden tener signos distintos: el d\xEDa y la hora deciden.",
  babyRetroHead: "Retr\xF3grados al nacer",
  babyRetroBody: "estos planetas est\xE1n en su tramo retr\xF3grado alrededor de la fecha. En una carta natal, un planeta retr\xF3grado se lee como m\xE1s interior de lo habitual \u2014 es com\xFAn y no hay nada que corregir.",
  babyRisingHead: "Ascendente \u2014 imposible de saber hasta el minuto",
  babyRisingBody: "El ascendente cambia aproximadamente cada dos horas, as\xED que ninguna fecha probable puede predecirlo. Es la \xFAnica posici\xF3n que tiene que esperar al acta de nacimiento.",
  babyDateLink: "Leer este cumplea\xF1os a fondo",
  babyChartLink: "Despu\xE9s del nacimiento: la carta completa",
  pfdChartPick: "Carta",
  pfdQuietSky: "Un cielo tranquilo para esta carta hoy: nada a menos de 3\xB0 de un punto natal.",
  pfdQuietAhead: "Nada importante en el horizonte de esta carta dentro de la ventana calculada.",
  pfdSaturnBusy: "Calculando las ventanas de Saturno en tu dispositivo\u2026",
  pfdEmptyTitle: "Tu cielo, cuando guardes una carta",
  pfdEmptyBody: "Guarda una carta natal y esta p\xE1gina se abrir\xE1 cada d\xEDa con sus tr\xE1nsitos, sus casas y lo que viene.",
  pfdWindows: "ventanas",
  openChart: "Abrir",
  dignityDomicile: "domicilio",
  dignityExaltation: "exaltaci\xF3n",
  dignityDetriment: "detrimento",
  dignityFall: "ca\xEDda",
  explorerHint: "Toca cualquier planeta, signo, casa o l\xEDnea de aspecto para inspeccionarlo \u2014 o enfoca la rueda y usa las flechas.",
  explorerLabel: "Carta natal interactiva",
  explorerSelectPart: "Elige una parte de la carta",
  explorerNoSelection: "Sin selecci\xF3n",
  explorerAngles: "\xC1ngulos",
  explorerControlsLoading: "Cargando las interpretaciones y los controles de la carta\u2026",
  explorerControlsError: "Tu carta est\xE1 lista, pero sus interpretaciones y controles no se pudieron cargar. Comprueba tu conexi\xF3n e int\xE9ntalo de nuevo.",
  explorerKeyHint: "Las flechas izquierda y derecha recorren las posiciones; Intro abre el panel de detalles.",
  selectionCleared: "Selecci\xF3n borrada.",
  inspectorClose: "Cerrar detalles",
  speed: "Velocidad",
  day: "d\xEDa",
  dignity: "Dignidad",
  separating: "separativo",
  dates: "Fechas",
  element: "Elemento",
  ruler: "Regente",
  inThisSign: "En este signo",
  inThisHouse: "En esta casa",
  cusp: "C\xFAspide",
  span: "Extensi\xF3n",
  emptyHouseNote: "No hay planetas aqu\xED. Una casa vac\xEDa no est\xE1 en blanco \u2014 sus temas se expresan a trav\xE9s del planeta que la rige.",
  angleAscNote: "El Ascendente \u2014 el grado que sub\xEDa por el horizonte oriental al momento de nacer. Ancla toda la rueda.",
  angleDscNote: "El Descendente \u2014 el grado que se pon\xEDa por el oeste, opuesto al Ascendente. La puerta tradicional hacia los v\xEDnculos.",
  angleMcNote: "El Medio Cielo \u2014 el grado que culminaba en lo alto al nacer. Carrera, reputaci\xF3n, la vida visible.",
  angleIcNote: "El IC \u2014 el punto m\xE1s bajo de la rueda, opuesto al Medio Cielo. Hogar, ra\xEDces, la vida privada.",
  layersLabel: "Capas de la carta",
  layerHouses: "Casas",
  editedBy: "Publicado por",
  tourStart: "Hacer el recorrido",
  firstReadingLabel: "Tu lectura de 2 minutos",
  firstReadingTitle: "\xBFQu\xE9 dice tu carta sobre ti \u2014 y qu\xE9 viene despu\xE9s?",
  firstReadingBody: "Descubre tu mezcla de personalidad, d\xF3nde se manifiesta, un patr\xF3n que quiz\xE1 reconozcas y c\xF3mo la astrolog\xEDa convierte una carta natal en un pron\xF3stico.",
  firstReadingResumeTitle: "Tu lectura te est\xE1 esperando",
  firstReadingResumeBody: "Contin\xFAa donde la dejaste en este dispositivo.",
  firstReadingStart: "Leer mi carta",
  firstReadingExplore: "Explorar por mi cuenta",
  firstReadingResume: "Continuar mi lectura",
  firstReadingStep: "Paso",
  firstReadingFullTour: "Ver c\xF3mo funciona la carta \u2014 recorrido avanzado",
  firstReadingReplay: "Volver a leer la historia de mi carta",
  chartActionsMore: "M\xE1s formas de usar esta carta",
  chartReceiptDownload: "Descargar el registro del c\xE1lculo (.json)",
  chartReceiptPrivacy: "Este archivo contiene datos de nacimiento sensibles y datos de la carta. Mantenlo privado.",
  chartReceiptError: "No se pudo descargar el archivo. Int\xE9ntalo de nuevo.",
  chartReceiptUnavailable: "No hay un registro del c\xE1lculo disponible para esta carta.",
  seeTodaySky: "Ver el cielo de hoy",
  contextHelpCue: "Toca los t\xE9rminos subrayados con puntos para ver una explicaci\xF3n sencilla.",
  editorialHow: "normas editoriales",
  dstGapNotice: "Esa hora cay\xF3 dentro de un salto por horario de verano, as\xED que no existi\xF3 exactamente \u2014 la movimos hacia adelante, la convenci\xF3n est\xE1ndar.",
  dstFoldNotice: "Los relojes repitieron esa hora donde naciste; usamos la primera pasada. Si sabes que fue la segunda, tu carta casi no cambia \u2014 la Luna avanza cerca de medio grado por hora.",
  lmtNotice: "Naciste antes de las zonas horarias estandarizadas \u2014 usamos hora media local para esa \xE9poca, la misma convenci\xF3n que usa el software profesional.",
  polarNotice: "Las casas Placidus no est\xE1n definidas tan cerca del polo, as\xED que esta carta usa signos completos.",
  noTimeNotice: "Sin hora de nacimiento usamos las 12:00 del tiempo civil local como referencia y omitimos ascendente, \xE1ngulos y casas.",
  moonUnverifiedNotice: "No se han verificado los posibles signos de la Luna a lo largo de esta fecha de nacimiento. A\xF1ade una hora de nacimiento para obtener un resultado de ese momento.",
  moonAmbiguousNotice: "La Luna tambi\xE9n cambi\xF3 de signo ese d\xEDa \u2014 leer los dos signos vecinos es razonable hasta encontrar la hora.",
  fromLinkNotice: "Abierta desde un enlace compartido \u2014 los datos ven\xEDan en el enlace y la carta se calcul\xF3 ahora en tu dispositivo.",
  howWeCompute: "C\xF3mo calculamos",
  welcomeBack: "Hola de nuevo.",
  savedChartAria: "Tu carta guardada",
  todayAgainstChart: "El cielo de hoy sobre tu carta",
  yourCharts: "Tus cartas",
  recommendedNext: "Siguiente paso recomendado",
  todayForName: "Descubre qu\xE9 significa hoy para {name}",
  savedChartTodayBody: "Tu carta no cambia. El cielo de hoy s\xED: empieza por lo que est\xE1 cambiando para ti ahora.",
  openSavedChart: "Abrir carta guardada",
  moonReadingSky: "Leyendo el cielo\u2026",
  illuminated: "iluminada",
  moonIn: "Luna en",
  findThatMoon: "Encontrar esa Luna",
  dateHelp: "Un cumplea\xF1os, un aniversario, cualquier fecha.",
  placeHelpMoon: "Afina la conversi\xF3n de hora; la fase casi no lo necesita.",
  middayLocalCaption: "Lectura al mediod\xEDa local \u2014 agregar la hora exacta fija el grado.",
  utcTimeCaption: "La hora se lee como tiempo universal \u2014 agrega un lugar para convertir tu hora local.",
  middayUtcCaption: "Lectura al mediod\xEDa universal \u2014 una hora y un lugar fijan el grado.",
  moonChangedNotice: "La Luna cambi\xF3 de signo ese d\xEDa, y sin hora no podemos saber de qu\xE9 lado naciste. La fase no cambia: se mueve demasiado lento para que unas horas importen.",
  birthChartForDate: "Obtener la carta natal de esta fecha",
  natalSaturn: "Tu Saturno natal",
  addBirthDetails: "Agregar hora y lugar de nacimiento (opcional)",
  findSaturnReturn: "Encuentra tu retorno de Saturno",
  returnApprox: "Fechas calculadas desde una lectura al mediod\xEDa \u2014 con hora y lugar de nacimiento pueden moverse unos d\xEDas.",
  complete: "Completo",
  underwayNow: "En curso",
  aheadOfYou: "Por delante",
  first: "Primer",
  second: "Segundo",
  third: "Tercer",
  fourth: "Cuarto",
  aroundAge29: "cerca de los 29",
  aroundAge58: "cerca de los 58",
  aroundAge88: "cerca de los 88",
  retrogradePass: "pasada retr\xF3grada",
  threePasses: "Tres pasadas exactas: Saturno cruza tu grado, vuelve a cruzarlo durante la retrogradaci\xF3n y luego lo sella al salir. Todo ese per\xEDodo es el retorno.",
  seeSaturnChart: "Ver Saturno en tu carta natal",
  whatSaturnMeans: "Qu\xE9 significa Saturno",
  yourChart: "Tu carta",
  theSky: "El cielo",
  transitRingLede: "Dibuja tu carta y mueve el control de la fecha para ver los planetas viajar sobre ella \u2014 hacia adelante o atr\xE1s, hasta un a\xF1o.",
  checkTransits: "Revisa tus tr\xE1nsitos",
  savedChartHelp: "Las cartas que calcules y guardes aparecer\xE1n aqu\xED como opciones de un toque, para que la pr\xF3xima revisi\xF3n sea m\xE1s r\xE1pida.",
  noTransitTimeNotice: "Esta carta no tiene hora de nacimiento, as\xED que su Luna es una estimaci\xF3n al mediod\xEDa \u2014 puede variar hasta seis grados, y un tr\xE1nsito a la Luna cerca del borde del orbe puede aparecer o desaparecer con la hora real.",
  skyAt: "Cielo en",
  noTransitsWithin: "No hay tr\xE1nsitos dentro de",
  activeTransitsWithin: "tr\xE1nsitos activos a menos de",
  activeTransitWithin: "tr\xE1nsito activo a menos de",
  ofExact: "de exactitud",
  transitMoonOmitted: "Luna en tr\xE1nsito omitida \u2014 cruza toda la carta cada mes",
  quietSky: "Cielo tranquilo con el orbe estrecho de esta p\xE1gina. Nada urgente \u2014 vuelve en unos d\xEDas o ampl\xEDa la lectura con los eventos del mes abajo.",
  natal: "natal",
  forYourChart: "Para tu carta",
  orb: "orbe",
  openDailyBrief: "Abrir mi resumen diario completo",
  allTransits: "Todos tus tr\xE1nsitos",
  personA: "Persona A",
  personB: "Persona B",
  sharedChart: "Carta compartida",
  sharedWithYou: "compartida contigo",
  removeSharedChart: "Eliminar la carta compartida",
  sharedSideHelp: "Este lado lleg\xF3 en el enlace \u2014 b\xF3rralo para ingresar los datos de otra persona.",
  name: "Nombre",
  compareCharts: "Comparar las cartas",
  sameChart: "Es la misma carta dos veces \u2014 elige dos distintas.",
  compareSavedHelp: "Las cartas que calcules y guardes aparecer\xE1n aqu\xED como opciones de un toque, as\xED la segunda comparaci\xF3n ser\xE1 m\xE1s r\xE1pida que la primera.",
  compareNoTimeNotice: "Sin hora de nacimiento para",
  moonMiddayEstimate: "as\xED que esa Luna es una estimaci\xF3n al mediod\xEDa \u2014 puede variar hasta seis grados, y un aspecto lunar cerca del borde del orbe puede aparecer o desaparecer con la hora real.",
  crossChartAspects: "aspectos entre cartas",
  easeful: "fluidos",
  charged: "tensos",
  readPairing: "Leer la combinaci\xF3n",
  inviteCompare: "Invitar a alguien a comparar",
  inviteLink: "Enlace de invitaci\xF3n",
  inviteNote: "El enlace incluye los datos de nacimiento de esta persona y abre esta p\xE1gina con ese lado lleno \u2014 no se nos env\xEDa nada. Conviene tener su permiso si no eres t\xFA.",
  inviteCopied: "Enlace de invitaci\xF3n copiado al portapapeles.",
  syncOn: "Sincronizaci\xF3n activa",
  keepEveryDevice: "Lleva tus cartas a todos tus dispositivos",
  signedIn: "Sesi\xF3n iniciada",
  syncCopyOn: "Las cartas guardadas y las eliminaciones se sincronizan entre dispositivos.",
  syncCopyOff: "Guarda cartas en este dispositivo. Inicia sesi\xF3n cuando quieras tenerlas en todos tus dispositivos.",
  weeklyDigestTitle: "Email semanal del cielo",
  weeklyDigestCopy: "Un email por semana: el cielo sobre tus cartas guardadas. Puedes darte de baja cuando quieras.",
  weeklyDigestAria: "Activar email semanal",
  digestSaved: "Preferencia del resumen guardada.",
  digestFailed: "No se pudo actualizar la preferencia del resumen. Int\xE9ntalo otra vez.",
  checkEmail: "Revisa tu email para entrar. Esta p\xE1gina se sincronizar\xE1 cuando vuelvas.",
  syncFailed: "La sincronizaci\xF3n fall\xF3. Int\xE9ntalo otra vez.",
  syncing: "Sincronizando\u2026",
  synced: "Sincronizado",
  syncNow: "Sincronizar ahora",
  signOut: "Cerrar sesi\xF3n",
  emailSyncAria: "Email para sincronizar perfil",
  sending: "Enviando\u2026",
  sendSignIn: "Enviar enlace de acceso",
  nothingSaved: "A\xFAn no hay nada guardado.",
  emptyProfile: "Las cartas que guardes vivir\xE1n aqu\xED, primero en este dispositivo. Calcula una carta y toca Guardar esta carta para empezar.",
  saved: "guardadas",
  chartSingular: "carta",
  chartPlural: "cartas",
  savedChartSingular: "carta guardada",
  savedChartPlural: "cartas guardadas",
  syncedWhenSignedIn: "con sincronizaci\xF3n activa",
  storedBrowser: "en este navegador",
  chartName: "Nombre de la carta",
  timeUnknown: "hora desconocida",
  needsTime: "necesita hora",
  compareThese: "Comparar estas dos cartas",
  addAnotherChart: "Agregar otra carta",
  ...GROWTH_UI_ES
};
var es_default = es;

// site/src/lib/i18n/ui/fr.ts
var fr = {
  chartDepthOpen: "Voir en trois dimensions",
  chartDepthClose: "Masquer la troisi\xE8me dimension",
  calculationLoadError: "Les fichiers de calcul n\u2019ont pas pu \xEAtre charg\xE9s. V\xE9rifie ta connexion et r\xE9essaie.",
  calculationReload: "Recharger la page",
  calculationReloadWarning: "Le rechargement efface les donn\xE9es non enregistr\xE9es.",
  calculationRetry: "R\xE9essayer",
  pfdYearError: "Nous n\u2019avons pas pu terminer la lecture de l\u2019ann\xE9e \xE0 venir. R\xE9essaie.",
  placeSearching: "Recherche de lieux\u2026",
  chartWheelActions: "Actions du th\xE8me",
  chartWheelGuide: "Faire la visite guid\xE9e",
  chartWheelReplay: "Rejouer la visite",
  chartWheelAnother: "Lire un autre th\xE8me",
  chartWheelSignatureSelf: "La signature de ton th\xE8me",
  chartWheelSignatureOther: "La signature de son th\xE8me",
  chartWheelCompareMine: "Comparer avec le mien",
  chartWheelCompareAdd: "Ajouter mon th\xE8me pour comparer",
  chartWheelShareOther: "Partager ce th\xE8me",
  navPrimary: "Navigation principale",
  navSigns: "Signes",
  navTools: "Outils",
  navLearn: "Comprendre",
  navHoroscopes: "Horoscopes",
  navCollect: "Astrofolio",
  navSavedCharts: "Th\xE8mes enregistr\xE9s",
  navMenu: "Menu",
  navSite: "Le site",
  navTwelve: "Les Douze",
  footerTag: "Outils astrologiques gratuits et guides des signes, avec des th\xE8mes calcul\xE9s en toute confidentialit\xE9 dans ton navigateur.",
  footerStartHere: "Pour commencer",
  footerPlanets: "Les plan\xE8tes",
  footerHouses: "Les maisons",
  footerZodiacDates: "Dates des signes",
  footerGlossary: "Glossaire",
  footerCompute: "Nos calculs",
  footerRegistry: "Registry",
  footerThesis: "Th\xE8se",
  footerArchive: "Archives",
  footerSdk: "SDK",
  footerCollectNote: "Les fiches, recherches, profils du catalogue et le SDK du Registry sont en lecture seule. L\u2019outil d\u2019achat facultatif d\u2019Astrofolio utilise Jupiter, un service ind\xE9pendant, et ton propre portefeuille\u202F; Zodiacs.org ne d\xE9tient aucune cl\xE9 ni aucun fonds. Rien de ceci ne constitue un conseil financier.",
  footerMethodology: "M\xE9thodologie",
  footerAbout: "\xC0 propos",
  footerPrivacy: "Confidentialit\xE9",
  footerTerms: "Conditions",
  footerPlaceData: "Donn\xE9es g\xE9ographiques",
  footerFonts: "Polices sous licence",
  skipContent: "Aller au contenu",
  open: "Ouvrir",
  birthChart: "Th\xE8me astral",
  compatibility: "Compatibilit\xE9",
  moonSign: "Signe lunaire",
  risingSign: "Ascendant",
  moonPhase: "Phase de la Lune",
  saturnReturn: "Retour de Saturne",
  transits: "Transits",
  birthday: "Anniversaire (en anglais)",
  retrogrades: "R\xE9trogrades",
  sun: "Soleil",
  moon: "Lune",
  rising: "Ascendant",
  body: "Astre",
  position: "Position",
  sign: "Signe",
  house: "Maison",
  chart: "Th\xE8me",
  date: "Date",
  time: "Heure",
  place: "Lieu",
  motion: "Mouvement",
  optional: "facultatif",
  birthDate: "Date de naissance",
  birthTime: "Heure de naissance",
  birthplace: "Lieu de naissance",
  birthDateRequired: "Indique ta date de naissance.",
  birthDateRange: "Choisis une date de naissance entre 1800 et 2199.",
  birthTimeRequired: "Indique ton heure de naissance.",
  houseSystem: "Syst\xE8me de maisons",
  wholeSignDefault: "Maisons en signes entiers (par d\xE9faut)",
  placidus: "Placidus",
  houseSystemHelp: "La mani\xE8re de diviser la carte en douze domaines de vie. En signes entiers, chaque signe forme une maison enti\xE8re ; Placidus fait varier la taille des maisons selon l\u2019heure et le lieu exacts. Les plan\xE8tes ne bougent pas : seules les limites des maisons changent.",
  computing: "Calcul en cours\u2026",
  checking: "V\xE9rification en cours\u2026",
  comparing: "Comparaison en cours\u2026",
  save: "Enregistrer",
  rename: "Renommer",
  remove: "Supprimer",
  getBirthChart: "Obtiens ton th\xE8me astral gratuit",
  findMoonSign: "D\xE9couvre ton signe lunaire",
  findRisingSign: "D\xE9couvre ton ascendant",
  savedCharts: "Th\xE8mes enregistr\xE9s",
  profile: "Ton profil",
  read: "Lire",
  rightNow: "En ce moment",
  enterBirthDetails: "Saisis tes donn\xE9es de naissance\u2026",
  privacyDevice: "Priv\xE9 par d\xE9faut. Tes donn\xE9es de naissance restent dans ce navigateur.",
  placePlaceholder: "Commence \xE0 saisir une ville\u2026",
  placeChange: "Changer le lieu de naissance",
  placePickHint: "Choisis ton lieu de naissance dans la liste.",
  placeNoResults: "Pas dans la liste ? Choisis la ville la plus proche \u2014 quelques kilom\xE8tres changent rarement le th\xE8me.",
  placeError: "Impossible de charger l\u2019index des lieux \u2014 v\xE9rifie ta connexion et r\xE9essaie.",
  searchGeo: "La recherche couvre environ 34\u202F000 lieux \xB7 GeoNames (CC BY 4.0)",
  chartError: "Un probl\xE8me est survenu pendant le calcul du th\xE8me. R\xE9essaie.",
  moonError: "Un probl\xE8me est survenu pendant le calcul de la Lune. R\xE9essaie.",
  localDateReferenceError: "Nous n\u2019avons pas pu d\xE9terminer une heure de calcul correspondant \xE0 cette date locale. V\xE9rifie la date et le lieu.",
  returnError: "Un probl\xE8me est survenu pendant le calcul du retour. R\xE9essaie.",
  transitError: "Un probl\xE8me est survenu pendant le calcul des transits. R\xE9essaie.",
  compareError: "Un probl\xE8me est survenu pendant la comparaison des th\xE8mes. R\xE9essaie.",
  noBirthTime: "Je ne la connais pas",
  risingTimeHelp: "L\u2019ascendant change toutes les deux heures \u2014 ici, l\u2019heure compte.",
  chartTimeHelp: "Tu ne connais pas l\u2019heure\u202F? Tu obtiendras une r\xE9f\xE9rence \xE0 midi local, sans ascendant ni maisons\u202F; la Lune peut \xEAtre incertaine.",
  chartSavedDevice: "Enregistr\xE9 \xB7 sur cet appareil",
  saveThisChart: "Enregistrer ce th\xE8me",
  chartSavedStatus: "Th\xE8me enregistr\xE9 sur cet appareil.",
  chartSaveFull: "Tu peux enregistrer jusqu\u2019\xE0 40 th\xE8mes \u2014 supprimes-en un d\u2019abord.",
  chartSaveError: "Impossible d\u2019enregistrer \u2014 ton navigateur bloque peut-\xEAtre le stockage local.",
  chartSavedMessage: "Ajout\xE9 \xE0 tes th\xE8mes. Connecte-toi ici quand tu voudras les retrouver sur tous tes appareils.",
  linkCopied: "Lien copi\xE9",
  copyChartLink: "Copier un lien vers ce th\xE8me",
  rendering: "Cr\xE9ation en cours\u2026",
  cardSaved: "Image enregistr\xE9e",
  saveChartCard: "Enregistrer une image du th\xE8me",
  shareChart: "Partager ton th\xE8me",
  linkToChart: "Lien vers ce th\xE8me",
  chartLinkCopied: "Lien du th\xE8me copi\xE9 dans le presse-papiers.",
  chartCardSaved: "Image du th\xE8me enregistr\xE9e.",
  cardError: "Impossible de cr\xE9er l\u2019image dans ce navigateur \u2014 tu peux tout aussi bien faire une capture de la roue ci-dessus.",
  shareNote: "Le lien contient les donn\xE9es de naissance que tu as saisies \u2014 rien ne nous est envoy\xE9, et seules les personnes \xE0 qui tu le transmets peuvent l\u2019ouvrir. L\u2019image au format 1080\xD71350 est cr\xE9\xE9e sur ton appareil.",
  needsBirthTime: "Heure de naissance n\xE9cessaire",
  yourMoonSign: "Ton signe lunaire",
  yourRisingSign: "Ton ascendant",
  moonPhaseAtBirth: "Phase de la Lune \xE0 la naissance",
  chartRuler: "Ma\xEEtre du th\xE8me",
  planetSteering: "la plan\xE8te qui gouverne ton ascendant.",
  aspectsFound: "Aspects",
  found: "au total",
  applying: "appliquant",
  wholeSignHouses: "Maisons en signes entiers",
  placidusHouses: "Maisons de Placidus",
  engine: "moteur v",
  readInOrder: "Lire le th\xE8me dans l\u2019ordre",
  readIntro: "De haut en bas, comme le ferait un astrologue. Les tableaux ci-dessus pr\xE9sentent les donn\xE9es\u202F; voici ce qu\u2019elles racontent.",
  readBigThree: "Commence par les trois piliers",
  readBigThreeBody: "Soleil, Lune, ascendant \u2014 les trois cartes en haut. Identit\xE9, instinct, fa\xE7on d\u2019aborder le monde. Tout ce qui suit les nuance\u202F; rien ne les remplace.",
  readRooms: "Les plan\xE8tes, maison par maison",
  readNoHouses: "Sans heure de naissance, il n\u2019y a pas de maisons\u202F: chaque plan\xE8te se lit donc uniquement dans son signe. Ajoute l\u2019heure pour faire appara\xEEtre les maisons dans cette section.",
  readAspects: "Les aspects les plus influents",
  readWeather: "Le climat du th\xE8me",
  readIn: "en",
  today: "aujourd\u2019hui",
  todayBySignTitle: "Le ciel d\u2019aujourd\u2019hui, signe par signe",
  todayBySignPrompt: "Appuie sur ton signe solaire pour une lecture claire du jour \u2014 aucune heure de naissance n\xE9cessaire.",
  todaySolarNote: "lu \xE0 partir des maisons solaires de ton signe",
  whyThisReading: "Pourquoi cette lecture",
  todayHoroscopeLink: "horoscope",
  or: "ou",
  chartSavedBeforeLink: "Ajout\xE9 \xE0 tes th\xE8mes. Connecte-toi",
  chartSavedLink: "ici",
  chartSavedAfterLink: "quand tu voudras les retrouver sur tous tes appareils.",
  signedInAs: "Session ouverte avec {email}",
  removeChartConfirm: "Supprimer \xAB\u202F{name}\u202F\xBB de cet appareil\u202F?",
  compareSavedHeading: "Comparer {a} et {b}",
  compareSavedPitch: "Deux th\xE8mes enregistr\xE9s appellent une comparaison\u202F: tous les aspects entre les deux, interpr\xE9t\xE9s avec franchise et calcul\xE9s sur cet appareil.",
  saturnDateHelp: "La date suffit \xE0 d\xE9terminer les ann\xE9es de ton retour. L\u2019heure et le lieu pr\xE9cisent le calcul \xE0 quelques jours pr\xE8s, sans jamais changer l\u2019ann\xE9e.",
  saturnReturnHeading: "{ordinal} retour",
  skyMercuryRetrograde: "Mercure r\xE9trograde",
  skyMercuryDirect: "Mercure direct",
  skyPlanetRetrograde: "{planet} r\xE9trograde",
  skyFullMoon: "Pleine Lune",
  skyNewMoon: "Nouvelle Lune",
  skyMoonOn: "{event} \xB7 {date}",
  skyAsOf: "{date} \xB7 12\u202Fh UTC",
  skyTickerAria: "Positions dans le ciel le {date} \xE0 12\u202Fh UTC",
  moonDiscAria: "Lune \xE9clair\xE9e \xE0 {percent}\u202F%",
  pairingCta: "Lire la dynamique entre {a} et {b}",
  inviteWith: "Inviter quelqu\u2019un \xE0 comparer son th\xE8me avec celui de {name}",
  inviteNamedNote: "Le lien contient les donn\xE9es de naissance de {name} et ouvre cette page avec ce c\xF4t\xE9 d\xE9j\xE0 rempli \u2014 rien ne nous est envoy\xE9. Si ce n\u2019est pas toi, mieux vaut avoir son accord.",
  transitMiddayUtc: "{date} \xB7 midi UTC",
  planetReturn: "Retour de {planet}",
  natalPlanet: "Position natale de {planet}",
  pfdToday: "Aujourd\u2019hui pour ce th\xE8me",
  pfdComing: "\xC0 venir pour ce th\xE8me",
  pfdYearAhead: "Les douze prochains mois pour ce th\xE8me",
  pfdYearBusy: "Calcul des douze prochains mois sur ton appareil \u2014 encore quelques secondes\u2026",
  pfdYearNote: "Calcul\xE9 \xE0 partir de ton th\xE8me enregistr\xE9\u202F: les dates exactes des douze prochains mois.",
  saveYearAheadNote: "Sur la page de profil, les th\xE8mes enregistr\xE9s donnent acc\xE8s aux douze prochains mois calcul\xE9s \u2014 retour solaire, dates de Jupiter et Saturne, contacts des \xE9clipses.",
  recordLabel: "Aile des collections",
  recordOneOfTwelve: "figure aussi parmi les Douze \u2014 une notice de r\xE9f\xE9rence dans le registre.",
  recordViewLink: "Voir la notice \u2014 pour l\u2019instant en anglais \u2192",
  recordChartSun: "Ton Soleil est en {sign}.",
  recordChartBody: "{sign} fait partie des Douze, avec ses propres cr\xE9ations, son histoire et sa notice officielle dans le Registre.",
  recordChartLink: "Explorer le Registre de {sign} \u2192",
  babyDueDate: "Date pr\xE9vue d\u2019accouchement",
  babyCompute: "Lire le ciel de la date pr\xE9vue",
  babyNeedDate: "Saisis d\u2019abord une date pr\xE9vue.",
  babyError: "Un probl\xE8me est survenu pendant le calcul du ciel. R\xE9essaie.",
  babySunHead: "Signe solaire \u2014 presque certain",
  babySunSingle: "Une naissance \xE0 cette date donne un Soleil en",
  babySunNearEdge: "La date se situe pr\xE8s d\u2019un changement de signe\u202F: une arriv\xE9e plus d\u2019un jour en avance ou en retard peut faire passer le Soleil en",
  babySunNearEdgeTail: "\u2014 la date de naissance tranche.",
  babySunSplitA: "Le Soleil change de signe \xE0 cette date\u202F: \xE0 la naissance, il sera en",
  babySunSplitOr: "ou",
  babySunSplitTail: "selon l\u2019heure. Le moment exact de la naissance tranche.",
  babyNoonNote: "signes calcul\xE9s \xE0 midi en temps universel",
  babyMoonHead: "Signe lunaire \u2014 quelques possibilit\xE9s",
  babyMoonBody: "La Lune change de signe tous les deux ou trois jours\u202F: une semaine pr\xE9vue couvre donc g\xE9n\xE9ralement deux ou trois signes lunaires. Des b\xE9b\xE9s n\xE9s la m\xEAme semaine peuvent avoir des signes lunaires diff\xE9rents \u2014 le jour et l\u2019heure de naissance tranchent.",
  babyRetroHead: "Plan\xE8tes r\xE9trogrades \xE0 la naissance",
  babyRetroBody: "en p\xE9riode r\xE9trograde autour de la date pr\xE9vue. Dans un th\xE8me astral, une plan\xE8te r\xE9trograde s\u2019exprime de fa\xE7on plus int\xE9rieure que d\u2019habitude \u2014 c\u2019est courant et il n\u2019y a rien \xE0 corriger.",
  babyRisingHead: "Ascendant \u2014 impossible \xE0 conna\xEEtre avant la minute exacte",
  babyRisingBody: "L\u2019ascendant change environ toutes les deux heures\u202F: aucune date pr\xE9vue ne permet donc de le pr\xE9dire. C\u2019est le seul placement qu\u2019on ne peut d\xE9terminer qu\u2019\xE0 partir de l\u2019heure exacte inscrite sur l\u2019acte de naissance.",
  babyDateLink: "Explorer cette date de naissance",
  babyChartLink: "Apr\xE8s la naissance\u202F: le th\xE8me complet",
  pfdChartPick: "Th\xE8me",
  pfdQuietSky: "Un ciel calme pour ce th\xE8me aujourd\u2019hui \u2014 rien \xE0 moins de 3\xB0 d\u2019un point natal.",
  pfdQuietAhead: "Rien de majeur \xE0 l\u2019horizon de ce th\xE8me dans la p\xE9riode calcul\xE9e.",
  pfdSaturnBusy: "Calcul des p\xE9riodes de Saturne sur ton appareil\u2026",
  pfdEmptyTitle: "Ton ciel, d\xE8s que tu auras enregistr\xE9 un th\xE8me",
  pfdEmptyBody: "Enregistre un th\xE8me astral\u202F: chaque jour, cette page s\u2019ouvrira sur ses transits, ses maisons et ce qui l\u2019attend.",
  pfdWindows: "p\xE9riodes",
  openChart: "Ouvrir",
  dignityDomicile: "domicile",
  dignityExaltation: "exaltation",
  dignityDetriment: "exil",
  dignityFall: "chute",
  explorerHint: "Appuie sur une plan\xE8te, un signe, une maison ou une ligne d\u2019aspect pour l\u2019examiner \u2014 tu peux aussi s\xE9lectionner la roue et utiliser les touches fl\xE9ch\xE9es.",
  explorerLabel: "Th\xE8me astral interactif",
  explorerSelectPart: "Choisis une partie du th\xE8me",
  explorerNoSelection: "Aucune s\xE9lection",
  explorerAngles: "Angles",
  explorerControlsLoading: "Chargement des interpr\xE9tations et des commandes du th\xE8me\u2026",
  explorerControlsError: "Ton th\xE8me est pr\xEAt, mais ses interpr\xE9tations et ses commandes n\u2019ont pas pu \xEAtre charg\xE9es. V\xE9rifie ta connexion et r\xE9essaie.",
  explorerKeyHint: "Les fl\xE8ches gauche et droite parcourent les positions ; Entr\xE9e ouvre le panneau de d\xE9tails.",
  selectionCleared: "S\xE9lection annul\xE9e.",
  inspectorClose: "Fermer les d\xE9tails",
  speed: "Vitesse",
  day: "jour",
  dignity: "Dignit\xE9",
  separating: "s\xE9parant",
  dates: "Dates",
  element: "\xC9l\xE9ment",
  ruler: "Ma\xEEtre",
  inThisSign: "Dans ce signe",
  inThisHouse: "Dans cette maison",
  cusp: "Cuspide",
  span: "\xC9tendue",
  emptyHouseNote: "Aucune plan\xE8te ici. Une maison vide n\u2019est pas une page blanche \u2014 ses th\xE8mes s\u2019expriment \xE0 travers la plan\xE8te qui la gouverne.",
  angleAscNote: "L\u2019Ascendant \u2014 le degr\xE9 qui se levait \xE0 l\u2019est au moment de la naissance. Il ancre toute la roue.",
  angleDscNote: "Le Descendant \u2014 le degr\xE9 qui se couchait \xE0 l\u2019horizon ouest, \xE0 l\u2019oppos\xE9 de l\u2019Ascendant. La porte traditionnelle vers les partenaires.",
  angleMcNote: "Le Milieu du Ciel \u2014 le degr\xE9 qui culminait au-dessus de l\u2019horizon \xE0 la naissance. Carri\xE8re, r\xE9putation, vie publique.",
  angleIcNote: "Le Fond du Ciel \u2014 le point le plus bas de la roue, \xE0 l\u2019oppos\xE9 du Milieu du Ciel. Foyer, racines, vie priv\xE9e.",
  layersLabel: "Calques du th\xE8me",
  layerHouses: "Maisons",
  editedBy: "Publi\xE9 par",
  tourStart: "Lancer la visite",
  firstReadingLabel: "Ta lecture en 2 minutes",
  firstReadingTitle: "Que dit ton th\xE8me de toi \u2014 et de la suite ?",
  firstReadingBody: "D\xE9couvre ton m\xE9lange de personnalit\xE9, o\xF9 il s\u2019exprime, un sch\xE9ma que tu reconna\xEEtras peut-\xEAtre et comment l\u2019astrologie transforme un th\xE8me natal en pr\xE9vision.",
  firstReadingResumeTitle: "Ta lecture t\u2019attend",
  firstReadingResumeBody: "Reprends l\xE0 o\xF9 tu t\u2019es arr\xEAt\xE9 sur cet appareil.",
  firstReadingStart: "Lire mon th\xE8me",
  firstReadingExplore: "Explorer par moi-m\xEAme",
  firstReadingResume: "Continuer ma lecture",
  firstReadingStep: "\xC9tape",
  firstReadingFullTour: "Voir comment fonctionne le th\xE8me \u2014 visite avanc\xE9e",
  firstReadingReplay: "Revoir l\u2019histoire de mon th\xE8me",
  chartActionsMore: "Plus de fa\xE7ons d\u2019utiliser ce th\xE8me",
  chartReceiptDownload: "T\xE9l\xE9charger le relev\xE9 du calcul (.json)",
  chartReceiptPrivacy: "Ce fichier contient des donn\xE9es de naissance sensibles et les donn\xE9es du th\xE8me. Gardez-le priv\xE9.",
  chartReceiptError: "Le fichier n\u2019a pas pu \xEAtre t\xE9l\xE9charg\xE9. Veuillez r\xE9essayer.",
  chartReceiptUnavailable: "Aucun relev\xE9 de calcul n\u2019est disponible pour ce th\xE8me.",
  seeTodaySky: "Voir le ciel d\u2019aujourd\u2019hui",
  contextHelpCue: "Touche les termes soulign\xE9s en pointill\xE9s pour obtenir une explication simple.",
  editorialHow: "normes \xE9ditoriales",
  dstGapNotice: "Cette heure se trouvait dans l\u2019intervalle supprim\xE9 par le passage \xE0 l\u2019heure d\u2019\xE9t\xE9 et n\u2019a donc jamais exist\xE9 \u2014 nous l\u2019avons avanc\xE9e jusqu\u2019\xE0 la fin de cet intervalle, conform\xE9ment \xE0 la convention habituelle.",
  dstFoldNotice: "\xC0 ton lieu de naissance, les horloges ont affich\xE9 deux fois cette heure\u202F; nous avons retenu la premi\xE8re occurrence. Si tu sais qu\u2019il s\u2019agissait de la seconde, ton th\xE8me change \xE0 peine \u2014 la Lune avance d\u2019environ un demi-degr\xE9 par heure.",
  lmtNotice: "Ta naissance remonte \xE0 une \xE9poque ant\xE9rieure \xE0 la normalisation des fuseaux horaires \u2014 nous avons utilis\xE9 l\u2019heure moyenne locale de l\u2019\xE9poque, comme le font les logiciels professionnels.",
  polarNotice: "Les maisons de Placidus ne sont pas d\xE9finies aussi pr\xE8s du p\xF4le\u202F; ce th\xE8me utilise donc les maisons en signes entiers.",
  noTimeNotice: "Sans heure de naissance, nous utilisons 12 h en heure civile locale comme r\xE9f\xE9rence et omettons l\u2019ascendant, les angles et les maisons.",
  moonUnverifiedNotice: "Les signes possibles de la Lune au cours de cette date de naissance ne sont pas v\xE9rifi\xE9s. Ajoute une heure de naissance pour obtenir un r\xE9sultat \xE0 ce moment pr\xE9cis.",
  moonAmbiguousNotice: "La Lune a \xE9galement chang\xE9 de signe ce jour-l\xE0 \u2014 il est raisonnable de lire les deux signes voisins tant que tu n\u2019as pas retrouv\xE9 l\u2019heure.",
  fromLinkNotice: "Ce th\xE8me vient d\u2019un lien partag\xE9 \u2014 les donn\xE9es de naissance \xE9taient contenues dans le lien, et le calcul vient de se faire sur ton appareil.",
  howWeCompute: "Nos calculs",
  welcomeBack: "Bon retour parmi nous.",
  savedChartAria: "Ton th\xE8me enregistr\xE9",
  todayAgainstChart: "Le ciel d\u2019aujourd\u2019hui par rapport \xE0 ton th\xE8me",
  yourCharts: "Tes th\xE8mes",
  recommendedNext: "\xC9tape recommand\xE9e",
  todayForName: "Voir ce que cette journ\xE9e signifie pour {name}",
  savedChartTodayBody: "Ton th\xE8me ne change pas. Le ciel du jour, si \u2014 commence par ce qui \xE9volue pour toi maintenant.",
  openSavedChart: "Ouvrir le th\xE8me enregistr\xE9",
  moonReadingSky: "Lecture du ciel\u2026",
  illuminated: "\xE9clair\xE9e",
  moonIn: "Lune en",
  findThatMoon: "Retrouver la Lune de cette date",
  dateHelp: "Un anniversaire, une date marquante, n\u2019importe quelle date.",
  placeHelpMoon: "Pr\xE9cise la conversion de l\u2019heure\u202F; la phase en d\xE9pend \xE0 peine.",
  middayLocalCaption: "Lecture \xE0 midi, heure locale \u2014 ajoute l\u2019heure exacte pour d\xE9terminer pr\xE9cis\xE9ment le degr\xE9.",
  utcTimeCaption: "L\u2019heure est lue en temps universel \u2014 ajoute un lieu de naissance pour convertir ton heure locale.",
  middayUtcCaption: "Lecture \xE0 midi en temps universel \u2014 l\u2019heure et le lieu d\xE9terminent pr\xE9cis\xE9ment le degr\xE9.",
  moonChangedNotice: "La Lune a chang\xE9 de signe ce jour-l\xE0 et, sans l\u2019heure, nous ne pouvons pas savoir de quel c\xF4t\xE9 de la limite elle se trouvait \xE0 ta naissance. La phase reste la m\xEAme \u2014 elle \xE9volue trop lentement pour que quelques heures comptent.",
  birthChartForDate: "Calculer le th\xE8me astral de cette date",
  natalSaturn: "Ton Saturne natal",
  addBirthDetails: "Ajouter l\u2019heure et le lieu de naissance (facultatif)",
  findSaturnReturn: "Trouve ton retour de Saturne",
  returnApprox: "Dates calcul\xE9es \xE0 partir d\u2019une lecture \xE0 midi \u2014 avec l\u2019heure et le lieu de naissance, elles peuvent se d\xE9caler de quelques jours dans un sens ou dans l\u2019autre.",
  complete: "Termin\xE9",
  underwayNow: "En cours",
  aheadOfYou: "\xC0 venir",
  first: "Premier",
  second: "Deuxi\xE8me",
  third: "Troisi\xE8me",
  fourth: "Quatri\xE8me",
  aroundAge29: "vers 29 ans",
  aroundAge58: "vers 58 ans",
  aroundAge88: "vers 88 ans",
  retrogradePass: "passage r\xE9trograde",
  threePasses: "Trois passages exacts\u202F: Saturne franchit ton degr\xE9, revient dessus en r\xE9trograde, puis le traverse une derni\xE8re fois en repartant. Toute cette p\xE9riode forme le retour.",
  seeSaturnChart: "Voir Saturne dans ton th\xE8me astral",
  whatSaturnMeans: "Ce que signifie Saturne",
  yourChart: "Ton th\xE8me",
  theSky: "Le ciel",
  transitRingLede: "Calcule ton th\xE8me, puis d\xE9place le curseur pour observer les plan\xE8tes se d\xE9placer sur celui-ci \u2014 en avant ou en arri\xE8re, sur une p\xE9riode allant jusqu\u2019\xE0 un an.",
  checkTransits: "Voir tes transits",
  savedChartHelp: "Les th\xE8mes que tu calcules et enregistres apparaissent ici sous forme de raccourcis\u202F: tu n\u2019auras rien \xE0 ressaisir lors de la prochaine consultation.",
  noTransitTimeNotice: "Ce th\xE8me n\u2019a pas d\u2019heure de naissance\u202F: sa Lune est donc estim\xE9e \xE0 midi et peut s\u2019\xE9carter de six degr\xE9s au maximum. Un transit sur la Lune proche de la limite de son orbe peut appara\xEEtre ou dispara\xEEtre selon l\u2019heure r\xE9elle.",
  skyAt: "Ciel du",
  noTransitsWithin: "Aucun transit \xE0 moins de",
  activeTransitsWithin: "transits actifs \xE0 moins de",
  activeTransitWithin: "transit actif \xE0 moins de",
  ofExact: "du point exact",
  transitMoonOmitted: "Lune en transit non incluse \u2014 elle parcourt tout le th\xE8me chaque mois",
  quietSky: "Un ciel calme selon l\u2019orbe serr\xE9 utilis\xE9 sur cette page. Rien d\u2019urgent \u2014 reviens dans quelques jours ou \xE9largis la lecture aux \xE9v\xE9nements du mois ci-dessous.",
  natal: "Natal",
  forYourChart: "Pour ton th\xE8me",
  orb: "orbe",
  openDailyBrief: "Ouvrir mon r\xE9sum\xE9 quotidien complet",
  allTransits: "Tous tes transits",
  personA: "Personne A",
  personB: "Personne B",
  sharedChart: "Th\xE8me partag\xE9",
  sharedWithYou: "partag\xE9 avec toi",
  removeSharedChart: "Supprimer le th\xE8me partag\xE9",
  sharedSideHelp: "Ce c\xF4t\xE9 vient du lien \u2014 efface-le pour saisir les donn\xE9es de quelqu\u2019un d\u2019autre.",
  name: "Nom",
  compareCharts: "Comparer les th\xE8mes",
  sameChart: "C\u2019est le m\xEAme th\xE8me des deux c\xF4t\xE9s \u2014 choisis-en deux diff\xE9rents.",
  compareSavedHelp: "Les th\xE8mes que tu calcules et enregistres apparaissent ici sous forme de raccourcis\u202F: la deuxi\xE8me comparaison sera plus rapide que la premi\xE8re.",
  compareNoTimeNotice: "Aucune heure de naissance pour",
  moonMiddayEstimate: "\u2014 cette Lune est donc estim\xE9e \xE0 midi et peut s\u2019\xE9carter de six degr\xE9s au maximum. Un aspect lunaire proche de la limite de son orbe peut appara\xEEtre ou dispara\xEEtre selon l\u2019heure r\xE9elle.",
  crossChartAspects: "aspects entre les th\xE8mes",
  easeful: "harmonieux",
  charged: "tendus",
  readPairing: "Lire la dynamique",
  inviteCompare: "Inviter quelqu\u2019un \xE0 comparer",
  inviteLink: "Lien d\u2019invitation",
  inviteNote: "Le lien contient les donn\xE9es de naissance de cette personne et ouvre la page avec ce c\xF4t\xE9 d\xE9j\xE0 rempli \u2014 rien ne nous est envoy\xE9. Si ce n\u2019est pas toi, mieux vaut avoir son accord.",
  inviteCopied: "Lien d\u2019invitation copi\xE9 dans le presse-papiers.",
  syncOn: "Synchronisation activ\xE9e",
  keepEveryDevice: "Retrouve tes th\xE8mes sur tous tes appareils",
  signedIn: "Session ouverte",
  syncCopyOn: "L\u2019enregistrement et la suppression des th\xE8mes sont synchronis\xE9s sur tous tes appareils.",
  syncCopyOff: "Enregistre des th\xE8mes sur cet appareil. Connecte-toi quand tu voudras les retrouver sur tous tes appareils.",
  weeklyDigestTitle: "E-mail hebdomadaire du ciel",
  weeklyDigestCopy: "Un e-mail par semaine\u202F: le ciel compar\xE9 \xE0 tes th\xE8mes enregistr\xE9s. D\xE9sabonne-toi \xE0 tout moment.",
  weeklyDigestAria: "Inscription \xE0 l\u2019e-mail hebdomadaire",
  digestSaved: "Pr\xE9f\xE9rence d\u2019e-mail enregistr\xE9e.",
  digestFailed: "Impossible de mettre \xE0 jour ta pr\xE9f\xE9rence d\u2019e-mail. R\xE9essaie.",
  checkEmail: "Consulte ta messagerie pour trouver ton lien de connexion. Cette page se synchronisera \xE0 ton retour.",
  syncFailed: "La synchronisation a \xE9chou\xE9. R\xE9essaie.",
  syncing: "Synchronisation\u2026",
  synced: "\xC0 jour",
  syncNow: "Synchroniser maintenant",
  signOut: "Se d\xE9connecter",
  emailSyncAria: "E-mail pour synchroniser le profil",
  sending: "Envoi en cours\u2026",
  sendSignIn: "Envoyer le lien de connexion",
  nothingSaved: "Rien d\u2019enregistr\xE9 pour le moment.",
  emptyProfile: "Les th\xE8mes que tu enregistres appara\xEEtront ici, d\u2019abord sur cet appareil. Calcule un th\xE8me et appuie sur Enregistrer ce th\xE8me pour commencer.",
  saved: "enregistr\xE9s",
  chartSingular: "th\xE8me",
  chartPlural: "th\xE8mes",
  savedChartSingular: "th\xE8me enregistr\xE9",
  savedChartPlural: "th\xE8mes enregistr\xE9s",
  syncedWhenSignedIn: "synchronis\xE9s apr\xE8s connexion",
  storedBrowser: "conserv\xE9s dans ce navigateur",
  chartName: "Nom du th\xE8me",
  timeUnknown: "heure inconnue",
  needsTime: "\u2014 heure n\xE9cessaire",
  compareThese: "Comparer ces deux th\xE8mes",
  addAnotherChart: "Ajouter un autre th\xE8me",
  ...GROWTH_UI_EN,
  footerWidgets: "Widgets",
  footerDisclosure: "D\xE9clarations",
  emailCaptureKicker: "Pr\xE9vision hebdomadaire gratuite",
  emailCaptureTitle: "Ta semaine \xE0 venir.",
  emailCapturePersonalTitle: "Ta semaine de {sign} \xE0 venir.",
  emailCaptureCopy: "Une pr\xE9vision hebdomadaire pour ton signe. Gratuite, avec d\xE9sabonnement \xE0 tout moment.",
  emailCaptureEmailLabel: "Adresse e-mail",
  emailCaptureEmailPlaceholder: "toi@exemple.com",
  emailCaptureSignLegend: "Ton signe solaire (facultatif)",
  emailCaptureNoSign: "Passer le signe",
  emailCaptureUsingSign: "Signe solaire utilis\xE9\xA0: {sign}",
  emailCaptureChangeSign: "Changer",
  emailCaptureSubmit: "Envoie-moi ma semaine",
  emailCaptureSubmitting: "Inscription\u2026",
  emailCaptureSuccess: "Consulte ta messagerie pour confirmer ton abonnement.",
  emailCaptureErrorTitle: "Abonnement indisponible",
  emailCaptureError: "Impossible de d\xE9marrer l\u2019abonnement. R\xE9essaie.",
  emailCapturePrivacy: "Nous conservons ton e-mail uniquement avec le signe choisi \u2014 jamais tes donn\xE9es de naissance.",
  emailCaptureHoneypot: "Laisse ce champ vide",
  emailPendingTitle: "Consulte ta messagerie.",
  emailPendingBody: "Utilise le lien de confirmation que nous t\u2019avons envoy\xE9 avant le d\xE9but de ta pr\xE9vision hebdomadaire.",
  emailConfirmSubject: "Confirme ta pr\xE9vision hebdomadaire Zodiacs.org",
  emailConfirmMessage: "Confirme que tu souhaites recevoir la pr\xE9vision hebdomadaire gratuite de Zodiacs.org\u202F:",
  emailConfirmIgnore: "Si tu n\u2019as pas fait cette demande, ignore cet e-mail. Aucun abonnement ne sera activ\xE9.",
  emailConfirmTitle: "Une derni\xE8re v\xE9rification.",
  emailConfirmBody: "Confirme cet abonnement pour commencer \xE0 recevoir la pr\xE9vision hebdomadaire gratuite. D\u2019ici l\xE0, aucun abonnement hebdomadaire n\u2019est actif.",
  emailConfirmAction: "Confirmer l\u2019abonnement",
  emailConfirmedTitle: "Abonnement confirm\xE9.",
  emailConfirmedBody: "Ta pr\xE9vision hebdomadaire gratuite est activ\xE9e. Chaque message contient un lien de d\xE9sabonnement.",
  emailConfirmInvalidTitle: "Ce lien n\u2019est pas valide.",
  emailConfirmInvalidBody: "Le lien de confirmation est invalide ou a expir\xE9. Retourne sur Zodiacs.org pour en demander un autre.",
  emailReturnHome: "Retourner sur Zodiacs.org"
};
var fr_default = fr;

// site/src/lib/i18n/ui/it.ts
var it = {
  chartDepthOpen: "Vedilo in tre dimensioni",
  chartDepthClose: "Nascondi la terza dimensione",
  calculationLoadError: "Impossibile caricare i file di calcolo. Controlla la connessione e riprova.",
  calculationReload: "Ricarica la pagina",
  calculationReloadWarning: "Ricaricando si cancellano i dati non salvati.",
  calculationRetry: "Riprova",
  pfdYearError: "Non siamo riusciti a completare la lettura dell\u2019anno a venire. Riprova.",
  placeSearching: "Ricerca dei luoghi\u2026",
  chartWheelActions: "Azioni del tema",
  chartWheelGuide: "Inizia il tour guidato",
  chartWheelReplay: "Ripeti il tour",
  chartWheelAnother: "Leggi un altro tema",
  chartWheelSignatureSelf: "La firma del tuo tema",
  chartWheelSignatureOther: "La firma del suo tema",
  chartWheelCompareMine: "Confronta con il mio",
  chartWheelCompareAdd: "Aggiungi il mio tema per confrontare",
  chartWheelShareOther: "Condividi questo tema",
  navPrimary: "Navigazione principale",
  navSigns: "Segni",
  navTools: "Strumenti",
  navLearn: "Capire",
  navHoroscopes: "Oroscopi",
  navCollect: "Astrofolio",
  navSavedCharts: "Temi salvati",
  navMenu: "Menu",
  navSite: "Il sito",
  navTwelve: "I Dodici",
  footerTag: "Strumenti astrologici gratuiti e guide ai segni, con temi calcolati in privato nel tuo browser.",
  footerStartHere: "Inizia qui",
  footerPlanets: "I pianeti",
  footerHouses: "Le case",
  footerZodiacDates: "Date dei segni",
  footerGlossary: "Glossario",
  footerCompute: "Come calcoliamo",
  footerRegistry: "Registry",
  footerThesis: "Tesi",
  footerArchive: "Archivio",
  footerSdk: "SDK",
  footerCollectNote: "I record, le ricerche, i profili del catalogo e l\u2019SDK del Registry sono in sola lettura. Lo strumento di acquisto facoltativo di Astrofolio usa Jupiter, un servizio indipendente, e il tuo portafoglio; Zodiacs.org non custodisce chiavi n\xE9 fondi. Nulla di tutto ci\xF2 costituisce una consulenza finanziaria.",
  footerMethodology: "Metodologia",
  footerAbout: "Il progetto",
  footerPrivacy: "Privacy",
  footerTerms: "Termini",
  footerPlaceData: "Dati sui luoghi",
  footerFonts: "Font con licenza",
  skipContent: "Vai al contenuto",
  open: "Apri",
  birthChart: "Tema natale",
  compatibility: "Compatibilit\xE0",
  moonSign: "Segno lunare",
  risingSign: "Ascendente",
  moonPhase: "Fase lunare",
  saturnReturn: "Ritorno di Saturno",
  transits: "Transiti",
  birthday: "Compleanni (in inglese)",
  retrogrades: "Retrogradi",
  sun: "Sole",
  moon: "Luna",
  rising: "Ascendente",
  body: "Corpo celeste",
  position: "Posizione",
  sign: "Segno",
  house: "Casa",
  chart: "Tema",
  date: "Data",
  time: "Ora",
  place: "Luogo",
  motion: "Moto",
  optional: "facoltativo",
  birthDate: "Data di nascita",
  birthTime: "Ora di nascita",
  birthplace: "Luogo di nascita",
  birthDateRequired: "Inserisci la data di nascita.",
  birthDateRange: "Scegli una data di nascita tra il 1800 e il 2199.",
  birthTimeRequired: "Inserisci l\u2019ora di nascita.",
  houseSystem: "Sistema di case",
  wholeSignDefault: "Case a segno intero (predefinito)",
  placidus: "Placidus",
  houseSystemHelp: "Come la carta si divide in dodici aree della vita. Con le case a segno intero ogni segno \xE8 una casa intera; Placidus varia l\u2019ampiezza delle case secondo l\u2019ora e il luogo esatti. I pianeti non si spostano: cambiano solo i confini delle case.",
  computing: "Calcolo in corso\u2026",
  checking: "Verifica in corso\u2026",
  comparing: "Confronto in corso\u2026",
  save: "Salva",
  rename: "Rinomina",
  remove: "Rimuovi",
  getBirthChart: "Calcola gratis il tuo tema natale",
  findMoonSign: "Scopri il tuo segno lunare",
  findRisingSign: "Scopri il tuo ascendente",
  savedCharts: "Temi salvati",
  profile: "Il tuo profilo",
  read: "Leggi",
  rightNow: "In questo momento",
  enterBirthDetails: "Inserisci i dati di nascita\u2026",
  privacyDevice: "Privato per impostazione predefinita. I tuoi dati di nascita restano in questo browser.",
  placePlaceholder: "Inizia a digitare una citt\xE0\u2026",
  placeChange: "Cambia luogo di nascita",
  placePickHint: "Scegli il luogo di nascita dall\u2019elenco.",
  placeNoResults: "Non \xE8 nell\u2019elenco? Scegli la citt\xE0 pi\xF9 vicina \u2014 pochi chilometri cambiano raramente il tema.",
  placeError: "Non \xE8 stato possibile caricare l\u2019indice dei luoghi \u2014 controlla la connessione e riprova.",
  searchGeo: "La ricerca include circa 34.000 luoghi \xB7 GeoNames (CC BY 4.0)",
  chartError: "Si \xE8 verificato un problema durante il calcolo del tema. Riprova.",
  moonError: "Si \xE8 verificato un problema durante il calcolo della Luna. Riprova.",
  localDateReferenceError: "Non \xE8 stato possibile stabilire un orario di calcolo all\u2019interno di questa data locale. Controlla la data e il luogo.",
  returnError: "Si \xE8 verificato un problema durante il calcolo del ritorno. Riprova.",
  transitError: "Si \xE8 verificato un problema durante il calcolo dei transiti. Riprova.",
  compareError: "Si \xE8 verificato un problema durante il confronto dei temi. Riprova.",
  noBirthTime: "Non la conosco",
  risingTimeHelp: "L\u2019ascendente cambia ogni due ore \u2014 qui l\u2019orario conta.",
  chartTimeHelp: "Non conosci l\u2019ora di nascita? Vedrai un riferimento al mezzogiorno locale, senza ascendente n\xE9 case; la Luna pu\xF2 essere incerta.",
  chartSavedDevice: "Salvato \xB7 su questo dispositivo",
  saveThisChart: "Salva questo tema",
  chartSavedStatus: "Tema salvato su questo dispositivo.",
  chartSaveFull: "Puoi salvare fino a 40 temi \u2014 prima rimuovine uno.",
  chartSaveError: "Non \xE8 stato possibile salvare \u2014 il browser potrebbe bloccare l\u2019archiviazione locale.",
  chartSavedMessage: "Salvato tra i tuoi temi. Accedi qui quando vorrai ritrovarli su ogni dispositivo.",
  linkCopied: "Link copiato",
  copyChartLink: "Copia un link a questo tema",
  rendering: "Creazione in corso\u2026",
  cardSaved: "Immagine salvata",
  saveChartCard: "Salva un\u2019immagine del tema",
  shareChart: "Condividi il tuo tema",
  linkToChart: "Link a questo tema",
  chartLinkCopied: "Link al tema copiato negli appunti.",
  chartCardSaved: "Immagine del tema salvata.",
  cardError: "Non \xE8 stato possibile creare l\u2019immagine in questo browser \u2014 puoi anche acquisire una schermata della ruota qui sopra.",
  shareNote: "Il link contiene i dati di nascita che hai inserito \u2014 non ci viene inviato nulla, quindi pu\xF2 aprirlo solo chi lo riceve da te. L\u2019immagine 1080\xD71350 viene creata sul tuo dispositivo.",
  needsBirthTime: "Serve l\u2019ora di nascita",
  yourMoonSign: "Il tuo segno lunare",
  yourRisingSign: "Il tuo ascendente",
  moonPhaseAtBirth: "Fase lunare alla nascita",
  chartRuler: "Governatore del tema",
  planetSteering: "il pianeta che governa il tuo ascendente.",
  aspectsFound: "Aspetti",
  found: "trovati",
  applying: "applicativo",
  wholeSignHouses: "Case a segno intero",
  placidusHouses: "Case Placidus",
  engine: "motore v",
  readInOrder: "Leggere il tema in ordine",
  readIntro: "Dall\u2019alto verso il basso, come farebbe un astrologo. Le tabelle qui sopra sono i dati; ecco che cosa raccontano.",
  readBigThree: "Inizia dai tre pilastri",
  readBigThreeBody: "Sole, Luna, ascendente \u2014 le tre schede in alto. Identit\xE0, istinto, modo di entrare nel mondo. Tutto il resto li precisa; nulla li sostituisce.",
  readRooms: "I pianeti, casa per casa",
  readNoHouses: "Senza l\u2019ora di nascita non ci sono case, quindi ogni pianeta si legge solo nel segno. Aggiungi l\u2019ora e in questa sezione compariranno le case.",
  readAspects: "Gli aspetti pi\xF9 influenti",
  readWeather: "Il clima del tema",
  readIn: "in",
  today: "oggi",
  todayBySignTitle: "Il cielo di oggi, segno per segno",
  todayBySignPrompt: "Tocca il tuo segno solare per una lettura chiara di oggi \u2014 non serve l\u2019ora di nascita.",
  todaySolarNote: "letto dalle case solari del tuo segno",
  whyThisReading: "Perch\xE9 questa lettura",
  todayHoroscopeLink: "oroscopo",
  or: "oppure",
  chartSavedBeforeLink: "Salvato tra i tuoi temi. Accedi",
  chartSavedLink: "qui",
  chartSavedAfterLink: "quando vorrai ritrovarli su ogni dispositivo.",
  signedInAs: "Accesso effettuato come {email}",
  removeChartConfirm: "Rimuovere \u201C{name}\u201D da questo dispositivo?",
  compareSavedHeading: "Confronta {a} e {b}",
  compareSavedPitch: "Due temi salvati aspettano solo di essere confrontati: tutti gli aspetti fra i due, letti con sincerit\xE0 e calcolati su questo dispositivo.",
  saturnDateHelp: "La sola data individua gli anni del tuo ritorno. Ora e luogo precisano le date di qualche giorno, senza cambiare mai l\u2019anno.",
  saturnReturnHeading: "{ordinal} ritorno",
  skyMercuryRetrograde: "Mercurio retrogrado",
  skyMercuryDirect: "Mercurio diretto",
  skyPlanetRetrograde: "{planet} retrogrado",
  skyFullMoon: "Luna piena",
  skyNewMoon: "Luna nuova",
  skyMoonOn: "{event} \xB7 {date}",
  skyAsOf: "{date} \xB7 12 UTC",
  skyTickerAria: "Posizioni nel cielo per il {date} alle 12:00 UTC",
  moonDiscAria: "Luna illuminata al {percent}%",
  pairingCta: "Leggi l\u2019abbinamento fra {a} e {b}",
  inviteWith: "Invita qualcuno a confrontare il proprio tema con quello di {name}",
  inviteNamedNote: "Il link contiene i dati di nascita di {name} e apre questa pagina con quel lato gi\xE0 compilato \u2014 non ci viene inviato nulla. Se non sei tu, \xE8 bene avere il suo consenso.",
  transitMiddayUtc: "{date} \xB7 mezzogiorno UTC",
  planetReturn: "Ritorno di {planet}",
  natalPlanet: "{planet} natale",
  pfdToday: "Oggi per questo tema",
  pfdComing: "In arrivo per questo tema",
  pfdYearAhead: "I prossimi dodici mesi per questo tema",
  pfdYearBusy: "Calcolo dell\u2019anno sul tuo dispositivo \u2014 ancora qualche secondo\u2026",
  pfdYearNote: "Calcolato dal tuo tema salvato: date esatte per i prossimi dodici mesi.",
  saveYearAheadNote: "Nella pagina del profilo, i temi salvati ricevono il calcolo dei prossimi dodici mesi \u2014 ritorno solare, date di Giove e Saturno, contatti con le eclissi.",
  recordLabel: "Ala della collezione",
  recordOneOfTwelve: "esiste anche come uno dei Dodici \u2014 una scheda di riferimento nel registro.",
  recordViewLink: "Vedi la scheda \u2014 per ora in inglese \u2192",
  recordChartSun: "Il tuo Sole \xE8 in {sign}.",
  recordChartBody: "{sign} \xE8 uno dei Dodici, con la propria arte, storia e scheda ufficiale nel Registro.",
  recordChartLink: "Esplora il Registro di {sign} \u2192",
  babyDueDate: "Data prevista del parto",
  babyCompute: "Leggi il cielo della data prevista",
  babyNeedDate: "Inserisci prima una data prevista.",
  babyError: "Si \xE8 verificato un problema durante il calcolo del cielo. Riprova.",
  babySunHead: "Segno solare \u2014 quasi certo",
  babySunSingle: "Una nascita in questa data avr\xE0 il Sole in",
  babySunNearEdge: "La data \xE8 vicina al confine del segno, quindi nascere pi\xF9 di un giorno prima o dopo pu\xF2 portare il Sole in",
  babySunNearEdgeTail: "\u2014 decide la data di nascita.",
  babySunSplitA: "In questa data il Sole cambia segno: alla nascita sar\xE0 in",
  babySunSplitOr: "oppure in",
  babySunSplitTail: "a seconda dell\u2019ora. Decide il momento esatto della nascita.",
  babyNoonNote: "segni letti a mezzogiorno nel tempo universale",
  babyMoonHead: "Segno lunare \u2014 una fra poche possibilit\xE0",
  babyMoonBody: "La Luna cambia segno ogni due o tre giorni, quindi la settimana prevista di solito comprende due o tre segni lunari. Chi nasce nella stessa settimana pu\xF2 avere un segno lunare diverso \u2014 decidono il giorno e l\u2019ora di nascita.",
  babyRetroHead: "Retrogradi alla nascita",
  babyRetroBody: "questi pianeti attraversano il loro periodo retrogrado intorno alla data prevista. In un tema natale, un pianeta retrogrado si interpreta come pi\xF9 rivolto all\u2019interno del solito \u2014 \xE8 comune e non c\u2019\xE8 nulla da correggere.",
  babyRisingHead: "Ascendente \u2014 impossibile saperlo fino al minuto esatto",
  babyRisingBody: "L\u2019ascendente cambia all\u2019incirca ogni due ore, quindi nessuna data prevista pu\xF2 predirlo. \xC8 l\u2019unico elemento che deve aspettare il certificato di nascita.",
  babyDateLink: "Leggi questa data di nascita in dettaglio",
  babyChartLink: "Dopo la nascita: il tema completo",
  pfdChartPick: "Tema",
  pfdQuietSky: "Un cielo tranquillo per questo tema oggi \u2014 nessun transito cade entro 3\xB0 da un punto natale.",
  pfdQuietAhead: "Niente di importante all\u2019orizzonte di questo tema nella finestra calcolata.",
  pfdSaturnBusy: "Calcolo delle finestre di Saturno sul tuo dispositivo\u2026",
  pfdEmptyTitle: "Il tuo cielo, dopo aver salvato un tema",
  pfdEmptyBody: "Salva un tema natale e ogni giorno questa pagina si aprir\xE0 con i suoi transiti, le sue case e ci\xF2 che lo aspetta.",
  pfdWindows: "finestre",
  openChart: "Apri",
  dignityDomicile: "domicilio",
  dignityExaltation: "esaltazione",
  dignityDetriment: "esilio",
  dignityFall: "caduta",
  explorerHint: "Tocca un pianeta, un segno, una casa o una linea d\u2019aspetto per esaminarli \u2014 oppure seleziona la ruota e usa i tasti freccia.",
  explorerLabel: "Tema natale interattivo",
  explorerSelectPart: "Scegli una parte del tema",
  explorerNoSelection: "Nessuna selezione",
  explorerAngles: "Angoli",
  explorerControlsLoading: "Caricamento delle interpretazioni e dei comandi del tema\u2026",
  explorerControlsError: "Il tema \xE8 pronto, ma non \xE8 stato possibile caricare le interpretazioni e i comandi. Controlla la connessione e riprova.",
  explorerKeyHint: "Le frecce sinistra e destra scorrono le posizioni; Invio apre il pannello dei dettagli.",
  selectionCleared: "Selezione annullata.",
  inspectorClose: "Chiudi i dettagli",
  speed: "Velocit\xE0",
  day: "giorno",
  dignity: "Dignit\xE0",
  separating: "separativo",
  dates: "Date",
  element: "Elemento",
  ruler: "Governatore",
  inThisSign: "In questo segno",
  inThisHouse: "In questa casa",
  cusp: "Cuspide",
  span: "Ampiezza",
  emptyHouseNote: "Nessun pianeta qui. Una casa vuota non \xE8 uno spazio bianco \u2014 i suoi temi passano attraverso il pianeta che la governa.",
  angleAscNote: "L\u2019Ascendente \u2014 il grado che sorge all\u2019orizzonte orientale al momento della nascita. \xC8 il punto di riferimento dell\u2019intera ruota.",
  angleDscNote: "Il Discendente \u2014 il grado che tramonta a ovest, opposto all\u2019Ascendente. La porta tradizionale verso le relazioni.",
  angleMcNote: "Il Medio Cielo \u2014 il grado che culmina sopra di te alla nascita. Carriera, reputazione, vita visibile.",
  angleIcNote: "Il Fondo Cielo \u2014 il punto pi\xF9 basso della ruota, opposto al Medio Cielo. Casa, radici, vita privata.",
  layersLabel: "Livelli del tema",
  layerHouses: "Case",
  editedBy: "Pubblicato da",
  tourStart: "Inizia il tour",
  firstReadingLabel: "La tua lettura in 2 minuti",
  firstReadingTitle: "Cosa dice il tuo tema di te \u2014 e di ci\xF2 che viene dopo?",
  firstReadingBody: "Scopri la tua combinazione personale, dove emerge, uno schema che potresti riconoscere e come l\u2019astrologia trasforma un tema natale in una previsione.",
  firstReadingResumeTitle: "La tua lettura ti aspetta",
  firstReadingResumeBody: "Continua da dove eri rimasto su questo dispositivo.",
  firstReadingStart: "Leggi il mio tema",
  firstReadingExplore: "Esplora in autonomia",
  firstReadingResume: "Continua la mia lettura",
  firstReadingStep: "Passaggio",
  firstReadingFullTour: "Scopri come funziona il tema \u2014 tour avanzato",
  firstReadingReplay: "Rivedi la storia del mio tema",
  chartActionsMore: "Altri modi per usare questo tema",
  chartReceiptDownload: "Scarica il resoconto del calcolo (.json)",
  chartReceiptPrivacy: "Questo file contiene dati di nascita sensibili e dati del tema. Conservalo in privato.",
  chartReceiptError: "Non \xE8 stato possibile scaricare il file. Riprova.",
  chartReceiptUnavailable: "Non \xE8 disponibile un resoconto del calcolo per questo tema.",
  seeTodaySky: "Vedi il cielo di oggi",
  contextHelpCue: "Tocca i termini sottolineati con puntini per una spiegazione semplice.",
  editorialHow: "standard editoriali",
  dstGapNotice: "Quell\u2019ora cadeva nel salto dell\u2019ora legale, quindi non \xE8 mai esistita davvero \u2014 l\u2019abbiamo spostata in avanti oltre quel salto, secondo la convenzione standard.",
  dstFoldNotice: "Nel tuo luogo di nascita quell\u2019ora si \xE8 ripetuta; abbiamo usato il primo passaggio. Se sai che era il secondo, il tema cambia appena \u2014 la Luna si muove di circa mezzo grado all\u2019ora.",
  lmtNotice: "La tua nascita precede la standardizzazione dei fusi orari \u2014 abbiamo usato il tempo medio locale dell\u2019epoca, la stessa convenzione dei software professionali.",
  polarNotice: "Le case Placidus non sono definite cos\xEC vicino al polo, quindi questo tema usa invece le case a segno intero.",
  noTimeNotice: "Senza un\u2019ora di nascita usiamo le 12:00 dell\u2019ora civile locale come riferimento e omettiamo ascendente, angoli e case.",
  moonUnverifiedNotice: "I possibili segni della Luna nell\u2019arco di questa data di nascita non sono verificati. Aggiungi un\u2019ora di nascita per ottenere un risultato relativo a quel momento.",
  moonAmbiguousNotice: "Anche la Luna ha cambiato segno quel giorno \u2014 finch\xE9 non trovi l\u2019ora, \xE8 corretto leggere entrambi i segni vicini.",
  fromLinkNotice: "Aperto da un link condiviso \u2014 i dati di nascita erano nel link e il tema \xE8 stato appena calcolato sul tuo dispositivo.",
  howWeCompute: "Come calcoliamo",
  welcomeBack: "Che bello rivederti.",
  savedChartAria: "Il tuo tema salvato",
  todayAgainstChart: "Il cielo di oggi rispetto al tuo tema",
  yourCharts: "I tuoi temi",
  recommendedNext: "Passaggio consigliato",
  todayForName: "Scopri cosa significa oggi per {name}",
  savedChartTodayBody: "Il tuo tema non cambia. Il cielo di oggi s\xEC: inizia da ci\xF2 che sta cambiando per te adesso.",
  openSavedChart: "Apri il tema salvato",
  moonReadingSky: "Lettura del cielo\u2026",
  illuminated: "illuminata",
  moonIn: "Luna in",
  findThatMoon: "Trova quella Luna",
  dateHelp: "Un compleanno, un anniversario, una data qualsiasi.",
  placeHelpMoon: "Rende pi\xF9 precisa la conversione dell\u2019ora; per la fase cambia pochissimo.",
  middayLocalCaption: "Lettura a mezzogiorno locale \u2014 aggiungi l\u2019ora per fissare esattamente il grado.",
  utcTimeCaption: "L\u2019ora \xE8 letta come tempo universale \u2014 aggiungi il luogo di nascita per convertire l\u2019ora locale.",
  middayUtcCaption: "Lettura a mezzogiorno nel tempo universale \u2014 ora e luogo fissano il grado con precisione.",
  moonChangedNotice: "Quel giorno la Luna ha cambiato segno e, senza un\u2019ora, non possiamo dire da quale lato del confine si trovasse alla tua nascita. La fase non cambia \u2014 si muove troppo lentamente perch\xE9 poche ore facciano la differenza.",
  birthChartForDate: "Calcola il tema natale per questa data",
  natalSaturn: "Il tuo Saturno natale",
  addBirthDetails: "Aggiungi ora e luogo di nascita (facoltativo)",
  findSaturnReturn: "Trova il tuo ritorno di Saturno",
  returnApprox: "Date calcolate da una lettura a mezzogiorno \u2014 con ora e luogo di nascita possono spostarsi di qualche giorno in anticipo o in ritardo.",
  complete: "Completato",
  underwayNow: "In corso ora",
  aheadOfYou: "Davanti a te",
  first: "Primo",
  second: "Secondo",
  third: "Terzo",
  fourth: "Quarto",
  aroundAge29: "intorno ai 29 anni",
  aroundAge58: "intorno ai 58 anni",
  aroundAge88: "intorno agli 88 anni",
  retrogradePass: "passaggio retrogrado",
  threePasses: "Tre passaggi esatti: Saturno attraversa il tuo grado, lo ripercorre in moto retrogrado e poi lo sigilla mentre si allontana. L\u2019intero arco \xE8 il ritorno.",
  seeSaturnChart: "Guarda Saturno nel tuo tema natale",
  whatSaturnMeans: "Che cosa significa Saturno",
  yourChart: "Il tuo tema",
  theSky: "Il cielo",
  transitRingLede: "Disegna il tuo tema, poi sposta il cursore per osservare i pianeti che lo attraversano \u2014 avanti o indietro, fino a un anno.",
  checkTransits: "Controlla i tuoi transiti",
  savedChartHelp: "I temi che calcoli e salvi compaiono qui come scelte immediate, cos\xEC al controllo successivo non dovrai reinserire i dati.",
  noTransitTimeNotice: "Questo tema non ha un\u2019ora di nascita, quindi la sua Luna \xE8 una stima di mezzogiorno \u2014 la posizione pu\xF2 essere imprecisa fino a sei gradi e un transito alla Luna vicino al limite dell\u2019orbita pu\xF2 comparire o scomparire con l\u2019ora reale.",
  skyAt: "Cielo del",
  noTransitsWithin: "Nessun transito entro",
  activeTransitsWithin: "transiti attivi entro",
  activeTransitWithin: "transito attivo entro",
  ofExact: "dall\u2019aspetto esatto",
  transitMoonOmitted: "Luna in transito esclusa \u2014 attraversa l\u2019intero tema ogni mese",
  quietSky: "Un cielo tranquillo entro l\u2019orbita stretta usata in questa pagina. Nulla di urgente \u2014 torna fra qualche giorno oppure allarga la lettura agli eventi del mese qui sotto.",
  natal: "Natale",
  forYourChart: "Per il tuo tema",
  orb: "orbita",
  openDailyBrief: "Apri il mio riepilogo quotidiano completo",
  allTransits: "Tutti i tuoi transiti",
  personA: "Persona A",
  personB: "Persona B",
  sharedChart: "Tema condiviso",
  sharedWithYou: "condiviso con te",
  removeSharedChart: "Rimuovi il tema condiviso",
  sharedSideHelp: "Questo lato \xE8 arrivato nel link \u2014 svuotalo per inserire un\u2019altra persona.",
  name: "Nome",
  compareCharts: "Confronta i temi",
  sameChart: "\xC8 lo stesso tema due volte \u2014 scegline due diversi da confrontare.",
  compareSavedHelp: "I temi che calcoli e salvi compaiono qui come scelte immediate, cos\xEC il secondo confronto sar\xE0 pi\xF9 rapido del primo.",
  compareNoTimeNotice: "Ora di nascita assente per",
  moonMiddayEstimate: "quindi quella Luna \xE8 una stima di mezzogiorno \u2014 la posizione pu\xF2 essere imprecisa fino a sei gradi e un aspetto alla Luna vicino al limite dell\u2019orbita pu\xF2 comparire o scomparire con l\u2019ora reale.",
  crossChartAspects: "aspetti fra i due temi",
  easeful: "armonici",
  charged: "intensi",
  readPairing: "Leggi l\u2019abbinamento",
  inviteCompare: "Invita qualcuno al confronto",
  inviteLink: "Link di invito",
  inviteNote: "Il link contiene i dati di nascita di questa persona e apre la pagina con quel lato gi\xE0 compilato \u2014 non ci viene inviato nulla. Se non sei tu, \xE8 bene avere il suo consenso.",
  inviteCopied: "Link di invito copiato negli appunti.",
  syncOn: "Sincronizzazione attiva",
  keepEveryDevice: "Ritrova i temi su ogni dispositivo",
  signedIn: "Accesso effettuato",
  syncCopyOn: "I temi salvati e le rimozioni vengono sincronizzati su tutti i tuoi dispositivi.",
  syncCopyOff: "Salva i temi su questo dispositivo. Accedi quando vorrai ritrovarli su ogni dispositivo.",
  weeklyDigestTitle: "Email settimanale sul cielo",
  weeklyDigestCopy: "Un\u2019email alla settimana: il cielo rispetto ai tuoi temi salvati. Puoi annullare l\u2019iscrizione in qualsiasi momento.",
  weeklyDigestAria: "Iscrizione all\u2019email settimanale",
  digestSaved: "Preferenza email salvata.",
  digestFailed: "Non \xE8 stato possibile aggiornare la preferenza email. Riprova.",
  checkEmail: "Controlla la posta per trovare il link di accesso. Questa pagina si sincronizzer\xE0 quando torni.",
  syncFailed: "Sincronizzazione non riuscita. Riprova.",
  syncing: "Sincronizzazione\u2026",
  synced: "Sincronizzato",
  syncNow: "Sincronizza ora",
  signOut: "Esci",
  emailSyncAria: "Email per sincronizzare il profilo",
  sending: "Invio in corso\u2026",
  sendSignIn: "Invia il link di accesso",
  nothingSaved: "Non hai ancora salvato nulla.",
  emptyProfile: "I temi che salvi compariranno qui, prima di tutto sul tuo dispositivo. Calcola un tema e tocca Salva questo tema per iniziare.",
  saved: "salvati",
  chartSingular: "tema",
  chartPlural: "temi",
  savedChartSingular: "tema salvato",
  savedChartPlural: "temi salvati",
  syncedWhenSignedIn: "sincronizzati dopo l\u2019accesso",
  storedBrowser: "memorizzati in questo browser",
  chartName: "Nome del tema",
  timeUnknown: "ora sconosciuta",
  needsTime: "serve un\u2019ora",
  compareThese: "Confronta questi due temi",
  addAnotherChart: "Aggiungi un altro tema",
  ...GROWTH_UI_EN,
  footerWidgets: "Widget",
  footerDisclosure: "Informativa",
  emailCaptureKicker: "Previsione settimanale gratuita",
  emailCaptureTitle: "La settimana che ti aspetta.",
  emailCapturePersonalTitle: "La tua settimana da {sign}.",
  emailCaptureCopy: "Una previsione settimanale per il tuo segno. Gratuita, puoi annullare l\u2019iscrizione quando vuoi.",
  emailCaptureEmailLabel: "Indirizzo e-mail",
  emailCaptureEmailPlaceholder: "tu@esempio.it",
  emailCaptureSignLegend: "Il tuo segno solare (facoltativo)",
  emailCaptureNoSign: "Salta il segno",
  emailCaptureUsingSign: "Segno solare usato: {sign}",
  emailCaptureChangeSign: "Cambia",
  emailCaptureSubmit: "Invia la mia settimana",
  emailCaptureSubmitting: "Iscrizione in corso\u2026",
  emailCaptureSuccess: "Controlla la posta per confermare l\u2019iscrizione.",
  emailCaptureErrorTitle: "Iscrizione non disponibile",
  emailCaptureError: "Non \xE8 stato possibile avviare l\u2019iscrizione. Riprova.",
  emailCapturePrivacy: "Conserviamo solo il tuo indirizzo e-mail e il segno scelto \u2014 mai i tuoi dati di nascita.",
  emailCaptureHoneypot: "Lascia vuoto questo campo",
  emailPendingTitle: "Controlla la posta.",
  emailPendingBody: "Usa il link di conferma che ti abbiamo inviato prima che inizi la previsione settimanale.",
  emailConfirmSubject: "Conferma la tua previsione settimanale di Zodiacs.org",
  emailConfirmMessage: "Conferma di voler ricevere la previsione settimanale gratuita di Zodiacs.org:",
  emailConfirmIgnore: "Se non hai fatto tu questa richiesta, ignora l\u2019e-mail. Non verr\xE0 attivata alcuna iscrizione.",
  emailConfirmTitle: "Un\u2019ultima verifica.",
  emailConfirmBody: "Conferma questa iscrizione per iniziare a ricevere la previsione settimanale gratuita. Fino ad allora non sar\xE0 attiva alcuna iscrizione settimanale.",
  emailConfirmAction: "Conferma l\u2019iscrizione",
  emailConfirmedTitle: "Iscrizione confermata.",
  emailConfirmedBody: "La tua previsione settimanale gratuita \xE8 attiva. Ogni messaggio contiene un link per annullare l\u2019iscrizione.",
  emailConfirmInvalidTitle: "Questo link non \xE8 valido.",
  emailConfirmInvalidBody: "Il link di conferma non \xE8 valido o \xE8 scaduto. Torna su Zodiacs.org per richiederne un altro.",
  emailReturnHome: "Torna su Zodiacs.org"
};
var it_default = it;

// site/src/lib/i18n/ui/pt.ts
var pt = {
  chartDepthOpen: "Ver em tr\xEAs dimens\xF5es",
  chartDepthClose: "Ocultar a terceira dimens\xE3o",
  calculationLoadError: "N\xE3o foi poss\xEDvel carregar os arquivos de c\xE1lculo. Verifique sua conex\xE3o e tente novamente.",
  calculationReload: "Recarregar p\xE1gina",
  calculationReloadWarning: "Recarregar apaga os dados que voc\xEA n\xE3o salvou.",
  calculationRetry: "Tentar novamente",
  pfdYearError: "N\xE3o foi poss\xEDvel concluir a leitura do pr\xF3ximo ano. Tente novamente.",
  placeSearching: "Buscando lugares\u2026",
  chartWheelActions: "A\xE7\xF5es do mapa",
  chartWheelGuide: "Fazer o tour guiado",
  chartWheelReplay: "Repetir o tour",
  chartWheelAnother: "Ler outro mapa",
  chartWheelSignatureSelf: "A assinatura do seu mapa",
  chartWheelSignatureOther: "A assinatura deste mapa",
  chartWheelCompareMine: "Comparar com o meu",
  chartWheelCompareAdd: "Adicionar meu mapa para comparar",
  chartWheelShareOther: "Compartilhar este mapa",
  navPrimary: "Principal",
  navSigns: "Signos",
  navTools: "Ferramentas",
  navLearn: "Aprenda",
  navHoroscopes: "Hor\xF3scopos",
  navCollect: "Astrofolio",
  navSavedCharts: "Mapas salvos",
  navMenu: "Menu",
  navSite: "O site",
  navTwelve: "Os Doze",
  footerTag: "Ferramentas gratuitas de astrologia e guias dos signos, com mapas calculados de forma privada no seu navegador.",
  footerStartHere: "Comece aqui",
  footerPlanets: "Os planetas",
  footerHouses: "As casas",
  footerZodiacDates: "Datas dos signos",
  footerGlossary: "Gloss\xE1rio",
  footerCompute: "Como calculamos",
  footerRegistry: "Registry",
  footerThesis: "Tese",
  footerArchive: "Acervo",
  footerSdk: "SDK",
  footerCollectNote: "Os registros, as consultas, os perfis do cat\xE1logo e o SDK do Registry s\xE3o somente para leitura. A ferramenta opcional de compra do Astrofolio usa a Jupiter independente e a sua pr\xF3pria carteira; a Zodiacs.org n\xE3o guarda chaves nem fundos. Nada disso constitui aconselhamento financeiro.",
  footerMethodology: "Metodologia",
  footerAbout: "Sobre",
  footerPrivacy: "Privacidade",
  footerTerms: "Termos",
  footerPlaceData: "Dados de lugares",
  footerFonts: "Fontes sob a licen\xE7a",
  skipContent: "Pular para o conte\xFAdo",
  open: "Abrir",
  birthChart: "Mapa astral",
  compatibility: "Compatibilidade",
  moonSign: "Signo lunar",
  risingSign: "Ascendente",
  moonPhase: "Fase da Lua",
  saturnReturn: "Retorno de Saturno",
  transits: "Tr\xE2nsitos",
  birthday: "Anivers\xE1rio (em ingl\xEAs)",
  retrogrades: "Retr\xF3grados",
  sun: "Sol",
  moon: "Lua",
  rising: "Ascendente",
  body: "Corpo celeste",
  position: "Posi\xE7\xE3o",
  sign: "Signo",
  house: "Casa",
  chart: "Mapa",
  date: "Data",
  time: "Hora",
  place: "Local",
  motion: "Movimento",
  optional: "opcional",
  birthDate: "Data de nascimento",
  birthTime: "Hora de nascimento",
  birthplace: "Local de nascimento",
  birthDateRequired: "Informe sua data de nascimento.",
  birthDateRange: "Escolha uma data de nascimento entre 1800 e 2199.",
  birthTimeRequired: "Informe seu hor\xE1rio de nascimento.",
  houseSystem: "Sistema de casas",
  wholeSignDefault: "Signos inteiros (padr\xE3o)",
  placidus: "Placidus",
  houseSystemHelp: "Como o mapa se divide em doze \xE1reas da vida. Signos inteiros d\xE1 a cada signo uma casa inteira; Placidus varia o tamanho das casas conforme a hora e o lugar exatos. Os planetas n\xE3o se movem: s\xF3 mudam os limites das casas.",
  computing: "Calculando\u2026",
  checking: "Verificando\u2026",
  comparing: "Comparando\u2026",
  save: "Salvar",
  rename: "Renomear",
  remove: "Remover",
  getBirthChart: "Fa\xE7a seu mapa astral gr\xE1tis",
  findMoonSign: "Descubra seu signo lunar",
  findRisingSign: "Descubra seu ascendente",
  savedCharts: "Mapas salvos",
  profile: "Seu perfil",
  read: "Ler",
  rightNow: "Agora",
  enterBirthDetails: "Informe os dados de nascimento\u2026",
  privacyDevice: "Privado por padr\xE3o. Seus dados de nascimento permanecem neste navegador.",
  placePlaceholder: "Comece a digitar uma cidade\u2026",
  placeChange: "Alterar local de nascimento",
  placePickHint: "Escolha seu local de nascimento na lista.",
  placeNoResults: "N\xE3o aparece? Escolha a cidade mais pr\xF3xima \u2014 poucos quil\xF4metros raramente mudam o mapa.",
  placeError: "N\xE3o foi poss\xEDvel carregar o \xEDndice de lugares \u2014 verifique sua conex\xE3o e tente de novo.",
  searchGeo: "A busca cobre cerca de 34.000 lugares \xB7 GeoNames (CC BY 4.0)",
  chartError: "Algo deu errado ao calcular o mapa. Tente de novo.",
  moonError: "Algo deu errado ao calcular a Lua. Tente de novo.",
  localDateReferenceError: "N\xE3o foi poss\xEDvel estabelecer um hor\xE1rio de c\xE1lculo dentro desta data local. Verifique a data e o local.",
  returnError: "Algo deu errado ao calcular o retorno. Tente de novo.",
  transitError: "Algo deu errado ao calcular os tr\xE2nsitos. Tente de novo.",
  compareError: "Algo deu errado ao comparar os mapas. Tente de novo.",
  noBirthTime: "N\xE3o sei",
  risingTimeHelp: "O ascendente muda a cada duas horas \u2014 aqui, o hor\xE1rio importa.",
  chartTimeHelp: "N\xE3o sabe a hora? Voc\xEA ver\xE1 uma refer\xEAncia ao meio-dia local, sem ascendente nem casas; a Lua pode ser incerta.",
  chartSavedDevice: "Salvo \xB7 neste dispositivo",
  saveThisChart: "Salvar este mapa",
  chartSavedStatus: "Mapa salvo neste dispositivo.",
  chartSaveFull: "Voc\xEA pode salvar at\xE9 40 mapas \u2014 remova um primeiro.",
  chartSaveError: "N\xE3o foi poss\xEDvel salvar \u2014 talvez seu navegador esteja bloqueando o armazenamento local.",
  chartSavedMessage: "Salvo nos seus mapas. Entre aqui quando quiser acess\xE1-los em todos os dispositivos.",
  linkCopied: "Link copiado",
  copyChartLink: "Copiar o link deste mapa",
  rendering: "Criando\u2026",
  cardSaved: "Imagem salva",
  saveChartCard: "Salvar uma imagem do mapa",
  shareChart: "Compartilhe seu mapa",
  linkToChart: "Link para este mapa",
  chartLinkCopied: "Link do mapa copiado para a \xE1rea de transfer\xEAncia.",
  chartCardSaved: "Imagem do mapa salva.",
  cardError: "N\xE3o foi poss\xEDvel criar a imagem neste navegador \u2014 voc\xEA tamb\xE9m pode capturar a roda acima.",
  shareNote: "O link inclui os dados de nascimento que voc\xEA informou \u2014 nada \xE9 enviado a n\xF3s, ent\xE3o somente as pessoas com quem voc\xEA o compartilhar poder\xE3o abri-lo. A imagem tem 1080\xD71350 e \xE9 criada no seu dispositivo.",
  needsBirthTime: "Precisa da hora de nascimento",
  yourMoonSign: "Seu signo lunar",
  yourRisingSign: "Seu ascendente",
  moonPhaseAtBirth: "Fase da Lua no nascimento",
  chartRuler: "Regente do mapa",
  planetSteering: "o planeta que rege seu ascendente.",
  aspectsFound: "Aspectos",
  found: "no total",
  applying: "aplicativo",
  wholeSignHouses: "Casas de signos inteiros",
  placidusHouses: "Casas de Placidus",
  engine: "motor v",
  readInOrder: "A leitura, em ordem",
  readIntro: "De cima para baixo, como um astr\xF3logo faria a leitura. As tabelas acima trazem os dados; aqui est\xE1 o que eles dizem.",
  readBigThree: "Comece pelo trio principal",
  readBigThreeBody: "Sol, Lua e ascendente \u2014 os tr\xEAs cart\xF5es no topo. Identidade, instinto, presen\xE7a. Tudo abaixo acrescenta nuances; nada os substitui.",
  readRooms: "Planetas, casa por casa",
  readNoHouses: "Sem a hora de nascimento, n\xE3o h\xE1 casas, ent\xE3o cada planeta \xE9 lido apenas pelo signo. Adicione a hora e esta se\xE7\xE3o ganha suas casas.",
  readAspects: "Os aspectos com mais peso",
  readWeather: "O clima do mapa",
  readIn: "em",
  today: "hoje",
  todayBySignTitle: "O c\xE9u de hoje, por signo",
  todayBySignPrompt: "Toque no seu signo solar para uma leitura clara de hoje \u2014 n\xE3o \xE9 preciso saber a hora de nascimento.",
  todaySolarNote: "lido pelas casas solares do seu signo",
  whyThisReading: "Por que esta leitura",
  todayHoroscopeLink: "hor\xF3scopo",
  or: "ou",
  chartSavedBeforeLink: "Salvo nos seus mapas. Entre",
  chartSavedLink: "aqui",
  chartSavedAfterLink: "quando quiser acess\xE1-los em todos os dispositivos.",
  signedInAs: "Sess\xE3o iniciada como {email}",
  removeChartConfirm: "Remover \u201C{name}\u201D deste dispositivo?",
  compareSavedHeading: "Compare {a} e {b}",
  compareSavedPitch: "Dois mapas salvos pedem uma compara\xE7\xE3o: todos os aspectos entre eles, lidos com clareza e calculados neste dispositivo.",
  saturnDateHelp: "S\xF3 a data define os anos do seu retorno. Hora e local refinam as datas em alguns dias, nunca o ano.",
  saturnReturnHeading: "{ordinal} retorno",
  skyMercuryRetrograde: "Merc\xFArio retr\xF3grado",
  skyMercuryDirect: "Merc\xFArio direto",
  skyPlanetRetrograde: "{planet} retr\xF3grado",
  skyFullMoon: "Lua cheia",
  skyNewMoon: "Lua nova",
  skyMoonOn: "{event} \xB7 {date}",
  skyAsOf: "{date} \xB7 12h UTC",
  skyTickerAria: "Posi\xE7\xF5es no c\xE9u em {date}, \xE0s 12h UTC",
  moonDiscAria: "Lua, {percent}% iluminada",
  pairingCta: "Leia a combina\xE7\xE3o entre {a} e {b}",
  inviteWith: "Convide algu\xE9m para comparar com {name}",
  inviteNamedNote: "O link inclui os dados de nascimento de {name} e abre esta p\xE1gina com esse lado preenchido \u2014 nada \xE9 enviado a n\xF3s. Se n\xE3o for voc\xEA, vale pedir permiss\xE3o.",
  transitMiddayUtc: "{date} \xB7 meio-dia UTC",
  planetReturn: "Retorno de {planet}",
  natalPlanet: "{planet} natal",
  pfdToday: "Hoje para este mapa",
  pfdComing: "O que vem por a\xED para este mapa",
  pfdYearAhead: "Os pr\xF3ximos doze meses para este mapa",
  pfdYearBusy: "Calculando os pr\xF3ximos doze meses no seu dispositivo \u2014 s\xF3 alguns segundos\u2026",
  pfdYearNote: "Calculado a partir do seu mapa salvo: datas exatas para os pr\xF3ximos doze meses.",
  saveYearAheadNote: "No perfil, os mapas salvos mostram os pr\xF3ximos doze meses calculados \u2014 retorno solar, datas de J\xFApiter e Saturno e contatos com eclipses.",
  recordLabel: "Ala do acervo",
  recordOneOfTwelve: "tamb\xE9m integra os Doze \u2014 um registro can\xF4nico no acervo.",
  recordViewLink: "Ver o registro \u2014 por enquanto em ingl\xEAs \u2192",
  recordChartSun: "Seu Sol est\xE1 em {sign}.",
  recordChartBody: "{sign} \xE9 um dos Doze, com arte, hist\xF3ria e registro oficial pr\xF3prios.",
  recordChartLink: "Explore o Registro de {sign} \u2192",
  babyDueDate: "Data prevista do parto",
  babyCompute: "Ler o c\xE9u da data prevista",
  babyNeedDate: "Informe primeiro uma data prevista.",
  babyError: "Algo deu errado ao calcular o c\xE9u. Tente de novo.",
  babySunHead: "Signo solar \u2014 quase certo",
  babySunSingle: "Um nascimento nesta data ter\xE1 o Sol em",
  babySunNearEdge: "A data fica perto da transi\xE7\xE3o de signo, ent\xE3o nascer mais de um dia antes ou depois pode levar o Sol para",
  babySunNearEdgeTail: "\u2014 a data do nascimento \xE9 que decide.",
  babySunSplitA: "O Sol muda de signo nesta data: o beb\xEA nasce com o Sol em",
  babySunSplitOr: "ou",
  babySunSplitTail: "dependendo do hor\xE1rio. O momento exato do nascimento decide.",
  babyNoonNote: "signos lidos ao meio-dia no hor\xE1rio universal",
  babyMoonHead: "Signo lunar \u2014 uma entre poucas possibilidades",
  babyMoonBody: "A Lua muda de signo a cada dois ou tr\xEAs dias, ent\xE3o a semana prevista para o parto costuma abranger dois ou tr\xEAs signos lunares. Beb\xEAs que nascem na mesma semana podem ter signos lunares diferentes \u2014 o dia e a hora do nascimento decidem.",
  babyRetroHead: "Retr\xF3grados no nascimento",
  babyRetroBody: "esses planetas estar\xE3o em movimento retr\xF3grado perto da data prevista. Em um mapa astral, um planeta retr\xF3grado tende a se expressar de forma mais interiorizada \u2014 \xE9 comum e n\xE3o h\xE1 nada a corrigir.",
  babyRisingHead: "Ascendente \u2014 imposs\xEDvel saber antes do minuto exato",
  babyRisingBody: "O ascendente muda aproximadamente a cada duas horas, ent\xE3o nenhuma data prevista permite saber qual ser\xE1. \xC9 o \xFAnico posicionamento que s\xF3 pode ser conhecido depois que a hora do nascimento for registrada.",
  babyDateLink: "Leia esta data de anivers\xE1rio em detalhes",
  babyChartLink: "Depois do nascimento: o mapa completo",
  pfdChartPick: "Mapa",
  pfdQuietSky: "Um c\xE9u tranquilo para este mapa hoje \u2014 nada a menos de 3\xB0 de um ponto natal.",
  pfdQuietAhead: "Nada importante no horizonte deste mapa dentro do per\xEDodo calculado.",
  pfdSaturnBusy: "Calculando as janelas de Saturno no seu dispositivo\u2026",
  pfdEmptyTitle: "Seu c\xE9u, depois que voc\xEA salvar um mapa",
  pfdEmptyBody: "Salve um mapa astral e esta p\xE1gina abrir\xE1 todos os dias com os tr\xE2nsitos, as casas e o que vem pela frente.",
  pfdWindows: "janelas",
  openChart: "Abrir",
  dignityDomicile: "domic\xEDlio",
  dignityExaltation: "exalta\xE7\xE3o",
  dignityDetriment: "detrimento",
  dignityFall: "queda",
  explorerHint: "Toque em qualquer planeta, signo, casa ou linha de aspecto para ver os detalhes \u2014 ou selecione a roda e use as setas do teclado.",
  explorerLabel: "Mapa astral interativo",
  explorerSelectPart: "Escolha uma parte do mapa",
  explorerNoSelection: "Nenhuma sele\xE7\xE3o",
  explorerAngles: "\xC2ngulos",
  explorerControlsLoading: "Carregando as interpreta\xE7\xF5es e os controles do mapa\u2026",
  explorerControlsError: "Seu mapa est\xE1 pronto, mas as interpreta\xE7\xF5es e os controles n\xE3o puderam ser carregados. Verifique sua conex\xE3o e tente novamente.",
  explorerKeyHint: "As setas para a esquerda e para a direita percorrem as posi\xE7\xF5es; Enter abre o painel de detalhes.",
  selectionCleared: "Sele\xE7\xE3o desfeita.",
  inspectorClose: "Fechar detalhes",
  speed: "Velocidade",
  day: "dia",
  dignity: "Dignidade",
  separating: "separativo",
  dates: "Datas",
  element: "Elemento",
  ruler: "Regente",
  inThisSign: "Neste signo",
  inThisHouse: "Nesta casa",
  cusp: "C\xFAspide",
  span: "Extens\xE3o",
  emptyHouseNote: "N\xE3o h\xE1 planetas aqui. Uma casa vazia n\xE3o est\xE1 em branco \u2014 seus temas se expressam por meio do planeta que a rege.",
  angleAscNote: "O Ascendente \u2014 o grau que surgia no horizonte leste no momento do nascimento. Ele ancora toda a roda.",
  angleDscNote: "O Descendente \u2014 o grau que se punha no oeste, oposto ao Ascendente. A porta tradicional para os relacionamentos.",
  angleMcNote: "O Meio do C\xE9u \u2014 o grau que culminava no alto no momento do nascimento. Carreira, reputa\xE7\xE3o, a vida vis\xEDvel.",
  angleIcNote: "O Fundo do C\xE9u \u2014 o ponto mais baixo da roda, oposto ao Meio do C\xE9u. Lar, ra\xEDzes, a vida privada.",
  layersLabel: "Camadas do mapa",
  layerHouses: "Casas",
  editedBy: "Publicado por",
  tourStart: "Iniciar o passeio",
  firstReadingLabel: "Sua leitura de 2 minutos",
  firstReadingTitle: "O que seu mapa diz sobre voc\xEA \u2014 e o que vem depois?",
  firstReadingBody: "Veja sua mistura de personalidade, onde ela aparece, um padr\xE3o que voc\xEA talvez reconhe\xE7a e como a astrologia transforma um mapa natal em previs\xE3o.",
  firstReadingResumeTitle: "Sua leitura est\xE1 esperando",
  firstReadingResumeBody: "Continue de onde parou neste dispositivo.",
  firstReadingStart: "Ler meu mapa",
  firstReadingExplore: "Explorar por conta pr\xF3pria",
  firstReadingResume: "Continuar minha leitura",
  firstReadingStep: "Etapa",
  firstReadingFullTour: "Ver como o mapa funciona \u2014 passeio avan\xE7ado",
  firstReadingReplay: "Rever a hist\xF3ria do meu mapa",
  chartActionsMore: "Mais formas de usar este mapa",
  chartReceiptDownload: "Baixar o registro do c\xE1lculo (.json)",
  chartReceiptPrivacy: "Este arquivo cont\xE9m dados de nascimento sens\xEDveis e dados do mapa. Mantenha-o privado.",
  chartReceiptError: "N\xE3o foi poss\xEDvel baixar o arquivo. Tente novamente.",
  chartReceiptUnavailable: "N\xE3o h\xE1 um registro do c\xE1lculo dispon\xEDvel para este mapa.",
  seeTodaySky: "Ver o c\xE9u de hoje",
  contextHelpCue: "Toque nos termos sublinhados com pontos para ver uma explica\xE7\xE3o simples.",
  editorialHow: "princ\xEDpios editoriais",
  dstGapNotice: "Esse hor\xE1rio caiu no avan\xE7o para o hor\xE1rio de ver\xE3o e, por isso, nunca existiu \u2014 avan\xE7amos para depois desse intervalo, como manda a conven\xE7\xE3o padr\xE3o.",
  dstFoldNotice: "Os rel\xF3gios repetiram essa hora no seu local de nascimento; usamos a primeira ocorr\xEAncia. Se voc\xEA sabe que foi a segunda, seu mapa quase n\xE3o muda \u2014 a Lua avan\xE7a cerca de meio grau por hora.",
  lmtNotice: "Voc\xEA nasceu antes da padroniza\xE7\xE3o dos fusos hor\xE1rios \u2014 usamos a hora m\xE9dia local daquela \xE9poca, a mesma conven\xE7\xE3o dos programas profissionais.",
  polarNotice: "As casas de Placidus n\xE3o s\xE3o definidas t\xE3o perto do polo, ent\xE3o este mapa usa casas de signos inteiros.",
  noTimeNotice: "Sem a hora de nascimento, usamos 12:00 no hor\xE1rio civil local como refer\xEAncia e omitimos ascendente, \xE2ngulos e casas.",
  moonUnverifiedNotice: "Os poss\xEDveis signos da Lua ao longo desta data de nascimento n\xE3o foram verificados. Adicione uma hora de nascimento para obter um resultado daquele momento.",
  moonAmbiguousNotice: "A Lua tamb\xE9m mudou de signo nesse dia \u2014 \xE9 razo\xE1vel ler os dois signos vizinhos at\xE9 voc\xEA descobrir a hora.",
  fromLinkNotice: "Aberto por um link compartilhado \u2014 os dados de nascimento vieram no pr\xF3prio link, e o mapa acaba de ser calculado no seu dispositivo.",
  howWeCompute: "Como calculamos",
  welcomeBack: "Que bom ter voc\xEA de volta.",
  savedChartAria: "Seu mapa salvo",
  todayAgainstChart: "O c\xE9u de hoje sobre seu mapa",
  yourCharts: "Seus mapas",
  recommendedNext: "Pr\xF3ximo passo recomendado",
  todayForName: "Veja o que hoje significa para {name}",
  savedChartTodayBody: "Seu mapa n\xE3o muda. O c\xE9u de hoje muda \u2014 comece pelo que est\xE1 se transformando para voc\xEA agora.",
  openSavedChart: "Abrir mapa salvo",
  moonReadingSky: "Lendo o c\xE9u\u2026",
  illuminated: "iluminada",
  moonIn: "Lua em",
  findThatMoon: "Encontrar essa Lua",
  dateHelp: "Um anivers\xE1rio, uma data especial, qualquer data.",
  placeHelpMoon: "Refina a convers\xE3o do hor\xE1rio; a fase quase n\xE3o precisa disso.",
  middayLocalCaption: "Leitura ao meio-dia local \u2014 adicionar a hora exata define o grau.",
  utcTimeCaption: "A hora \xE9 interpretada como hor\xE1rio universal \u2014 adicione um local de nascimento para converter seu hor\xE1rio local.",
  middayUtcCaption: "Leitura ao meio-dia no hor\xE1rio universal \u2014 uma hora e um local definem o grau exato.",
  moonChangedNotice: "A Lua mudou de signo nesse dia e, sem a hora, n\xE3o podemos saber em qual signo ela estava quando voc\xEA nasceu. A fase n\xE3o \xE9 afetada \u2014 ela se move devagar demais para que algumas horas fa\xE7am diferen\xE7a.",
  birthChartForDate: "Fazer o mapa astral desta data",
  natalSaturn: "Seu Saturno natal",
  addBirthDetails: "Adicionar hora e local de nascimento (opcional)",
  findSaturnReturn: "Encontre seu retorno de Saturno",
  returnApprox: "Datas calculadas a partir de uma leitura ao meio-dia \u2014 com hora e local de nascimento, podem variar alguns dias para um lado ou para o outro.",
  complete: "Conclu\xEDdo",
  underwayNow: "Em andamento",
  aheadOfYou: "Mais adiante",
  first: "Primeiro",
  second: "Segundo",
  third: "Terceiro",
  fourth: "Quarto",
  aroundAge29: "por volta dos 29 anos",
  aroundAge58: "por volta dos 58 anos",
  aroundAge88: "por volta dos 88 anos",
  retrogradePass: "passagem retr\xF3grada",
  threePasses: "Tr\xEAs passagens exatas: Saturno cruza seu grau, volta sobre ele em movimento retr\xF3grado e passa por ele uma \xFAltima vez ao seguir adiante. Todo esse per\xEDodo forma o retorno.",
  seeSaturnChart: "Ver Saturno no seu mapa astral",
  whatSaturnMeans: "O que Saturno significa",
  yourChart: "Seu mapa",
  theSky: "O c\xE9u",
  transitRingLede: "Monte seu mapa e mova o controle de data para ver os planetas transitarem sobre ele \u2014 para a frente ou para tr\xE1s, por at\xE9 um ano.",
  checkTransits: "Ver seus tr\xE2nsitos",
  savedChartHelp: "Os mapas que voc\xEA calcular e salvar aparecer\xE3o aqui como atalhos, para que a pr\xF3xima consulta dispense a digita\xE7\xE3o.",
  noTransitTimeNotice: "Este mapa n\xE3o tem hora de nascimento, ent\xE3o a posi\xE7\xE3o da Lua \xE9 uma estimativa para o meio-dia \u2014 ela pode variar at\xE9 seis graus, e um tr\xE2nsito \xE0 Lua perto do limite do orbe pode aparecer ou desaparecer com a hora real.",
  skyAt: "C\xE9u em",
  noTransitsWithin: "Nenhum tr\xE2nsito a menos de",
  activeTransitsWithin: "tr\xE2nsitos ativos a menos de",
  activeTransitWithin: "tr\xE2nsito ativo a menos de",
  ofExact: "do ponto exato",
  transitMoonOmitted: "Lua em tr\xE2nsito n\xE3o inclu\xEDda \u2014 ela cruza o mapa inteiro todos os meses",
  quietSky: "Um c\xE9u tranquilo dentro do orbe estreito usado nesta p\xE1gina. Nada urgente \u2014 volte em alguns dias ou amplie a leitura com os eventos do m\xEAs abaixo.",
  natal: "Natal",
  forYourChart: "Para seu mapa",
  orb: "orbe",
  openDailyBrief: "Abrir meu resumo di\xE1rio completo",
  allTransits: "Todos os seus tr\xE2nsitos",
  personA: "Pessoa A",
  personB: "Pessoa B",
  sharedChart: "Mapa compartilhado",
  sharedWithYou: "compartilhado com voc\xEA",
  removeSharedChart: "Remover o mapa compartilhado",
  sharedSideHelp: "Este lado chegou pelo link \u2014 limpe-o para informar os dados de outra pessoa.",
  name: "Nome",
  compareCharts: "Comparar os mapas",
  sameChart: "\xC9 o mesmo mapa duas vezes \u2014 escolha dois mapas diferentes para comparar.",
  compareSavedHelp: "Os mapas que voc\xEA calcular e salvar aparecer\xE3o aqui como atalhos, para que a segunda compara\xE7\xE3o seja mais r\xE1pida que a primeira.",
  compareNoTimeNotice: "Sem hora de nascimento para",
  moonMiddayEstimate: "ent\xE3o essa Lua \xE9 uma estimativa para o meio-dia \u2014 ela pode variar at\xE9 seis graus, e um aspecto lunar perto do limite do orbe pode aparecer ou desaparecer com a hora real.",
  crossChartAspects: "aspectos entre mapas",
  easeful: "harmoniosos",
  charged: "intensos",
  readPairing: "Ler a combina\xE7\xE3o",
  inviteCompare: "Convidar algu\xE9m para comparar",
  inviteLink: "Link de convite",
  inviteNote: "O link inclui os dados de nascimento desta pessoa e abre a p\xE1gina com esse lado preenchido \u2014 nada \xE9 enviado a n\xF3s. Se n\xE3o for voc\xEA, vale pedir permiss\xE3o.",
  inviteCopied: "Link de convite copiado para a \xE1rea de transfer\xEAncia.",
  syncOn: "Sincroniza\xE7\xE3o ativa",
  keepEveryDevice: "Acesse seus mapas em todos os dispositivos",
  signedIn: "Sess\xE3o iniciada",
  syncCopyOn: "Mapas salvos e remo\xE7\xF5es s\xE3o sincronizados entre seus dispositivos.",
  syncCopyOff: "Salve mapas neste dispositivo. Entre quando quiser acess\xE1-los em todos os dispositivos.",
  weeklyDigestTitle: "E-mail semanal do c\xE9u",
  weeklyDigestCopy: "Um e-mail por semana: o c\xE9u sobre seus mapas salvos. Cancele quando quiser.",
  weeklyDigestAria: "Ativar o resumo semanal",
  digestSaved: "Prefer\xEAncia do resumo salva.",
  digestFailed: "N\xE3o foi poss\xEDvel atualizar a prefer\xEAncia do resumo. Tente de novo.",
  checkEmail: "Confira seu e-mail para acessar sua conta. Esta p\xE1gina ser\xE1 sincronizada quando voc\xEA voltar.",
  syncFailed: "A sincroniza\xE7\xE3o falhou. Tente de novo.",
  syncing: "Sincronizando\u2026",
  synced: "Sincronizado",
  syncNow: "Sincronizar agora",
  signOut: "Sair",
  emailSyncAria: "E-mail para sincronizar o perfil",
  sending: "Enviando\u2026",
  sendSignIn: "Enviar link de acesso",
  nothingSaved: "Nada salvo ainda.",
  emptyProfile: "Os mapas que voc\xEA salvar ficar\xE3o aqui, primeiro neste dispositivo. Fa\xE7a um mapa e toque em Salvar este mapa para come\xE7ar.",
  saved: "salvos",
  chartSingular: "mapa",
  chartPlural: "mapas",
  savedChartSingular: "mapa salvo",
  savedChartPlural: "mapas salvos",
  syncedWhenSignedIn: "sincronizados quando voc\xEA entra",
  storedBrowser: "armazenados neste navegador",
  chartName: "Nome do mapa",
  timeUnknown: "hora desconhecida",
  needsTime: "precisa do hor\xE1rio",
  compareThese: "Comparar estes dois mapas",
  addAnotherChart: "Adicionar outro mapa",
  ...GROWTH_UI_EN,
  footerWidgets: "Widgets",
  footerDisclosure: "Divulga\xE7\xF5es",
  emailCaptureKicker: "Previs\xE3o semanal gratuita",
  emailCaptureTitle: "Sua semana pela frente.",
  emailCapturePersonalTitle: "Sua semana de {sign} pela frente.",
  emailCaptureCopy: "Uma previs\xE3o semanal para seu signo. Gr\xE1tis, cancele quando quiser.",
  emailCaptureEmailLabel: "Endere\xE7o de e-mail",
  emailCaptureEmailPlaceholder: "voce@exemplo.com",
  emailCaptureSignLegend: "Seu signo solar (opcional)",
  emailCaptureNoSign: "Pular o signo",
  emailCaptureUsingSign: "Usando seu signo solar: {sign}",
  emailCaptureChangeSign: "Alterar",
  emailCaptureSubmit: "Enviar minha semana",
  emailCaptureSubmitting: "Inscrevendo\u2026",
  emailCaptureSuccess: "Confira seu e-mail para confirmar a assinatura.",
  emailCaptureErrorTitle: "Assinatura indispon\xEDvel",
  emailCaptureError: "N\xE3o foi poss\xEDvel iniciar a assinatura. Tente de novo.",
  emailCapturePrivacy: "Armazenamos apenas seu e-mail e o signo escolhido \u2014 nunca seus dados de nascimento.",
  emailCaptureHoneypot: "Deixe este campo em branco",
  emailPendingTitle: "Confira seu e-mail.",
  emailPendingBody: "Use o link de confirma\xE7\xE3o que enviamos antes de come\xE7ar a receber sua previs\xE3o semanal.",
  emailConfirmSubject: "Confirme sua previs\xE3o semanal do Zodiacs.org",
  emailConfirmMessage: "Confirme que voc\xEA quer receber a previs\xE3o semanal gratuita do Zodiacs.org:",
  emailConfirmIgnore: "Se voc\xEA n\xE3o solicitou isto, ignore este e-mail. Nenhuma assinatura ser\xE1 ativada.",
  emailConfirmTitle: "S\xF3 mais uma confirma\xE7\xE3o.",
  emailConfirmBody: "Confirme esta assinatura para come\xE7ar a receber a previs\xE3o semanal gratuita. At\xE9 l\xE1, nenhuma assinatura semanal estar\xE1 ativa.",
  emailConfirmAction: "Confirmar assinatura",
  emailConfirmedTitle: "Assinatura confirmada.",
  emailConfirmedBody: "Sua previs\xE3o semanal gratuita est\xE1 ativa. Toda mensagem inclui um link para cancelar a assinatura.",
  emailConfirmInvalidTitle: "Este link n\xE3o \xE9 v\xE1lido.",
  emailConfirmInvalidBody: "O link de confirma\xE7\xE3o \xE9 inv\xE1lido ou expirou. Volte ao Zodiacs.org para solicitar outro.",
  emailReturnHome: "Voltar ao Zodiacs.org"
};
var pt_default = pt;

// site/src/lib/i18n/ui/ru.ts
var ru = {
  chartDepthOpen: "See it in three dimensions \u2014 \u043F\u043E\u043A\u0430 \u043F\u043E-\u0430\u043D\u0433\u043B\u0438\u0439\u0441\u043A\u0438",
  chartDepthClose: "Hide the third dimension \u2014 \u043F\u043E\u043A\u0430 \u043F\u043E-\u0430\u043D\u0433\u043B\u0438\u0439\u0441\u043A\u0438",
  calculationLoadError: "\u041D\u0435 \u0443\u0434\u0430\u043B\u043E\u0441\u044C \u0437\u0430\u0433\u0440\u0443\u0437\u0438\u0442\u044C \u0444\u0430\u0439\u043B\u044B \u0440\u0430\u0441\u0447\u0451\u0442\u0430. \u041F\u0440\u043E\u0432\u0435\u0440\u044C\u0442\u0435 \u043F\u043E\u0434\u043A\u043B\u044E\u0447\u0435\u043D\u0438\u0435 \u0438 \u043F\u043E\u043F\u0440\u043E\u0431\u0443\u0439\u0442\u0435 \u0441\u043D\u043E\u0432\u0430.",
  calculationReload: "\u041F\u0435\u0440\u0435\u0437\u0430\u0433\u0440\u0443\u0437\u0438\u0442\u044C \u0441\u0442\u0440\u0430\u043D\u0438\u0446\u0443",
  calculationReloadWarning: "\u041F\u0440\u0438 \u043F\u0435\u0440\u0435\u0437\u0430\u0433\u0440\u0443\u0437\u043A\u0435 \u043D\u0435\u0441\u043E\u0445\u0440\u0430\u043D\u0451\u043D\u043D\u044B\u0435 \u0434\u0430\u043D\u043D\u044B\u0435 \u0431\u0443\u0434\u0443\u0442 \u0443\u0434\u0430\u043B\u0435\u043D\u044B.",
  calculationRetry: "\u041F\u043E\u043F\u0440\u043E\u0431\u043E\u0432\u0430\u0442\u044C \u0441\u043D\u043E\u0432\u0430",
  pfdYearError: "\u041D\u0435 \u0443\u0434\u0430\u043B\u043E\u0441\u044C \u0437\u0430\u0432\u0435\u0440\u0448\u0438\u0442\u044C \u0440\u0430\u0437\u0431\u043E\u0440 \u043D\u0430 \u0433\u043E\u0434 \u0432\u043F\u0435\u0440\u0451\u0434. \u041F\u043E\u043F\u0440\u043E\u0431\u0443\u0439\u0442\u0435 \u0441\u043D\u043E\u0432\u0430.",
  placeSearching: "\u041F\u043E\u0438\u0441\u043A \u043C\u0435\u0441\u0442\u2026",
  chartWheelActions: "\u0414\u0435\u0439\u0441\u0442\u0432\u0438\u044F \u0441 \u043A\u0430\u0440\u0442\u043E\u0439",
  chartWheelGuide: "\u041F\u0440\u043E\u0439\u0442\u0438 \u044D\u043A\u0441\u043A\u0443\u0440\u0441\u0438\u044E",
  chartWheelReplay: "\u041F\u043E\u0432\u0442\u043E\u0440\u0438\u0442\u044C \u044D\u043A\u0441\u043A\u0443\u0440\u0441\u0438\u044E",
  chartWheelAnother: "\u041F\u0440\u043E\u0447\u0438\u0442\u0430\u0442\u044C \u0434\u0440\u0443\u0433\u0443\u044E \u043A\u0430\u0440\u0442\u0443 \u2014 \u043F\u043E\u043A\u0430 \u043F\u043E-\u0430\u043D\u0433\u043B\u0438\u0439\u0441\u043A\u0438",
  chartWheelSignatureSelf: "\u0425\u0430\u0440\u0430\u043A\u0442\u0435\u0440\u043D\u044B\u0439 \u0440\u0438\u0441\u0443\u043D\u043E\u043A \u0432\u0430\u0448\u0435\u0439 \u043A\u0430\u0440\u0442\u044B",
  chartWheelSignatureOther: "\u0425\u0430\u0440\u0430\u043A\u0442\u0435\u0440\u043D\u044B\u0439 \u0440\u0438\u0441\u0443\u043D\u043E\u043A \u044D\u0442\u043E\u0439 \u043A\u0430\u0440\u0442\u044B",
  chartWheelCompareMine: "\u0421\u0440\u0430\u0432\u043D\u0438\u0442\u044C \u0441 \u043C\u043E\u0435\u0439 \u2014 \u043F\u043E\u043A\u0430 \u043F\u043E-\u0430\u043D\u0433\u043B\u0438\u0439\u0441\u043A\u0438",
  chartWheelCompareAdd: "\u0414\u043E\u0431\u0430\u0432\u0438\u0442\u044C \u043C\u043E\u044E \u043A\u0430\u0440\u0442\u0443 \u0434\u043B\u044F \u0441\u0440\u0430\u0432\u043D\u0435\u043D\u0438\u044F \u2014 \u043F\u043E\u043A\u0430 \u043F\u043E-\u0430\u043D\u0433\u043B\u0438\u0439\u0441\u043A\u0438",
  chartWheelShareOther: "\u041F\u043E\u0434\u0435\u043B\u0438\u0442\u044C\u0441\u044F \u044D\u0442\u043E\u0439 \u043A\u0430\u0440\u0442\u043E\u0439",
  navPrimary: "\u041E\u0441\u043D\u043E\u0432\u043D\u043E\u0435",
  navSigns: "\u0417\u043D\u0430\u043A\u0438",
  navTools: "\u0418\u043D\u0441\u0442\u0440\u0443\u043C\u0435\u043D\u0442\u044B",
  navLearn: "\u0420\u0430\u0437\u0431\u043E\u0440",
  navHoroscopes: "\u0413\u043E\u0440\u043E\u0441\u043A\u043E\u043F\u044B",
  navCollect: "Astrofolio",
  navSavedCharts: "\u0421\u043E\u0445\u0440\u0430\u043D\u0451\u043D\u043D\u044B\u0435 \u043A\u0430\u0440\u0442\u044B",
  navMenu: "\u041C\u0435\u043D\u044E",
  navSite: "\u041E \u0441\u0430\u0439\u0442\u0435",
  navTwelve: "\u0414\u0432\u0435\u043D\u0430\u0434\u0446\u0430\u0442\u044C \u0437\u043D\u0430\u043A\u043E\u0432",
  footerTag: "\u0411\u0435\u0441\u043F\u043B\u0430\u0442\u043D\u044B\u0435 \u0430\u0441\u0442\u0440\u043E\u043B\u043E\u0433\u0438\u0447\u0435\u0441\u043A\u0438\u0435 \u0438\u043D\u0441\u0442\u0440\u0443\u043C\u0435\u043D\u0442\u044B \u0438 \u0433\u0438\u0434\u044B \u043F\u043E \u0437\u043D\u0430\u043A\u0430\u043C. \u041A\u0430\u0440\u0442\u044B \u0441\u0447\u0438\u0442\u0430\u044E\u0442\u0441\u044F \u043F\u0440\u0438\u0432\u0430\u0442\u043D\u043E, \u043F\u0440\u044F\u043C\u043E \u0432 \u0432\u0430\u0448\u0435\u043C \u0431\u0440\u0430\u0443\u0437\u0435\u0440\u0435.",
  footerStartHere: "\u0421 \u0447\u0435\u0433\u043E \u043D\u0430\u0447\u0430\u0442\u044C",
  footerPlanets: "\u041F\u043B\u0430\u043D\u0435\u0442\u044B",
  footerHouses: "\u0414\u043E\u043C\u0430",
  footerZodiacDates: "\u0414\u0430\u0442\u044B \u0437\u043D\u0430\u043A\u043E\u0432",
  footerGlossary: "\u0413\u043B\u043E\u0441\u0441\u0430\u0440\u0438\u0439",
  footerCompute: "\u041A\u0430\u043A \u043C\u044B \u0441\u0447\u0438\u0442\u0430\u0435\u043C",
  footerRegistry: "Registry",
  footerThesis: "\u041C\u0430\u043D\u0438\u0444\u0435\u0441\u0442",
  footerArchive: "\u0410\u0440\u0445\u0438\u0432",
  footerSdk: "SDK",
  footerCollectNote: "\u0417\u0430\u043F\u0438\u0441\u0438, \u043F\u043E\u0438\u0441\u043A, \u0441\u0442\u0440\u0430\u043D\u0438\u0446\u044B \u043A\u0430\u0442\u0430\u043B\u043E\u0433\u0430 \u0438 SDK Registry \u0440\u0430\u0431\u043E\u0442\u0430\u044E\u0442 \u0442\u043E\u043B\u044C\u043A\u043E \u043D\u0430 \u0447\u0442\u0435\u043D\u0438\u0435. \u041D\u0435\u043E\u0431\u044F\u0437\u0430\u0442\u0435\u043B\u044C\u043D\u044B\u0439 \u0438\u043D\u0441\u0442\u0440\u0443\u043C\u0435\u043D\u0442 \u043F\u043E\u043A\u0443\u043F\u043A\u0438 Astrofolio \u0438\u0441\u043F\u043E\u043B\u044C\u0437\u0443\u0435\u0442 \u043D\u0435\u0437\u0430\u0432\u0438\u0441\u0438\u043C\u044B\u0439 \u0441\u0435\u0440\u0432\u0438\u0441 Jupiter \u0438 \u0432\u0430\u0448 \u043A\u043E\u0448\u0435\u043B\u0451\u043A; Zodiacs.org \u043D\u0435 \u0445\u0440\u0430\u043D\u0438\u0442 \u043A\u043B\u044E\u0447\u0438 \u0438\u043B\u0438 \u0441\u0440\u0435\u0434\u0441\u0442\u0432\u0430. \u041D\u0438\u0447\u0442\u043E \u0438\u0437 \u044D\u0442\u043E\u0433\u043E \u043D\u0435 \u044F\u0432\u043B\u044F\u0435\u0442\u0441\u044F \u0444\u0438\u043D\u0430\u043D\u0441\u043E\u0432\u043E\u0439 \u0440\u0435\u043A\u043E\u043C\u0435\u043D\u0434\u0430\u0446\u0438\u0435\u0439.",
  footerMethodology: "\u041C\u0435\u0442\u043E\u0434\u043E\u043B\u043E\u0433\u0438\u044F",
  footerAbout: "\u041E \u043F\u0440\u043E\u0435\u043A\u0442\u0435",
  footerPrivacy: "\u041A\u043E\u043D\u0444\u0438\u0434\u0435\u043D\u0446\u0438\u0430\u043B\u044C\u043D\u043E\u0441\u0442\u044C",
  footerTerms: "\u0423\u0441\u043B\u043E\u0432\u0438\u044F",
  footerPlaceData: "\u0414\u0430\u043D\u043D\u044B\u0435 \u043E \u043C\u0435\u0441\u0442\u0430\u0445",
  footerFonts: "\u0428\u0440\u0438\u0444\u0442\u044B \u043F\u043E\u0434 \u043B\u0438\u0446\u0435\u043D\u0437\u0438\u0435\u0439",
  skipContent: "\u041F\u0435\u0440\u0435\u0439\u0442\u0438 \u043A \u0441\u043E\u0434\u0435\u0440\u0436\u0438\u043C\u043E\u043C\u0443",
  open: "\u041E\u0442\u043A\u0440\u044B\u0442\u044C",
  birthChart: "\u041D\u0430\u0442\u0430\u043B\u044C\u043D\u0430\u044F \u043A\u0430\u0440\u0442\u0430",
  compatibility: "\u0421\u043E\u0432\u043C\u0435\u0441\u0442\u0438\u043C\u043E\u0441\u0442\u044C",
  moonSign: "\u041B\u0443\u043D\u043D\u044B\u0439 \u0437\u043D\u0430\u043A",
  risingSign: "\u0410\u0441\u0446\u0435\u043D\u0434\u0435\u043D\u0442",
  moonPhase: "\u0424\u0430\u0437\u0430 \u041B\u0443\u043D\u044B",
  saturnReturn: "\u0412\u043E\u0437\u0432\u0440\u0430\u0449\u0435\u043D\u0438\u0435 \u0421\u0430\u0442\u0443\u0440\u043D\u0430",
  transits: "\u0422\u0440\u0430\u043D\u0437\u0438\u0442\u044B",
  birthday: "\u0414\u0435\u043D\u044C \u0440\u043E\u0436\u0434\u0435\u043D\u0438\u044F",
  retrogrades: "\u0420\u0435\u0442\u0440\u043E\u0433\u0440\u0430\u0434\u043D\u043E\u0441\u0442\u0438",
  sun: "\u0421\u043E\u043B\u043D\u0446\u0435",
  moon: "\u041B\u0443\u043D\u0430",
  rising: "\u0410\u0441\u0446\u0435\u043D\u0434\u0435\u043D\u0442",
  body: "\u0422\u0435\u043B\u043E",
  position: "\u041F\u043E\u043B\u043E\u0436\u0435\u043D\u0438\u0435",
  sign: "\u0417\u043D\u0430\u043A",
  house: "\u0414\u043E\u043C",
  chart: "\u041A\u0430\u0440\u0442\u0430",
  date: "\u0414\u0430\u0442\u0430",
  time: "\u0412\u0440\u0435\u043C\u044F",
  place: "\u041C\u0435\u0441\u0442\u043E",
  motion: "\u0414\u0432\u0438\u0436\u0435\u043D\u0438\u0435",
  optional: "\u043D\u0435\u043E\u0431\u044F\u0437\u0430\u0442\u0435\u043B\u044C\u043D\u043E",
  birthDate: "\u0414\u0430\u0442\u0430 \u0440\u043E\u0436\u0434\u0435\u043D\u0438\u044F",
  birthTime: "\u0412\u0440\u0435\u043C\u044F \u0440\u043E\u0436\u0434\u0435\u043D\u0438\u044F",
  birthplace: "\u041C\u0435\u0441\u0442\u043E \u0440\u043E\u0436\u0434\u0435\u043D\u0438\u044F",
  birthDateRequired: "\u0423\u043A\u0430\u0436\u0438\u0442\u0435 \u0434\u0430\u0442\u0443 \u0440\u043E\u0436\u0434\u0435\u043D\u0438\u044F.",
  birthDateRange: "\u0412\u044B\u0431\u0435\u0440\u0438\u0442\u0435 \u0434\u0430\u0442\u0443 \u0440\u043E\u0436\u0434\u0435\u043D\u0438\u044F \u0441 1800 \u043F\u043E 2199 \u0433\u043E\u0434.",
  birthTimeRequired: "\u0423\u043A\u0430\u0436\u0438\u0442\u0435 \u0432\u0440\u0435\u043C\u044F \u0440\u043E\u0436\u0434\u0435\u043D\u0438\u044F.",
  houseSystem: "\u0421\u0438\u0441\u0442\u0435\u043C\u0430 \u0434\u043E\u043C\u043E\u0432",
  wholeSignDefault: "\u0426\u0435\u043B\u044B\u0435 \u0437\u043D\u0430\u043A\u0438 (\u043F\u043E \u0443\u043C\u043E\u043B\u0447\u0430\u043D\u0438\u044E)",
  placidus: "\u041F\u043B\u0430\u0446\u0438\u0434\u0443\u0441",
  houseSystemHelp: "\u041A\u0430\u043A \u043A\u0430\u0440\u0442\u0430 \u0434\u0435\u043B\u0438\u0442\u0441\u044F \u043D\u0430 \u0434\u0432\u0435\u043D\u0430\u0434\u0446\u0430\u0442\u044C \u0441\u0444\u0435\u0440 \u0436\u0438\u0437\u043D\u0438. \u0412 \u0441\u0438\u0441\u0442\u0435\u043C\u0435 \u0446\u0435\u043B\u044B\u0445 \u0437\u043D\u0430\u043A\u043E\u0432 \u043A\u0430\u0436\u0434\u044B\u0439 \u0437\u043D\u0430\u043A \u2014 \u043E\u0434\u0438\u043D \u0434\u043E\u043C; \u0432 \u0441\u0438\u0441\u0442\u0435\u043C\u0435 \u041F\u043B\u0430\u0446\u0438\u0434\u0443\u0441\u0430 \u0440\u0430\u0437\u043C\u0435\u0440 \u0434\u043E\u043C\u043E\u0432 \u0437\u0430\u0432\u0438\u0441\u0438\u0442 \u043E\u0442 \u0442\u043E\u0447\u043D\u043E\u0433\u043E \u0432\u0440\u0435\u043C\u0435\u043D\u0438 \u0438 \u043C\u0435\u0441\u0442\u0430. \u041F\u043B\u0430\u043D\u0435\u0442\u044B \u043E\u0441\u0442\u0430\u044E\u0442\u0441\u044F \u043D\u0430 \u043C\u0435\u0441\u0442\u0435: \u043C\u0435\u043D\u044F\u044E\u0442\u0441\u044F \u0442\u043E\u043B\u044C\u043A\u043E \u0433\u0440\u0430\u043D\u0438\u0446\u044B \u0434\u043E\u043C\u043E\u0432.",
  computing: "\u0421\u0447\u0438\u0442\u0430\u0435\u043C\u2026",
  checking: "\u041F\u0440\u043E\u0432\u0435\u0440\u044F\u0435\u043C\u2026",
  comparing: "\u0421\u0440\u0430\u0432\u043D\u0438\u0432\u0430\u0435\u043C\u2026",
  save: "\u0421\u043E\u0445\u0440\u0430\u043D\u0438\u0442\u044C",
  rename: "\u041F\u0435\u0440\u0435\u0438\u043C\u0435\u043D\u043E\u0432\u0430\u0442\u044C",
  remove: "\u0423\u0434\u0430\u043B\u0438\u0442\u044C",
  getBirthChart: "\u041F\u043E\u0441\u0442\u0440\u043E\u0439\u0442\u0435 \u0431\u0435\u0441\u043F\u043B\u0430\u0442\u043D\u0443\u044E \u043D\u0430\u0442\u0430\u043B\u044C\u043D\u0443\u044E \u043A\u0430\u0440\u0442\u0443",
  findMoonSign: "\u0423\u0437\u043D\u0430\u0439\u0442\u0435 \u0441\u0432\u043E\u0439 \u043B\u0443\u043D\u043D\u044B\u0439 \u0437\u043D\u0430\u043A",
  findRisingSign: "\u0423\u0437\u043D\u0430\u0439\u0442\u0435 \u0441\u0432\u043E\u0439 \u0430\u0441\u0446\u0435\u043D\u0434\u0435\u043D\u0442",
  savedCharts: "\u0421\u043E\u0445\u0440\u0430\u043D\u0451\u043D\u043D\u044B\u0435 \u043A\u0430\u0440\u0442\u044B",
  profile: "\u0412\u0430\u0448 \u043F\u0440\u043E\u0444\u0438\u043B\u044C",
  read: "\u0427\u0438\u0442\u0430\u0442\u044C",
  rightNow: "\u041F\u0440\u044F\u043C\u043E \u0441\u0435\u0439\u0447\u0430\u0441",
  enterBirthDetails: "\u0412\u0432\u0435\u0434\u0438\u0442\u0435 \u0434\u0430\u043D\u043D\u044B\u0435 \u0440\u043E\u0436\u0434\u0435\u043D\u0438\u044F\u2026",
  privacyDevice: "\u041F\u0440\u0438\u0432\u0430\u0442\u043D\u043E \u043F\u043E \u0443\u043C\u043E\u043B\u0447\u0430\u043D\u0438\u044E. \u0414\u0430\u043D\u043D\u044B\u0435 \u0440\u043E\u0436\u0434\u0435\u043D\u0438\u044F \u043E\u0441\u0442\u0430\u044E\u0442\u0441\u044F \u0432 \u044D\u0442\u043E\u043C \u0431\u0440\u0430\u0443\u0437\u0435\u0440\u0435.",
  placePlaceholder: "\u041D\u0430\u0447\u043D\u0438\u0442\u0435 \u0432\u0432\u043E\u0434\u0438\u0442\u044C \u0433\u043E\u0440\u043E\u0434\u2026",
  placeChange: "\u0418\u0437\u043C\u0435\u043D\u0438\u0442\u044C \u043C\u0435\u0441\u0442\u043E \u0440\u043E\u0436\u0434\u0435\u043D\u0438\u044F",
  placePickHint: "\u0412\u044B\u0431\u0435\u0440\u0438\u0442\u0435 \u043C\u0435\u0441\u0442\u043E \u0440\u043E\u0436\u0434\u0435\u043D\u0438\u044F \u0438\u0437 \u0441\u043F\u0438\u0441\u043A\u0430.",
  placeNoResults: "\u041D\u0435\u0442 \u0432 \u0441\u043F\u0438\u0441\u043A\u0435? \u0412\u044B\u0431\u0435\u0440\u0438\u0442\u0435 \u0431\u043B\u0438\u0436\u0430\u0439\u0448\u0438\u0439 \u0433\u043E\u0440\u043E\u0434 \u2014 \u043D\u0435\u0441\u043A\u043E\u043B\u044C\u043A\u043E \u043A\u0438\u043B\u043E\u043C\u0435\u0442\u0440\u043E\u0432 \u0440\u0435\u0434\u043A\u043E \u043C\u0435\u043D\u044F\u044E\u0442 \u043A\u0430\u0440\u0442\u0443.",
  placeError: "\u041D\u0435 \u0443\u0434\u0430\u043B\u043E\u0441\u044C \u0437\u0430\u0433\u0440\u0443\u0437\u0438\u0442\u044C \u0441\u043F\u0440\u0430\u0432\u043E\u0447\u043D\u0438\u043A \u043C\u0435\u0441\u0442 \u2014 \u043F\u0440\u043E\u0432\u0435\u0440\u044C\u0442\u0435 \u0441\u043E\u0435\u0434\u0438\u043D\u0435\u043D\u0438\u0435 \u0438 \u043F\u043E\u043F\u0440\u043E\u0431\u0443\u0439\u0442\u0435 \u0435\u0449\u0451 \u0440\u0430\u0437.",
  searchGeo: "\u041F\u043E\u0438\u0441\u043A \u043F\u043E ~34 000 \u043C\u0435\u0441\u0442 \xB7 GeoNames (CC BY 4.0)",
  chartError: "\u041D\u0435 \u043F\u043E\u043B\u0443\u0447\u0438\u043B\u043E\u0441\u044C \u0440\u0430\u0441\u0441\u0447\u0438\u0442\u0430\u0442\u044C \u043A\u0430\u0440\u0442\u0443. \u041F\u043E\u043F\u0440\u043E\u0431\u0443\u0439\u0442\u0435 \u0435\u0449\u0451 \u0440\u0430\u0437.",
  moonError: "\u041D\u0435 \u043F\u043E\u043B\u0443\u0447\u0438\u043B\u043E\u0441\u044C \u0440\u0430\u0441\u0441\u0447\u0438\u0442\u0430\u0442\u044C \u044D\u0442\u0443 \u041B\u0443\u043D\u0443. \u041F\u043E\u043F\u0440\u043E\u0431\u0443\u0439\u0442\u0435 \u0435\u0449\u0451 \u0440\u0430\u0437.",
  localDateReferenceError: "\u041D\u0435 \u0443\u0434\u0430\u043B\u043E\u0441\u044C \u043E\u043F\u0440\u0435\u0434\u0435\u043B\u0438\u0442\u044C \u0432\u0440\u0435\u043C\u044F \u0434\u043B\u044F \u0440\u0430\u0441\u0447\u0451\u0442\u0430 \u0432 \u043F\u0440\u0435\u0434\u0435\u043B\u0430\u0445 \u044D\u0442\u043E\u0439 \u043C\u0435\u0441\u0442\u043D\u043E\u0439 \u0434\u0430\u0442\u044B. \u041F\u0440\u043E\u0432\u0435\u0440\u044C\u0442\u0435 \u0434\u0430\u0442\u0443 \u0438 \u043C\u0435\u0441\u0442\u043E.",
  returnError: "\u041D\u0435 \u043F\u043E\u043B\u0443\u0447\u0438\u043B\u043E\u0441\u044C \u0440\u0430\u0441\u0441\u0447\u0438\u0442\u0430\u0442\u044C \u0432\u043E\u0437\u0432\u0440\u0430\u0449\u0435\u043D\u0438\u0435. \u041F\u043E\u043F\u0440\u043E\u0431\u0443\u0439\u0442\u0435 \u0435\u0449\u0451 \u0440\u0430\u0437.",
  transitError: "\u041D\u0435 \u043F\u043E\u043B\u0443\u0447\u0438\u043B\u043E\u0441\u044C \u0440\u0430\u0441\u0441\u0447\u0438\u0442\u0430\u0442\u044C \u0442\u0440\u0430\u043D\u0437\u0438\u0442\u044B. \u041F\u043E\u043F\u0440\u043E\u0431\u0443\u0439\u0442\u0435 \u0435\u0449\u0451 \u0440\u0430\u0437.",
  compareError: "\u041D\u0435 \u043F\u043E\u043B\u0443\u0447\u0438\u043B\u043E\u0441\u044C \u0441\u0440\u0430\u0432\u043D\u0438\u0442\u044C \u043A\u0430\u0440\u0442\u044B. \u041F\u043E\u043F\u0440\u043E\u0431\u0443\u0439\u0442\u0435 \u0435\u0449\u0451 \u0440\u0430\u0437.",
  noBirthTime: "\u041D\u0435 \u0437\u043D\u0430\u044E \u0432\u0440\u0435\u043C\u044F",
  risingTimeHelp: "\u0410\u0441\u0446\u0435\u043D\u0434\u0435\u043D\u0442 \u043C\u0435\u043D\u044F\u0435\u0442\u0441\u044F \u043A\u0430\u0436\u0434\u044B\u0435 \u0434\u0432\u0430 \u0447\u0430\u0441\u0430 \u2014 \u0437\u0434\u0435\u0441\u044C \u0432\u0430\u0436\u043D\u044B \u0438\u043C\u0435\u043D\u043D\u043E \u0447\u0430\u0441\u044B.",
  chartTimeHelp: "\u041D\u0435\u0442 \u0432\u0440\u0435\u043C\u0435\u043D\u0438 \u0440\u043E\u0436\u0434\u0435\u043D\u0438\u044F? \u041F\u043E\u043A\u0430\u0436\u0435\u043C \u043E\u0440\u0438\u0435\u043D\u0442\u0438\u0440 \u043D\u0430 \u043C\u0435\u0441\u0442\u043D\u044B\u0439 \u043F\u043E\u043B\u0434\u0435\u043D\u044C \u0431\u0435\u0437 \u0430\u0441\u0446\u0435\u043D\u0434\u0435\u043D\u0442\u0430 \u0438 \u0434\u043E\u043C\u043E\u0432; \u043F\u043E\u043B\u043E\u0436\u0435\u043D\u0438\u0435 \u041B\u0443\u043D\u044B \u043C\u043E\u0436\u0435\u0442 \u0431\u044B\u0442\u044C \u043D\u0435\u043E\u043F\u0440\u0435\u0434\u0435\u043B\u0451\u043D\u043D\u044B\u043C.",
  chartSavedDevice: "\u0421\u043E\u0445\u0440\u0430\u043D\u0435\u043D\u043E \xB7 \u043D\u0430 \u044D\u0442\u043E\u043C \u0443\u0441\u0442\u0440\u043E\u0439\u0441\u0442\u0432\u0435",
  saveThisChart: "\u0421\u043E\u0445\u0440\u0430\u043D\u0438\u0442\u044C \u044D\u0442\u0443 \u043A\u0430\u0440\u0442\u0443",
  chartSavedStatus: "\u041A\u0430\u0440\u0442\u0430 \u0441\u043E\u0445\u0440\u0430\u043D\u0435\u043D\u0430 \u043D\u0430 \u044D\u0442\u043E\u043C \u0443\u0441\u0442\u0440\u043E\u0439\u0441\u0442\u0432\u0435.",
  chartSaveFull: "\u041C\u043E\u0436\u043D\u043E \u0445\u0440\u0430\u043D\u0438\u0442\u044C \u0434\u043E 40 \u043A\u0430\u0440\u0442 \u2014 \u0441\u043D\u0430\u0447\u0430\u043B\u0430 \u0443\u0434\u0430\u043B\u0438\u0442\u0435 \u043E\u0434\u043D\u0443.",
  chartSaveError: "\u041D\u0435 \u0443\u0434\u0430\u043B\u043E\u0441\u044C \u0441\u043E\u0445\u0440\u0430\u043D\u0438\u0442\u044C \u2014 \u0432\u043E\u0437\u043C\u043E\u0436\u043D\u043E, \u0431\u0440\u0430\u0443\u0437\u0435\u0440 \u0431\u043B\u043E\u043A\u0438\u0440\u0443\u0435\u0442 \u043B\u043E\u043A\u0430\u043B\u044C\u043D\u043E\u0435 \u0445\u0440\u0430\u043D\u0438\u043B\u0438\u0449\u0435.",
  chartSavedMessage: "\u0421\u043E\u0445\u0440\u0430\u043D\u0435\u043D\u043E \u0432 \u0432\u0430\u0448\u0438 \u043A\u0430\u0440\u0442\u044B. \u0412\u043E\u0439\u0434\u0438\u0442\u0435 \u0437\u0434\u0435\u0441\u044C, \u0435\u0441\u043B\u0438 \u0445\u043E\u0442\u0438\u0442\u0435 \u0432\u0438\u0434\u0435\u0442\u044C \u0438\u0445 \u043D\u0430 \u0432\u0441\u0435\u0445 \u0443\u0441\u0442\u0440\u043E\u0439\u0441\u0442\u0432\u0430\u0445.",
  linkCopied: "\u0421\u0441\u044B\u043B\u043A\u0430 \u0441\u043A\u043E\u043F\u0438\u0440\u043E\u0432\u0430\u043D\u0430",
  copyChartLink: "\u0421\u043A\u043E\u043F\u0438\u0440\u043E\u0432\u0430\u0442\u044C \u0441\u0441\u044B\u043B\u043A\u0443 \u043D\u0430 \u044D\u0442\u0443 \u043A\u0430\u0440\u0442\u0443",
  rendering: "\u0420\u0438\u0441\u0443\u0435\u043C\u2026",
  cardSaved: "\u041A\u0430\u0440\u0442\u043E\u0447\u043A\u0430 \u0441\u043E\u0445\u0440\u0430\u043D\u0435\u043D\u0430",
  saveChartCard: "\u0421\u043E\u0445\u0440\u0430\u043D\u0438\u0442\u044C \u043A\u0430\u0440\u0442\u043E\u0447\u043A\u0443 \u043A\u0430\u0440\u0442\u044B",
  shareChart: "\u041F\u043E\u0434\u0435\u043B\u0438\u0442\u044C\u0441\u044F \u043A\u0430\u0440\u0442\u043E\u0439",
  linkToChart: "\u0421\u0441\u044B\u043B\u043A\u0430 \u043D\u0430 \u044D\u0442\u0443 \u043A\u0430\u0440\u0442\u0443",
  chartLinkCopied: "\u0421\u0441\u044B\u043B\u043A\u0430 \u043D\u0430 \u043A\u0430\u0440\u0442\u0443 \u0441\u043A\u043E\u043F\u0438\u0440\u043E\u0432\u0430\u043D\u0430 \u0432 \u0431\u0443\u0444\u0435\u0440 \u043E\u0431\u043C\u0435\u043D\u0430.",
  chartCardSaved: "\u041A\u0430\u0440\u0442\u043E\u0447\u043A\u0430 \u043A\u0430\u0440\u0442\u044B \u0441\u043E\u0445\u0440\u0430\u043D\u0435\u043D\u0430.",
  cardError: "\u041D\u0435 \u0443\u0434\u0430\u043B\u043E\u0441\u044C \u043D\u0430\u0440\u0438\u0441\u043E\u0432\u0430\u0442\u044C \u043A\u0430\u0440\u0442\u043E\u0447\u043A\u0443 \u0432 \u044D\u0442\u043E\u043C \u0431\u0440\u0430\u0443\u0437\u0435\u0440\u0435 \u2014 \u043A\u043E\u043B\u0435\u0441\u043E \u0432\u044B\u0448\u0435 \u043E\u0442\u043B\u0438\u0447\u043D\u043E \u0441\u043D\u0438\u043C\u0430\u0435\u0442\u0441\u044F \u0438 \u0441\u043A\u0440\u0438\u043D\u0448\u043E\u0442\u043E\u043C.",
  shareNote: "\u0421\u0441\u044B\u043B\u043A\u0430 \u0441\u043E\u0434\u0435\u0440\u0436\u0438\u0442 \u0432\u0432\u0435\u0434\u0451\u043D\u043D\u044B\u0435 \u0434\u0430\u043D\u043D\u044B\u0435 \u0440\u043E\u0436\u0434\u0435\u043D\u0438\u044F \u2014 \u043D\u0430\u043C \u043D\u0438\u0447\u0435\u0433\u043E \u043D\u0435 \u043E\u0442\u043F\u0440\u0430\u0432\u043B\u044F\u0435\u0442\u0441\u044F, \u043E\u0442\u043A\u0440\u044B\u0442\u044C \u0435\u0451 \u0441\u043C\u043E\u0433\u0443\u0442 \u0442\u043E\u043B\u044C\u043A\u043E \u0442\u0435, \u043A\u043E\u043C\u0443 \u0432\u044B \u0435\u0451 \u043F\u0435\u0440\u0435\u0434\u0430\u0434\u0438\u0442\u0435. \u041A\u0430\u0440\u0442\u043E\u0447\u043A\u0430 \u2014 \u0438\u0437\u043E\u0431\u0440\u0430\u0436\u0435\u043D\u0438\u0435 1080\xD71350, \u0441\u043E\u0437\u0434\u0430\u0451\u0442\u0441\u044F \u043D\u0430 \u0432\u0430\u0448\u0435\u043C \u0443\u0441\u0442\u0440\u043E\u0439\u0441\u0442\u0432\u0435.",
  needsBirthTime: "\u041D\u0443\u0436\u043D\u043E \u0432\u0440\u0435\u043C\u044F \u0440\u043E\u0436\u0434\u0435\u043D\u0438\u044F",
  yourMoonSign: "\u0412\u0430\u0448 \u043B\u0443\u043D\u043D\u044B\u0439 \u0437\u043D\u0430\u043A",
  yourRisingSign: "\u0412\u0430\u0448 \u0430\u0441\u0446\u0435\u043D\u0434\u0435\u043D\u0442",
  moonPhaseAtBirth: "\u0424\u0430\u0437\u0430 \u041B\u0443\u043D\u044B \u043F\u0440\u0438 \u0440\u043E\u0436\u0434\u0435\u043D\u0438\u0438",
  chartRuler: "\u0423\u043F\u0440\u0430\u0432\u0438\u0442\u0435\u043B\u044C \u043A\u0430\u0440\u0442\u044B",
  planetSteering: "\u043F\u043B\u0430\u043D\u0435\u0442\u0430, \u0432\u0435\u0434\u0443\u0449\u0430\u044F \u0432\u0430\u0448 \u0430\u0441\u0446\u0435\u043D\u0434\u0435\u043D\u0442.",
  aspectsFound: "\u0410\u0441\u043F\u0435\u043A\u0442\u044B",
  found: "\u043D\u0430\u0439\u0434\u0435\u043D\u043E",
  applying: "\u0441\u0445\u043E\u0434\u044F\u0449\u0438\u0439\u0441\u044F",
  wholeSignHouses: "\u0414\u043E\u043C\u0430 \u0446\u0435\u043B\u044B\u0445 \u0437\u043D\u0430\u043A\u043E\u0432",
  placidusHouses: "\u0414\u043E\u043C\u0430 \u041F\u043B\u0430\u0446\u0438\u0434\u0443\u0441\u0430",
  engine: "\u0434\u0432\u0438\u0436\u043E\u043A v",
  readInOrder: "\u0427\u0438\u0442\u0430\u0435\u043C \u043F\u043E \u043F\u043E\u0440\u044F\u0434\u043A\u0443",
  readIntro: "\u0421\u0432\u0435\u0440\u0445\u0443 \u0432\u043D\u0438\u0437 \u2014 \u0442\u0430\u043A \u043A\u0430\u0440\u0442\u0443 \u0447\u0438\u0442\u0430\u043B \u0431\u044B \u0430\u0441\u0442\u0440\u043E\u043B\u043E\u0433. \u0422\u0430\u0431\u043B\u0438\u0446\u044B \u0432\u044B\u0448\u0435 \u2014 \u0434\u0430\u043D\u043D\u044B\u0435; \u0437\u0434\u0435\u0441\u044C \u2014 \u0447\u0442\u043E \u043E\u043D\u0438 \u0437\u043D\u0430\u0447\u0430\u0442.",
  readBigThree: "\u041D\u0430\u0447\u043D\u0438\u0442\u0435 \u0441 \u0431\u043E\u043B\u044C\u0448\u043E\u0439 \u0442\u0440\u043E\u0439\u043A\u0438",
  readBigThreeBody: "\u0421\u043E\u043B\u043D\u0446\u0435, \u041B\u0443\u043D\u0430, \u0430\u0441\u0446\u0435\u043D\u0434\u0435\u043D\u0442 \u2014 \u0442\u0440\u0438 \u043A\u0430\u0440\u0442\u043E\u0447\u043A\u0438 \u043D\u0430\u0432\u0435\u0440\u0445\u0443. \u041B\u0438\u0447\u043D\u043E\u0441\u0442\u044C, \u0438\u043D\u0441\u0442\u0438\u043D\u043A\u0442, \u0432\u0445\u043E\u0434. \u0412\u0441\u0451, \u0447\u0442\u043E \u043D\u0438\u0436\u0435, \u0443\u0442\u043E\u0447\u043D\u044F\u0435\u0442 \u0438\u0445; \u043D\u0438\u0447\u0442\u043E \u0438\u0445 \u043D\u0435 \u0437\u0430\u043C\u0435\u043D\u044F\u0435\u0442.",
  readRooms: "\u041F\u043B\u0430\u043D\u0435\u0442\u044B, \u043A\u043E\u043C\u043D\u0430\u0442\u0430 \u0437\u0430 \u043A\u043E\u043C\u043D\u0430\u0442\u043E\u0439",
  readNoHouses: "\u0411\u0435\u0437 \u0432\u0440\u0435\u043C\u0435\u043D\u0438 \u0440\u043E\u0436\u0434\u0435\u043D\u0438\u044F \u043D\u0435\u0442 \u0434\u043E\u043C\u043E\u0432, \u043F\u043E\u044D\u0442\u043E\u043C\u0443 \u043A\u0430\u0436\u0434\u0430\u044F \u043F\u043B\u0430\u043D\u0435\u0442\u0430 \u0447\u0438\u0442\u0430\u0435\u0442\u0441\u044F \u0442\u043E\u043B\u044C\u043A\u043E \u043F\u043E \u0437\u043D\u0430\u043A\u0443. \u0414\u043E\u0431\u0430\u0432\u044C\u0442\u0435 \u0432\u0440\u0435\u043C\u044F \u2014 \u0438 \u0440\u0430\u0437\u0434\u0435\u043B \u043E\u0431\u0440\u0435\u0442\u0451\u0442 \u0441\u0432\u043E\u0438 \u043A\u043E\u043C\u043D\u0430\u0442\u044B.",
  readAspects: "\u0410\u0441\u043F\u0435\u043A\u0442\u044B, \u043A\u043E\u0442\u043E\u0440\u044B\u0435 \u0440\u0430\u0431\u043E\u0442\u0430\u044E\u0442 \u0431\u043E\u043B\u044C\u0448\u0435 \u0432\u0441\u0435\u0433\u043E",
  readWeather: "\u041F\u043E\u0433\u043E\u0434\u0430 \u043A\u0430\u0440\u0442\u044B",
  readIn: "\u0432",
  today: "\u0441\u0435\u0433\u043E\u0434\u043D\u044F",
  todayBySignTitle: "\u041D\u0435\u0431\u043E \u0441\u0435\u0433\u043E\u0434\u043D\u044F \u2014 \u0434\u043B\u044F \u043A\u0430\u0436\u0434\u043E\u0433\u043E \u0437\u043D\u0430\u043A\u0430",
  todayBySignPrompt: "\u0412\u044B\u0431\u0435\u0440\u0438\u0442\u0435 \u0441\u0432\u043E\u0439 \u0441\u043E\u043B\u043D\u0435\u0447\u043D\u044B\u0439 \u0437\u043D\u0430\u043A, \u0447\u0442\u043E\u0431\u044B \u043F\u0440\u043E\u0447\u0438\u0442\u0430\u0442\u044C \u044F\u0441\u043D\u044B\u0439 \u043F\u0440\u043E\u0433\u043D\u043E\u0437 \u043D\u0430 \u0441\u0435\u0433\u043E\u0434\u043D\u044F \u2014 \u0432\u0440\u0435\u043C\u044F \u0440\u043E\u0436\u0434\u0435\u043D\u0438\u044F \u043D\u0435 \u043D\u0443\u0436\u043D\u043E.",
  todaySolarNote: "\u0447\u0438\u0442\u0430\u0435\u0442\u0441\u044F \u043F\u043E \u0441\u043E\u043B\u043D\u0435\u0447\u043D\u044B\u043C \u0434\u043E\u043C\u0430\u043C \u0432\u0430\u0448\u0435\u0433\u043E \u0437\u043D\u0430\u043A\u0430",
  whyThisReading: "\u041F\u043E\u0447\u0435\u043C\u0443 \u0442\u0430\u043A\u043E\u0435 \u0447\u0442\u0435\u043D\u0438\u0435",
  todayHoroscopeLink: "\u0433\u043E\u0440\u043E\u0441\u043A\u043E\u043F",
  or: "\u0438\u043B\u0438",
  chartSavedBeforeLink: "\u0421\u043E\u0445\u0440\u0430\u043D\u0435\u043D\u043E \u0432 \u0432\u0430\u0448\u0438 \u043A\u0430\u0440\u0442\u044B. \u0412\u043E\u0439\u0434\u0438\u0442\u0435",
  chartSavedLink: "\u0437\u0434\u0435\u0441\u044C",
  chartSavedAfterLink: "\u043A\u043E\u0433\u0434\u0430 \u0437\u0430\u0445\u043E\u0442\u0438\u0442\u0435 \u0432\u0438\u0434\u0435\u0442\u044C \u0438\u0445 \u043D\u0430 \u0432\u0441\u0435\u0445 \u0443\u0441\u0442\u0440\u043E\u0439\u0441\u0442\u0432\u0430\u0445.",
  signedInAs: "\u0412\u044B \u0432\u043E\u0448\u043B\u0438 \u043A\u0430\u043A {email}",
  removeChartConfirm: "\u0423\u0434\u0430\u043B\u0438\u0442\u044C \xAB{name}\xBB \u0441 \u044D\u0442\u043E\u0433\u043E \u0443\u0441\u0442\u0440\u043E\u0439\u0441\u0442\u0432\u0430?",
  compareSavedHeading: "\u0421\u0440\u0430\u0432\u043D\u0438\u0442\u044C: {a} \u0438 {b}",
  compareSavedPitch: "\u0414\u0432\u0435 \u0441\u043E\u0445\u0440\u0430\u043D\u0451\u043D\u043D\u044B\u0435 \u043A\u0430\u0440\u0442\u044B \u2014 \u044D\u0442\u043E \u0433\u043E\u0442\u043E\u0432\u043E\u0435 \u0441\u0440\u0430\u0432\u043D\u0435\u043D\u0438\u0435: \u043A\u0430\u0436\u0434\u044B\u0439 \u043C\u0435\u0436\u043A\u0430\u0440\u0442\u043D\u044B\u0439 \u0430\u0441\u043F\u0435\u043A\u0442, \u0447\u0435\u0441\u0442\u043D\u043E \u0440\u0430\u0441\u0441\u0447\u0438\u0442\u0430\u043D\u043D\u044B\u0439 \u043D\u0430 \u044D\u0442\u043E\u043C \u0443\u0441\u0442\u0440\u043E\u0439\u0441\u0442\u0432\u0435.",
  saturnDateHelp: "\u041E\u0434\u043D\u0430 \u0434\u0430\u0442\u0430 \u0443\u0436\u0435 \u0437\u0430\u043A\u0440\u0435\u043F\u043B\u044F\u0435\u0442 \u0433\u043E\u0434\u044B \u0432\u043E\u0437\u0432\u0440\u0430\u0449\u0435\u043D\u0438\u044F. \u0412\u0440\u0435\u043C\u044F \u0438 \u043C\u0435\u0441\u0442\u043E \u0443\u0442\u043E\u0447\u043D\u044F\u044E\u0442 \u0434\u0430\u0442\u044B \u043D\u0430 \u043D\u0435\u0441\u043A\u043E\u043B\u044C\u043A\u043E \u0434\u043D\u0435\u0439 \u2014 \u043D\u043E \u043D\u0435 \u0433\u043E\u0434.",
  saturnReturnHeading: "{ordinal} \u0432\u043E\u0437\u0432\u0440\u0430\u0449\u0435\u043D\u0438\u0435",
  skyMercuryRetrograde: "\u0420\u0435\u0442\u0440\u043E\u0433\u0440\u0430\u0434\u043D\u044B\u0439 \u041C\u0435\u0440\u043A\u0443\u0440\u0438\u0439",
  skyMercuryDirect: "\u041C\u0435\u0440\u043A\u0443\u0440\u0438\u0439 \u0434\u0438\u0440\u0435\u043A\u0442\u043D\u044B\u0439",
  skyPlanetRetrograde: "\u0420\u0435\u0442\u0440\u043E\u0433\u0440\u0430\u0434\u043D\u044B\u0439 {planet}",
  skyFullMoon: "\u041F\u043E\u043B\u043D\u043E\u043B\u0443\u043D\u0438\u0435",
  skyNewMoon: "\u041D\u043E\u0432\u043E\u043B\u0443\u043D\u0438\u0435",
  skyMoonOn: "{event} \xB7 {date}",
  skyAsOf: "{date} \xB7 12 UTC",
  skyTickerAria: "\u041F\u043E\u043B\u043E\u0436\u0435\u043D\u0438\u044F \u043D\u0435\u0431\u0430 \u043D\u0430 {date}, 12:00 UTC",
  moonDiscAria: "\u041B\u0443\u043D\u0430, \u043E\u0441\u0432\u0435\u0449\u0435\u043D\u043E {percent}%",
  pairingCta: "\u0427\u0438\u0442\u0430\u0442\u044C \u043F\u0430\u0440\u0443 {a} \u0438 {b}",
  inviteWith: "\u041F\u0440\u0438\u0433\u043B\u0430\u0441\u0438\u0442\u044C \u043A\u043E\u0433\u043E-\u0442\u043E \u0441\u0440\u0430\u0432\u043D\u0438\u0442\u044C\u0441\u044F \u0441 {name}",
  inviteNamedNote: "\u0421\u0441\u044B\u043B\u043A\u0430 \u0441\u043E\u0434\u0435\u0440\u0436\u0438\u0442 \u0434\u0430\u043D\u043D\u044B\u0435 \u0440\u043E\u0436\u0434\u0435\u043D\u0438\u044F {name} \u0438 \u043E\u0442\u043A\u0440\u044B\u0432\u0430\u0435\u0442 \u044D\u0442\u0443 \u0441\u0442\u0440\u0430\u043D\u0438\u0446\u0443 \u0441 \u0437\u0430\u043F\u043E\u043B\u043D\u0435\u043D\u043D\u043E\u0439 \u0441\u0442\u043E\u0440\u043E\u043D\u043E\u0439 \u2014 \u043D\u0430\u043C \u043D\u0438\u0447\u0435\u0433\u043E \u043D\u0435 \u043E\u0442\u043F\u0440\u0430\u0432\u043B\u044F\u0435\u0442\u0441\u044F. \u0415\u0441\u043B\u0438 \u044D\u0442\u043E \u043D\u0435 \u0432\u044B, \u0441\u0442\u043E\u0438\u0442 \u0441\u043F\u0440\u043E\u0441\u0438\u0442\u044C \u0441\u043E\u0433\u043B\u0430\u0441\u0438\u044F.",
  transitMiddayUtc: "{date} \xB7 \u043F\u043E\u043B\u0434\u0435\u043D\u044C UTC",
  planetReturn: "\u0412\u043E\u0437\u0432\u0440\u0430\u0449\u0435\u043D\u0438\u0435: {planet}",
  natalPlanet: "\u041D\u0430\u0442\u0430\u043B\u044C\u043D\u044B\u0439 {planet}",
  pfdToday: "\u0421\u0435\u0433\u043E\u0434\u043D\u044F \u0434\u043B\u044F \u044D\u0442\u043E\u0439 \u043A\u0430\u0440\u0442\u044B",
  pfdComing: "\u0427\u0442\u043E \u0432\u043F\u0435\u0440\u0435\u0434\u0438 \u0443 \u044D\u0442\u043E\u0439 \u043A\u0430\u0440\u0442\u044B",
  pfdYearAhead: "\u0413\u043E\u0434 \u0432\u043F\u0435\u0440\u0451\u0434 \u0434\u043B\u044F \u044D\u0442\u043E\u0439 \u043A\u0430\u0440\u0442\u044B",
  pfdYearBusy: "\u0421\u0447\u0438\u0442\u0430\u0435\u043C \u0433\u043E\u0434 \u043D\u0430 \u0432\u0430\u0448\u0435\u043C \u0443\u0441\u0442\u0440\u043E\u0439\u0441\u0442\u0432\u0435 \u2014 \u043D\u0435\u0441\u043A\u043E\u043B\u044C\u043A\u043E \u0441\u0435\u043A\u0443\u043D\u0434\u2026",
  pfdYearNote: "\u0420\u0430\u0441\u0441\u0447\u0438\u0442\u0430\u043D\u043E \u043F\u043E \u0432\u0430\u0448\u0435\u0439 \u0441\u043E\u0445\u0440\u0430\u043D\u0451\u043D\u043D\u043E\u0439 \u043A\u0430\u0440\u0442\u0435: \u0442\u043E\u0447\u043D\u044B\u0435 \u0434\u0430\u0442\u044B \u043D\u0430 \u0431\u043B\u0438\u0436\u0430\u0439\u0448\u0438\u0435 \u0434\u0432\u0435\u043D\u0430\u0434\u0446\u0430\u0442\u044C \u043C\u0435\u0441\u044F\u0446\u0435\u0432.",
  saveYearAheadNote: "\u0414\u043B\u044F \u0441\u043E\u0445\u0440\u0430\u043D\u0451\u043D\u043D\u044B\u0445 \u043A\u0430\u0440\u0442 \u043F\u0440\u043E\u0444\u0438\u043B\u044C \u0441\u0447\u0438\u0442\u0430\u0435\u0442 \u0433\u043E\u0434 \u0432\u043F\u0435\u0440\u0451\u0434 \u2014 \u0441\u043E\u043B\u043D\u0435\u0447\u043D\u043E\u0435 \u0432\u043E\u0437\u0432\u0440\u0430\u0449\u0435\u043D\u0438\u0435, \u0434\u0430\u0442\u044B \u042E\u043F\u0438\u0442\u0435\u0440\u0430 \u0438 \u0421\u0430\u0442\u0443\u0440\u043D\u0430, \u043F\u043E\u043F\u0430\u0434\u0430\u043D\u0438\u044F \u0437\u0430\u0442\u043C\u0435\u043D\u0438\u0439.",
  recordLabel: "\u041A\u043E\u043B\u043B\u0435\u043A\u0446\u0438\u043E\u043D\u043D\u043E\u0435 \u043A\u0440\u044B\u043B\u043E",
  recordOneOfTwelve: "\u0442\u0430\u043A\u0436\u0435 \u0435\u0441\u0442\u044C \u0441\u0440\u0435\u0434\u0438 \u0414\u0432\u0435\u043D\u0430\u0434\u0446\u0430\u0442\u0438 \u2014 \u044D\u0442\u043E \u043A\u0430\u043D\u043E\u043D\u0438\u0447\u0435\u0441\u043A\u0430\u044F \u0437\u0430\u043F\u0438\u0441\u044C \u0432 \u0420\u0435\u0435\u0441\u0442\u0440\u0435, \u043F\u043E\u043A\u0430 \u043F\u043E-\u0430\u043D\u0433\u043B\u0438\u0439\u0441\u043A\u0438.",
  recordViewLink: "\u041F\u043E\u0441\u043C\u043E\u0442\u0440\u0435\u0442\u044C \u0437\u0430\u043F\u0438\u0441\u044C \u2014 \u043F\u043E\u043A\u0430 \u043F\u043E-\u0430\u043D\u0433\u043B\u0438\u0439\u0441\u043A\u0438 \u2192",
  recordChartSun: "\u0412\u0430\u0448 \u0441\u043E\u043B\u043D\u0435\u0447\u043D\u044B\u0439 \u0437\u043D\u0430\u043A \u2014 {sign}.",
  recordChartBody: "{sign} \u0432\u0445\u043E\u0434\u0438\u0442 \u0432 \u0447\u0438\u0441\u043B\u043E \u0414\u0432\u0435\u043D\u0430\u0434\u0446\u0430\u0442\u0438 \u2014 \u0441\u043E \u0441\u0432\u043E\u0438\u043C \u043E\u0431\u0440\u0430\u0437\u043E\u043C, \u0438\u0441\u0442\u043E\u0440\u0438\u0435\u0439 \u0438 \u043E\u0444\u0438\u0446\u0438\u0430\u043B\u044C\u043D\u043E\u0439 \u0437\u0430\u043F\u0438\u0441\u044C\u044E \u0432 \u0420\u0435\u0435\u0441\u0442\u0440\u0435, \u043F\u043E\u043A\u0430 \u043F\u043E-\u0430\u043D\u0433\u043B\u0438\u0439\u0441\u043A\u0438.",
  recordChartLink: "\u041E\u0442\u043A\u0440\u044B\u0442\u044C \u0420\u0435\u0435\u0441\u0442\u0440: {sign} \u2014 \u043F\u043E\u043A\u0430 \u043F\u043E-\u0430\u043D\u0433\u043B\u0438\u0439\u0441\u043A\u0438 \u2192",
  babyDueDate: "\u041F\u0440\u0435\u0434\u043F\u043E\u043B\u0430\u0433\u0430\u0435\u043C\u0430\u044F \u0434\u0430\u0442\u0430 \u0440\u043E\u0434\u043E\u0432",
  babyCompute: "\u041F\u0440\u043E\u0447\u0438\u0442\u0430\u0442\u044C \u043D\u0435\u0431\u043E \u043D\u0430 \u044D\u0442\u0443 \u0434\u0430\u0442\u0443",
  babyNeedDate: "\u0421\u043D\u0430\u0447\u0430\u043B\u0430 \u0432\u0432\u0435\u0434\u0438\u0442\u0435 \u0434\u0430\u0442\u0443.",
  babyError: "\u041D\u0435 \u043F\u043E\u043B\u0443\u0447\u0438\u043B\u043E\u0441\u044C \u0440\u0430\u0441\u0441\u0447\u0438\u0442\u0430\u0442\u044C \u043D\u0435\u0431\u043E. \u041F\u043E\u043F\u0440\u043E\u0431\u0443\u0439\u0442\u0435 \u0435\u0449\u0451 \u0440\u0430\u0437.",
  babySunHead: "\u0421\u043E\u043B\u043D\u0435\u0447\u043D\u044B\u0439 \u0437\u043D\u0430\u043A \u2014 \u043F\u043E\u0447\u0442\u0438 \u043D\u0430\u0432\u0435\u0440\u043D\u044F\u043A\u0430",
  babySunSingle: "\u0420\u043E\u0436\u0434\u0435\u043D\u0438\u0435 \u0432 \u044D\u0442\u043E\u0442 \u0434\u0435\u043D\u044C \u0434\u0430\u0451\u0442 \u0421\u043E\u043B\u043D\u0446\u0435 \u0432",
  babySunNearEdge: "\u0414\u0430\u0442\u0430 \u0441\u0442\u043E\u0438\u0442 \u0443 \u0441\u0430\u043C\u043E\u0439 \u0433\u0440\u0430\u043D\u0438\u0446\u044B \u0437\u043D\u0430\u043A\u0430, \u0442\u0430\u043A \u0447\u0442\u043E \u043F\u0440\u0438\u0445\u043E\u0434 \u043D\u0430 \u0434\u0435\u043D\u044C \u0441 \u043B\u0438\u0448\u043D\u0438\u043C \u0440\u0430\u043D\u044C\u0448\u0435 \u0438\u043B\u0438 \u043F\u043E\u0437\u0436\u0435 \u043C\u043E\u0436\u0435\u0442 \u0441\u043C\u0435\u0441\u0442\u0438\u0442\u044C \u0432",
  babySunNearEdgeTail: "\u2014 \u0440\u0435\u0448\u0430\u0435\u0442 \u0434\u0430\u0442\u0430 \u0440\u043E\u0436\u0434\u0435\u043D\u0438\u044F.",
  babySunSplitA: "\u0412 \u044D\u0442\u043E\u0442 \u0434\u0435\u043D\u044C \u0421\u043E\u043B\u043D\u0446\u0435 \u043C\u0435\u043D\u044F\u0435\u0442 \u0437\u043D\u0430\u043A: \u0440\u043E\u0436\u0434\u0435\u043D\u0438\u0435 \u0432\u044B\u0445\u043E\u0434\u0438\u0442",
  babySunSplitOr: "\u0438\u043B\u0438",
  babySunSplitTail: "\u0432 \u0437\u0430\u0432\u0438\u0441\u0438\u043C\u043E\u0441\u0442\u0438 \u043E\u0442 \u0447\u0430\u0441\u0430. \u0420\u0435\u0448\u0430\u0435\u0442 \u0442\u043E\u0447\u043D\u044B\u0439 \u043C\u043E\u043C\u0435\u043D\u0442 \u0440\u043E\u0436\u0434\u0435\u043D\u0438\u044F.",
  babyNoonNote: "\u0437\u043D\u0430\u043A\u0438 \u0447\u0438\u0442\u0430\u044E\u0442\u0441\u044F \u043D\u0430 \u043F\u043E\u043B\u0434\u0435\u043D\u044C \u0432\u0441\u0435\u043C\u0438\u0440\u043D\u043E\u0433\u043E \u0432\u0440\u0435\u043C\u0435\u043D\u0438",
  babyMoonHead: "\u041B\u0443\u043D\u043D\u044B\u0439 \u0437\u043D\u0430\u043A \u2014 \u043E\u0434\u0438\u043D \u0438\u0437 \u043D\u0435\u0441\u043A\u043E\u043B\u044C\u043A\u0438\u0445",
  babyMoonBody: "\u041B\u0443\u043D\u0430 \u043C\u0435\u043D\u044F\u0435\u0442 \u0437\u043D\u0430\u043A \u043A\u0430\u0436\u0434\u044B\u0435 \u0434\u0432\u0430-\u0442\u0440\u0438 \u0434\u043D\u044F, \u0442\u0430\u043A \u0447\u0442\u043E \u043D\u0435\u0434\u0435\u043B\u044F \u0440\u043E\u0434\u043E\u0432 \u043E\u0431\u044B\u0447\u043D\u043E \u043E\u0445\u0432\u0430\u0442\u044B\u0432\u0430\u0435\u0442 \u0434\u0432\u0430-\u0442\u0440\u0438 \u043B\u0443\u043D\u043D\u044B\u0445 \u0437\u043D\u0430\u043A\u0430. \u0414\u0435\u0442\u0438, \u0440\u043E\u0436\u0434\u0451\u043D\u043D\u044B\u0435 \u0432 \u043E\u0434\u043D\u0443 \u043D\u0435\u0434\u0435\u043B\u044E, \u043C\u043E\u0433\u0443\u0442 \u043D\u0435\u0441\u0442\u0438 \u0440\u0430\u0437\u043D\u044B\u0435 \u2014 \u0440\u0435\u0448\u0430\u044E\u0442 \u0434\u0435\u043D\u044C \u0438 \u0447\u0430\u0441 \u0440\u043E\u0436\u0434\u0435\u043D\u0438\u044F.",
  babyRetroHead: "\u0420\u0435\u0442\u0440\u043E\u0433\u0440\u0430\u0434\u043D\u044B\u0435 \u043F\u0440\u0438 \u0440\u043E\u0436\u0434\u0435\u043D\u0438\u0438",
  babyRetroBody: "\u044D\u0442\u0438 \u043F\u043B\u0430\u043D\u0435\u0442\u044B \u0432 \u0441\u0432\u043E\u0451\u043C \u0440\u0435\u0442\u0440\u043E\u0433\u0440\u0430\u0434\u043D\u043E\u043C \u043E\u0442\u0440\u0435\u0437\u043A\u0435 \u043E\u043A\u043E\u043B\u043E \u0434\u0430\u0442\u044B \u0440\u043E\u0434\u043E\u0432. \u0412 \u043D\u0430\u0442\u0430\u043B\u044C\u043D\u043E\u0439 \u043A\u0430\u0440\u0442\u0435 \u0440\u0435\u0442\u0440\u043E\u0433\u0440\u0430\u0434\u043D\u0430\u044F \u043F\u043B\u0430\u043D\u0435\u0442\u0430 \u0447\u0438\u0442\u0430\u0435\u0442\u0441\u044F \u043A\u0430\u043A \u0431\u043E\u043B\u0435\u0435 \u043E\u0431\u0440\u0430\u0449\u0451\u043D\u043D\u0430\u044F \u0432\u043D\u0443\u0442\u0440\u044C \u2014 \u044D\u0442\u043E \u043E\u0431\u044B\u0447\u043D\u043E\u0435 \u0434\u0435\u043B\u043E, \u0447\u0438\u043D\u0438\u0442\u044C \u043D\u0435\u0447\u0435\u0433\u043E.",
  babyRisingHead: "\u0410\u0441\u0446\u0435\u043D\u0434\u0435\u043D\u0442 \u2014 \u043D\u0435 \u0443\u0437\u043D\u0430\u0442\u044C \u0434\u043E \u043C\u0438\u043D\u0443\u0442\u044B",
  babyRisingBody: "\u0410\u0441\u0446\u0435\u043D\u0434\u0435\u043D\u0442 \u043C\u0435\u043D\u044F\u0435\u0442\u0441\u044F \u043F\u0440\u0438\u043C\u0435\u0440\u043D\u043E \u043A\u0430\u0436\u0434\u044B\u0435 \u0434\u0432\u0430 \u0447\u0430\u0441\u0430, \u0438 \u043D\u0438\u043A\u0430\u043A\u0430\u044F \u0434\u0430\u0442\u0430 \u0440\u043E\u0434\u043E\u0432 \u0435\u0433\u043E \u043D\u0435 \u043F\u0440\u0435\u0434\u0441\u043A\u0430\u0436\u0435\u0442. \u042D\u0442\u043E \u0435\u0434\u0438\u043D\u0441\u0442\u0432\u0435\u043D\u043D\u0430\u044F \u043F\u043E\u0437\u0438\u0446\u0438\u044F, \u043A\u043E\u0442\u043E\u0440\u0430\u044F \u0436\u0434\u0451\u0442 \u0441\u0432\u0438\u0434\u0435\u0442\u0435\u043B\u044C\u0441\u0442\u0432\u0430 \u043E \u0440\u043E\u0436\u0434\u0435\u043D\u0438\u0438.",
  babyDateLink: "\u0420\u0430\u0437\u043E\u0431\u0440\u0430\u0442\u044C \u044D\u0442\u043E\u0442 \u0434\u0435\u043D\u044C \u0440\u043E\u0436\u0434\u0435\u043D\u0438\u044F \u043F\u043E\u0434\u0440\u043E\u0431\u043D\u043E",
  babyChartLink: "\u041F\u043E\u0441\u043B\u0435 \u0440\u043E\u0436\u0434\u0435\u043D\u0438\u044F: \u043F\u043E\u043B\u043D\u0430\u044F \u043A\u0430\u0440\u0442\u0430",
  pfdChartPick: "\u041A\u0430\u0440\u0442\u0430",
  pfdQuietSky: "\u0422\u0438\u0445\u043E\u0435 \u043D\u0435\u0431\u043E \u0434\u043B\u044F \u044D\u0442\u043E\u0439 \u043A\u0430\u0440\u0442\u044B \u0441\u0435\u0433\u043E\u0434\u043D\u044F \u2014 \u043D\u0438\u0447\u0435\u0433\u043E \u0432 \u043F\u0440\u0435\u0434\u0435\u043B\u0430\u0445 3\xB0 \u043E\u0442 \u043D\u0430\u0442\u0430\u043B\u044C\u043D\u044B\u0445 \u0442\u043E\u0447\u0435\u043A.",
  pfdQuietAhead: "\u041D\u0430 \u0433\u043E\u0440\u0438\u0437\u043E\u043D\u0442\u0435 \u044D\u0442\u043E\u0439 \u043A\u0430\u0440\u0442\u044B \u0432 \u0440\u0430\u0441\u0441\u0447\u0438\u0442\u0430\u043D\u043D\u043E\u043C \u043E\u043A\u043D\u0435 \u043D\u0435\u0442 \u043A\u0440\u0443\u043F\u043D\u043E\u0433\u043E.",
  pfdSaturnBusy: "\u0421\u0447\u0438\u0442\u0430\u0435\u043C \u043E\u043A\u043D\u0430 \u0421\u0430\u0442\u0443\u0440\u043D\u0430 \u043D\u0430 \u0432\u0430\u0448\u0435\u043C \u0443\u0441\u0442\u0440\u043E\u0439\u0441\u0442\u0432\u0435\u2026",
  pfdEmptyTitle: "\u0412\u0430\u0448\u0435 \u043D\u0435\u0431\u043E \u2014 \u043F\u043E\u0441\u043B\u0435 \u043F\u0435\u0440\u0432\u043E\u0439 \u0441\u043E\u0445\u0440\u0430\u043D\u0451\u043D\u043D\u043E\u0439 \u043A\u0430\u0440\u0442\u044B",
  pfdEmptyBody: "\u0421\u043E\u0445\u0440\u0430\u043D\u0438\u0442\u0435 \u043D\u0430\u0442\u0430\u043B\u044C\u043D\u0443\u044E \u043A\u0430\u0440\u0442\u0443, \u0438 \u044D\u0442\u0430 \u0441\u0442\u0440\u0430\u043D\u0438\u0446\u0430 \u0431\u0443\u0434\u0435\u0442 \u043A\u0430\u0436\u0434\u044B\u0439 \u0434\u0435\u043D\u044C \u043E\u0442\u043A\u0440\u044B\u0432\u0430\u0442\u044C\u0441\u044F \u0435\u0451 \u0442\u0440\u0430\u043D\u0437\u0438\u0442\u0430\u043C\u0438, \u0434\u043E\u043C\u0430\u043C\u0438 \u0438 \u0442\u0435\u043C, \u0447\u0442\u043E \u0434\u043B\u044F \u043D\u0435\u0451 \u0432\u043F\u0435\u0440\u0435\u0434\u0438.",
  pfdWindows: "\u043E\u043A\u043D\u0430",
  openChart: "\u041E\u0442\u043A\u0440\u044B\u0442\u044C",
  dignityDomicile: "\u043E\u0431\u0438\u0442\u0435\u043B\u044C",
  dignityExaltation: "\u044D\u043A\u0437\u0430\u043B\u044C\u0442\u0430\u0446\u0438\u044F",
  dignityDetriment: "\u0438\u0437\u0433\u043D\u0430\u043D\u0438\u0435",
  dignityFall: "\u043F\u0430\u0434\u0435\u043D\u0438\u0435",
  explorerHint: "\u041A\u043E\u0441\u043D\u0438\u0442\u0435\u0441\u044C \u043B\u044E\u0431\u043E\u0439 \u043F\u043B\u0430\u043D\u0435\u0442\u044B, \u0437\u043D\u0430\u043A\u0430, \u0434\u043E\u043C\u0430 \u0438\u043B\u0438 \u043B\u0438\u043D\u0438\u0438 \u0430\u0441\u043F\u0435\u043A\u0442\u0430 \u2014 \u0438\u043B\u0438 \u0441\u0444\u043E\u043A\u0443\u0441\u0438\u0440\u0443\u0439\u0442\u0435 \u043A\u043E\u043B\u0435\u0441\u043E \u0438 \u043B\u0438\u0441\u0442\u0430\u0439\u0442\u0435 \u0441\u0442\u0440\u0435\u043B\u043A\u0430\u043C\u0438.",
  explorerLabel: "\u0418\u043D\u0442\u0435\u0440\u0430\u043A\u0442\u0438\u0432\u043D\u0430\u044F \u043D\u0430\u0442\u0430\u043B\u044C\u043D\u0430\u044F \u043A\u0430\u0440\u0442\u0430",
  explorerSelectPart: "\u0412\u044B\u0431\u0435\u0440\u0438\u0442\u0435 \u0447\u0430\u0441\u0442\u044C \u043A\u0430\u0440\u0442\u044B",
  explorerNoSelection: "\u041D\u0438\u0447\u0435\u0433\u043E \u043D\u0435 \u0432\u044B\u0431\u0440\u0430\u043D\u043E",
  explorerAngles: "\u0423\u0433\u043B\u044B",
  explorerControlsLoading: "\u0417\u0430\u0433\u0440\u0443\u0437\u043A\u0430 \u0438\u043D\u0442\u0435\u0440\u043F\u0440\u0435\u0442\u0430\u0446\u0438\u0439 \u0438 \u044D\u043B\u0435\u043C\u0435\u043D\u0442\u043E\u0432 \u0443\u043F\u0440\u0430\u0432\u043B\u0435\u043D\u0438\u044F \u043A\u0430\u0440\u0442\u043E\u0439\u2026",
  explorerControlsError: "\u041A\u0430\u0440\u0442\u0430 \u0433\u043E\u0442\u043E\u0432\u0430, \u043D\u043E \u0435\u0451 \u0438\u043D\u0442\u0435\u0440\u043F\u0440\u0435\u0442\u0430\u0446\u0438\u0438 \u0438 \u044D\u043B\u0435\u043C\u0435\u043D\u0442\u044B \u0443\u043F\u0440\u0430\u0432\u043B\u0435\u043D\u0438\u044F \u043D\u0435 \u0437\u0430\u0433\u0440\u0443\u0437\u0438\u043B\u0438\u0441\u044C. \u041F\u0440\u043E\u0432\u0435\u0440\u044C\u0442\u0435 \u043F\u043E\u0434\u043A\u043B\u044E\u0447\u0435\u043D\u0438\u0435 \u0438 \u043F\u043E\u043F\u0440\u043E\u0431\u0443\u0439\u0442\u0435 \u0441\u043D\u043E\u0432\u0430.",
  explorerKeyHint: "\u0421\u0442\u0440\u0435\u043B\u043A\u0438 \u0432\u043B\u0435\u0432\u043E \u0438 \u0432\u043F\u0440\u0430\u0432\u043E \u043F\u0435\u0440\u0435\u043A\u043B\u044E\u0447\u0430\u044E\u0442 \u043F\u043E\u043B\u043E\u0436\u0435\u043D\u0438\u044F; Enter \u043E\u0442\u043A\u0440\u044B\u0432\u0430\u0435\u0442 \u043F\u0430\u043D\u0435\u043B\u044C \u043F\u043E\u0434\u0440\u043E\u0431\u043D\u043E\u0441\u0442\u0435\u0439.",
  selectionCleared: "\u0412\u044B\u0431\u043E\u0440 \u0441\u043D\u044F\u0442.",
  inspectorClose: "\u0417\u0430\u043A\u0440\u044B\u0442\u044C \u0434\u0435\u0442\u0430\u043B\u0438",
  speed: "\u0421\u043A\u043E\u0440\u043E\u0441\u0442\u044C",
  day: "\u0441\u0443\u0442\u043A\u0438",
  dignity: "\u0414\u043E\u0441\u0442\u043E\u0438\u043D\u0441\u0442\u0432\u043E",
  separating: "\u0440\u0430\u0441\u0445\u043E\u0434\u044F\u0449\u0438\u0439\u0441\u044F",
  dates: "\u0414\u0430\u0442\u044B",
  element: "\u0421\u0442\u0438\u0445\u0438\u044F",
  ruler: "\u0423\u043F\u0440\u0430\u0432\u0438\u0442\u0435\u043B\u044C",
  inThisSign: "\u0412 \u044D\u0442\u043E\u043C \u0437\u043D\u0430\u043A\u0435",
  inThisHouse: "\u0412 \u044D\u0442\u043E\u043C \u0434\u043E\u043C\u0435",
  cusp: "\u041A\u0443\u0441\u043F\u0438\u0434",
  span: "\u041F\u0440\u043E\u0442\u044F\u0436\u0451\u043D\u043D\u043E\u0441\u0442\u044C",
  emptyHouseNote: "\u041F\u043B\u0430\u043D\u0435\u0442 \u0437\u0434\u0435\u0441\u044C \u043D\u0435\u0442. \u041F\u0443\u0441\u0442\u043E\u0439 \u0434\u043E\u043C \u2014 \u043D\u0435 \u043F\u0440\u043E\u0431\u0435\u043B: \u0435\u0433\u043E \u0442\u0435\u043C\u044B \u0438\u0434\u0443\u0442 \u0447\u0435\u0440\u0435\u0437 \u043F\u043B\u0430\u043D\u0435\u0442\u0443, \u043A\u043E\u0442\u043E\u0440\u0430\u044F \u0438\u043C \u0443\u043F\u0440\u0430\u0432\u043B\u044F\u0435\u0442.",
  angleAscNote: "\u0410\u0441\u0446\u0435\u043D\u0434\u0435\u043D\u0442 \u2014 \u0433\u0440\u0430\u0434\u0443\u0441, \u0432\u043E\u0441\u0445\u043E\u0434\u044F\u0449\u0438\u0439 \u043D\u0430\u0434 \u0432\u043E\u0441\u0442\u043E\u0447\u043D\u044B\u043C \u0433\u043E\u0440\u0438\u0437\u043E\u043D\u0442\u043E\u043C \u0432 \u043C\u043E\u043C\u0435\u043D\u0442 \u0440\u043E\u0436\u0434\u0435\u043D\u0438\u044F. \u041E\u043D \u0434\u0435\u0440\u0436\u0438\u0442 \u0432\u0441\u0451 \u043A\u043E\u043B\u0435\u0441\u043E.",
  angleDscNote: "\u0414\u0435\u0441\u0446\u0435\u043D\u0434\u0435\u043D\u0442 \u2014 \u0433\u0440\u0430\u0434\u0443\u0441, \u0437\u0430\u0445\u043E\u0434\u044F\u0449\u0438\u0439 \u043D\u0430 \u0437\u0430\u043F\u0430\u0434\u0435, \u043D\u0430\u043F\u0440\u043E\u0442\u0438\u0432 \u0430\u0441\u0446\u0435\u043D\u0434\u0435\u043D\u0442\u0430. \u0422\u0440\u0430\u0434\u0438\u0446\u0438\u043E\u043D\u043D\u0430\u044F \u0434\u0432\u0435\u0440\u044C \u043A \u043F\u0430\u0440\u0442\u043D\u0451\u0440\u0430\u043C.",
  angleMcNote: "\u0421\u0435\u0440\u0435\u0434\u0438\u043D\u0430 \u043D\u0435\u0431\u0430 \u2014 \u0433\u0440\u0430\u0434\u0443\u0441, \u043A\u0443\u043B\u044C\u043C\u0438\u043D\u0438\u0440\u0443\u044E\u0449\u0438\u0439 \u043D\u0430\u0434 \u0433\u043E\u043B\u043E\u0432\u043E\u0439 \u043F\u0440\u0438 \u0440\u043E\u0436\u0434\u0435\u043D\u0438\u0438. \u041A\u0430\u0440\u044C\u0435\u0440\u0430, \u0440\u0435\u043F\u0443\u0442\u0430\u0446\u0438\u044F, \u0432\u0438\u0434\u0438\u043C\u0430\u044F \u0436\u0438\u0437\u043D\u044C.",
  angleIcNote: "IC \u2014 \u043D\u0438\u0436\u043D\u044F\u044F \u0442\u043E\u0447\u043A\u0430 \u043A\u043E\u043B\u0435\u0441\u0430, \u043D\u0430\u043F\u0440\u043E\u0442\u0438\u0432 \u0421\u0435\u0440\u0435\u0434\u0438\u043D\u044B \u043D\u0435\u0431\u0430. \u0414\u043E\u043C, \u043A\u043E\u0440\u043D\u0438, \u0447\u0430\u0441\u0442\u043D\u0430\u044F \u0436\u0438\u0437\u043D\u044C.",
  layersLabel: "\u0421\u043B\u043E\u0438 \u043A\u0430\u0440\u0442\u044B",
  layerHouses: "\u0414\u043E\u043C\u0430",
  editedBy: "\u041F\u0443\u0431\u043B\u0438\u043A\u0443\u0435\u0442",
  tourStart: "\u041F\u0440\u043E\u0439\u0442\u0438 \u044D\u043A\u0441\u043A\u0443\u0440\u0441\u0438\u044E",
  firstReadingLabel: "\u0412\u0430\u0448\u0435 \u0447\u0442\u0435\u043D\u0438\u0435 \u0437\u0430 2 \u043C\u0438\u043D\u0443\u0442\u044B",
  firstReadingTitle: "\u0427\u0442\u043E \u0432\u0430\u0448\u0430 \u043A\u0430\u0440\u0442\u0430 \u0433\u043E\u0432\u043E\u0440\u0438\u0442 \u043E \u0432\u0430\u0441 \u2014 \u0438 \u0447\u0442\u043E \u0434\u0430\u043B\u044C\u0448\u0435?",
  firstReadingBody: "\u041F\u043E\u0441\u043C\u043E\u0442\u0440\u0438\u0442\u0435 \u0441\u0432\u043E\u0439 \u0445\u0430\u0440\u0430\u043A\u0442\u0435\u0440\u043D\u044B\u0439 \u0440\u0430\u0441\u043A\u043B\u0430\u0434, \u0433\u0434\u0435 \u043E\u043D \u0440\u0430\u0437\u0432\u043E\u0440\u0430\u0447\u0438\u0432\u0430\u0435\u0442\u0441\u044F, \u043E\u0434\u0438\u043D \u0443\u0437\u043D\u0430\u0432\u0430\u0435\u043C\u044B\u0439 \u043F\u0430\u0442\u0442\u0435\u0440\u043D \u2014 \u0438 \u043A\u0430\u043A \u0430\u0441\u0442\u0440\u043E\u043B\u043E\u0433\u0438\u044F \u043F\u0440\u0435\u0432\u0440\u0430\u0449\u0430\u0435\u0442 \u043A\u0430\u0440\u0442\u0443 \u0432 \u043F\u0440\u043E\u0433\u043D\u043E\u0437.",
  firstReadingResumeTitle: "\u0412\u0430\u0448\u0435 \u0447\u0442\u0435\u043D\u0438\u0435 \u0436\u0434\u0451\u0442",
  firstReadingResumeBody: "\u041F\u0440\u043E\u0434\u043E\u043B\u0436\u0438\u0442\u0435 \u0441 \u0442\u043E\u0433\u043E \u043C\u0435\u0441\u0442\u0430, \u0433\u0434\u0435 \u043E\u0441\u0442\u0430\u043D\u043E\u0432\u0438\u043B\u0438\u0441\u044C \u043D\u0430 \u044D\u0442\u043E\u043C \u0443\u0441\u0442\u0440\u043E\u0439\u0441\u0442\u0432\u0435.",
  firstReadingStart: "\u041F\u0440\u043E\u0447\u0438\u0442\u0430\u0442\u044C \u043C\u043E\u044E \u043A\u0430\u0440\u0442\u0443",
  firstReadingExplore: "\u0420\u0430\u0437\u0431\u0435\u0440\u0443\u0441\u044C \u0441\u0430\u043C(\u0430)",
  firstReadingResume: "\u041F\u0440\u043E\u0434\u043E\u043B\u0436\u0438\u0442\u044C \u0447\u0442\u0435\u043D\u0438\u0435",
  firstReadingStep: "\u0428\u0430\u0433",
  firstReadingFullTour: "\u041A\u0430\u043A \u0443\u0441\u0442\u0440\u043E\u0435\u043D\u0430 \u043A\u0430\u0440\u0442\u0430 \u2014 \u0440\u0430\u0441\u0448\u0438\u0440\u0435\u043D\u043D\u0430\u044F \u044D\u043A\u0441\u043A\u0443\u0440\u0441\u0438\u044F",
  firstReadingReplay: "\u041F\u0440\u043E\u0438\u0433\u0440\u0430\u0442\u044C \u0438\u0441\u0442\u043E\u0440\u0438\u044E \u043A\u0430\u0440\u0442\u044B \u0437\u0430\u043D\u043E\u0432\u043E",
  chartActionsMore: "\u0415\u0449\u0451 \u0441\u043F\u043E\u0441\u043E\u0431\u044B \u0438\u0441\u043F\u043E\u043B\u044C\u0437\u043E\u0432\u0430\u0442\u044C \u044D\u0442\u0443 \u043A\u0430\u0440\u0442\u0443",
  chartReceiptDownload: "\u0421\u043A\u0430\u0447\u0430\u0442\u044C \u0437\u0430\u043F\u0438\u0441\u044C \u0440\u0430\u0441\u0447\u0451\u0442\u0430 (.json)",
  chartReceiptPrivacy: "\u0424\u0430\u0439\u043B \u0441\u043E\u0434\u0435\u0440\u0436\u0438\u0442 \u043B\u0438\u0447\u043D\u044B\u0435 \u0434\u0430\u043D\u043D\u044B\u0435 \u043E \u0440\u043E\u0436\u0434\u0435\u043D\u0438\u0438 \u0438 \u0434\u0430\u043D\u043D\u044B\u0435 \u043A\u0430\u0440\u0442\u044B. \u0425\u0440\u0430\u043D\u0438\u0442\u0435 \u0435\u0433\u043E \u0432 \u0431\u0435\u0437\u043E\u043F\u0430\u0441\u043D\u043E\u043C \u043C\u0435\u0441\u0442\u0435.",
  chartReceiptError: "\u041D\u0435 \u0443\u0434\u0430\u043B\u043E\u0441\u044C \u0441\u043A\u0430\u0447\u0430\u0442\u044C \u0444\u0430\u0439\u043B. \u041F\u043E\u043F\u0440\u043E\u0431\u0443\u0439\u0442\u0435 \u0435\u0449\u0451 \u0440\u0430\u0437.",
  chartReceiptUnavailable: "\u0417\u0430\u043F\u0438\u0441\u044C \u0440\u0430\u0441\u0447\u0451\u0442\u0430 \u0434\u043B\u044F \u044D\u0442\u043E\u0439 \u043A\u0430\u0440\u0442\u044B \u043D\u0435\u0434\u043E\u0441\u0442\u0443\u043F\u043D\u0430.",
  seeTodaySky: "\u041D\u0435\u0431\u043E \u0441\u0435\u0433\u043E\u0434\u043D\u044F",
  contextHelpCue: "\u0422\u0435\u0440\u043C\u0438\u043D\u044B \u0441 \u0442\u043E\u0447\u0435\u0447\u043D\u044B\u043C \u043F\u043E\u0434\u0447\u0451\u0440\u043A\u0438\u0432\u0430\u043D\u0438\u0435\u043C \u043E\u0442\u043A\u0440\u044B\u0432\u0430\u044E\u0442 \u043F\u043E\u044F\u0441\u043D\u0435\u043D\u0438\u0435 \u043F\u0440\u043E\u0441\u0442\u044B\u043C \u044F\u0437\u044B\u043A\u043E\u043C.",
  editorialHow: "\u0440\u0435\u0434\u0430\u043A\u0446\u0438\u043E\u043D\u043D\u044B\u0435 \u0441\u0442\u0430\u043D\u0434\u0430\u0440\u0442\u044B",
  dstGapNotice: "\u042D\u0442\u043E \u0432\u0440\u0435\u043C\u044F \u043F\u043E\u043F\u0430\u043B\u043E \u0432 \xAB\u043F\u0440\u044B\u0436\u043E\u043A\xBB \u043F\u0435\u0440\u0435\u0432\u043E\u0434\u0430 \u0447\u0430\u0441\u043E\u0432 \u0438 \u0444\u043E\u0440\u043C\u0430\u043B\u044C\u043D\u043E \u043D\u0435 \u0441\u0443\u0449\u0435\u0441\u0442\u0432\u043E\u0432\u0430\u043B\u043E \u2014 \u043C\u044B \u0441\u0434\u0432\u0438\u043D\u0443\u043B\u0438 \u0435\u0433\u043E \u0432\u043F\u0435\u0440\u0451\u0434 \u0447\u0435\u0440\u0435\u0437 \u0440\u0430\u0437\u0440\u044B\u0432, \u043A\u0430\u043A \u043F\u0440\u0438\u043D\u044F\u0442\u043E.",
  dstFoldNotice: "\u0412 \u043C\u0435\u0441\u0442\u0435 \u0440\u043E\u0436\u0434\u0435\u043D\u0438\u044F \u044D\u0442\u043E\u0442 \u0447\u0430\u0441 \u043F\u0440\u043E\u0448\u0451\u043B \u0434\u0432\u0430\u0436\u0434\u044B; \u043C\u044B \u0432\u0437\u044F\u043B\u0438 \u043F\u0435\u0440\u0432\u044B\u0439 \u043F\u0440\u043E\u0445\u043E\u0434. \u0415\u0441\u043B\u0438 \u0432\u044B \u0437\u043D\u0430\u0435\u0442\u0435, \u0447\u0442\u043E \u0431\u044B\u043B \u0432\u0442\u043E\u0440\u043E\u0439, \u043A\u0430\u0440\u0442\u0430 \u043F\u043E\u0447\u0442\u0438 \u043D\u0435 \u0438\u0437\u043C\u0435\u043D\u0438\u0442\u0441\u044F \u2014 \u041B\u0443\u043D\u0430 \u043F\u0440\u043E\u0445\u043E\u0434\u0438\u0442 \u043E\u043A\u043E\u043B\u043E \u043F\u043E\u043B\u0443\u0433\u0440\u0430\u0434\u0443\u0441\u0430 \u0432 \u0447\u0430\u0441.",
  lmtNotice: "\u0420\u043E\u0436\u0434\u0435\u043D\u0438\u0435 \u0434\u043E \u0432\u0432\u0435\u0434\u0435\u043D\u0438\u044F \u0447\u0430\u0441\u043E\u0432\u044B\u0445 \u043F\u043E\u044F\u0441\u043E\u0432 \u2014 \u043C\u044B \u0438\u0441\u043F\u043E\u043B\u044C\u0437\u043E\u0432\u0430\u043B\u0438 \u043C\u0435\u0441\u0442\u043D\u043E\u0435 \u0441\u0440\u0435\u0434\u043D\u0435\u0435 \u0432\u0440\u0435\u043C\u044F \u0442\u043E\u0439 \u044D\u043F\u043E\u0445\u0438, \u0442\u0443 \u0436\u0435 \u043A\u043E\u043D\u0432\u0435\u043D\u0446\u0438\u044E, \u0447\u0442\u043E \u0438 \u043F\u0440\u043E\u0444\u0435\u0441\u0441\u0438\u043E\u043D\u0430\u043B\u044C\u043D\u044B\u0435 \u043F\u0440\u043E\u0433\u0440\u0430\u043C\u043C\u044B.",
  polarNotice: "\u0422\u0430\u043A \u0431\u043B\u0438\u0437\u043A\u043E \u043A \u043F\u043E\u043B\u044E\u0441\u0443 \u0434\u043E\u043C\u0430 \u041F\u043B\u0430\u0446\u0438\u0434\u0443\u0441\u0430 \u043D\u0435 \u043E\u043F\u0440\u0435\u0434\u0435\u043B\u0435\u043D\u044B, \u043F\u043E\u044D\u0442\u043E\u043C\u0443 \u043A\u0430\u0440\u0442\u0430 \u0438\u0441\u043F\u043E\u043B\u044C\u0437\u0443\u0435\u0442 \u0434\u043E\u043C\u0430 \u0446\u0435\u043B\u044B\u0445 \u0437\u043D\u0430\u043A\u043E\u0432.",
  noTimeNotice: "\u0411\u0435\u0437 \u0432\u0440\u0435\u043C\u0435\u043D\u0438 \u0440\u043E\u0436\u0434\u0435\u043D\u0438\u044F \u0438\u0441\u043F\u043E\u043B\u044C\u0437\u0443\u0435\u043C 12:00 \u043C\u0435\u0441\u0442\u043D\u043E\u0433\u043E \u0433\u0440\u0430\u0436\u0434\u0430\u043D\u0441\u043A\u043E\u0433\u043E \u0432\u0440\u0435\u043C\u0435\u043D\u0438 \u043A\u0430\u043A \u043E\u0440\u0438\u0435\u043D\u0442\u0438\u0440 \u0438 \u043D\u0435 \u043F\u043E\u043A\u0430\u0437\u044B\u0432\u0430\u0435\u043C \u0430\u0441\u0446\u0435\u043D\u0434\u0435\u043D\u0442, \u0443\u0433\u043B\u044B \u0438 \u0434\u043E\u043C\u0430.",
  moonUnverifiedNotice: "\u0412\u043E\u0437\u043C\u043E\u0436\u043D\u044B\u0435 \u0437\u043D\u0430\u043A\u0438 \u041B\u0443\u043D\u044B \u0432 \u0442\u0435\u0447\u0435\u043D\u0438\u0435 \u044D\u0442\u043E\u0439 \u0434\u0430\u0442\u044B \u0440\u043E\u0436\u0434\u0435\u043D\u0438\u044F \u043D\u0435 \u043F\u0440\u043E\u0432\u0435\u0440\u0435\u043D\u044B. \u0423\u043A\u0430\u0436\u0438\u0442\u0435 \u0432\u0440\u0435\u043C\u044F \u0440\u043E\u0436\u0434\u0435\u043D\u0438\u044F, \u0447\u0442\u043E\u0431\u044B \u043F\u043E\u043B\u0443\u0447\u0438\u0442\u044C \u0440\u0435\u0437\u0443\u043B\u044C\u0442\u0430\u0442 \u0434\u043B\u044F \u043A\u043E\u043D\u043A\u0440\u0435\u0442\u043D\u043E\u0433\u043E \u043C\u043E\u043C\u0435\u043D\u0442\u0430.",
  moonAmbiguousNotice: "\u0412 \u044D\u0442\u043E\u0442 \u0434\u0435\u043D\u044C \u041B\u0443\u043D\u0430 \u0441\u043C\u0435\u043D\u0438\u043B\u0430 \u0437\u043D\u0430\u043A \u2014 \u043F\u043E\u043A\u0430 \u0432\u0440\u0435\u043C\u044F \u043D\u0435 \u043D\u0430\u0439\u0434\u0435\u043D\u043E, \u0447\u0435\u0441\u0442\u043D\u043E \u0447\u0438\u0442\u0430\u0442\u044C \u043E\u0431\u043E\u0438\u0445 \u0441\u043E\u0441\u0435\u0434\u0435\u0439.",
  fromLinkNotice: "\u041E\u0442\u043A\u0440\u044B\u0442\u043E \u043F\u043E \u0441\u0441\u044B\u043B\u043A\u0435 \u2014 \u0434\u0430\u043D\u043D\u044B\u0435 \u0440\u043E\u0436\u0434\u0435\u043D\u0438\u044F \u043F\u0440\u0438\u0448\u043B\u0438 \u0432 \u0441\u0430\u043C\u043E\u0439 \u0441\u0441\u044B\u043B\u043A\u0435, \u0438 \u043A\u0430\u0440\u0442\u0430 \u0442\u043E\u043B\u044C\u043A\u043E \u0447\u0442\u043E \u0440\u0430\u0441\u0441\u0447\u0438\u0442\u0430\u043D\u0430 \u043D\u0430 \u0432\u0430\u0448\u0435\u043C \u0443\u0441\u0442\u0440\u043E\u0439\u0441\u0442\u0432\u0435.",
  howWeCompute: "\u041A\u0430\u043A \u043C\u044B \u0441\u0447\u0438\u0442\u0430\u0435\u043C",
  welcomeBack: "\u0421 \u0432\u043E\u0437\u0432\u0440\u0430\u0449\u0435\u043D\u0438\u0435\u043C.",
  savedChartAria: "\u0412\u0430\u0448\u0430 \u0441\u043E\u0445\u0440\u0430\u043D\u0451\u043D\u043D\u0430\u044F \u043A\u0430\u0440\u0442\u0430",
  todayAgainstChart: "\u0421\u0435\u0433\u043E\u0434\u043D\u044F \u043D\u0430 \u0444\u043E\u043D\u0435 \u0432\u0430\u0448\u0435\u0439 \u043A\u0430\u0440\u0442\u044B",
  yourCharts: "\u0412\u0430\u0448\u0438 \u043A\u0430\u0440\u0442\u044B",
  recommendedNext: "\u0427\u0442\u043E \u0434\u0430\u043B\u044C\u0448\u0435",
  todayForName: "\u0427\u0442\u043E \u0441\u0435\u0433\u043E\u0434\u043D\u044F \u0437\u043D\u0430\u0447\u0438\u0442 \u0434\u043B\u044F {name}",
  savedChartTodayBody: "\u0412\u0430\u0448\u0430 \u043A\u0430\u0440\u0442\u0430 \u043D\u0435 \u043C\u0435\u043D\u044F\u0435\u0442\u0441\u044F. \u0421\u0435\u0433\u043E\u0434\u043D\u044F\u0448\u043D\u0435\u0435 \u043D\u0435\u0431\u043E \u2014 \u043C\u0435\u043D\u044F\u0435\u0442\u0441\u044F: \u043D\u0430\u0447\u043D\u0438\u0442\u0435 \u0441 \u0442\u043E\u0433\u043E, \u0447\u0442\u043E \u0434\u0432\u0438\u0436\u0435\u0442\u0441\u044F \u0434\u043B\u044F \u0432\u0430\u0441 \u0441\u0435\u0439\u0447\u0430\u0441.",
  openSavedChart: "\u041E\u0442\u043A\u0440\u044B\u0442\u044C \u0441\u043E\u0445\u0440\u0430\u043D\u0451\u043D\u043D\u0443\u044E \u043A\u0430\u0440\u0442\u0443",
  moonReadingSky: "\u0427\u0438\u0442\u0430\u0435\u043C \u043D\u0435\u0431\u043E\u2026",
  illuminated: "\u043E\u0441\u0432\u0435\u0449\u0435\u043D\u043E",
  moonIn: "\u041B\u0443\u043D\u0430 \u0432:",
  findThatMoon: "\u041D\u0430\u0439\u0442\u0438 \u044D\u0442\u0443 \u041B\u0443\u043D\u0443",
  dateHelp: "\u0414\u0435\u043D\u044C \u0440\u043E\u0436\u0434\u0435\u043D\u0438\u044F, \u0433\u043E\u0434\u043E\u0432\u0449\u0438\u043D\u0430 \u2014 \u043B\u044E\u0431\u0430\u044F \u0434\u0430\u0442\u0430.",
  placeHelpMoon: "\u0423\u0442\u043E\u0447\u043D\u044F\u0435\u0442 \u043F\u0435\u0440\u0435\u0441\u0447\u0451\u0442 \u0447\u0430\u0441\u043E\u0432; \u0444\u0430\u0437\u0435 \u044D\u0442\u043E \u043F\u043E\u0447\u0442\u0438 \u043D\u0435 \u043D\u0443\u0436\u043D\u043E.",
  middayLocalCaption: "\u0421\u0447\u0438\u0442\u0430\u043D\u043E \u043D\u0430 \u043F\u043E\u043B\u0434\u0435\u043D\u044C \u043C\u0435\u0441\u0442\u043D\u043E\u0433\u043E \u0432\u0440\u0435\u043C\u0435\u043D\u0438 \u2014 \u0442\u043E\u0447\u043D\u043E\u0435 \u0432\u0440\u0435\u043C\u044F \u0441\u0443\u0442\u043E\u043A \u0437\u0430\u043A\u0440\u0435\u043F\u0438\u0442 \u0433\u0440\u0430\u0434\u0443\u0441.",
  utcTimeCaption: "\u0412\u0440\u0435\u043C\u044F \u0447\u0438\u0442\u0430\u0435\u0442\u0441\u044F \u043A\u0430\u043A \u0432\u0441\u0435\u043C\u0438\u0440\u043D\u043E\u0435 \u2014 \u0434\u043E\u0431\u0430\u0432\u044C\u0442\u0435 \u043C\u0435\u0441\u0442\u043E \u0440\u043E\u0436\u0434\u0435\u043D\u0438\u044F, \u0447\u0442\u043E\u0431\u044B \u043F\u0435\u0440\u0435\u0441\u0447\u0438\u0442\u0430\u0442\u044C \u0432\u0430\u0448\u0438 \u0447\u0430\u0441\u044B.",
  middayUtcCaption: "\u0421\u0447\u0438\u0442\u0430\u043D\u043E \u043D\u0430 \u043F\u043E\u043B\u0434\u0435\u043D\u044C \u0432\u0441\u0435\u043C\u0438\u0440\u043D\u043E\u0433\u043E \u0432\u0440\u0435\u043C\u0435\u043D\u0438 \u2014 \u0432\u0440\u0435\u043C\u044F \u0438 \u043C\u0435\u0441\u0442\u043E \u0437\u0430\u043A\u0440\u0435\u043F\u044F\u0442 \u0433\u0440\u0430\u0434\u0443\u0441 \u0442\u043E\u0447\u043D\u043E.",
  moonChangedNotice: "\u0412 \u044D\u0442\u043E\u0442 \u0434\u0435\u043D\u044C \u041B\u0443\u043D\u0430 \u0441\u043C\u0435\u043D\u0438\u043B\u0430 \u0437\u043D\u0430\u043A, \u0438 \u0431\u0435\u0437 \u0432\u0440\u0435\u043C\u0435\u043D\u0438 \u043D\u0435\u043B\u044C\u0437\u044F \u0441\u043A\u0430\u0437\u0430\u0442\u044C, \u043F\u043E \u043A\u0430\u043A\u0443\u044E \u0441\u0442\u043E\u0440\u043E\u043D\u0443 \u0433\u0440\u0430\u043D\u0438\u0446\u044B \u0432\u044B \u0440\u043E\u0434\u0438\u043B\u0438\u0441\u044C. \u0424\u0430\u0437\u0430 \u043D\u0435 \u0441\u0442\u0440\u0430\u0434\u0430\u0435\u0442 \u2014 \u043E\u043D\u0430 \u0434\u0432\u0438\u0436\u0435\u0442\u0441\u044F \u0441\u043B\u0438\u0448\u043A\u043E\u043C \u043C\u0435\u0434\u043B\u0435\u043D\u043D\u043E, \u0447\u0442\u043E\u0431\u044B \u0447\u0430\u0441\u044B \u0438\u043C\u0435\u043B\u0438 \u0437\u043D\u0430\u0447\u0435\u043D\u0438\u0435.",
  birthChartForDate: "\u041F\u043E\u0441\u0442\u0440\u043E\u0438\u0442\u044C \u043D\u0430\u0442\u0430\u043B\u044C\u043D\u0443\u044E \u043A\u0430\u0440\u0442\u0443 \u043D\u0430 \u044D\u0442\u0443 \u0434\u0430\u0442\u0443",
  natalSaturn: "\u0412\u0430\u0448 \u043D\u0430\u0442\u0430\u043B\u044C\u043D\u044B\u0439 \u0421\u0430\u0442\u0443\u0440\u043D",
  addBirthDetails: "\u0414\u043E\u0431\u0430\u0432\u0438\u0442\u044C \u0432\u0440\u0435\u043C\u044F \u0438 \u043C\u0435\u0441\u0442\u043E \u0440\u043E\u0436\u0434\u0435\u043D\u0438\u044F (\u043D\u0435\u043E\u0431\u044F\u0437\u0430\u0442\u0435\u043B\u044C\u043D\u043E)",
  findSaturnReturn: "\u041D\u0430\u0439\u0442\u0438 \u0441\u0432\u043E\u0451 \u0432\u043E\u0437\u0432\u0440\u0430\u0449\u0435\u043D\u0438\u0435 \u0421\u0430\u0442\u0443\u0440\u043D\u0430",
  returnApprox: "\u0414\u0430\u0442\u044B \u0440\u0430\u0441\u0441\u0447\u0438\u0442\u0430\u043D\u044B \u043F\u043E \u043F\u043E\u043B\u0443\u0434\u0435\u043D\u043D\u043E\u043C\u0443 \u0447\u0442\u0435\u043D\u0438\u044E \u2014 \u0441\u043E \u0432\u0440\u0435\u043C\u0435\u043D\u0435\u043C \u0438 \u043C\u0435\u0441\u0442\u043E\u043C \u0440\u043E\u0436\u0434\u0435\u043D\u0438\u044F \u043E\u043D\u0438 \u043C\u043E\u0433\u0443\u0442 \u0441\u0434\u0432\u0438\u043D\u0443\u0442\u044C\u0441\u044F \u043D\u0430 \u043D\u0435\u0441\u043A\u043E\u043B\u044C\u043A\u043E \u0434\u043D\u0435\u0439 \u0432 \u043B\u044E\u0431\u0443\u044E \u0441\u0442\u043E\u0440\u043E\u043D\u0443.",
  complete: "\u041F\u043E\u0437\u0430\u0434\u0438",
  underwayNow: "\u0418\u0434\u0451\u0442 \u0441\u0435\u0439\u0447\u0430\u0441",
  aheadOfYou: "\u0412\u043F\u0435\u0440\u0435\u0434\u0438",
  first: "\u041F\u0435\u0440\u0432\u043E\u0435",
  second: "\u0412\u0442\u043E\u0440\u043E\u0435",
  third: "\u0422\u0440\u0435\u0442\u044C\u0435",
  fourth: "\u0427\u0435\u0442\u0432\u0451\u0440\u0442\u043E\u0435",
  aroundAge29: "\u043E\u043A\u043E\u043B\u043E 29 \u043B\u0435\u0442",
  aroundAge58: "\u043E\u043A\u043E\u043B\u043E 58 \u043B\u0435\u0442",
  aroundAge88: "\u043E\u043A\u043E\u043B\u043E 88 \u043B\u0435\u0442",
  retrogradePass: "\u0440\u0435\u0442\u0440\u043E\u0433\u0440\u0430\u0434\u043D\u044B\u0439 \u043F\u0440\u043E\u0445\u043E\u0434",
  threePasses: "\u0422\u0440\u0438 \u0442\u043E\u0447\u043D\u044B\u0445 \u043F\u0440\u043E\u0445\u043E\u0434\u0430: \u0421\u0430\u0442\u0443\u0440\u043D \u043F\u0435\u0440\u0435\u0441\u0435\u043A\u0430\u0435\u0442 \u0432\u0430\u0448 \u0433\u0440\u0430\u0434\u0443\u0441, \u0432\u043E\u0437\u0432\u0440\u0430\u0449\u0430\u0435\u0442\u0441\u044F \u043F\u043E \u043D\u0435\u043C\u0443 \u0440\u0435\u0442\u0440\u043E\u0433\u0440\u0430\u0434\u043D\u043E \u0438 \u0437\u0430\u043A\u0440\u0435\u043F\u043B\u044F\u0435\u0442 \u043D\u0430 \u0432\u044B\u0445\u043E\u0434\u0435. \u0412\u043E\u0437\u0432\u0440\u0430\u0449\u0435\u043D\u0438\u0435 \u2014 \u0432\u0435\u0441\u044C \u044D\u0442\u043E\u0442 \u043E\u0442\u0440\u0435\u0437\u043E\u043A.",
  seeSaturnChart: "\u0421\u0430\u0442\u0443\u0440\u043D \u0432 \u0432\u0430\u0448\u0435\u0439 \u043D\u0430\u0442\u0430\u043B\u044C\u043D\u043E\u0439 \u043A\u0430\u0440\u0442\u0435",
  whatSaturnMeans: "\u0427\u0442\u043E \u0437\u043D\u0430\u0447\u0438\u0442 \u0421\u0430\u0442\u0443\u0440\u043D",
  yourChart: "\u0412\u0430\u0448\u0430 \u043A\u0430\u0440\u0442\u0430",
  theSky: "\u041D\u0435\u0431\u043E",
  transitRingLede: "\u041F\u043E\u0441\u0442\u0440\u043E\u0439\u0442\u0435 \u043A\u0430\u0440\u0442\u0443, \u0437\u0430\u0442\u0435\u043C \u0434\u0432\u0438\u0433\u0430\u0439\u0442\u0435 \u043F\u043E\u043B\u0437\u0443\u043D\u043E\u043A \u0438 \u0441\u043C\u043E\u0442\u0440\u0438\u0442\u0435, \u043A\u0430\u043A \u043F\u043B\u0430\u043D\u0435\u0442\u044B \u0438\u0434\u0443\u0442 \u043F\u043E \u043D\u0435\u0439 \u2014 \u0432\u043F\u0435\u0440\u0451\u0434 \u0438\u043B\u0438 \u043D\u0430\u0437\u0430\u0434, \u0434\u043E \u0433\u043E\u0434\u0430.",
  checkTransits: "\u041F\u0440\u043E\u0432\u0435\u0440\u0438\u0442\u044C \u0441\u0432\u043E\u0438 \u0442\u0440\u0430\u043D\u0437\u0438\u0442\u044B",
  savedChartHelp: "\u0420\u0430\u0441\u0441\u0447\u0438\u0442\u0430\u043D\u043D\u044B\u0435 \u0438 \u0441\u043E\u0445\u0440\u0430\u043D\u0451\u043D\u043D\u044B\u0435 \u043A\u0430\u0440\u0442\u044B \u043F\u043E\u044F\u0432\u043B\u044F\u044E\u0442\u0441\u044F \u0437\u0434\u0435\u0441\u044C \u0432 \u043E\u0434\u0438\u043D \u0442\u0430\u043F \u2014 \u0441\u043B\u0435\u0434\u0443\u044E\u0449\u0430\u044F \u043F\u0440\u043E\u0432\u0435\u0440\u043A\u0430 \u043E\u0431\u043E\u0439\u0434\u0451\u0442\u0441\u044F \u0431\u0435\u0437 \u0432\u0432\u043E\u0434\u0430.",
  noTransitTimeNotice: "\u0423 \u044D\u0442\u043E\u0439 \u043A\u0430\u0440\u0442\u044B \u043D\u0435\u0442 \u0432\u0440\u0435\u043C\u0435\u043D\u0438 \u0440\u043E\u0436\u0434\u0435\u043D\u0438\u044F, \u0442\u0430\u043A \u0447\u0442\u043E \u0435\u0451 \u041B\u0443\u043D\u0430 \u2014 \u043F\u043E\u043B\u0443\u0434\u0435\u043D\u043D\u0430\u044F \u043E\u0446\u0435\u043D\u043A\u0430: \u043E\u043D\u0430 \u043C\u043E\u0436\u0435\u0442 \u043E\u0442\u0441\u0442\u043E\u044F\u0442\u044C \u0434\u043E \u0448\u0435\u0441\u0442\u0438 \u0433\u0440\u0430\u0434\u0443\u0441\u043E\u0432, \u0438 \u0442\u0440\u0430\u043D\u0437\u0438\u0442 \u043A \u041B\u0443\u043D\u0435 \u0443 \u043A\u0440\u0430\u044F \u043E\u0440\u0431\u0438\u0441\u0430 \u043C\u043E\u0436\u0435\u0442 \u043F\u043E\u044F\u0432\u0438\u0442\u044C\u0441\u044F \u0438\u043B\u0438 \u0438\u0441\u0447\u0435\u0437\u043D\u0443\u0442\u044C \u0441 \u043D\u0430\u0441\u0442\u043E\u044F\u0449\u0438\u043C \u0432\u0440\u0435\u043C\u0435\u043D\u0435\u043C.",
  skyAt: "\u041D\u0435\u0431\u043E \u043D\u0430",
  noTransitsWithin: "\u041D\u0435\u0442 \u0442\u0440\u0430\u043D\u0437\u0438\u0442\u043E\u0432 \u0432 \u043F\u0440\u0435\u0434\u0435\u043B\u0430\u0445",
  activeTransitsWithin: "\u0430\u043A\u0442\u0438\u0432\u043D\u044B\u0445 \u0442\u0440\u0430\u043D\u0437\u0438\u0442\u043E\u0432 \u0432 \u043F\u0440\u0435\u0434\u0435\u043B\u0430\u0445",
  activeTransitWithin: "\u0430\u043A\u0442\u0438\u0432\u043D\u044B\u0439 \u0442\u0440\u0430\u043D\u0437\u0438\u0442 \u0432 \u043F\u0440\u0435\u0434\u0435\u043B\u0430\u0445",
  ofExact: "\u043E\u0442 \u0442\u043E\u0447\u043D\u043E\u0433\u043E",
  transitMoonOmitted: "\u0442\u0440\u0430\u043D\u0437\u0438\u0442\u043D\u0430\u044F \u041B\u0443\u043D\u0430 \u043D\u0435 \u043F\u043E\u043A\u0430\u0437\u0430\u043D\u0430 \u2014 \u043E\u043D\u0430 \u043F\u0440\u043E\u0445\u043E\u0434\u0438\u0442 \u0432\u0441\u044E \u043A\u0430\u0440\u0442\u0443 \u0437\u0430 \u043C\u0435\u0441\u044F\u0446",
  quietSky: "\u0422\u0438\u0445\u043E\u0435 \u043D\u0435\u0431\u043E \u043F\u043E \u0441\u0442\u0440\u043E\u0433\u043E\u043C\u0443 \u043E\u0440\u0431\u0438\u0441\u0443 \u044D\u0442\u043E\u0439 \u0441\u0442\u0440\u0430\u043D\u0438\u0446\u044B. \u041D\u0438\u0447\u0435\u0433\u043E \u0441\u0440\u043E\u0447\u043D\u043E\u0433\u043E \u2014 \u0437\u0430\u0433\u043B\u044F\u043D\u0438\u0442\u0435 \u0447\u0435\u0440\u0435\u0437 \u043F\u0430\u0440\u0443 \u0434\u043D\u0435\u0439 \u0438\u043B\u0438 \u0440\u0430\u0441\u0448\u0438\u0440\u044C\u0442\u0435 \u0447\u0442\u0435\u043D\u0438\u0435 \u0434\u043E \u0441\u043E\u0431\u044B\u0442\u0438\u0439 \u043C\u0435\u0441\u044F\u0446\u0430 \u043D\u0438\u0436\u0435.",
  natal: "\u041D\u0430\u0442\u0430\u043B\u044C\u043D\u044B\u0439",
  forYourChart: "\u0414\u043B\u044F \u0432\u0430\u0448\u0435\u0439 \u043A\u0430\u0440\u0442\u044B",
  orb: "\u043E\u0440\u0431\u0438\u0441",
  openDailyBrief: "\u041E\u0442\u043A\u0440\u044B\u0442\u044C \u043F\u043E\u043B\u043D\u044B\u0439 \u0432\u044B\u043F\u0443\u0441\u043A \u043D\u0430 \u0441\u0435\u0433\u043E\u0434\u043D\u044F \u2014 \u043F\u043E\u043A\u0430 \u043F\u043E-\u0430\u043D\u0433\u043B\u0438\u0439\u0441\u043A\u0438",
  allTransits: "\u0412\u0441\u0435 \u0432\u0430\u0448\u0438 \u0442\u0440\u0430\u043D\u0437\u0438\u0442\u044B",
  personA: "\u0427\u0435\u043B\u043E\u0432\u0435\u043A A",
  personB: "\u0427\u0435\u043B\u043E\u0432\u0435\u043A B",
  sharedChart: "\u041F\u0440\u0438\u0441\u043B\u0430\u043D\u043D\u0430\u044F \u043A\u0430\u0440\u0442\u0430",
  sharedWithYou: "\u0432\u0430\u043C \u043F\u043E\u0434\u0435\u043B\u0438\u043B\u0438\u0441\u044C",
  removeSharedChart: "\u0423\u0431\u0440\u0430\u0442\u044C \u043F\u0440\u0438\u0441\u043B\u0430\u043D\u043D\u0443\u044E \u043A\u0430\u0440\u0442\u0443",
  sharedSideHelp: "\u042D\u0442\u0430 \u0441\u0442\u043E\u0440\u043E\u043D\u0430 \u043F\u0440\u0438\u0448\u043B\u0430 \u0432 \u0441\u0441\u044B\u043B\u043A\u0435 \u2014 \u043E\u0447\u0438\u0441\u0442\u0438\u0442\u0435 \u0435\u0451, \u0447\u0442\u043E\u0431\u044B \u0432\u0432\u0435\u0441\u0442\u0438 \u0434\u0440\u0443\u0433\u043E\u0433\u043E \u0447\u0435\u043B\u043E\u0432\u0435\u043A\u0430.",
  name: "\u0418\u043C\u044F",
  compareCharts: "\u0421\u0440\u0430\u0432\u043D\u0438\u0442\u044C \u043A\u0430\u0440\u0442\u044B",
  sameChart: "\u042D\u0442\u043E \u043E\u0434\u043D\u0430 \u0438 \u0442\u0430 \u0436\u0435 \u043A\u0430\u0440\u0442\u0430 \u0434\u0432\u0430\u0436\u0434\u044B \u2014 \u0432\u044B\u0431\u0435\u0440\u0438\u0442\u0435 \u0434\u0432\u0435 \u0440\u0430\u0437\u043D\u044B\u0435.",
  compareSavedHelp: "\u0420\u0430\u0441\u0441\u0447\u0438\u0442\u0430\u043D\u043D\u044B\u0435 \u0438 \u0441\u043E\u0445\u0440\u0430\u043D\u0451\u043D\u043D\u044B\u0435 \u043A\u0430\u0440\u0442\u044B \u043F\u043E\u044F\u0432\u043B\u044F\u044E\u0442\u0441\u044F \u0437\u0434\u0435\u0441\u044C \u0432 \u043E\u0434\u0438\u043D \u0442\u0430\u043F \u2014 \u0432\u0442\u043E\u0440\u043E\u0435 \u0441\u0440\u0430\u0432\u043D\u0435\u043D\u0438\u0435 \u0431\u044B\u0441\u0442\u0440\u0435\u0435 \u043F\u0435\u0440\u0432\u043E\u0433\u043E.",
  compareNoTimeNotice: "\u041D\u0435\u0442 \u0432\u0440\u0435\u043C\u0435\u043D\u0438 \u0440\u043E\u0436\u0434\u0435\u043D\u0438\u044F \u0443",
  moonMiddayEstimate: "\u043F\u043E\u044D\u0442\u043E\u043C\u0443 \u044D\u0442\u0430 \u041B\u0443\u043D\u0430 \u2014 \u043F\u043E\u043B\u0443\u0434\u0435\u043D\u043D\u0430\u044F \u043E\u0446\u0435\u043D\u043A\u0430: \u043E\u043D\u0430 \u043C\u043E\u0436\u0435\u0442 \u043E\u0442\u0441\u0442\u043E\u044F\u0442\u044C \u0434\u043E \u0448\u0435\u0441\u0442\u0438 \u0433\u0440\u0430\u0434\u0443\u0441\u043E\u0432, \u0438 \u043B\u0443\u043D\u043D\u044B\u0439 \u0430\u0441\u043F\u0435\u043A\u0442 \u0443 \u043A\u0440\u0430\u044F \u043E\u0440\u0431\u0438\u0441\u0430 \u043C\u043E\u0436\u0435\u0442 \u043F\u043E\u044F\u0432\u0438\u0442\u044C\u0441\u044F \u0438\u043B\u0438 \u0438\u0441\u0447\u0435\u0437\u043D\u0443\u0442\u044C \u0441 \u043D\u0430\u0441\u0442\u043E\u044F\u0449\u0438\u043C \u0432\u0440\u0435\u043C\u0435\u043D\u0435\u043C.",
  crossChartAspects: "\u043C\u0435\u0436\u043A\u0430\u0440\u0442\u043D\u044B\u0445 \u0430\u0441\u043F\u0435\u043A\u0442\u043E\u0432",
  easeful: "\u043B\u0451\u0433\u043A\u0438\u0435",
  charged: "\u043D\u0430\u043F\u0440\u044F\u0436\u0451\u043D\u043D\u044B\u0435",
  readPairing: "\u0427\u0438\u0442\u0430\u0442\u044C \u043F\u0430\u0440\u0443",
  inviteCompare: "\u041F\u0440\u0438\u0433\u043B\u0430\u0441\u0438\u0442\u044C \u043D\u0430 \u0441\u0440\u0430\u0432\u043D\u0435\u043D\u0438\u0435",
  inviteLink: "\u0421\u0441\u044B\u043B\u043A\u0430-\u043F\u0440\u0438\u0433\u043B\u0430\u0448\u0435\u043D\u0438\u0435",
  inviteNote: "\u0421\u0441\u044B\u043B\u043A\u0430 \u0441\u043E\u0434\u0435\u0440\u0436\u0438\u0442 \u0434\u0430\u043D\u043D\u044B\u0435 \u0440\u043E\u0436\u0434\u0435\u043D\u0438\u044F \u044D\u0442\u043E\u0433\u043E \u0447\u0435\u043B\u043E\u0432\u0435\u043A\u0430 \u0438 \u043E\u0442\u043A\u0440\u044B\u0432\u0430\u0435\u0442 \u0441\u0442\u0440\u0430\u043D\u0438\u0446\u0443 \u0441 \u0437\u0430\u043F\u043E\u043B\u043D\u0435\u043D\u043D\u043E\u0439 \u0441\u0442\u043E\u0440\u043E\u043D\u043E\u0439 \u2014 \u043D\u0430\u043C \u043D\u0438\u0447\u0435\u0433\u043E \u043D\u0435 \u043E\u0442\u043F\u0440\u0430\u0432\u043B\u044F\u0435\u0442\u0441\u044F. \u0415\u0441\u043B\u0438 \u044D\u0442\u043E \u043D\u0435 \u0432\u044B, \u0441\u0442\u043E\u0438\u0442 \u0441\u043F\u0440\u043E\u0441\u0438\u0442\u044C \u0435\u0433\u043E \u0441\u043E\u0433\u043B\u0430\u0441\u0438\u044F.",
  inviteCopied: "\u0421\u0441\u044B\u043B\u043A\u0430-\u043F\u0440\u0438\u0433\u043B\u0430\u0448\u0435\u043D\u0438\u0435 \u0441\u043A\u043E\u043F\u0438\u0440\u043E\u0432\u0430\u043D\u0430 \u0432 \u0431\u0443\u0444\u0435\u0440 \u043E\u0431\u043C\u0435\u043D\u0430.",
  syncOn: "\u0421\u0438\u043D\u0445\u0440\u043E\u043D\u0438\u0437\u0430\u0446\u0438\u044F \u0432\u043A\u043B\u044E\u0447\u0435\u043D\u0430",
  keepEveryDevice: "\u041A\u0430\u0440\u0442\u044B \u043D\u0430 \u0432\u0441\u0435\u0445 \u0443\u0441\u0442\u0440\u043E\u0439\u0441\u0442\u0432\u0430\u0445",
  signedIn: "\u0412\u0445\u043E\u0434 \u0432\u044B\u043F\u043E\u043B\u043D\u0435\u043D",
  syncCopyOn: "\u0421\u043E\u0445\u0440\u0430\u043D\u0451\u043D\u043D\u044B\u0435 \u043A\u0430\u0440\u0442\u044B \u0438 \u0443\u0434\u0430\u043B\u0435\u043D\u0438\u044F \u0441\u0438\u043D\u0445\u0440\u043E\u043D\u0438\u0437\u0438\u0440\u0443\u044E\u0442\u0441\u044F \u043C\u0435\u0436\u0434\u0443 \u0443\u0441\u0442\u0440\u043E\u0439\u0441\u0442\u0432\u0430\u043C\u0438.",
  syncCopyOff: "\u0421\u043E\u0445\u0440\u0430\u043D\u044F\u0439\u0442\u0435 \u043A\u0430\u0440\u0442\u044B \u043D\u0430 \u044D\u0442\u043E\u043C \u0443\u0441\u0442\u0440\u043E\u0439\u0441\u0442\u0432\u0435. \u0412\u043E\u0439\u0434\u0438\u0442\u0435, \u043A\u043E\u0433\u0434\u0430 \u0437\u0430\u0445\u043E\u0442\u0438\u0442\u0435 \u0432\u0438\u0434\u0435\u0442\u044C \u0438\u0445 \u0432\u0435\u0437\u0434\u0435.",
  weeklyDigestTitle: "\u0415\u0436\u0435\u043D\u0435\u0434\u0435\u043B\u044C\u043D\u043E\u0435 \u043F\u0438\u0441\u044C\u043C\u043E \u043E \u043D\u0435\u0431\u0435",
  weeklyDigestCopy: "\u041E\u0434\u043D\u043E \u043F\u0438\u0441\u044C\u043C\u043E \u0432 \u043D\u0435\u0434\u0435\u043B\u044E: \u043D\u0435\u0431\u043E \u043D\u0430 \u0444\u043E\u043D\u0435 \u0432\u0430\u0448\u0438\u0445 \u0441\u043E\u0445\u0440\u0430\u043D\u0451\u043D\u043D\u044B\u0445 \u043A\u0430\u0440\u0442. \u041E\u0442\u043F\u0438\u0441\u0430\u0442\u044C\u0441\u044F \u043C\u043E\u0436\u043D\u043E \u0432 \u043B\u044E\u0431\u043E\u0439 \u043C\u043E\u043C\u0435\u043D\u0442.",
  weeklyDigestAria: "\u041F\u043E\u0434\u043F\u0438\u0441\u043A\u0430 \u043D\u0430 \u0435\u0436\u0435\u043D\u0435\u0434\u0435\u043B\u044C\u043D\u044B\u0439 \u0434\u0430\u0439\u0434\u0436\u0435\u0441\u0442",
  digestSaved: "\u041D\u0430\u0441\u0442\u0440\u043E\u0439\u043A\u0430 \u0434\u0430\u0439\u0434\u0436\u0435\u0441\u0442\u0430 \u0441\u043E\u0445\u0440\u0430\u043D\u0435\u043D\u0430.",
  digestFailed: "\u041D\u0435 \u0443\u0434\u0430\u043B\u043E\u0441\u044C \u043E\u0431\u043D\u043E\u0432\u0438\u0442\u044C \u043D\u0430\u0441\u0442\u0440\u043E\u0439\u043A\u0443 \u0434\u0430\u0439\u0434\u0436\u0435\u0441\u0442\u0430. \u041F\u043E\u043F\u0440\u043E\u0431\u0443\u0439\u0442\u0435 \u0435\u0449\u0451 \u0440\u0430\u0437.",
  checkEmail: "\u041F\u0440\u043E\u0432\u0435\u0440\u044C\u0442\u0435 \u043F\u043E\u0447\u0442\u0443 \u2014 \u0442\u0430\u043C \u0441\u0441\u044B\u043B\u043A\u0430 \u0434\u043B\u044F \u0432\u0445\u043E\u0434\u0430. \u0421\u0442\u0440\u0430\u043D\u0438\u0446\u0430 \u0441\u0438\u043D\u0445\u0440\u043E\u043D\u0438\u0437\u0438\u0440\u0443\u0435\u0442\u0441\u044F \u043F\u043E\u0441\u043B\u0435 \u0432\u043E\u0437\u0432\u0440\u0430\u0449\u0435\u043D\u0438\u044F.",
  syncFailed: "\u0421\u0438\u043D\u0445\u0440\u043E\u043D\u0438\u0437\u0430\u0446\u0438\u044F \u043D\u0435 \u0443\u0434\u0430\u043B\u0430\u0441\u044C. \u041F\u043E\u043F\u0440\u043E\u0431\u0443\u0439\u0442\u0435 \u0435\u0449\u0451 \u0440\u0430\u0437.",
  syncing: "\u0421\u0438\u043D\u0445\u0440\u043E\u043D\u0438\u0437\u0438\u0440\u0443\u0435\u043C\u2026",
  synced: "\u0421\u0438\u043D\u0445\u0440\u043E\u043D\u0438\u0437\u0438\u0440\u043E\u0432\u0430\u043D\u043E",
  syncNow: "\u0421\u0438\u043D\u0445\u0440\u043E\u043D\u0438\u0437\u0438\u0440\u043E\u0432\u0430\u0442\u044C",
  signOut: "\u0412\u044B\u0439\u0442\u0438",
  emailSyncAria: "\u041F\u043E\u0447\u0442\u0430 \u0434\u043B\u044F \u0441\u0438\u043D\u0445\u0440\u043E\u043D\u0438\u0437\u0430\u0446\u0438\u0438 \u043F\u0440\u043E\u0444\u0438\u043B\u044F",
  sending: "\u041E\u0442\u043F\u0440\u0430\u0432\u043B\u044F\u0435\u043C\u2026",
  sendSignIn: "\u041E\u0442\u043F\u0440\u0430\u0432\u0438\u0442\u044C \u0441\u0441\u044B\u043B\u043A\u0443 \u0434\u043B\u044F \u0432\u0445\u043E\u0434\u0430",
  nothingSaved: "\u041F\u043E\u043A\u0430 \u043D\u0438\u0447\u0435\u0433\u043E \u043D\u0435 \u0441\u043E\u0445\u0440\u0430\u043D\u0435\u043D\u043E.",
  emptyProfile: "\u0421\u043E\u0445\u0440\u0430\u043D\u0451\u043D\u043D\u044B\u0435 \u043A\u0430\u0440\u0442\u044B \u0431\u0443\u0434\u0443\u0442 \u0436\u0438\u0442\u044C \u0437\u0434\u0435\u0441\u044C, \u0441\u043D\u0430\u0447\u0430\u043B\u0430 \u043D\u0430 \u0432\u0430\u0448\u0435\u043C \u0443\u0441\u0442\u0440\u043E\u0439\u0441\u0442\u0432\u0435. \u0420\u0430\u0441\u0441\u0447\u0438\u0442\u0430\u0439\u0442\u0435 \u043A\u0430\u0440\u0442\u0443 \u0438 \u043D\u0430\u0436\u043C\u0438\u0442\u0435 \xAB\u0421\u043E\u0445\u0440\u0430\u043D\u0438\u0442\u044C \u044D\u0442\u0443 \u043A\u0430\u0440\u0442\u0443\xBB.",
  saved: "\u0441\u043E\u0445\u0440\u0430\u043D\u0435\u043D\u043E",
  chartSingular: "\u043A\u0430\u0440\u0442\u0430",
  chartPlural: "\u043A\u0430\u0440\u0442\u044B",
  savedChartSingular: "\u0441\u043E\u0445\u0440\u0430\u043D\u0451\u043D\u043D\u0430\u044F \u043A\u0430\u0440\u0442\u0430",
  savedChartPlural: "\u0441\u043E\u0445\u0440\u0430\u043D\u0451\u043D\u043D\u044B\u0435 \u043A\u0430\u0440\u0442\u044B",
  syncedWhenSignedIn: "\u0441\u0438\u043D\u0445\u0440\u043E\u043D\u0438\u0437\u0438\u0440\u0443\u044E\u0442\u0441\u044F \u043F\u043E\u0441\u043B\u0435 \u0432\u0445\u043E\u0434\u0430",
  storedBrowser: "\u0445\u0440\u0430\u043D\u044F\u0442\u0441\u044F \u0432 \u044D\u0442\u043E\u043C \u0431\u0440\u0430\u0443\u0437\u0435\u0440\u0435",
  chartName: "\u041D\u0430\u0437\u0432\u0430\u043D\u0438\u0435 \u043A\u0430\u0440\u0442\u044B",
  timeUnknown: "\u0432\u0440\u0435\u043C\u044F \u043D\u0435\u0438\u0437\u0432\u0435\u0441\u0442\u043D\u043E",
  needsTime: "\u043D\u0443\u0436\u043D\u043E \u0432\u0440\u0435\u043C\u044F",
  compareThese: "\u0421\u0440\u0430\u0432\u043D\u0438\u0442\u044C \u044D\u0442\u0438 \u0434\u0432\u0435 \u043A\u0430\u0440\u0442\u044B",
  addAnotherChart: "\u0414\u043E\u0431\u0430\u0432\u0438\u0442\u044C \u0435\u0449\u0451 \u043A\u0430\u0440\u0442\u0443",
  footerWidgets: "\u0412\u0438\u0434\u0436\u0435\u0442\u044B",
  footerDisclosure: "\u0420\u0430\u0441\u043A\u0440\u044B\u0442\u0438\u0435 \u0438\u043D\u0444\u043E\u0440\u043C\u0430\u0446\u0438\u0438",
  emailCaptureKicker: "\u0411\u0435\u0441\u043F\u043B\u0430\u0442\u043D\u044B\u0439 \u0435\u0436\u0435\u043D\u0435\u0434\u0435\u043B\u044C\u043D\u044B\u0439 \u043F\u0440\u043E\u0433\u043D\u043E\u0437",
  emailCaptureTitle: "\u0412\u0430\u0448\u0430 \u043D\u0435\u0434\u0435\u043B\u044F \u0432\u043F\u0435\u0440\u0435\u0434\u0438.",
  emailCapturePersonalTitle: "\u0412\u0430\u0448\u0430 \u043D\u0435\u0434\u0435\u043B\u044F {sign} \u0432\u043F\u0435\u0440\u0435\u0434\u0438.",
  emailCaptureCopy: "\u0415\u0436\u0435\u043D\u0435\u0434\u0435\u043B\u044C\u043D\u044B\u0439 \u043F\u0440\u043E\u0433\u043D\u043E\u0437 \u0434\u043B\u044F \u0432\u0430\u0448\u0435\u0433\u043E \u0437\u043D\u0430\u043A\u0430. \u0411\u0435\u0441\u043F\u043B\u0430\u0442\u043D\u043E, \u043E\u0442\u043F\u0438\u0441\u043A\u0430 \u0432 \u043B\u044E\u0431\u043E\u0439 \u043C\u043E\u043C\u0435\u043D\u0442.",
  emailCaptureEmailLabel: "\u0410\u0434\u0440\u0435\u0441 \u043F\u043E\u0447\u0442\u044B",
  emailCaptureEmailPlaceholder: "you@example.com",
  emailCaptureSignLegend: "\u0412\u0430\u0448 \u0441\u043E\u043B\u043D\u0435\u0447\u043D\u044B\u0439 \u0437\u043D\u0430\u043A (\u043D\u0435\u043E\u0431\u044F\u0437\u0430\u0442\u0435\u043B\u044C\u043D\u043E)",
  emailCaptureNoSign: "\u0411\u0435\u0437 \u0437\u043D\u0430\u043A\u0430",
  emailCaptureUsingSign: "\u0412\u0430\u0448 \u0441\u043E\u043B\u043D\u0435\u0447\u043D\u044B\u0439 \u0437\u043D\u0430\u043A: {sign}",
  emailCaptureChangeSign: "\u0418\u0437\u043C\u0435\u043D\u0438\u0442\u044C",
  emailCaptureSubmit: "\u041F\u0440\u0438\u0441\u043B\u0430\u0442\u044C \u043C\u043E\u044E \u043D\u0435\u0434\u0435\u043B\u044E",
  emailCaptureSubmitting: "\u041F\u043E\u0434\u043A\u043B\u044E\u0447\u0430\u0435\u043C\u2026",
  emailCaptureSuccess: "\u041F\u0440\u043E\u0432\u0435\u0440\u044C\u0442\u0435 \u043F\u043E\u0447\u0442\u0443, \u0447\u0442\u043E\u0431\u044B \u043F\u043E\u0434\u0442\u0432\u0435\u0440\u0434\u0438\u0442\u044C \u043F\u043E\u0434\u043F\u0438\u0441\u043A\u0443.",
  emailCaptureErrorTitle: "\u041F\u043E\u0434\u043F\u0438\u0441\u043A\u0430 \u043D\u0435\u0434\u043E\u0441\u0442\u0443\u043F\u043D\u0430",
  emailCaptureError: "\u041D\u0435 \u0443\u0434\u0430\u043B\u043E\u0441\u044C \u043E\u0444\u043E\u0440\u043C\u0438\u0442\u044C \u043F\u043E\u0434\u043F\u0438\u0441\u043A\u0443. \u041F\u043E\u043F\u0440\u043E\u0431\u0443\u0439\u0442\u0435 \u0435\u0449\u0451 \u0440\u0430\u0437.",
  emailCapturePrivacy: "\u041C\u044B \u0445\u0440\u0430\u043D\u0438\u043C \u0432\u0430\u0448\u0443 \u043F\u043E\u0447\u0442\u0443 \u0442\u043E\u043B\u044C\u043A\u043E \u0441 \u0432\u044B\u0431\u0440\u0430\u043D\u043D\u044B\u043C \u0437\u043D\u0430\u043A\u043E\u043C \u2014 \u0438 \u043D\u0438\u043A\u043E\u0433\u0434\u0430 \u0434\u0430\u043D\u043D\u044B\u0435 \u0440\u043E\u0436\u0434\u0435\u043D\u0438\u044F.",
  emailCaptureHoneypot: "\u041E\u0441\u0442\u0430\u0432\u044C\u0442\u0435 \u044D\u0442\u043E \u043F\u043E\u043B\u0435 \u043F\u0443\u0441\u0442\u044B\u043C",
  emailPendingTitle: "\u041F\u0440\u043E\u0432\u0435\u0440\u044C\u0442\u0435 \u043F\u043E\u0447\u0442\u0443.",
  emailPendingBody: "\u041F\u0435\u0440\u0435\u0439\u0434\u0438\u0442\u0435 \u043F\u043E \u0441\u0441\u044B\u043B\u043A\u0435 \u043F\u043E\u0434\u0442\u0432\u0435\u0440\u0436\u0434\u0435\u043D\u0438\u044F \u0438\u0437 \u043F\u0438\u0441\u044C\u043C\u0430 \u2014 \u043F\u043E\u0434\u043F\u0438\u0441\u043A\u0430 \u043D\u0430\u0447\u043D\u0451\u0442\u0441\u044F \u043F\u043E\u0441\u043B\u0435 \u044D\u0442\u043E\u0433\u043E.",
  emailConfirmSubject: "\u041F\u043E\u0434\u0442\u0432\u0435\u0440\u0434\u0438\u0442\u0435 \u043F\u043E\u0434\u043F\u0438\u0441\u043A\u0443 \u043D\u0430 Zodiacs.org",
  emailConfirmMessage: "\u041F\u043E\u0434\u0442\u0432\u0435\u0440\u0434\u0438\u0442\u0435, \u0447\u0442\u043E \u0445\u043E\u0442\u0438\u0442\u0435 \u043F\u043E\u043B\u0443\u0447\u0430\u0442\u044C \u043F\u0438\u0441\u044C\u043C\u0430 Zodiacs.org:",
  emailConfirmIgnore: "\u0421\u0441\u044B\u043B\u043A\u0430 \u0434\u0435\u0439\u0441\u0442\u0432\u0443\u0435\u0442 48 \u0447\u0430\u0441\u043E\u0432. \u0415\u0441\u043B\u0438 \u0432\u044B \u043D\u0438\u0447\u0435\u0433\u043E \u043D\u0435 \u0437\u0430\u043F\u0440\u0430\u0448\u0438\u0432\u0430\u043B\u0438, \u043F\u0440\u043E\u0441\u0442\u043E \u043F\u0440\u043E\u0438\u0433\u043D\u043E\u0440\u0438\u0440\u0443\u0439\u0442\u0435 \u043F\u0438\u0441\u044C\u043C\u043E \u2014 \u043D\u0438\u0447\u0435\u0433\u043E \u043F\u043E\u0434\u043F\u0438\u0441\u0430\u043D\u043E \u043D\u0435 \u0431\u0443\u0434\u0435\u0442.",
  emailConfirmTitle: "\u041F\u043E\u0441\u043B\u0435\u0434\u043D\u044F\u044F \u043F\u0440\u043E\u0432\u0435\u0440\u043A\u0430.",
  emailConfirmBody: "\u041F\u043E\u0434\u0442\u0432\u0435\u0440\u0434\u0438\u0442\u0435 \u043F\u043E\u0434\u043F\u0438\u0441\u043A\u0443, \u0447\u0442\u043E\u0431\u044B \u043E\u043D\u0430 \u043D\u0430\u0447\u0430\u043B\u0430\u0441\u044C. \u0414\u043E \u044D\u0442\u043E\u0433\u043E \u043D\u0438\u0447\u0435\u0433\u043E \u043D\u0435 \u0430\u043A\u0442\u0438\u0432\u043D\u043E.",
  emailConfirmAction: "\u041F\u043E\u0434\u0442\u0432\u0435\u0440\u0434\u0438\u0442\u044C \u043F\u043E\u0434\u043F\u0438\u0441\u043A\u0443",
  emailConfirmedTitle: "\u041F\u043E\u0434\u043F\u0438\u0441\u043A\u0430 \u043F\u043E\u0434\u0442\u0432\u0435\u0440\u0436\u0434\u0435\u043D\u0430.",
  emailConfirmedBody: "\u041A\u0430\u0436\u0434\u043E\u0435 \u043F\u0438\u0441\u044C\u043C\u043E \u0441\u043E\u0434\u0435\u0440\u0436\u0438\u0442 \u0441\u0441\u044B\u043B\u043A\u0443 \u0434\u043B\u044F \u043E\u0442\u043F\u0438\u0441\u043A\u0438.",
  emailConfirmInvalidTitle: "\u0421\u0441\u044B\u043B\u043A\u0430 \u043D\u0435\u0434\u0435\u0439\u0441\u0442\u0432\u0438\u0442\u0435\u043B\u044C\u043D\u0430.",
  emailConfirmInvalidBody: "\u041E\u043D\u0430 \u043C\u043E\u0433\u043B\u0430 \u0438\u0441\u0442\u0435\u0447\u044C \u2014 \u0441\u0441\u044B\u043B\u043A\u0438 \u0434\u0435\u0439\u0441\u0442\u0432\u0443\u044E\u0442 48 \u0447\u0430\u0441\u043E\u0432 \u2014 \u0438\u043B\u0438 \u0443\u0436\u0435 \u0431\u044B\u0442\u044C \u0438\u0441\u043F\u043E\u043B\u044C\u0437\u043E\u0432\u0430\u043D\u043D\u043E\u0439. \u0417\u0430\u043F\u0440\u043E\u0441\u0438\u0442\u0435 \u043D\u043E\u0432\u0443\u044E \u0432 \u043B\u044E\u0431\u043E\u0439 \u0444\u043E\u0440\u043C\u0435 \u043F\u043E\u0434\u043F\u0438\u0441\u043A\u0438 \u043D\u0430 \u0441\u0430\u0439\u0442\u0435.",
  emailReturnHome: "\u0412\u0435\u0440\u043D\u0443\u0442\u044C\u0441\u044F \u043D\u0430 Zodiacs.org"
};
var ru_default = ru;

// catalog-probe.ts
var import_strict = __toESM(require("node:assert/strict"));
var catalogs = { en: en_default, es: es_default, fr: fr_default, it: it_default, pt: pt_default, ru: ru_default };
var result = Object.entries(catalogs).map(([locale, messages]) => {
  import_strict.default.equal(Object.keys(messages).length, 420);
  import_strict.default.equal(typeof messages.moonUnverifiedNotice, "string");
  return { locale, keys: Object.keys(messages).length, notice: messages.moonUnverifiedNotice };
});
console.log(JSON.stringify(result, null, 2));
