var __create = Object.create;
var __defProp = Object.defineProperty;
var __getOwnPropDesc = Object.getOwnPropertyDescriptor;
var __getOwnPropNames = Object.getOwnPropertyNames;
var __getProtoOf = Object.getPrototypeOf;
var __hasOwnProp = Object.prototype.hasOwnProperty;
var __esm = (fn, res, err) => function __init() {
  if (err) throw err[0];
  try {
    return fn && (res = (0, fn[__getOwnPropNames(fn)[0]])(fn = 0)), res;
  } catch (e3) {
    throw err = [e3], e3;
  }
};
var __export = (target, all) => {
  for (var name in all)
    __defProp(target, name, { get: all[name], enumerable: true });
};
var __copyProps = (to, from, except, desc) => {
  if (from && typeof from === "object" || typeof from === "function") {
    for (let key of __getOwnPropNames(from))
      if (!__hasOwnProp.call(to, key) && key !== except)
        __defProp(to, key, { get: () => from[key], enumerable: !(desc = __getOwnPropDesc(from, key)) || desc.enumerable });
  }
  return to;
};
var __toESM = (mod, isNodeMode, target) => (target = mod != null ? __create(__getProtoOf(mod)) : {}, __copyProps(
  // If the importer is in node compatibility mode or this is not an ESM
  // file that has been converted to a CommonJS file using a Babel-
  // compatible transform (i.e. "__esModule" has not been set), then set
  // "default" to the CommonJS "module.exports" for node compatibility.
  isNodeMode || !mod || !mod.__esModule ? __defProp(target, "default", { value: mod, enumerable: true }) : target,
  mod
));

// site/src/lib/analytics-config.mjs
var ANALYTICS_EVENT_PROPS, ZODIAC_SIGN_VALUES, REGISTRY_BRIDGE_SURFACE_VALUES, REGISTRY_BRIDGE_LOCALE_VALUES, ANALYTICS_EVENT_VALUES;
var init_analytics_config = __esm({
  "site/src/lib/analytics-config.mjs"() {
    ANALYTICS_EVENT_PROPS = Object.freeze({
      chart_computed: ["mode", "source"],
      chart_saved: ["source"],
      compat_computed: ["source"],
      email_subscribed: ["placement"],
      share_card_downloaded: ["variant"],
      widget_embed_copied: ["widget", "mode"],
      registry_visit: [],
      registry_bridge_impression: ["sign", "surface", "locale"],
      registry_bridge_click: ["sign", "surface", "locale"],
      registry_sign_selected: ["sign", "source"],
      verifier_used: ["chain", "outcome"],
      terminal_view_switch: ["surface", "direction"],
      sdk_click: ["source", "destination"],
      bio_click: ["destination"],
      wallet_chart_computed: ["chain", "holds_registry_asset"],
      aura_view: [],
      aura_compose: ["outcome", "held_bucket"],
      aura_share: ["outcome"],
      aura_refresh: ["outcome"],
      aura_calculator: ["direction"],
      aura_entry: ["source"],
      aura_return: ["interval"],
      aura_response: ["value"],
      aura_cabinet_select: [],
      aura_cabinet_reveal: ["outcome"],
      aura_talisman_personalize: ["state"],
      race_view: ["season"],
      team_join: ["sign", "season"],
      weekly_checkin: ["sign", "season"],
      share_card: ["sign", "platform", "season"],
      trophy_view: ["season", "days_left"],
      season_result_view: ["season", "winner"],
      trophy_hall_view: [],
      race_to_astrofolio: ["sign", "source"],
      ramp_click: ["source"],
      invite_created: ["notify"],
      invite_opened: ["state"],
      invite_completed: [],
      invite_returned: ["method"],
      invite_converted: ["action"],
      invite_revoked: [],
      // Existing event names remain accepted so historical funnels do not break.
      result_rendered: ["mode"],
      explorer_interaction: ["mode", "source"],
      tour_start: ["variant"],
      tour_complete: ["variant"],
      tour_step: ["step"],
      context_help_opened: ["term", "surface"],
      first_reading_prompt: ["action"],
      first_reading_step: ["step"],
      first_reading_completed: [],
      next_action_clicked: ["state", "action"],
      email_capture_viewed: ["placement"],
      search_open: [],
      search_go: ["kind"],
      assistant_open: [],
      assistant_reply: [],
      push_prompt: [],
      push_subscribe: [],
      today_view: [],
      living_chart_open: ["source"],
      living_chart_saved: ["mode"],
      living_chart_deleted: [],
      living_chart_export: ["format"],
      calendar_subscribe: [],
      calendar_download: [],
      chart_save: ["source"],
      chart_share: ["variant"],
      wing_entry: ["source"],
      lens_change: ["lens"],
      transit_search: ["span", "bodies"],
      srchart_view: ["via"],
      composite_view: [],
      grid_select: [],
      chiron_toggle: ["on"],
      detail_toggle: ["to"],
      chart_name_set: ["via"],
      comm_read_view: []
    });
    ZODIAC_SIGN_VALUES = Object.freeze([
      "aries",
      "taurus",
      "gemini",
      "cancer",
      "leo",
      "virgo",
      "libra",
      "scorpio",
      "sagittarius",
      "capricorn",
      "aquarius",
      "pisces"
    ]);
    REGISTRY_BRIDGE_SURFACE_VALUES = Object.freeze([
      "birth_chart",
      "birthday",
      "sign_guide"
    ]);
    REGISTRY_BRIDGE_LOCALE_VALUES = Object.freeze([
      "en",
      "es",
      "pt",
      "fr",
      "it",
      "ru"
    ]);
    ANALYTICS_EVENT_VALUES = Object.freeze({
      bio_click: Object.freeze({
        destination: Object.freeze([
          "website",
          "birth_chart",
          "astrofolio",
          ...ZODIAC_SIGN_VALUES
        ])
      }),
      registry_bridge_impression: Object.freeze({
        sign: ZODIAC_SIGN_VALUES,
        surface: REGISTRY_BRIDGE_SURFACE_VALUES,
        locale: REGISTRY_BRIDGE_LOCALE_VALUES
      }),
      registry_bridge_click: Object.freeze({
        sign: ZODIAC_SIGN_VALUES,
        surface: REGISTRY_BRIDGE_SURFACE_VALUES,
        locale: REGISTRY_BRIDGE_LOCALE_VALUES
      }),
      chart_computed: Object.freeze({
        source: Object.freeze(["fresh", "shared_details", "shared_positions"])
      }),
      chart_share: Object.freeze({
        variant: Object.freeze([
          "details_link",
          "positions_link",
          "big_three_card",
          "full_chart_card",
          "signature_card",
          "approach_card",
          "communication_card"
        ])
      }),
      living_chart_open: Object.freeze({
        source: Object.freeze(["today", "profile"])
      }),
      living_chart_saved: Object.freeze({
        mode: Object.freeze(["active", "quiet"])
      }),
      living_chart_export: Object.freeze({
        format: Object.freeze(["json", "markdown"])
      }),
      team_join: Object.freeze({ sign: ZODIAC_SIGN_VALUES }),
      weekly_checkin: Object.freeze({ sign: ZODIAC_SIGN_VALUES }),
      share_card: Object.freeze({ sign: ZODIAC_SIGN_VALUES }),
      season_result_view: Object.freeze({ winner: ZODIAC_SIGN_VALUES }),
      race_to_astrofolio: Object.freeze({
        sign: ZODIAC_SIGN_VALUES,
        source: Object.freeze(["race", "champion"])
      }),
      terminal_view_switch: Object.freeze({
        surface: Object.freeze(["header", "preference_banner"]),
        direction: Object.freeze(["consumer_to_pro", "pro_to_consumer"])
      }),
      invite_opened: Object.freeze({
        state: Object.freeze(["ready", "invalid", "closed", "used", "unavailable", "offline"])
      }),
      invite_returned: Object.freeze({
        method: Object.freeze(["share", "copy", "download"])
      }),
      invite_converted: Object.freeze({
        action: Object.freeze(["saved_chart", "saved_pair", "own_chart"])
      })
    });
  }
});

// site/src/lib/analytics.ts
function sanitizeAnalyticsProperties(name, properties = {}) {
  const allowed = ANALYTICS_EVENT_PROPS2[name];
  if (!allowed) return null;
  const safe = {};
  for (const key of allowed) {
    const value = properties[key];
    const values = ANALYTICS_EVENT_VALUES2[name]?.[key];
    if (values && (typeof value !== "string" || !values.includes(value))) continue;
    if (typeof value === "number" || typeof value === "boolean") safe[key] = value;
    if (typeof value === "string" && value.length <= 32) safe[key] = value;
  }
  return safe;
}
function trackAnalytics(name, properties = {}) {
  if (typeof window === "undefined") return;
  const safe = sanitizeAnalyticsProperties(name, properties);
  if (!safe) return;
  const analytics = window.zodiacsAnalytics;
  analytics?.track?.(name, safe);
}
var ANALYTICS_EVENT_PROPS2, ANALYTICS_EVENT_VALUES2;
var init_analytics = __esm({
  "site/src/lib/analytics.ts"() {
    init_analytics_config();
    ANALYTICS_EVENT_PROPS2 = ANALYTICS_EVENT_PROPS;
    ANALYTICS_EVENT_VALUES2 = ANALYTICS_EVENT_VALUES;
  }
});

// site/src/lib/context-help-client.ts
var context_help_client_exports = {};
__export(context_help_client_exports, {
  bindContextHelp: () => bindContextHelp
});
function clamp(value, minimum, maximum) {
  return Math.min(Math.max(value, minimum), Math.max(minimum, maximum));
}
function bindContextHelp(root) {
  const trigger = root.querySelector("[data-context-help-trigger]");
  const panel = root.querySelector("[data-context-help-panel]");
  if (!trigger || !panel) return () => {
  };
  const panelId = panel.id || `astro-term-help-${++contextHelpId}`;
  panel.id = panelId;
  panel.setAttribute("popover", "manual");
  trigger.setAttribute("aria-controls", panelId);
  const supportsPopover = typeof panel.showPopover === "function";
  let pinned = false;
  let closeTimer = 0;
  const isOpen = () => supportsPopover ? panel.matches(":popover-open") : !panel.hidden;
  const position2 = () => {
    if (!isOpen()) return;
    const margin = 12;
    const gap = 8;
    const triggerRect = trigger.getBoundingClientRect();
    const panelRect = panel.getBoundingClientRect();
    const left = clamp(
      triggerRect.left,
      margin,
      window.innerWidth - panelRect.width - margin
    );
    const fitsBelow = triggerRect.bottom + gap + panelRect.height <= window.innerHeight - margin;
    const top = fitsBelow ? triggerRect.bottom + gap : Math.max(margin, triggerRect.top - panelRect.height - gap);
    panel.style.setProperty("--context-help-left", `${Math.round(left)}px`);
    panel.style.setProperty("--context-help-top", `${Math.round(top)}px`);
  };
  const open = () => {
    window.clearTimeout(closeTimer);
    if (isOpen()) {
      position2();
      return;
    }
    panel.hidden = false;
    if (supportsPopover) panel.showPopover();
    trigger.setAttribute("aria-expanded", "true");
    position2();
    trackAnalytics("context_help_opened", {
      term: root.dataset.contextHelpTerm ?? "",
      surface: root.dataset.contextHelpSurface ?? "inline"
    });
  };
  const close2 = (returnFocus = false) => {
    window.clearTimeout(closeTimer);
    if (!isOpen()) return;
    pinned = false;
    if (supportsPopover) panel.hidePopover();
    panel.hidden = true;
    trigger.setAttribute("aria-expanded", "false");
    panel.style.removeProperty("--context-help-left");
    panel.style.removeProperty("--context-help-top");
    if (returnFocus) trigger.focus();
  };
  const scheduleClose = () => {
    window.clearTimeout(closeTimer);
    closeTimer = window.setTimeout(() => {
      if (!pinned && !root.contains(document.activeElement)) close2();
    }, 100);
  };
  const onPointerEnter = () => {
    if (window.matchMedia(FINE_POINTER).matches) open();
  };
  const onPointerLeave = () => scheduleClose();
  const onFocusIn = () => open();
  const onFocusOut = (event) => {
    if (!(event.relatedTarget instanceof Node) || !root.contains(event.relatedTarget)) {
      scheduleClose();
    }
  };
  const onClick = () => {
    if (isOpen() && pinned) {
      close2();
      return;
    }
    pinned = true;
    open();
  };
  const onDocumentPointerDown = (event) => {
    if (event.target instanceof Node && !root.contains(event.target)) close2();
  };
  const onDocumentKeyDown = (event) => {
    if (event.key === "Escape" && isOpen()) {
      event.preventDefault();
      event.stopPropagation();
      close2(true);
    }
  };
  root.addEventListener("pointerenter", onPointerEnter);
  root.addEventListener("pointerleave", onPointerLeave);
  root.addEventListener("focusin", onFocusIn);
  root.addEventListener("focusout", onFocusOut);
  trigger.addEventListener("click", onClick);
  document.addEventListener("pointerdown", onDocumentPointerDown, true);
  document.addEventListener("keydown", onDocumentKeyDown, true);
  window.addEventListener("resize", position2);
  window.addEventListener("scroll", position2, true);
  return () => {
    window.clearTimeout(closeTimer);
    root.removeEventListener("pointerenter", onPointerEnter);
    root.removeEventListener("pointerleave", onPointerLeave);
    root.removeEventListener("focusin", onFocusIn);
    root.removeEventListener("focusout", onFocusOut);
    trigger.removeEventListener("click", onClick);
    document.removeEventListener("pointerdown", onDocumentPointerDown, true);
    document.removeEventListener("keydown", onDocumentKeyDown, true);
    window.removeEventListener("resize", position2);
    window.removeEventListener("scroll", position2, true);
  };
}
var FINE_POINTER, contextHelpId;
var init_context_help_client = __esm({
  "site/src/lib/context-help-client.ts"() {
    init_analytics();
    FINE_POINTER = "(hover: hover) and (pointer: fine)";
    contextHelpId = 0;
  }
});

// probe.ts
var import_strict = __toESM(require("node:assert/strict"));
var import_node_fs = require("node:fs");

// site/src/lib/i18n/core.ts
var LOCALES = ["en", "es", "pt", "fr", "it", "ru", "ar"];
var CATALOG_LOCALES = ["en", "es", "pt", "fr", "it", "ru"];
var DEFAULT_LOCALE = "en";
function isCatalogLocale(locale) {
  return CATALOG_LOCALES.includes(locale);
}
function normalizeKnownLocale(locale) {
  const value = locale?.trim().toLowerCase();
  if (!value) return DEFAULT_LOCALE;
  return LOCALES.find((candidate) => value === candidate || value.startsWith(`${candidate}-`)) ?? DEFAULT_LOCALE;
}
function normalizeCatalogLocale(locale) {
  const normalized = normalizeKnownLocale(locale);
  return isCatalogLocale(normalized) ? normalized : DEFAULT_LOCALE;
}
function requireCatalogLocale(locale) {
  if (!isCatalogLocale(locale)) {
    throw new Error(`Locale ${locale} has no complete production catalog`);
  }
  return locale;
}

// site/src/lib/i18n/ui/ru.ts
var RUSSIAN_UI_PLURALS = {
  charts: {
    one: "{n} \u043A\u0430\u0440\u0442\u0430",
    few: "{n} \u043A\u0430\u0440\u0442\u044B",
    many: "{n} \u043A\u0430\u0440\u0442",
    other: "{n} \u043A\u0430\u0440\u0442\u044B"
  },
  savedCharts: {
    one: "{n} \u0441\u043E\u0445\u0440\u0430\u043D\u0451\u043D\u043D\u0430\u044F \u043A\u0430\u0440\u0442\u0430",
    few: "{n} \u0441\u043E\u0445\u0440\u0430\u043D\u0451\u043D\u043D\u044B\u0435 \u043A\u0430\u0440\u0442\u044B",
    many: "{n} \u0441\u043E\u0445\u0440\u0430\u043D\u0451\u043D\u043D\u044B\u0445 \u043A\u0430\u0440\u0442",
    other: "{n} \u0441\u043E\u0445\u0440\u0430\u043D\u0451\u043D\u043D\u043E\u0439 \u043A\u0430\u0440\u0442\u044B"
  },
  aspects: {
    one: "{n} \u0430\u0441\u043F\u0435\u043A\u0442",
    few: "{n} \u0430\u0441\u043F\u0435\u043A\u0442\u0430",
    many: "{n} \u0430\u0441\u043F\u0435\u043A\u0442\u043E\u0432",
    other: "{n} \u0430\u0441\u043F\u0435\u043A\u0442\u0430"
  },
  activeTransits: {
    one: "{n} \u0430\u043A\u0442\u0438\u0432\u043D\u044B\u0439 \u0442\u0440\u0430\u043D\u0437\u0438\u0442",
    few: "{n} \u0430\u043A\u0442\u0438\u0432\u043D\u044B\u0445 \u0442\u0440\u0430\u043D\u0437\u0438\u0442\u0430",
    many: "{n} \u0430\u043A\u0442\u0438\u0432\u043D\u044B\u0445 \u0442\u0440\u0430\u043D\u0437\u0438\u0442\u043E\u0432",
    other: "{n} \u0430\u043A\u0442\u0438\u0432\u043D\u043E\u0433\u043E \u0442\u0440\u0430\u043D\u0437\u0438\u0442\u0430"
  },
  places: {
    one: "{n} \u043C\u0435\u0441\u0442\u043E",
    few: "{n} \u043C\u0435\u0441\u0442\u0430",
    many: "{n} \u043C\u0435\u0441\u0442",
    other: "{n} \u043C\u0435\u0441\u0442\u0430"
  },
  windows: {
    one: "{n} \u043E\u043A\u043D\u043E",
    few: "{n} \u043E\u043A\u043D\u0430",
    many: "{n} \u043E\u043A\u043E\u043D",
    other: "{n} \u043E\u043A\u043D\u0430"
  },
  years: {
    one: "{n} \u0433\u043E\u0434",
    few: "{n} \u0433\u043E\u0434\u0430",
    many: "{n} \u043B\u0435\u0442",
    other: "{n} \u0433\u043E\u0434\u0430"
  },
  days: {
    one: "{n} \u0434\u0435\u043D\u044C",
    few: "{n} \u0434\u043D\u044F",
    many: "{n} \u0434\u043D\u0435\u0439",
    other: "{n} \u0434\u043D\u044F"
  }
};
var ru = {
  chartDepthOpen: "See it in three dimensions \u2014 \u043F\u043E\u043A\u0430 \u043F\u043E-\u0430\u043D\u0433\u043B\u0438\u0439\u0441\u043A\u0438",
  chartDepthClose: "Hide the third dimension \u2014 \u043F\u043E\u043A\u0430 \u043F\u043E-\u0430\u043D\u0433\u043B\u0438\u0439\u0441\u043A\u0438",
  calculationLoadError: "\u041D\u0435 \u0443\u0434\u0430\u043B\u043E\u0441\u044C \u0437\u0430\u0433\u0440\u0443\u0437\u0438\u0442\u044C \u0444\u0430\u0439\u043B\u044B \u0440\u0430\u0441\u0447\u0451\u0442\u0430. \u041F\u0440\u043E\u0432\u0435\u0440\u044C\u0442\u0435 \u043F\u043E\u0434\u043A\u043B\u044E\u0447\u0435\u043D\u0438\u0435 \u0438 \u043F\u043E\u043F\u0440\u043E\u0431\u0443\u0439\u0442\u0435 \u0441\u043D\u043E\u0432\u0430.",
  calculationReload: "\u041F\u0435\u0440\u0435\u0437\u0430\u0433\u0440\u0443\u0437\u0438\u0442\u044C \u0441\u0442\u0440\u0430\u043D\u0438\u0446\u0443",
  calculationReloadWarning: "\u041F\u0440\u0438 \u043F\u0435\u0440\u0435\u0437\u0430\u0433\u0440\u0443\u0437\u043A\u0435 \u043D\u0435\u0441\u043E\u0445\u0440\u0430\u043D\u0451\u043D\u043D\u044B\u0435 \u0434\u0430\u043D\u043D\u044B\u0435 \u0431\u0443\u0434\u0443\u0442 \u0443\u0434\u0430\u043B\u0435\u043D\u044B.",
  calculationRetry: "\u041F\u043E\u043F\u0440\u043E\u0431\u043E\u0432\u0430\u0442\u044C \u0441\u043D\u043E\u0432\u0430",
  pfdYearError: "\u041D\u0435 \u0443\u0434\u0430\u043B\u043E\u0441\u044C \u0437\u0430\u0432\u0435\u0440\u0448\u0438\u0442\u044C \u0440\u0430\u0437\u0431\u043E\u0440 \u043D\u0430 \u0433\u043E\u0434 \u0432\u043F\u0435\u0440\u0451\u0434. \u041F\u043E\u043F\u0440\u043E\u0431\u0443\u0439\u0442\u0435 \u0441\u043D\u043E\u0432\u0430.",
  placeSearching: "\u041F\u043E\u0438\u0441\u043A \u043C\u0435\u0441\u0442\u2026",
  chartWheelActions: "\u0414\u0435\u0439\u0441\u0442\u0432\u0438\u044F \u0441 \u043A\u0430\u0440\u0442\u043E\u0439",
  chartWheelGuide: "\u041F\u0440\u043E\u0439\u0442\u0438 \u044D\u043A\u0441\u043A\u0443\u0440\u0441\u0438\u044E",
  chartWheelReplay: "\u041F\u043E\u0432\u0442\u043E\u0440\u0438\u0442\u044C \u044D\u043A\u0441\u043A\u0443\u0440\u0441\u0438\u044E",
  chartWheelAnother: "\u041F\u0440\u043E\u0447\u0438\u0442\u0430\u0442\u044C \u0434\u0440\u0443\u0433\u0443\u044E \u043A\u0430\u0440\u0442\u0443 \u2014 \u043F\u043E\u043A\u0430 \u043F\u043E-\u0430\u043D\u0433\u043B\u0438\u0439\u0441\u043A\u0438",
  chartWheelSignatureSelf: "\u0425\u0430\u0440\u0430\u043A\u0442\u0435\u0440\u043D\u044B\u0439 \u0440\u0438\u0441\u0443\u043D\u043E\u043A \u0432\u0430\u0448\u0435\u0439 \u043A\u0430\u0440\u0442\u044B",
  chartWheelSignatureOther: "\u0425\u0430\u0440\u0430\u043A\u0442\u0435\u0440\u043D\u044B\u0439 \u0440\u0438\u0441\u0443\u043D\u043E\u043A \u044D\u0442\u043E\u0439 \u043A\u0430\u0440\u0442\u044B",
  chartWheelCompareMine: "\u0421\u0440\u0430\u0432\u043D\u0438\u0442\u044C \u0441 \u043C\u043E\u0435\u0439 \u2014 \u043F\u043E\u043A\u0430 \u043F\u043E-\u0430\u043D\u0433\u043B\u0438\u0439\u0441\u043A\u0438",
  chartWheelCompareAdd: "\u0414\u043E\u0431\u0430\u0432\u0438\u0442\u044C \u043C\u043E\u044E \u043A\u0430\u0440\u0442\u0443 \u0434\u043B\u044F \u0441\u0440\u0430\u0432\u043D\u0435\u043D\u0438\u044F \u2014 \u043F\u043E\u043A\u0430 \u043F\u043E-\u0430\u043D\u0433\u043B\u0438\u0439\u0441\u043A\u0438",
  chartWheelShareOther: "\u041F\u043E\u0434\u0435\u043B\u0438\u0442\u044C\u0441\u044F \u044D\u0442\u043E\u0439 \u043A\u0430\u0440\u0442\u043E\u0439",
  navPrimary: "\u041E\u0441\u043D\u043E\u0432\u043D\u043E\u0435",
  navSigns: "\u0417\u043D\u0430\u043A\u0438",
  navTools: "\u0418\u043D\u0441\u0442\u0440\u0443\u043C\u0435\u043D\u0442\u044B",
  navLearn: "\u0420\u0430\u0437\u0431\u043E\u0440",
  navHoroscopes: "\u0413\u043E\u0440\u043E\u0441\u043A\u043E\u043F\u044B",
  navCollect: "Astrofolio",
  navSavedCharts: "\u0421\u043E\u0445\u0440\u0430\u043D\u0451\u043D\u043D\u044B\u0435 \u043A\u0430\u0440\u0442\u044B",
  navMenu: "\u041C\u0435\u043D\u044E",
  navSite: "\u041E \u0441\u0430\u0439\u0442\u0435",
  navTwelve: "\u0414\u0432\u0435\u043D\u0430\u0434\u0446\u0430\u0442\u044C \u0437\u043D\u0430\u043A\u043E\u0432",
  footerTag: "\u0411\u0435\u0441\u043F\u043B\u0430\u0442\u043D\u044B\u0435 \u0430\u0441\u0442\u0440\u043E\u043B\u043E\u0433\u0438\u0447\u0435\u0441\u043A\u0438\u0435 \u0438\u043D\u0441\u0442\u0440\u0443\u043C\u0435\u043D\u0442\u044B \u0438 \u0433\u0438\u0434\u044B \u043F\u043E \u0437\u043D\u0430\u043A\u0430\u043C. \u041A\u0430\u0440\u0442\u044B \u0441\u0447\u0438\u0442\u0430\u044E\u0442\u0441\u044F \u043F\u0440\u0438\u0432\u0430\u0442\u043D\u043E, \u043F\u0440\u044F\u043C\u043E \u0432 \u0432\u0430\u0448\u0435\u043C \u0431\u0440\u0430\u0443\u0437\u0435\u0440\u0435.",
  footerStartHere: "\u0421 \u0447\u0435\u0433\u043E \u043D\u0430\u0447\u0430\u0442\u044C",
  footerPlanets: "\u041F\u043B\u0430\u043D\u0435\u0442\u044B",
  footerHouses: "\u0414\u043E\u043C\u0430",
  footerZodiacDates: "\u0414\u0430\u0442\u044B \u0437\u043D\u0430\u043A\u043E\u0432",
  footerGlossary: "\u0413\u043B\u043E\u0441\u0441\u0430\u0440\u0438\u0439",
  footerCompute: "\u041A\u0430\u043A \u043C\u044B \u0441\u0447\u0438\u0442\u0430\u0435\u043C",
  footerRegistry: "Registry",
  footerThesis: "\u041C\u0430\u043D\u0438\u0444\u0435\u0441\u0442",
  footerArchive: "\u0410\u0440\u0445\u0438\u0432",
  footerSdk: "SDK",
  footerCollectNote: "\u0417\u0430\u043F\u0438\u0441\u0438, \u043F\u043E\u0438\u0441\u043A, \u0441\u0442\u0440\u0430\u043D\u0438\u0446\u044B \u043A\u0430\u0442\u0430\u043B\u043E\u0433\u0430 \u0438 SDK Registry \u0440\u0430\u0431\u043E\u0442\u0430\u044E\u0442 \u0442\u043E\u043B\u044C\u043A\u043E \u043D\u0430 \u0447\u0442\u0435\u043D\u0438\u0435. \u041D\u0435\u043E\u0431\u044F\u0437\u0430\u0442\u0435\u043B\u044C\u043D\u044B\u0439 \u0438\u043D\u0441\u0442\u0440\u0443\u043C\u0435\u043D\u0442 \u043F\u043E\u043A\u0443\u043F\u043A\u0438 Astrofolio \u0438\u0441\u043F\u043E\u043B\u044C\u0437\u0443\u0435\u0442 \u043D\u0435\u0437\u0430\u0432\u0438\u0441\u0438\u043C\u044B\u0439 \u0441\u0435\u0440\u0432\u0438\u0441 Jupiter \u0438 \u0432\u0430\u0448 \u043A\u043E\u0448\u0435\u043B\u0451\u043A; Zodiacs.org \u043D\u0435 \u0445\u0440\u0430\u043D\u0438\u0442 \u043A\u043B\u044E\u0447\u0438 \u0438\u043B\u0438 \u0441\u0440\u0435\u0434\u0441\u0442\u0432\u0430. \u041D\u0438\u0447\u0442\u043E \u0438\u0437 \u044D\u0442\u043E\u0433\u043E \u043D\u0435 \u044F\u0432\u043B\u044F\u0435\u0442\u0441\u044F \u0444\u0438\u043D\u0430\u043D\u0441\u043E\u0432\u043E\u0439 \u0440\u0435\u043A\u043E\u043C\u0435\u043D\u0434\u0430\u0446\u0438\u0435\u0439.",
  footerMethodology: "\u041C\u0435\u0442\u043E\u0434\u043E\u043B\u043E\u0433\u0438\u044F",
  footerAbout: "\u041E \u043F\u0440\u043E\u0435\u043A\u0442\u0435",
  footerPrivacy: "\u041A\u043E\u043D\u0444\u0438\u0434\u0435\u043D\u0446\u0438\u0430\u043B\u044C\u043D\u043E\u0441\u0442\u044C",
  footerTerms: "\u0423\u0441\u043B\u043E\u0432\u0438\u044F",
  footerPlaceData: "\u0414\u0430\u043D\u043D\u044B\u0435 \u043E \u043C\u0435\u0441\u0442\u0430\u0445",
  footerFonts: "\u0428\u0440\u0438\u0444\u0442\u044B \u043F\u043E\u0434 \u043B\u0438\u0446\u0435\u043D\u0437\u0438\u0435\u0439",
  skipContent: "\u041F\u0435\u0440\u0435\u0439\u0442\u0438 \u043A \u0441\u043E\u0434\u0435\u0440\u0436\u0438\u043C\u043E\u043C\u0443",
  open: "\u041E\u0442\u043A\u0440\u044B\u0442\u044C",
  birthChart: "\u041D\u0430\u0442\u0430\u043B\u044C\u043D\u0430\u044F \u043A\u0430\u0440\u0442\u0430",
  compatibility: "\u0421\u043E\u0432\u043C\u0435\u0441\u0442\u0438\u043C\u043E\u0441\u0442\u044C",
  moonSign: "\u041B\u0443\u043D\u043D\u044B\u0439 \u0437\u043D\u0430\u043A",
  risingSign: "\u0410\u0441\u0446\u0435\u043D\u0434\u0435\u043D\u0442",
  moonPhase: "\u0424\u0430\u0437\u0430 \u041B\u0443\u043D\u044B",
  saturnReturn: "\u0412\u043E\u0437\u0432\u0440\u0430\u0449\u0435\u043D\u0438\u0435 \u0421\u0430\u0442\u0443\u0440\u043D\u0430",
  transits: "\u0422\u0440\u0430\u043D\u0437\u0438\u0442\u044B",
  birthday: "\u0414\u0435\u043D\u044C \u0440\u043E\u0436\u0434\u0435\u043D\u0438\u044F",
  retrogrades: "\u0420\u0435\u0442\u0440\u043E\u0433\u0440\u0430\u0434\u043D\u043E\u0441\u0442\u0438",
  sun: "\u0421\u043E\u043B\u043D\u0446\u0435",
  moon: "\u041B\u0443\u043D\u0430",
  rising: "\u0410\u0441\u0446\u0435\u043D\u0434\u0435\u043D\u0442",
  body: "\u0422\u0435\u043B\u043E",
  position: "\u041F\u043E\u043B\u043E\u0436\u0435\u043D\u0438\u0435",
  sign: "\u0417\u043D\u0430\u043A",
  house: "\u0414\u043E\u043C",
  chart: "\u041A\u0430\u0440\u0442\u0430",
  date: "\u0414\u0430\u0442\u0430",
  time: "\u0412\u0440\u0435\u043C\u044F",
  place: "\u041C\u0435\u0441\u0442\u043E",
  motion: "\u0414\u0432\u0438\u0436\u0435\u043D\u0438\u0435",
  optional: "\u043D\u0435\u043E\u0431\u044F\u0437\u0430\u0442\u0435\u043B\u044C\u043D\u043E",
  birthDate: "\u0414\u0430\u0442\u0430 \u0440\u043E\u0436\u0434\u0435\u043D\u0438\u044F",
  birthTime: "\u0412\u0440\u0435\u043C\u044F \u0440\u043E\u0436\u0434\u0435\u043D\u0438\u044F",
  birthplace: "\u041C\u0435\u0441\u0442\u043E \u0440\u043E\u0436\u0434\u0435\u043D\u0438\u044F",
  birthDateRequired: "\u0423\u043A\u0430\u0436\u0438\u0442\u0435 \u0434\u0430\u0442\u0443 \u0440\u043E\u0436\u0434\u0435\u043D\u0438\u044F.",
  birthDateRange: "\u0412\u044B\u0431\u0435\u0440\u0438\u0442\u0435 \u0434\u0430\u0442\u0443 \u0440\u043E\u0436\u0434\u0435\u043D\u0438\u044F \u0441 1800 \u043F\u043E 2199 \u0433\u043E\u0434.",
  birthTimeRequired: "\u0423\u043A\u0430\u0436\u0438\u0442\u0435 \u0432\u0440\u0435\u043C\u044F \u0440\u043E\u0436\u0434\u0435\u043D\u0438\u044F.",
  houseSystem: "\u0421\u0438\u0441\u0442\u0435\u043C\u0430 \u0434\u043E\u043C\u043E\u0432",
  wholeSignDefault: "\u0426\u0435\u043B\u044B\u0435 \u0437\u043D\u0430\u043A\u0438 (\u043F\u043E \u0443\u043C\u043E\u043B\u0447\u0430\u043D\u0438\u044E)",
  placidus: "\u041F\u043B\u0430\u0446\u0438\u0434\u0443\u0441",
  houseSystemHelp: "\u041A\u0430\u043A \u043A\u0430\u0440\u0442\u0430 \u0434\u0435\u043B\u0438\u0442\u0441\u044F \u043D\u0430 \u0434\u0432\u0435\u043D\u0430\u0434\u0446\u0430\u0442\u044C \u0441\u0444\u0435\u0440 \u0436\u0438\u0437\u043D\u0438. \u0412 \u0441\u0438\u0441\u0442\u0435\u043C\u0435 \u0446\u0435\u043B\u044B\u0445 \u0437\u043D\u0430\u043A\u043E\u0432 \u043A\u0430\u0436\u0434\u044B\u0439 \u0437\u043D\u0430\u043A \u2014 \u043E\u0434\u0438\u043D \u0434\u043E\u043C; \u0432 \u0441\u0438\u0441\u0442\u0435\u043C\u0435 \u041F\u043B\u0430\u0446\u0438\u0434\u0443\u0441\u0430 \u0440\u0430\u0437\u043C\u0435\u0440 \u0434\u043E\u043C\u043E\u0432 \u0437\u0430\u0432\u0438\u0441\u0438\u0442 \u043E\u0442 \u0442\u043E\u0447\u043D\u043E\u0433\u043E \u0432\u0440\u0435\u043C\u0435\u043D\u0438 \u0438 \u043C\u0435\u0441\u0442\u0430. \u041F\u043B\u0430\u043D\u0435\u0442\u044B \u043E\u0441\u0442\u0430\u044E\u0442\u0441\u044F \u043D\u0430 \u043C\u0435\u0441\u0442\u0435: \u043C\u0435\u043D\u044F\u044E\u0442\u0441\u044F \u0442\u043E\u043B\u044C\u043A\u043E \u0433\u0440\u0430\u043D\u0438\u0446\u044B \u0434\u043E\u043C\u043E\u0432.",
  computing: "\u0421\u0447\u0438\u0442\u0430\u0435\u043C\u2026",
  checking: "\u041F\u0440\u043E\u0432\u0435\u0440\u044F\u0435\u043C\u2026",
  comparing: "\u0421\u0440\u0430\u0432\u043D\u0438\u0432\u0430\u0435\u043C\u2026",
  save: "\u0421\u043E\u0445\u0440\u0430\u043D\u0438\u0442\u044C",
  rename: "\u041F\u0435\u0440\u0435\u0438\u043C\u0435\u043D\u043E\u0432\u0430\u0442\u044C",
  remove: "\u0423\u0434\u0430\u043B\u0438\u0442\u044C",
  getBirthChart: "\u041F\u043E\u0441\u0442\u0440\u043E\u0439\u0442\u0435 \u0431\u0435\u0441\u043F\u043B\u0430\u0442\u043D\u0443\u044E \u043D\u0430\u0442\u0430\u043B\u044C\u043D\u0443\u044E \u043A\u0430\u0440\u0442\u0443",
  findMoonSign: "\u0423\u0437\u043D\u0430\u0439\u0442\u0435 \u0441\u0432\u043E\u0439 \u043B\u0443\u043D\u043D\u044B\u0439 \u0437\u043D\u0430\u043A",
  findRisingSign: "\u0423\u0437\u043D\u0430\u0439\u0442\u0435 \u0441\u0432\u043E\u0439 \u0430\u0441\u0446\u0435\u043D\u0434\u0435\u043D\u0442",
  savedCharts: "\u0421\u043E\u0445\u0440\u0430\u043D\u0451\u043D\u043D\u044B\u0435 \u043A\u0430\u0440\u0442\u044B",
  profile: "\u0412\u0430\u0448 \u043F\u0440\u043E\u0444\u0438\u043B\u044C",
  read: "\u0427\u0438\u0442\u0430\u0442\u044C",
  rightNow: "\u041F\u0440\u044F\u043C\u043E \u0441\u0435\u0439\u0447\u0430\u0441",
  enterBirthDetails: "\u0412\u0432\u0435\u0434\u0438\u0442\u0435 \u0434\u0430\u043D\u043D\u044B\u0435 \u0440\u043E\u0436\u0434\u0435\u043D\u0438\u044F\u2026",
  privacyDevice: "\u041F\u0440\u0438\u0432\u0430\u0442\u043D\u043E \u043F\u043E \u0443\u043C\u043E\u043B\u0447\u0430\u043D\u0438\u044E. \u0414\u0430\u043D\u043D\u044B\u0435 \u0440\u043E\u0436\u0434\u0435\u043D\u0438\u044F \u043E\u0441\u0442\u0430\u044E\u0442\u0441\u044F \u0432 \u044D\u0442\u043E\u043C \u0431\u0440\u0430\u0443\u0437\u0435\u0440\u0435.",
  placePlaceholder: "\u041D\u0430\u0447\u043D\u0438\u0442\u0435 \u0432\u0432\u043E\u0434\u0438\u0442\u044C \u0433\u043E\u0440\u043E\u0434\u2026",
  placeChange: "\u0418\u0437\u043C\u0435\u043D\u0438\u0442\u044C \u043C\u0435\u0441\u0442\u043E \u0440\u043E\u0436\u0434\u0435\u043D\u0438\u044F",
  placePickHint: "\u0412\u044B\u0431\u0435\u0440\u0438\u0442\u0435 \u043C\u0435\u0441\u0442\u043E \u0440\u043E\u0436\u0434\u0435\u043D\u0438\u044F \u0438\u0437 \u0441\u043F\u0438\u0441\u043A\u0430.",
  placeNoResults: "\u041D\u0435\u0442 \u0432 \u0441\u043F\u0438\u0441\u043A\u0435? \u0412\u044B\u0431\u0435\u0440\u0438\u0442\u0435 \u0431\u043B\u0438\u0436\u0430\u0439\u0448\u0438\u0439 \u0433\u043E\u0440\u043E\u0434 \u2014 \u043D\u0435\u0441\u043A\u043E\u043B\u044C\u043A\u043E \u043A\u0438\u043B\u043E\u043C\u0435\u0442\u0440\u043E\u0432 \u0440\u0435\u0434\u043A\u043E \u043C\u0435\u043D\u044F\u044E\u0442 \u043A\u0430\u0440\u0442\u0443.",
  placeError: "\u041D\u0435 \u0443\u0434\u0430\u043B\u043E\u0441\u044C \u0437\u0430\u0433\u0440\u0443\u0437\u0438\u0442\u044C \u0441\u043F\u0440\u0430\u0432\u043E\u0447\u043D\u0438\u043A \u043C\u0435\u0441\u0442 \u2014 \u043F\u0440\u043E\u0432\u0435\u0440\u044C\u0442\u0435 \u0441\u043E\u0435\u0434\u0438\u043D\u0435\u043D\u0438\u0435 \u0438 \u043F\u043E\u043F\u0440\u043E\u0431\u0443\u0439\u0442\u0435 \u0435\u0449\u0451 \u0440\u0430\u0437.",
  searchGeo: "\u041F\u043E\u0438\u0441\u043A \u043F\u043E ~34 000 \u043C\u0435\u0441\u0442 \xB7 GeoNames (CC BY 4.0)",
  chartError: "\u041D\u0435 \u043F\u043E\u043B\u0443\u0447\u0438\u043B\u043E\u0441\u044C \u0440\u0430\u0441\u0441\u0447\u0438\u0442\u0430\u0442\u044C \u043A\u0430\u0440\u0442\u0443. \u041F\u043E\u043F\u0440\u043E\u0431\u0443\u0439\u0442\u0435 \u0435\u0449\u0451 \u0440\u0430\u0437.",
  moonError: "\u041D\u0435 \u043F\u043E\u043B\u0443\u0447\u0438\u043B\u043E\u0441\u044C \u0440\u0430\u0441\u0441\u0447\u0438\u0442\u0430\u0442\u044C \u044D\u0442\u0443 \u041B\u0443\u043D\u0443. \u041F\u043E\u043F\u0440\u043E\u0431\u0443\u0439\u0442\u0435 \u0435\u0449\u0451 \u0440\u0430\u0437.",
  localDateReferenceError: "\u041D\u0435 \u0443\u0434\u0430\u043B\u043E\u0441\u044C \u043E\u043F\u0440\u0435\u0434\u0435\u043B\u0438\u0442\u044C \u0432\u0440\u0435\u043C\u044F \u0434\u043B\u044F \u0440\u0430\u0441\u0447\u0451\u0442\u0430 \u0432 \u043F\u0440\u0435\u0434\u0435\u043B\u0430\u0445 \u044D\u0442\u043E\u0439 \u043C\u0435\u0441\u0442\u043D\u043E\u0439 \u0434\u0430\u0442\u044B. \u041F\u0440\u043E\u0432\u0435\u0440\u044C\u0442\u0435 \u0434\u0430\u0442\u0443 \u0438 \u043C\u0435\u0441\u0442\u043E.",
  returnError: "\u041D\u0435 \u043F\u043E\u043B\u0443\u0447\u0438\u043B\u043E\u0441\u044C \u0440\u0430\u0441\u0441\u0447\u0438\u0442\u0430\u0442\u044C \u0432\u043E\u0437\u0432\u0440\u0430\u0449\u0435\u043D\u0438\u0435. \u041F\u043E\u043F\u0440\u043E\u0431\u0443\u0439\u0442\u0435 \u0435\u0449\u0451 \u0440\u0430\u0437.",
  transitError: "\u041D\u0435 \u043F\u043E\u043B\u0443\u0447\u0438\u043B\u043E\u0441\u044C \u0440\u0430\u0441\u0441\u0447\u0438\u0442\u0430\u0442\u044C \u0442\u0440\u0430\u043D\u0437\u0438\u0442\u044B. \u041F\u043E\u043F\u0440\u043E\u0431\u0443\u0439\u0442\u0435 \u0435\u0449\u0451 \u0440\u0430\u0437.",
  compareError: "\u041D\u0435 \u043F\u043E\u043B\u0443\u0447\u0438\u043B\u043E\u0441\u044C \u0441\u0440\u0430\u0432\u043D\u0438\u0442\u044C \u043A\u0430\u0440\u0442\u044B. \u041F\u043E\u043F\u0440\u043E\u0431\u0443\u0439\u0442\u0435 \u0435\u0449\u0451 \u0440\u0430\u0437.",
  noBirthTime: "\u041D\u0435 \u0437\u043D\u0430\u044E \u0432\u0440\u0435\u043C\u044F",
  risingTimeHelp: "\u0410\u0441\u0446\u0435\u043D\u0434\u0435\u043D\u0442 \u043C\u0435\u043D\u044F\u0435\u0442\u0441\u044F \u043A\u0430\u0436\u0434\u044B\u0435 \u0434\u0432\u0430 \u0447\u0430\u0441\u0430 \u2014 \u0437\u0434\u0435\u0441\u044C \u0432\u0430\u0436\u043D\u044B \u0438\u043C\u0435\u043D\u043D\u043E \u0447\u0430\u0441\u044B.",
  chartTimeHelp: "\u041D\u0435\u0442 \u0432\u0440\u0435\u043C\u0435\u043D\u0438 \u0440\u043E\u0436\u0434\u0435\u043D\u0438\u044F? \u041F\u043E\u043A\u0430\u0436\u0435\u043C \u043E\u0440\u0438\u0435\u043D\u0442\u0438\u0440 \u043D\u0430 \u043C\u0435\u0441\u0442\u043D\u044B\u0439 \u043F\u043E\u043B\u0434\u0435\u043D\u044C \u0431\u0435\u0437 \u0430\u0441\u0446\u0435\u043D\u0434\u0435\u043D\u0442\u0430 \u0438 \u0434\u043E\u043C\u043E\u0432; \u043F\u043E\u043B\u043E\u0436\u0435\u043D\u0438\u0435 \u041B\u0443\u043D\u044B \u043C\u043E\u0436\u0435\u0442 \u0431\u044B\u0442\u044C \u043D\u0435\u043E\u043F\u0440\u0435\u0434\u0435\u043B\u0451\u043D\u043D\u044B\u043C.",
  chartSavedDevice: "\u0421\u043E\u0445\u0440\u0430\u043D\u0435\u043D\u043E \xB7 \u043D\u0430 \u044D\u0442\u043E\u043C \u0443\u0441\u0442\u0440\u043E\u0439\u0441\u0442\u0432\u0435",
  saveThisChart: "\u0421\u043E\u0445\u0440\u0430\u043D\u0438\u0442\u044C \u044D\u0442\u0443 \u043A\u0430\u0440\u0442\u0443",
  chartSavedStatus: "\u041A\u0430\u0440\u0442\u0430 \u0441\u043E\u0445\u0440\u0430\u043D\u0435\u043D\u0430 \u043D\u0430 \u044D\u0442\u043E\u043C \u0443\u0441\u0442\u0440\u043E\u0439\u0441\u0442\u0432\u0435.",
  chartSaveFull: "\u041C\u043E\u0436\u043D\u043E \u0445\u0440\u0430\u043D\u0438\u0442\u044C \u0434\u043E 40 \u043A\u0430\u0440\u0442 \u2014 \u0441\u043D\u0430\u0447\u0430\u043B\u0430 \u0443\u0434\u0430\u043B\u0438\u0442\u0435 \u043E\u0434\u043D\u0443.",
  chartSaveError: "\u041D\u0435 \u0443\u0434\u0430\u043B\u043E\u0441\u044C \u0441\u043E\u0445\u0440\u0430\u043D\u0438\u0442\u044C \u2014 \u0432\u043E\u0437\u043C\u043E\u0436\u043D\u043E, \u0431\u0440\u0430\u0443\u0437\u0435\u0440 \u0431\u043B\u043E\u043A\u0438\u0440\u0443\u0435\u0442 \u043B\u043E\u043A\u0430\u043B\u044C\u043D\u043E\u0435 \u0445\u0440\u0430\u043D\u0438\u043B\u0438\u0449\u0435.",
  chartSavedMessage: "\u0421\u043E\u0445\u0440\u0430\u043D\u0435\u043D\u043E \u0432 \u0432\u0430\u0448\u0438 \u043A\u0430\u0440\u0442\u044B. \u0412\u043E\u0439\u0434\u0438\u0442\u0435 \u0437\u0434\u0435\u0441\u044C, \u0435\u0441\u043B\u0438 \u0445\u043E\u0442\u0438\u0442\u0435 \u0432\u0438\u0434\u0435\u0442\u044C \u0438\u0445 \u043D\u0430 \u0432\u0441\u0435\u0445 \u0443\u0441\u0442\u0440\u043E\u0439\u0441\u0442\u0432\u0430\u0445.",
  linkCopied: "\u0421\u0441\u044B\u043B\u043A\u0430 \u0441\u043A\u043E\u043F\u0438\u0440\u043E\u0432\u0430\u043D\u0430",
  copyChartLink: "\u0421\u043A\u043E\u043F\u0438\u0440\u043E\u0432\u0430\u0442\u044C \u0441\u0441\u044B\u043B\u043A\u0443 \u043D\u0430 \u044D\u0442\u0443 \u043A\u0430\u0440\u0442\u0443",
  rendering: "\u0420\u0438\u0441\u0443\u0435\u043C\u2026",
  cardSaved: "\u041A\u0430\u0440\u0442\u043E\u0447\u043A\u0430 \u0441\u043E\u0445\u0440\u0430\u043D\u0435\u043D\u0430",
  saveChartCard: "\u0421\u043E\u0445\u0440\u0430\u043D\u0438\u0442\u044C \u043A\u0430\u0440\u0442\u043E\u0447\u043A\u0443 \u043A\u0430\u0440\u0442\u044B",
  shareChart: "\u041F\u043E\u0434\u0435\u043B\u0438\u0442\u044C\u0441\u044F \u043A\u0430\u0440\u0442\u043E\u0439",
  linkToChart: "\u0421\u0441\u044B\u043B\u043A\u0430 \u043D\u0430 \u044D\u0442\u0443 \u043A\u0430\u0440\u0442\u0443",
  chartLinkCopied: "\u0421\u0441\u044B\u043B\u043A\u0430 \u043D\u0430 \u043A\u0430\u0440\u0442\u0443 \u0441\u043A\u043E\u043F\u0438\u0440\u043E\u0432\u0430\u043D\u0430 \u0432 \u0431\u0443\u0444\u0435\u0440 \u043E\u0431\u043C\u0435\u043D\u0430.",
  chartCardSaved: "\u041A\u0430\u0440\u0442\u043E\u0447\u043A\u0430 \u043A\u0430\u0440\u0442\u044B \u0441\u043E\u0445\u0440\u0430\u043D\u0435\u043D\u0430.",
  cardError: "\u041D\u0435 \u0443\u0434\u0430\u043B\u043E\u0441\u044C \u043D\u0430\u0440\u0438\u0441\u043E\u0432\u0430\u0442\u044C \u043A\u0430\u0440\u0442\u043E\u0447\u043A\u0443 \u0432 \u044D\u0442\u043E\u043C \u0431\u0440\u0430\u0443\u0437\u0435\u0440\u0435 \u2014 \u043A\u043E\u043B\u0435\u0441\u043E \u0432\u044B\u0448\u0435 \u043E\u0442\u043B\u0438\u0447\u043D\u043E \u0441\u043D\u0438\u043C\u0430\u0435\u0442\u0441\u044F \u0438 \u0441\u043A\u0440\u0438\u043D\u0448\u043E\u0442\u043E\u043C.",
  shareNote: "\u0421\u0441\u044B\u043B\u043A\u0430 \u0441\u043E\u0434\u0435\u0440\u0436\u0438\u0442 \u0432\u0432\u0435\u0434\u0451\u043D\u043D\u044B\u0435 \u0434\u0430\u043D\u043D\u044B\u0435 \u0440\u043E\u0436\u0434\u0435\u043D\u0438\u044F \u2014 \u043D\u0430\u043C \u043D\u0438\u0447\u0435\u0433\u043E \u043D\u0435 \u043E\u0442\u043F\u0440\u0430\u0432\u043B\u044F\u0435\u0442\u0441\u044F, \u043E\u0442\u043A\u0440\u044B\u0442\u044C \u0435\u0451 \u0441\u043C\u043E\u0433\u0443\u0442 \u0442\u043E\u043B\u044C\u043A\u043E \u0442\u0435, \u043A\u043E\u043C\u0443 \u0432\u044B \u0435\u0451 \u043F\u0435\u0440\u0435\u0434\u0430\u0434\u0438\u0442\u0435. \u041A\u0430\u0440\u0442\u043E\u0447\u043A\u0430 \u2014 \u0438\u0437\u043E\u0431\u0440\u0430\u0436\u0435\u043D\u0438\u0435 1080\xD71350, \u0441\u043E\u0437\u0434\u0430\u0451\u0442\u0441\u044F \u043D\u0430 \u0432\u0430\u0448\u0435\u043C \u0443\u0441\u0442\u0440\u043E\u0439\u0441\u0442\u0432\u0435.",
  needsBirthTime: "\u041D\u0443\u0436\u043D\u043E \u0432\u0440\u0435\u043C\u044F \u0440\u043E\u0436\u0434\u0435\u043D\u0438\u044F",
  yourMoonSign: "\u0412\u0430\u0448 \u043B\u0443\u043D\u043D\u044B\u0439 \u0437\u043D\u0430\u043A",
  yourRisingSign: "\u0412\u0430\u0448 \u0430\u0441\u0446\u0435\u043D\u0434\u0435\u043D\u0442",
  moonPhaseAtBirth: "\u0424\u0430\u0437\u0430 \u041B\u0443\u043D\u044B \u043F\u0440\u0438 \u0440\u043E\u0436\u0434\u0435\u043D\u0438\u0438",
  chartRuler: "\u0423\u043F\u0440\u0430\u0432\u0438\u0442\u0435\u043B\u044C \u043A\u0430\u0440\u0442\u044B",
  planetSteering: "\u043F\u043B\u0430\u043D\u0435\u0442\u0430, \u0432\u0435\u0434\u0443\u0449\u0430\u044F \u0432\u0430\u0448 \u0430\u0441\u0446\u0435\u043D\u0434\u0435\u043D\u0442.",
  aspectsFound: "\u0410\u0441\u043F\u0435\u043A\u0442\u044B",
  found: "\u043D\u0430\u0439\u0434\u0435\u043D\u043E",
  applying: "\u0441\u0445\u043E\u0434\u044F\u0449\u0438\u0439\u0441\u044F",
  wholeSignHouses: "\u0414\u043E\u043C\u0430 \u0446\u0435\u043B\u044B\u0445 \u0437\u043D\u0430\u043A\u043E\u0432",
  placidusHouses: "\u0414\u043E\u043C\u0430 \u041F\u043B\u0430\u0446\u0438\u0434\u0443\u0441\u0430",
  engine: "\u0434\u0432\u0438\u0436\u043E\u043A v",
  readInOrder: "\u0427\u0438\u0442\u0430\u0435\u043C \u043F\u043E \u043F\u043E\u0440\u044F\u0434\u043A\u0443",
  readIntro: "\u0421\u0432\u0435\u0440\u0445\u0443 \u0432\u043D\u0438\u0437 \u2014 \u0442\u0430\u043A \u043A\u0430\u0440\u0442\u0443 \u0447\u0438\u0442\u0430\u043B \u0431\u044B \u0430\u0441\u0442\u0440\u043E\u043B\u043E\u0433. \u0422\u0430\u0431\u043B\u0438\u0446\u044B \u0432\u044B\u0448\u0435 \u2014 \u0434\u0430\u043D\u043D\u044B\u0435; \u0437\u0434\u0435\u0441\u044C \u2014 \u0447\u0442\u043E \u043E\u043D\u0438 \u0437\u043D\u0430\u0447\u0430\u0442.",
  readBigThree: "\u041D\u0430\u0447\u043D\u0438\u0442\u0435 \u0441 \u0431\u043E\u043B\u044C\u0448\u043E\u0439 \u0442\u0440\u043E\u0439\u043A\u0438",
  readBigThreeBody: "\u0421\u043E\u043B\u043D\u0446\u0435, \u041B\u0443\u043D\u0430, \u0430\u0441\u0446\u0435\u043D\u0434\u0435\u043D\u0442 \u2014 \u0442\u0440\u0438 \u043A\u0430\u0440\u0442\u043E\u0447\u043A\u0438 \u043D\u0430\u0432\u0435\u0440\u0445\u0443. \u041B\u0438\u0447\u043D\u043E\u0441\u0442\u044C, \u0438\u043D\u0441\u0442\u0438\u043D\u043A\u0442, \u0432\u0445\u043E\u0434. \u0412\u0441\u0451, \u0447\u0442\u043E \u043D\u0438\u0436\u0435, \u0443\u0442\u043E\u0447\u043D\u044F\u0435\u0442 \u0438\u0445; \u043D\u0438\u0447\u0442\u043E \u0438\u0445 \u043D\u0435 \u0437\u0430\u043C\u0435\u043D\u044F\u0435\u0442.",
  readRooms: "\u041F\u043B\u0430\u043D\u0435\u0442\u044B, \u043A\u043E\u043C\u043D\u0430\u0442\u0430 \u0437\u0430 \u043A\u043E\u043C\u043D\u0430\u0442\u043E\u0439",
  readNoHouses: "\u0411\u0435\u0437 \u0432\u0440\u0435\u043C\u0435\u043D\u0438 \u0440\u043E\u0436\u0434\u0435\u043D\u0438\u044F \u043D\u0435\u0442 \u0434\u043E\u043C\u043E\u0432, \u043F\u043E\u044D\u0442\u043E\u043C\u0443 \u043A\u0430\u0436\u0434\u0430\u044F \u043F\u043B\u0430\u043D\u0435\u0442\u0430 \u0447\u0438\u0442\u0430\u0435\u0442\u0441\u044F \u0442\u043E\u043B\u044C\u043A\u043E \u043F\u043E \u0437\u043D\u0430\u043A\u0443. \u0414\u043E\u0431\u0430\u0432\u044C\u0442\u0435 \u0432\u0440\u0435\u043C\u044F \u2014 \u0438 \u0440\u0430\u0437\u0434\u0435\u043B \u043E\u0431\u0440\u0435\u0442\u0451\u0442 \u0441\u0432\u043E\u0438 \u043A\u043E\u043C\u043D\u0430\u0442\u044B.",
  readAspects: "\u0410\u0441\u043F\u0435\u043A\u0442\u044B, \u043A\u043E\u0442\u043E\u0440\u044B\u0435 \u0440\u0430\u0431\u043E\u0442\u0430\u044E\u0442 \u0431\u043E\u043B\u044C\u0448\u0435 \u0432\u0441\u0435\u0433\u043E",
  readWeather: "\u041F\u043E\u0433\u043E\u0434\u0430 \u043A\u0430\u0440\u0442\u044B",
  readIn: "\u0432",
  today: "\u0441\u0435\u0433\u043E\u0434\u043D\u044F",
  todayBySignTitle: "\u041D\u0435\u0431\u043E \u0441\u0435\u0433\u043E\u0434\u043D\u044F \u2014 \u0434\u043B\u044F \u043A\u0430\u0436\u0434\u043E\u0433\u043E \u0437\u043D\u0430\u043A\u0430",
  todayBySignPrompt: "\u0412\u044B\u0431\u0435\u0440\u0438\u0442\u0435 \u0441\u0432\u043E\u0439 \u0441\u043E\u043B\u043D\u0435\u0447\u043D\u044B\u0439 \u0437\u043D\u0430\u043A, \u0447\u0442\u043E\u0431\u044B \u043F\u0440\u043E\u0447\u0438\u0442\u0430\u0442\u044C \u044F\u0441\u043D\u044B\u0439 \u043F\u0440\u043E\u0433\u043D\u043E\u0437 \u043D\u0430 \u0441\u0435\u0433\u043E\u0434\u043D\u044F \u2014 \u0432\u0440\u0435\u043C\u044F \u0440\u043E\u0436\u0434\u0435\u043D\u0438\u044F \u043D\u0435 \u043D\u0443\u0436\u043D\u043E.",
  todaySolarNote: "\u0447\u0438\u0442\u0430\u0435\u0442\u0441\u044F \u043F\u043E \u0441\u043E\u043B\u043D\u0435\u0447\u043D\u044B\u043C \u0434\u043E\u043C\u0430\u043C \u0432\u0430\u0448\u0435\u0433\u043E \u0437\u043D\u0430\u043A\u0430",
  whyThisReading: "\u041F\u043E\u0447\u0435\u043C\u0443 \u0442\u0430\u043A\u043E\u0435 \u0447\u0442\u0435\u043D\u0438\u0435",
  todayHoroscopeLink: "\u0433\u043E\u0440\u043E\u0441\u043A\u043E\u043F",
  or: "\u0438\u043B\u0438",
  chartSavedBeforeLink: "\u0421\u043E\u0445\u0440\u0430\u043D\u0435\u043D\u043E \u0432 \u0432\u0430\u0448\u0438 \u043A\u0430\u0440\u0442\u044B. \u0412\u043E\u0439\u0434\u0438\u0442\u0435",
  chartSavedLink: "\u0437\u0434\u0435\u0441\u044C",
  chartSavedAfterLink: "\u043A\u043E\u0433\u0434\u0430 \u0437\u0430\u0445\u043E\u0442\u0438\u0442\u0435 \u0432\u0438\u0434\u0435\u0442\u044C \u0438\u0445 \u043D\u0430 \u0432\u0441\u0435\u0445 \u0443\u0441\u0442\u0440\u043E\u0439\u0441\u0442\u0432\u0430\u0445.",
  signedInAs: "\u0412\u044B \u0432\u043E\u0448\u043B\u0438 \u043A\u0430\u043A {email}",
  removeChartConfirm: "\u0423\u0434\u0430\u043B\u0438\u0442\u044C \xAB{name}\xBB \u0441 \u044D\u0442\u043E\u0433\u043E \u0443\u0441\u0442\u0440\u043E\u0439\u0441\u0442\u0432\u0430?",
  compareSavedHeading: "\u0421\u0440\u0430\u0432\u043D\u0438\u0442\u044C: {a} \u0438 {b}",
  compareSavedPitch: "\u0414\u0432\u0435 \u0441\u043E\u0445\u0440\u0430\u043D\u0451\u043D\u043D\u044B\u0435 \u043A\u0430\u0440\u0442\u044B \u2014 \u044D\u0442\u043E \u0433\u043E\u0442\u043E\u0432\u043E\u0435 \u0441\u0440\u0430\u0432\u043D\u0435\u043D\u0438\u0435: \u043A\u0430\u0436\u0434\u044B\u0439 \u043C\u0435\u0436\u043A\u0430\u0440\u0442\u043D\u044B\u0439 \u0430\u0441\u043F\u0435\u043A\u0442, \u0447\u0435\u0441\u0442\u043D\u043E \u0440\u0430\u0441\u0441\u0447\u0438\u0442\u0430\u043D\u043D\u044B\u0439 \u043D\u0430 \u044D\u0442\u043E\u043C \u0443\u0441\u0442\u0440\u043E\u0439\u0441\u0442\u0432\u0435.",
  saturnDateHelp: "\u041E\u0434\u043D\u0430 \u0434\u0430\u0442\u0430 \u0443\u0436\u0435 \u0437\u0430\u043A\u0440\u0435\u043F\u043B\u044F\u0435\u0442 \u0433\u043E\u0434\u044B \u0432\u043E\u0437\u0432\u0440\u0430\u0449\u0435\u043D\u0438\u044F. \u0412\u0440\u0435\u043C\u044F \u0438 \u043C\u0435\u0441\u0442\u043E \u0443\u0442\u043E\u0447\u043D\u044F\u044E\u0442 \u0434\u0430\u0442\u044B \u043D\u0430 \u043D\u0435\u0441\u043A\u043E\u043B\u044C\u043A\u043E \u0434\u043D\u0435\u0439 \u2014 \u043D\u043E \u043D\u0435 \u0433\u043E\u0434.",
  saturnReturnHeading: "{ordinal} \u0432\u043E\u0437\u0432\u0440\u0430\u0449\u0435\u043D\u0438\u0435",
  skyMercuryRetrograde: "\u0420\u0435\u0442\u0440\u043E\u0433\u0440\u0430\u0434\u043D\u044B\u0439 \u041C\u0435\u0440\u043A\u0443\u0440\u0438\u0439",
  skyMercuryDirect: "\u041C\u0435\u0440\u043A\u0443\u0440\u0438\u0439 \u0434\u0438\u0440\u0435\u043A\u0442\u043D\u044B\u0439",
  skyPlanetRetrograde: "\u0420\u0435\u0442\u0440\u043E\u0433\u0440\u0430\u0434\u043D\u044B\u0439 {planet}",
  skyFullMoon: "\u041F\u043E\u043B\u043D\u043E\u043B\u0443\u043D\u0438\u0435",
  skyNewMoon: "\u041D\u043E\u0432\u043E\u043B\u0443\u043D\u0438\u0435",
  skyMoonOn: "{event} \xB7 {date}",
  skyAsOf: "{date} \xB7 12 UTC",
  skyTickerAria: "\u041F\u043E\u043B\u043E\u0436\u0435\u043D\u0438\u044F \u043D\u0435\u0431\u0430 \u043D\u0430 {date}, 12:00 UTC",
  moonDiscAria: "\u041B\u0443\u043D\u0430, \u043E\u0441\u0432\u0435\u0449\u0435\u043D\u043E {percent}%",
  pairingCta: "\u0427\u0438\u0442\u0430\u0442\u044C \u043F\u0430\u0440\u0443 {a} \u0438 {b}",
  inviteWith: "\u041F\u0440\u0438\u0433\u043B\u0430\u0441\u0438\u0442\u044C \u043A\u043E\u0433\u043E-\u0442\u043E \u0441\u0440\u0430\u0432\u043D\u0438\u0442\u044C\u0441\u044F \u0441 {name}",
  inviteNamedNote: "\u0421\u0441\u044B\u043B\u043A\u0430 \u0441\u043E\u0434\u0435\u0440\u0436\u0438\u0442 \u0434\u0430\u043D\u043D\u044B\u0435 \u0440\u043E\u0436\u0434\u0435\u043D\u0438\u044F {name} \u0438 \u043E\u0442\u043A\u0440\u044B\u0432\u0430\u0435\u0442 \u044D\u0442\u0443 \u0441\u0442\u0440\u0430\u043D\u0438\u0446\u0443 \u0441 \u0437\u0430\u043F\u043E\u043B\u043D\u0435\u043D\u043D\u043E\u0439 \u0441\u0442\u043E\u0440\u043E\u043D\u043E\u0439 \u2014 \u043D\u0430\u043C \u043D\u0438\u0447\u0435\u0433\u043E \u043D\u0435 \u043E\u0442\u043F\u0440\u0430\u0432\u043B\u044F\u0435\u0442\u0441\u044F. \u0415\u0441\u043B\u0438 \u044D\u0442\u043E \u043D\u0435 \u0432\u044B, \u0441\u0442\u043E\u0438\u0442 \u0441\u043F\u0440\u043E\u0441\u0438\u0442\u044C \u0441\u043E\u0433\u043B\u0430\u0441\u0438\u044F.",
  transitMiddayUtc: "{date} \xB7 \u043F\u043E\u043B\u0434\u0435\u043D\u044C UTC",
  planetReturn: "\u0412\u043E\u0437\u0432\u0440\u0430\u0449\u0435\u043D\u0438\u0435: {planet}",
  natalPlanet: "\u041D\u0430\u0442\u0430\u043B\u044C\u043D\u044B\u0439 {planet}",
  pfdToday: "\u0421\u0435\u0433\u043E\u0434\u043D\u044F \u0434\u043B\u044F \u044D\u0442\u043E\u0439 \u043A\u0430\u0440\u0442\u044B",
  pfdComing: "\u0427\u0442\u043E \u0432\u043F\u0435\u0440\u0435\u0434\u0438 \u0443 \u044D\u0442\u043E\u0439 \u043A\u0430\u0440\u0442\u044B",
  pfdYearAhead: "\u0413\u043E\u0434 \u0432\u043F\u0435\u0440\u0451\u0434 \u0434\u043B\u044F \u044D\u0442\u043E\u0439 \u043A\u0430\u0440\u0442\u044B",
  pfdYearBusy: "\u0421\u0447\u0438\u0442\u0430\u0435\u043C \u0433\u043E\u0434 \u043D\u0430 \u0432\u0430\u0448\u0435\u043C \u0443\u0441\u0442\u0440\u043E\u0439\u0441\u0442\u0432\u0435 \u2014 \u043D\u0435\u0441\u043A\u043E\u043B\u044C\u043A\u043E \u0441\u0435\u043A\u0443\u043D\u0434\u2026",
  pfdYearNote: "\u0420\u0430\u0441\u0441\u0447\u0438\u0442\u0430\u043D\u043E \u043F\u043E \u0432\u0430\u0448\u0435\u0439 \u0441\u043E\u0445\u0440\u0430\u043D\u0451\u043D\u043D\u043E\u0439 \u043A\u0430\u0440\u0442\u0435: \u0442\u043E\u0447\u043D\u044B\u0435 \u0434\u0430\u0442\u044B \u043D\u0430 \u0431\u043B\u0438\u0436\u0430\u0439\u0448\u0438\u0435 \u0434\u0432\u0435\u043D\u0430\u0434\u0446\u0430\u0442\u044C \u043C\u0435\u0441\u044F\u0446\u0435\u0432.",
  saveYearAheadNote: "\u0414\u043B\u044F \u0441\u043E\u0445\u0440\u0430\u043D\u0451\u043D\u043D\u044B\u0445 \u043A\u0430\u0440\u0442 \u043F\u0440\u043E\u0444\u0438\u043B\u044C \u0441\u0447\u0438\u0442\u0430\u0435\u0442 \u0433\u043E\u0434 \u0432\u043F\u0435\u0440\u0451\u0434 \u2014 \u0441\u043E\u043B\u043D\u0435\u0447\u043D\u043E\u0435 \u0432\u043E\u0437\u0432\u0440\u0430\u0449\u0435\u043D\u0438\u0435, \u0434\u0430\u0442\u044B \u042E\u043F\u0438\u0442\u0435\u0440\u0430 \u0438 \u0421\u0430\u0442\u0443\u0440\u043D\u0430, \u043F\u043E\u043F\u0430\u0434\u0430\u043D\u0438\u044F \u0437\u0430\u0442\u043C\u0435\u043D\u0438\u0439.",
  recordLabel: "\u041A\u043E\u043B\u043B\u0435\u043A\u0446\u0438\u043E\u043D\u043D\u043E\u0435 \u043A\u0440\u044B\u043B\u043E",
  recordOneOfTwelve: "\u0442\u0430\u043A\u0436\u0435 \u0435\u0441\u0442\u044C \u0441\u0440\u0435\u0434\u0438 \u0414\u0432\u0435\u043D\u0430\u0434\u0446\u0430\u0442\u0438 \u2014 \u044D\u0442\u043E \u043A\u0430\u043D\u043E\u043D\u0438\u0447\u0435\u0441\u043A\u0430\u044F \u0437\u0430\u043F\u0438\u0441\u044C \u0432 \u0420\u0435\u0435\u0441\u0442\u0440\u0435, \u043F\u043E\u043A\u0430 \u043F\u043E-\u0430\u043D\u0433\u043B\u0438\u0439\u0441\u043A\u0438.",
  recordViewLink: "\u041F\u043E\u0441\u043C\u043E\u0442\u0440\u0435\u0442\u044C \u0437\u0430\u043F\u0438\u0441\u044C \u2014 \u043F\u043E\u043A\u0430 \u043F\u043E-\u0430\u043D\u0433\u043B\u0438\u0439\u0441\u043A\u0438 \u2192",
  recordChartSun: "\u0412\u0430\u0448 \u0441\u043E\u043B\u043D\u0435\u0447\u043D\u044B\u0439 \u0437\u043D\u0430\u043A \u2014 {sign}.",
  recordChartBody: "{sign} \u0432\u0445\u043E\u0434\u0438\u0442 \u0432 \u0447\u0438\u0441\u043B\u043E \u0414\u0432\u0435\u043D\u0430\u0434\u0446\u0430\u0442\u0438 \u2014 \u0441\u043E \u0441\u0432\u043E\u0438\u043C \u043E\u0431\u0440\u0430\u0437\u043E\u043C, \u0438\u0441\u0442\u043E\u0440\u0438\u0435\u0439 \u0438 \u043E\u0444\u0438\u0446\u0438\u0430\u043B\u044C\u043D\u043E\u0439 \u0437\u0430\u043F\u0438\u0441\u044C\u044E \u0432 \u0420\u0435\u0435\u0441\u0442\u0440\u0435, \u043F\u043E\u043A\u0430 \u043F\u043E-\u0430\u043D\u0433\u043B\u0438\u0439\u0441\u043A\u0438.",
  recordChartLink: "\u041E\u0442\u043A\u0440\u044B\u0442\u044C \u0420\u0435\u0435\u0441\u0442\u0440: {sign} \u2014 \u043F\u043E\u043A\u0430 \u043F\u043E-\u0430\u043D\u0433\u043B\u0438\u0439\u0441\u043A\u0438 \u2192",
  babyDueDate: "\u041F\u0440\u0435\u0434\u043F\u043E\u043B\u0430\u0433\u0430\u0435\u043C\u0430\u044F \u0434\u0430\u0442\u0430 \u0440\u043E\u0434\u043E\u0432",
  babyCompute: "\u041F\u0440\u043E\u0447\u0438\u0442\u0430\u0442\u044C \u043D\u0435\u0431\u043E \u043D\u0430 \u044D\u0442\u0443 \u0434\u0430\u0442\u0443",
  babyNeedDate: "\u0421\u043D\u0430\u0447\u0430\u043B\u0430 \u0432\u0432\u0435\u0434\u0438\u0442\u0435 \u0434\u0430\u0442\u0443.",
  babyError: "\u041D\u0435 \u043F\u043E\u043B\u0443\u0447\u0438\u043B\u043E\u0441\u044C \u0440\u0430\u0441\u0441\u0447\u0438\u0442\u0430\u0442\u044C \u043D\u0435\u0431\u043E. \u041F\u043E\u043F\u0440\u043E\u0431\u0443\u0439\u0442\u0435 \u0435\u0449\u0451 \u0440\u0430\u0437.",
  babySunHead: "\u0421\u043E\u043B\u043D\u0435\u0447\u043D\u044B\u0439 \u0437\u043D\u0430\u043A \u2014 \u043F\u043E\u0447\u0442\u0438 \u043D\u0430\u0432\u0435\u0440\u043D\u044F\u043A\u0430",
  babySunSingle: "\u0420\u043E\u0436\u0434\u0435\u043D\u0438\u0435 \u0432 \u044D\u0442\u043E\u0442 \u0434\u0435\u043D\u044C \u0434\u0430\u0451\u0442 \u0421\u043E\u043B\u043D\u0446\u0435 \u0432",
  babySunNearEdge: "\u0414\u0430\u0442\u0430 \u0441\u0442\u043E\u0438\u0442 \u0443 \u0441\u0430\u043C\u043E\u0439 \u0433\u0440\u0430\u043D\u0438\u0446\u044B \u0437\u043D\u0430\u043A\u0430, \u0442\u0430\u043A \u0447\u0442\u043E \u043F\u0440\u0438\u0445\u043E\u0434 \u043D\u0430 \u0434\u0435\u043D\u044C \u0441 \u043B\u0438\u0448\u043D\u0438\u043C \u0440\u0430\u043D\u044C\u0448\u0435 \u0438\u043B\u0438 \u043F\u043E\u0437\u0436\u0435 \u043C\u043E\u0436\u0435\u0442 \u0441\u043C\u0435\u0441\u0442\u0438\u0442\u044C \u0432",
  babySunNearEdgeTail: "\u2014 \u0440\u0435\u0448\u0430\u0435\u0442 \u0434\u0430\u0442\u0430 \u0440\u043E\u0436\u0434\u0435\u043D\u0438\u044F.",
  babySunSplitA: "\u0412 \u044D\u0442\u043E\u0442 \u0434\u0435\u043D\u044C \u0421\u043E\u043B\u043D\u0446\u0435 \u043C\u0435\u043D\u044F\u0435\u0442 \u0437\u043D\u0430\u043A: \u0440\u043E\u0436\u0434\u0435\u043D\u0438\u0435 \u0432\u044B\u0445\u043E\u0434\u0438\u0442",
  babySunSplitOr: "\u0438\u043B\u0438",
  babySunSplitTail: "\u0432 \u0437\u0430\u0432\u0438\u0441\u0438\u043C\u043E\u0441\u0442\u0438 \u043E\u0442 \u0447\u0430\u0441\u0430. \u0420\u0435\u0448\u0430\u0435\u0442 \u0442\u043E\u0447\u043D\u044B\u0439 \u043C\u043E\u043C\u0435\u043D\u0442 \u0440\u043E\u0436\u0434\u0435\u043D\u0438\u044F.",
  babyNoonNote: "\u0437\u043D\u0430\u043A\u0438 \u0447\u0438\u0442\u0430\u044E\u0442\u0441\u044F \u043D\u0430 \u043F\u043E\u043B\u0434\u0435\u043D\u044C \u0432\u0441\u0435\u043C\u0438\u0440\u043D\u043E\u0433\u043E \u0432\u0440\u0435\u043C\u0435\u043D\u0438",
  babyMoonHead: "\u041B\u0443\u043D\u043D\u044B\u0439 \u0437\u043D\u0430\u043A \u2014 \u043E\u0434\u0438\u043D \u0438\u0437 \u043D\u0435\u0441\u043A\u043E\u043B\u044C\u043A\u0438\u0445",
  babyMoonBody: "\u041B\u0443\u043D\u0430 \u043C\u0435\u043D\u044F\u0435\u0442 \u0437\u043D\u0430\u043A \u043A\u0430\u0436\u0434\u044B\u0435 \u0434\u0432\u0430-\u0442\u0440\u0438 \u0434\u043D\u044F, \u0442\u0430\u043A \u0447\u0442\u043E \u043D\u0435\u0434\u0435\u043B\u044F \u0440\u043E\u0434\u043E\u0432 \u043E\u0431\u044B\u0447\u043D\u043E \u043E\u0445\u0432\u0430\u0442\u044B\u0432\u0430\u0435\u0442 \u0434\u0432\u0430-\u0442\u0440\u0438 \u043B\u0443\u043D\u043D\u044B\u0445 \u0437\u043D\u0430\u043A\u0430. \u0414\u0435\u0442\u0438, \u0440\u043E\u0436\u0434\u0451\u043D\u043D\u044B\u0435 \u0432 \u043E\u0434\u043D\u0443 \u043D\u0435\u0434\u0435\u043B\u044E, \u043C\u043E\u0433\u0443\u0442 \u043D\u0435\u0441\u0442\u0438 \u0440\u0430\u0437\u043D\u044B\u0435 \u2014 \u0440\u0435\u0448\u0430\u044E\u0442 \u0434\u0435\u043D\u044C \u0438 \u0447\u0430\u0441 \u0440\u043E\u0436\u0434\u0435\u043D\u0438\u044F.",
  babyRetroHead: "\u0420\u0435\u0442\u0440\u043E\u0433\u0440\u0430\u0434\u043D\u044B\u0435 \u043F\u0440\u0438 \u0440\u043E\u0436\u0434\u0435\u043D\u0438\u0438",
  babyRetroBody: "\u044D\u0442\u0438 \u043F\u043B\u0430\u043D\u0435\u0442\u044B \u0432 \u0441\u0432\u043E\u0451\u043C \u0440\u0435\u0442\u0440\u043E\u0433\u0440\u0430\u0434\u043D\u043E\u043C \u043E\u0442\u0440\u0435\u0437\u043A\u0435 \u043E\u043A\u043E\u043B\u043E \u0434\u0430\u0442\u044B \u0440\u043E\u0434\u043E\u0432. \u0412 \u043D\u0430\u0442\u0430\u043B\u044C\u043D\u043E\u0439 \u043A\u0430\u0440\u0442\u0435 \u0440\u0435\u0442\u0440\u043E\u0433\u0440\u0430\u0434\u043D\u0430\u044F \u043F\u043B\u0430\u043D\u0435\u0442\u0430 \u0447\u0438\u0442\u0430\u0435\u0442\u0441\u044F \u043A\u0430\u043A \u0431\u043E\u043B\u0435\u0435 \u043E\u0431\u0440\u0430\u0449\u0451\u043D\u043D\u0430\u044F \u0432\u043D\u0443\u0442\u0440\u044C \u2014 \u044D\u0442\u043E \u043E\u0431\u044B\u0447\u043D\u043E\u0435 \u0434\u0435\u043B\u043E, \u0447\u0438\u043D\u0438\u0442\u044C \u043D\u0435\u0447\u0435\u0433\u043E.",
  babyRisingHead: "\u0410\u0441\u0446\u0435\u043D\u0434\u0435\u043D\u0442 \u2014 \u043D\u0435 \u0443\u0437\u043D\u0430\u0442\u044C \u0434\u043E \u043C\u0438\u043D\u0443\u0442\u044B",
  babyRisingBody: "\u0410\u0441\u0446\u0435\u043D\u0434\u0435\u043D\u0442 \u043C\u0435\u043D\u044F\u0435\u0442\u0441\u044F \u043F\u0440\u0438\u043C\u0435\u0440\u043D\u043E \u043A\u0430\u0436\u0434\u044B\u0435 \u0434\u0432\u0430 \u0447\u0430\u0441\u0430, \u0438 \u043D\u0438\u043A\u0430\u043A\u0430\u044F \u0434\u0430\u0442\u0430 \u0440\u043E\u0434\u043E\u0432 \u0435\u0433\u043E \u043D\u0435 \u043F\u0440\u0435\u0434\u0441\u043A\u0430\u0436\u0435\u0442. \u042D\u0442\u043E \u0435\u0434\u0438\u043D\u0441\u0442\u0432\u0435\u043D\u043D\u0430\u044F \u043F\u043E\u0437\u0438\u0446\u0438\u044F, \u043A\u043E\u0442\u043E\u0440\u0430\u044F \u0436\u0434\u0451\u0442 \u0441\u0432\u0438\u0434\u0435\u0442\u0435\u043B\u044C\u0441\u0442\u0432\u0430 \u043E \u0440\u043E\u0436\u0434\u0435\u043D\u0438\u0438.",
  babyDateLink: "\u0420\u0430\u0437\u043E\u0431\u0440\u0430\u0442\u044C \u044D\u0442\u043E\u0442 \u0434\u0435\u043D\u044C \u0440\u043E\u0436\u0434\u0435\u043D\u0438\u044F \u043F\u043E\u0434\u0440\u043E\u0431\u043D\u043E",
  babyChartLink: "\u041F\u043E\u0441\u043B\u0435 \u0440\u043E\u0436\u0434\u0435\u043D\u0438\u044F: \u043F\u043E\u043B\u043D\u0430\u044F \u043A\u0430\u0440\u0442\u0430",
  pfdChartPick: "\u041A\u0430\u0440\u0442\u0430",
  pfdQuietSky: "\u0422\u0438\u0445\u043E\u0435 \u043D\u0435\u0431\u043E \u0434\u043B\u044F \u044D\u0442\u043E\u0439 \u043A\u0430\u0440\u0442\u044B \u0441\u0435\u0433\u043E\u0434\u043D\u044F \u2014 \u043D\u0438\u0447\u0435\u0433\u043E \u0432 \u043F\u0440\u0435\u0434\u0435\u043B\u0430\u0445 3\xB0 \u043E\u0442 \u043D\u0430\u0442\u0430\u043B\u044C\u043D\u044B\u0445 \u0442\u043E\u0447\u0435\u043A.",
  pfdQuietAhead: "\u041D\u0430 \u0433\u043E\u0440\u0438\u0437\u043E\u043D\u0442\u0435 \u044D\u0442\u043E\u0439 \u043A\u0430\u0440\u0442\u044B \u0432 \u0440\u0430\u0441\u0441\u0447\u0438\u0442\u0430\u043D\u043D\u043E\u043C \u043E\u043A\u043D\u0435 \u043D\u0435\u0442 \u043A\u0440\u0443\u043F\u043D\u043E\u0433\u043E.",
  pfdSaturnBusy: "\u0421\u0447\u0438\u0442\u0430\u0435\u043C \u043E\u043A\u043D\u0430 \u0421\u0430\u0442\u0443\u0440\u043D\u0430 \u043D\u0430 \u0432\u0430\u0448\u0435\u043C \u0443\u0441\u0442\u0440\u043E\u0439\u0441\u0442\u0432\u0435\u2026",
  pfdEmptyTitle: "\u0412\u0430\u0448\u0435 \u043D\u0435\u0431\u043E \u2014 \u043F\u043E\u0441\u043B\u0435 \u043F\u0435\u0440\u0432\u043E\u0439 \u0441\u043E\u0445\u0440\u0430\u043D\u0451\u043D\u043D\u043E\u0439 \u043A\u0430\u0440\u0442\u044B",
  pfdEmptyBody: "\u0421\u043E\u0445\u0440\u0430\u043D\u0438\u0442\u0435 \u043D\u0430\u0442\u0430\u043B\u044C\u043D\u0443\u044E \u043A\u0430\u0440\u0442\u0443, \u0438 \u044D\u0442\u0430 \u0441\u0442\u0440\u0430\u043D\u0438\u0446\u0430 \u0431\u0443\u0434\u0435\u0442 \u043A\u0430\u0436\u0434\u044B\u0439 \u0434\u0435\u043D\u044C \u043E\u0442\u043A\u0440\u044B\u0432\u0430\u0442\u044C\u0441\u044F \u0435\u0451 \u0442\u0440\u0430\u043D\u0437\u0438\u0442\u0430\u043C\u0438, \u0434\u043E\u043C\u0430\u043C\u0438 \u0438 \u0442\u0435\u043C, \u0447\u0442\u043E \u0434\u043B\u044F \u043D\u0435\u0451 \u0432\u043F\u0435\u0440\u0435\u0434\u0438.",
  pfdWindows: "\u043E\u043A\u043D\u0430",
  openChart: "\u041E\u0442\u043A\u0440\u044B\u0442\u044C",
  dignityDomicile: "\u043E\u0431\u0438\u0442\u0435\u043B\u044C",
  dignityExaltation: "\u044D\u043A\u0437\u0430\u043B\u044C\u0442\u0430\u0446\u0438\u044F",
  dignityDetriment: "\u0438\u0437\u0433\u043D\u0430\u043D\u0438\u0435",
  dignityFall: "\u043F\u0430\u0434\u0435\u043D\u0438\u0435",
  explorerHint: "\u041A\u043E\u0441\u043D\u0438\u0442\u0435\u0441\u044C \u043B\u044E\u0431\u043E\u0439 \u043F\u043B\u0430\u043D\u0435\u0442\u044B, \u0437\u043D\u0430\u043A\u0430, \u0434\u043E\u043C\u0430 \u0438\u043B\u0438 \u043B\u0438\u043D\u0438\u0438 \u0430\u0441\u043F\u0435\u043A\u0442\u0430 \u2014 \u0438\u043B\u0438 \u0441\u0444\u043E\u043A\u0443\u0441\u0438\u0440\u0443\u0439\u0442\u0435 \u043A\u043E\u043B\u0435\u0441\u043E \u0438 \u043B\u0438\u0441\u0442\u0430\u0439\u0442\u0435 \u0441\u0442\u0440\u0435\u043B\u043A\u0430\u043C\u0438.",
  explorerLabel: "\u0418\u043D\u0442\u0435\u0440\u0430\u043A\u0442\u0438\u0432\u043D\u0430\u044F \u043D\u0430\u0442\u0430\u043B\u044C\u043D\u0430\u044F \u043A\u0430\u0440\u0442\u0430",
  explorerSelectPart: "\u0412\u044B\u0431\u0435\u0440\u0438\u0442\u0435 \u0447\u0430\u0441\u0442\u044C \u043A\u0430\u0440\u0442\u044B",
  explorerNoSelection: "\u041D\u0438\u0447\u0435\u0433\u043E \u043D\u0435 \u0432\u044B\u0431\u0440\u0430\u043D\u043E",
  explorerAngles: "\u0423\u0433\u043B\u044B",
  explorerControlsLoading: "\u0417\u0430\u0433\u0440\u0443\u0437\u043A\u0430 \u0438\u043D\u0442\u0435\u0440\u043F\u0440\u0435\u0442\u0430\u0446\u0438\u0439 \u0438 \u044D\u043B\u0435\u043C\u0435\u043D\u0442\u043E\u0432 \u0443\u043F\u0440\u0430\u0432\u043B\u0435\u043D\u0438\u044F \u043A\u0430\u0440\u0442\u043E\u0439\u2026",
  explorerControlsError: "\u041A\u0430\u0440\u0442\u0430 \u0433\u043E\u0442\u043E\u0432\u0430, \u043D\u043E \u0435\u0451 \u0438\u043D\u0442\u0435\u0440\u043F\u0440\u0435\u0442\u0430\u0446\u0438\u0438 \u0438 \u044D\u043B\u0435\u043C\u0435\u043D\u0442\u044B \u0443\u043F\u0440\u0430\u0432\u043B\u0435\u043D\u0438\u044F \u043D\u0435 \u0437\u0430\u0433\u0440\u0443\u0437\u0438\u043B\u0438\u0441\u044C. \u041F\u0440\u043E\u0432\u0435\u0440\u044C\u0442\u0435 \u043F\u043E\u0434\u043A\u043B\u044E\u0447\u0435\u043D\u0438\u0435 \u0438 \u043F\u043E\u043F\u0440\u043E\u0431\u0443\u0439\u0442\u0435 \u0441\u043D\u043E\u0432\u0430.",
  explorerKeyHint: "\u0421\u0442\u0440\u0435\u043B\u043A\u0438 \u0432\u043B\u0435\u0432\u043E \u0438 \u0432\u043F\u0440\u0430\u0432\u043E \u043F\u0435\u0440\u0435\u043A\u043B\u044E\u0447\u0430\u044E\u0442 \u043F\u043E\u043B\u043E\u0436\u0435\u043D\u0438\u044F; Enter \u043E\u0442\u043A\u0440\u044B\u0432\u0430\u0435\u0442 \u043F\u0430\u043D\u0435\u043B\u044C \u043F\u043E\u0434\u0440\u043E\u0431\u043D\u043E\u0441\u0442\u0435\u0439.",
  selectionCleared: "\u0412\u044B\u0431\u043E\u0440 \u0441\u043D\u044F\u0442.",
  inspectorClose: "\u0417\u0430\u043A\u0440\u044B\u0442\u044C \u0434\u0435\u0442\u0430\u043B\u0438",
  speed: "\u0421\u043A\u043E\u0440\u043E\u0441\u0442\u044C",
  day: "\u0441\u0443\u0442\u043A\u0438",
  dignity: "\u0414\u043E\u0441\u0442\u043E\u0438\u043D\u0441\u0442\u0432\u043E",
  separating: "\u0440\u0430\u0441\u0445\u043E\u0434\u044F\u0449\u0438\u0439\u0441\u044F",
  dates: "\u0414\u0430\u0442\u044B",
  element: "\u0421\u0442\u0438\u0445\u0438\u044F",
  ruler: "\u0423\u043F\u0440\u0430\u0432\u0438\u0442\u0435\u043B\u044C",
  inThisSign: "\u0412 \u044D\u0442\u043E\u043C \u0437\u043D\u0430\u043A\u0435",
  inThisHouse: "\u0412 \u044D\u0442\u043E\u043C \u0434\u043E\u043C\u0435",
  cusp: "\u041A\u0443\u0441\u043F\u0438\u0434",
  span: "\u041F\u0440\u043E\u0442\u044F\u0436\u0451\u043D\u043D\u043E\u0441\u0442\u044C",
  emptyHouseNote: "\u041F\u043B\u0430\u043D\u0435\u0442 \u0437\u0434\u0435\u0441\u044C \u043D\u0435\u0442. \u041F\u0443\u0441\u0442\u043E\u0439 \u0434\u043E\u043C \u2014 \u043D\u0435 \u043F\u0440\u043E\u0431\u0435\u043B: \u0435\u0433\u043E \u0442\u0435\u043C\u044B \u0438\u0434\u0443\u0442 \u0447\u0435\u0440\u0435\u0437 \u043F\u043B\u0430\u043D\u0435\u0442\u0443, \u043A\u043E\u0442\u043E\u0440\u0430\u044F \u0438\u043C \u0443\u043F\u0440\u0430\u0432\u043B\u044F\u0435\u0442.",
  angleAscNote: "\u0410\u0441\u0446\u0435\u043D\u0434\u0435\u043D\u0442 \u2014 \u0433\u0440\u0430\u0434\u0443\u0441, \u0432\u043E\u0441\u0445\u043E\u0434\u044F\u0449\u0438\u0439 \u043D\u0430\u0434 \u0432\u043E\u0441\u0442\u043E\u0447\u043D\u044B\u043C \u0433\u043E\u0440\u0438\u0437\u043E\u043D\u0442\u043E\u043C \u0432 \u043C\u043E\u043C\u0435\u043D\u0442 \u0440\u043E\u0436\u0434\u0435\u043D\u0438\u044F. \u041E\u043D \u0434\u0435\u0440\u0436\u0438\u0442 \u0432\u0441\u0451 \u043A\u043E\u043B\u0435\u0441\u043E.",
  angleDscNote: "\u0414\u0435\u0441\u0446\u0435\u043D\u0434\u0435\u043D\u0442 \u2014 \u0433\u0440\u0430\u0434\u0443\u0441, \u0437\u0430\u0445\u043E\u0434\u044F\u0449\u0438\u0439 \u043D\u0430 \u0437\u0430\u043F\u0430\u0434\u0435, \u043D\u0430\u043F\u0440\u043E\u0442\u0438\u0432 \u0430\u0441\u0446\u0435\u043D\u0434\u0435\u043D\u0442\u0430. \u0422\u0440\u0430\u0434\u0438\u0446\u0438\u043E\u043D\u043D\u0430\u044F \u0434\u0432\u0435\u0440\u044C \u043A \u043F\u0430\u0440\u0442\u043D\u0451\u0440\u0430\u043C.",
  angleMcNote: "\u0421\u0435\u0440\u0435\u0434\u0438\u043D\u0430 \u043D\u0435\u0431\u0430 \u2014 \u0433\u0440\u0430\u0434\u0443\u0441, \u043A\u0443\u043B\u044C\u043C\u0438\u043D\u0438\u0440\u0443\u044E\u0449\u0438\u0439 \u043D\u0430\u0434 \u0433\u043E\u043B\u043E\u0432\u043E\u0439 \u043F\u0440\u0438 \u0440\u043E\u0436\u0434\u0435\u043D\u0438\u0438. \u041A\u0430\u0440\u044C\u0435\u0440\u0430, \u0440\u0435\u043F\u0443\u0442\u0430\u0446\u0438\u044F, \u0432\u0438\u0434\u0438\u043C\u0430\u044F \u0436\u0438\u0437\u043D\u044C.",
  angleIcNote: "IC \u2014 \u043D\u0438\u0436\u043D\u044F\u044F \u0442\u043E\u0447\u043A\u0430 \u043A\u043E\u043B\u0435\u0441\u0430, \u043D\u0430\u043F\u0440\u043E\u0442\u0438\u0432 \u0421\u0435\u0440\u0435\u0434\u0438\u043D\u044B \u043D\u0435\u0431\u0430. \u0414\u043E\u043C, \u043A\u043E\u0440\u043D\u0438, \u0447\u0430\u0441\u0442\u043D\u0430\u044F \u0436\u0438\u0437\u043D\u044C.",
  layersLabel: "\u0421\u043B\u043E\u0438 \u043A\u0430\u0440\u0442\u044B",
  layerHouses: "\u0414\u043E\u043C\u0430",
  editedBy: "\u041F\u0443\u0431\u043B\u0438\u043A\u0443\u0435\u0442",
  tourStart: "\u041F\u0440\u043E\u0439\u0442\u0438 \u044D\u043A\u0441\u043A\u0443\u0440\u0441\u0438\u044E",
  firstReadingLabel: "\u0412\u0430\u0448\u0435 \u0447\u0442\u0435\u043D\u0438\u0435 \u0437\u0430 2 \u043C\u0438\u043D\u0443\u0442\u044B",
  firstReadingTitle: "\u0427\u0442\u043E \u0432\u0430\u0448\u0430 \u043A\u0430\u0440\u0442\u0430 \u0433\u043E\u0432\u043E\u0440\u0438\u0442 \u043E \u0432\u0430\u0441 \u2014 \u0438 \u0447\u0442\u043E \u0434\u0430\u043B\u044C\u0448\u0435?",
  firstReadingBody: "\u041F\u043E\u0441\u043C\u043E\u0442\u0440\u0438\u0442\u0435 \u0441\u0432\u043E\u0439 \u0445\u0430\u0440\u0430\u043A\u0442\u0435\u0440\u043D\u044B\u0439 \u0440\u0430\u0441\u043A\u043B\u0430\u0434, \u0433\u0434\u0435 \u043E\u043D \u0440\u0430\u0437\u0432\u043E\u0440\u0430\u0447\u0438\u0432\u0430\u0435\u0442\u0441\u044F, \u043E\u0434\u0438\u043D \u0443\u0437\u043D\u0430\u0432\u0430\u0435\u043C\u044B\u0439 \u043F\u0430\u0442\u0442\u0435\u0440\u043D \u2014 \u0438 \u043A\u0430\u043A \u0430\u0441\u0442\u0440\u043E\u043B\u043E\u0433\u0438\u044F \u043F\u0440\u0435\u0432\u0440\u0430\u0449\u0430\u0435\u0442 \u043A\u0430\u0440\u0442\u0443 \u0432 \u043F\u0440\u043E\u0433\u043D\u043E\u0437.",
  firstReadingResumeTitle: "\u0412\u0430\u0448\u0435 \u0447\u0442\u0435\u043D\u0438\u0435 \u0436\u0434\u0451\u0442",
  firstReadingResumeBody: "\u041F\u0440\u043E\u0434\u043E\u043B\u0436\u0438\u0442\u0435 \u0441 \u0442\u043E\u0433\u043E \u043C\u0435\u0441\u0442\u0430, \u0433\u0434\u0435 \u043E\u0441\u0442\u0430\u043D\u043E\u0432\u0438\u043B\u0438\u0441\u044C \u043D\u0430 \u044D\u0442\u043E\u043C \u0443\u0441\u0442\u0440\u043E\u0439\u0441\u0442\u0432\u0435.",
  firstReadingStart: "\u041F\u0440\u043E\u0447\u0438\u0442\u0430\u0442\u044C \u043C\u043E\u044E \u043A\u0430\u0440\u0442\u0443",
  firstReadingExplore: "\u0420\u0430\u0437\u0431\u0435\u0440\u0443\u0441\u044C \u0441\u0430\u043C(\u0430)",
  firstReadingResume: "\u041F\u0440\u043E\u0434\u043E\u043B\u0436\u0438\u0442\u044C \u0447\u0442\u0435\u043D\u0438\u0435",
  firstReadingStep: "\u0428\u0430\u0433",
  firstReadingFullTour: "\u041A\u0430\u043A \u0443\u0441\u0442\u0440\u043E\u0435\u043D\u0430 \u043A\u0430\u0440\u0442\u0430 \u2014 \u0440\u0430\u0441\u0448\u0438\u0440\u0435\u043D\u043D\u0430\u044F \u044D\u043A\u0441\u043A\u0443\u0440\u0441\u0438\u044F",
  firstReadingReplay: "\u041F\u0440\u043E\u0438\u0433\u0440\u0430\u0442\u044C \u0438\u0441\u0442\u043E\u0440\u0438\u044E \u043A\u0430\u0440\u0442\u044B \u0437\u0430\u043D\u043E\u0432\u043E",
  chartActionsMore: "\u0415\u0449\u0451 \u0441\u043F\u043E\u0441\u043E\u0431\u044B \u0438\u0441\u043F\u043E\u043B\u044C\u0437\u043E\u0432\u0430\u0442\u044C \u044D\u0442\u0443 \u043A\u0430\u0440\u0442\u0443",
  chartReceiptDownload: "\u0421\u043A\u0430\u0447\u0430\u0442\u044C \u0437\u0430\u043F\u0438\u0441\u044C \u0440\u0430\u0441\u0447\u0451\u0442\u0430 (.json)",
  chartReceiptPrivacy: "\u0424\u0430\u0439\u043B \u0441\u043E\u0434\u0435\u0440\u0436\u0438\u0442 \u043B\u0438\u0447\u043D\u044B\u0435 \u0434\u0430\u043D\u043D\u044B\u0435 \u043E \u0440\u043E\u0436\u0434\u0435\u043D\u0438\u0438 \u0438 \u0434\u0430\u043D\u043D\u044B\u0435 \u043A\u0430\u0440\u0442\u044B. \u0425\u0440\u0430\u043D\u0438\u0442\u0435 \u0435\u0433\u043E \u0432 \u0431\u0435\u0437\u043E\u043F\u0430\u0441\u043D\u043E\u043C \u043C\u0435\u0441\u0442\u0435.",
  chartReceiptError: "\u041D\u0435 \u0443\u0434\u0430\u043B\u043E\u0441\u044C \u0441\u043A\u0430\u0447\u0430\u0442\u044C \u0444\u0430\u0439\u043B. \u041F\u043E\u043F\u0440\u043E\u0431\u0443\u0439\u0442\u0435 \u0435\u0449\u0451 \u0440\u0430\u0437.",
  chartReceiptUnavailable: "\u0417\u0430\u043F\u0438\u0441\u044C \u0440\u0430\u0441\u0447\u0451\u0442\u0430 \u0434\u043B\u044F \u044D\u0442\u043E\u0439 \u043A\u0430\u0440\u0442\u044B \u043D\u0435\u0434\u043E\u0441\u0442\u0443\u043F\u043D\u0430.",
  seeTodaySky: "\u041D\u0435\u0431\u043E \u0441\u0435\u0433\u043E\u0434\u043D\u044F",
  contextHelpCue: "\u0422\u0435\u0440\u043C\u0438\u043D\u044B \u0441 \u0442\u043E\u0447\u0435\u0447\u043D\u044B\u043C \u043F\u043E\u0434\u0447\u0451\u0440\u043A\u0438\u0432\u0430\u043D\u0438\u0435\u043C \u043E\u0442\u043A\u0440\u044B\u0432\u0430\u044E\u0442 \u043F\u043E\u044F\u0441\u043D\u0435\u043D\u0438\u0435 \u043F\u0440\u043E\u0441\u0442\u044B\u043C \u044F\u0437\u044B\u043A\u043E\u043C.",
  editorialHow: "\u0440\u0435\u0434\u0430\u043A\u0446\u0438\u043E\u043D\u043D\u044B\u0435 \u0441\u0442\u0430\u043D\u0434\u0430\u0440\u0442\u044B",
  dstGapNotice: "\u042D\u0442\u043E \u0432\u0440\u0435\u043C\u044F \u043F\u043E\u043F\u0430\u043B\u043E \u0432 \xAB\u043F\u0440\u044B\u0436\u043E\u043A\xBB \u043F\u0435\u0440\u0435\u0432\u043E\u0434\u0430 \u0447\u0430\u0441\u043E\u0432 \u0438 \u0444\u043E\u0440\u043C\u0430\u043B\u044C\u043D\u043E \u043D\u0435 \u0441\u0443\u0449\u0435\u0441\u0442\u0432\u043E\u0432\u0430\u043B\u043E \u2014 \u043C\u044B \u0441\u0434\u0432\u0438\u043D\u0443\u043B\u0438 \u0435\u0433\u043E \u0432\u043F\u0435\u0440\u0451\u0434 \u0447\u0435\u0440\u0435\u0437 \u0440\u0430\u0437\u0440\u044B\u0432, \u043A\u0430\u043A \u043F\u0440\u0438\u043D\u044F\u0442\u043E.",
  dstFoldNotice: "\u0412 \u043C\u0435\u0441\u0442\u0435 \u0440\u043E\u0436\u0434\u0435\u043D\u0438\u044F \u044D\u0442\u043E\u0442 \u0447\u0430\u0441 \u043F\u0440\u043E\u0448\u0451\u043B \u0434\u0432\u0430\u0436\u0434\u044B; \u043C\u044B \u0432\u0437\u044F\u043B\u0438 \u043F\u0435\u0440\u0432\u044B\u0439 \u043F\u0440\u043E\u0445\u043E\u0434. \u0415\u0441\u043B\u0438 \u0432\u044B \u0437\u043D\u0430\u0435\u0442\u0435, \u0447\u0442\u043E \u0431\u044B\u043B \u0432\u0442\u043E\u0440\u043E\u0439, \u043A\u0430\u0440\u0442\u0430 \u043F\u043E\u0447\u0442\u0438 \u043D\u0435 \u0438\u0437\u043C\u0435\u043D\u0438\u0442\u0441\u044F \u2014 \u041B\u0443\u043D\u0430 \u043F\u0440\u043E\u0445\u043E\u0434\u0438\u0442 \u043E\u043A\u043E\u043B\u043E \u043F\u043E\u043B\u0443\u0433\u0440\u0430\u0434\u0443\u0441\u0430 \u0432 \u0447\u0430\u0441.",
  lmtNotice: "\u0420\u043E\u0436\u0434\u0435\u043D\u0438\u0435 \u0434\u043E \u0432\u0432\u0435\u0434\u0435\u043D\u0438\u044F \u0447\u0430\u0441\u043E\u0432\u044B\u0445 \u043F\u043E\u044F\u0441\u043E\u0432 \u2014 \u043C\u044B \u0438\u0441\u043F\u043E\u043B\u044C\u0437\u043E\u0432\u0430\u043B\u0438 \u043C\u0435\u0441\u0442\u043D\u043E\u0435 \u0441\u0440\u0435\u0434\u043D\u0435\u0435 \u0432\u0440\u0435\u043C\u044F \u0442\u043E\u0439 \u044D\u043F\u043E\u0445\u0438, \u0442\u0443 \u0436\u0435 \u043A\u043E\u043D\u0432\u0435\u043D\u0446\u0438\u044E, \u0447\u0442\u043E \u0438 \u043F\u0440\u043E\u0444\u0435\u0441\u0441\u0438\u043E\u043D\u0430\u043B\u044C\u043D\u044B\u0435 \u043F\u0440\u043E\u0433\u0440\u0430\u043C\u043C\u044B.",
  polarNotice: "\u0422\u0430\u043A \u0431\u043B\u0438\u0437\u043A\u043E \u043A \u043F\u043E\u043B\u044E\u0441\u0443 \u0434\u043E\u043C\u0430 \u041F\u043B\u0430\u0446\u0438\u0434\u0443\u0441\u0430 \u043D\u0435 \u043E\u043F\u0440\u0435\u0434\u0435\u043B\u0435\u043D\u044B, \u043F\u043E\u044D\u0442\u043E\u043C\u0443 \u043A\u0430\u0440\u0442\u0430 \u0438\u0441\u043F\u043E\u043B\u044C\u0437\u0443\u0435\u0442 \u0434\u043E\u043C\u0430 \u0446\u0435\u043B\u044B\u0445 \u0437\u043D\u0430\u043A\u043E\u0432.",
  noTimeNotice: "\u0411\u0435\u0437 \u0432\u0440\u0435\u043C\u0435\u043D\u0438 \u0440\u043E\u0436\u0434\u0435\u043D\u0438\u044F \u0438\u0441\u043F\u043E\u043B\u044C\u0437\u0443\u0435\u043C 12:00 \u043C\u0435\u0441\u0442\u043D\u043E\u0433\u043E \u0433\u0440\u0430\u0436\u0434\u0430\u043D\u0441\u043A\u043E\u0433\u043E \u0432\u0440\u0435\u043C\u0435\u043D\u0438 \u043A\u0430\u043A \u043E\u0440\u0438\u0435\u043D\u0442\u0438\u0440 \u0438 \u043D\u0435 \u043F\u043E\u043A\u0430\u0437\u044B\u0432\u0430\u0435\u043C \u0430\u0441\u0446\u0435\u043D\u0434\u0435\u043D\u0442, \u0443\u0433\u043B\u044B \u0438 \u0434\u043E\u043C\u0430.",
  moonUnverifiedNotice: "\u0412\u043E\u0437\u043C\u043E\u0436\u043D\u044B\u0435 \u0437\u043D\u0430\u043A\u0438 \u041B\u0443\u043D\u044B \u0432 \u0442\u0435\u0447\u0435\u043D\u0438\u0435 \u044D\u0442\u043E\u0439 \u0434\u0430\u0442\u044B \u0440\u043E\u0436\u0434\u0435\u043D\u0438\u044F \u043D\u0435 \u043F\u0440\u043E\u0432\u0435\u0440\u0435\u043D\u044B. \u0423\u043A\u0430\u0436\u0438\u0442\u0435 \u0432\u0440\u0435\u043C\u044F \u0440\u043E\u0436\u0434\u0435\u043D\u0438\u044F, \u0447\u0442\u043E\u0431\u044B \u043F\u043E\u043B\u0443\u0447\u0438\u0442\u044C \u0440\u0435\u0437\u0443\u043B\u044C\u0442\u0430\u0442 \u0434\u043B\u044F \u043A\u043E\u043D\u043A\u0440\u0435\u0442\u043D\u043E\u0433\u043E \u043C\u043E\u043C\u0435\u043D\u0442\u0430.",
  moonAmbiguousNotice: "\u0412 \u044D\u0442\u043E\u0442 \u0434\u0435\u043D\u044C \u041B\u0443\u043D\u0430 \u0441\u043C\u0435\u043D\u0438\u043B\u0430 \u0437\u043D\u0430\u043A \u2014 \u043F\u043E\u043A\u0430 \u0432\u0440\u0435\u043C\u044F \u043D\u0435 \u043D\u0430\u0439\u0434\u0435\u043D\u043E, \u0447\u0435\u0441\u0442\u043D\u043E \u0447\u0438\u0442\u0430\u0442\u044C \u043E\u0431\u043E\u0438\u0445 \u0441\u043E\u0441\u0435\u0434\u0435\u0439.",
  fromLinkNotice: "\u041E\u0442\u043A\u0440\u044B\u0442\u043E \u043F\u043E \u0441\u0441\u044B\u043B\u043A\u0435 \u2014 \u0434\u0430\u043D\u043D\u044B\u0435 \u0440\u043E\u0436\u0434\u0435\u043D\u0438\u044F \u043F\u0440\u0438\u0448\u043B\u0438 \u0432 \u0441\u0430\u043C\u043E\u0439 \u0441\u0441\u044B\u043B\u043A\u0435, \u0438 \u043A\u0430\u0440\u0442\u0430 \u0442\u043E\u043B\u044C\u043A\u043E \u0447\u0442\u043E \u0440\u0430\u0441\u0441\u0447\u0438\u0442\u0430\u043D\u0430 \u043D\u0430 \u0432\u0430\u0448\u0435\u043C \u0443\u0441\u0442\u0440\u043E\u0439\u0441\u0442\u0432\u0435.",
  howWeCompute: "\u041A\u0430\u043A \u043C\u044B \u0441\u0447\u0438\u0442\u0430\u0435\u043C",
  welcomeBack: "\u0421 \u0432\u043E\u0437\u0432\u0440\u0430\u0449\u0435\u043D\u0438\u0435\u043C.",
  savedChartAria: "\u0412\u0430\u0448\u0430 \u0441\u043E\u0445\u0440\u0430\u043D\u0451\u043D\u043D\u0430\u044F \u043A\u0430\u0440\u0442\u0430",
  todayAgainstChart: "\u0421\u0435\u0433\u043E\u0434\u043D\u044F \u043D\u0430 \u0444\u043E\u043D\u0435 \u0432\u0430\u0448\u0435\u0439 \u043A\u0430\u0440\u0442\u044B",
  yourCharts: "\u0412\u0430\u0448\u0438 \u043A\u0430\u0440\u0442\u044B",
  recommendedNext: "\u0427\u0442\u043E \u0434\u0430\u043B\u044C\u0448\u0435",
  todayForName: "\u0427\u0442\u043E \u0441\u0435\u0433\u043E\u0434\u043D\u044F \u0437\u043D\u0430\u0447\u0438\u0442 \u0434\u043B\u044F {name}",
  savedChartTodayBody: "\u0412\u0430\u0448\u0430 \u043A\u0430\u0440\u0442\u0430 \u043D\u0435 \u043C\u0435\u043D\u044F\u0435\u0442\u0441\u044F. \u0421\u0435\u0433\u043E\u0434\u043D\u044F\u0448\u043D\u0435\u0435 \u043D\u0435\u0431\u043E \u2014 \u043C\u0435\u043D\u044F\u0435\u0442\u0441\u044F: \u043D\u0430\u0447\u043D\u0438\u0442\u0435 \u0441 \u0442\u043E\u0433\u043E, \u0447\u0442\u043E \u0434\u0432\u0438\u0436\u0435\u0442\u0441\u044F \u0434\u043B\u044F \u0432\u0430\u0441 \u0441\u0435\u0439\u0447\u0430\u0441.",
  openSavedChart: "\u041E\u0442\u043A\u0440\u044B\u0442\u044C \u0441\u043E\u0445\u0440\u0430\u043D\u0451\u043D\u043D\u0443\u044E \u043A\u0430\u0440\u0442\u0443",
  moonReadingSky: "\u0427\u0438\u0442\u0430\u0435\u043C \u043D\u0435\u0431\u043E\u2026",
  illuminated: "\u043E\u0441\u0432\u0435\u0449\u0435\u043D\u043E",
  moonIn: "\u041B\u0443\u043D\u0430 \u0432:",
  findThatMoon: "\u041D\u0430\u0439\u0442\u0438 \u044D\u0442\u0443 \u041B\u0443\u043D\u0443",
  dateHelp: "\u0414\u0435\u043D\u044C \u0440\u043E\u0436\u0434\u0435\u043D\u0438\u044F, \u0433\u043E\u0434\u043E\u0432\u0449\u0438\u043D\u0430 \u2014 \u043B\u044E\u0431\u0430\u044F \u0434\u0430\u0442\u0430.",
  placeHelpMoon: "\u0423\u0442\u043E\u0447\u043D\u044F\u0435\u0442 \u043F\u0435\u0440\u0435\u0441\u0447\u0451\u0442 \u0447\u0430\u0441\u043E\u0432; \u0444\u0430\u0437\u0435 \u044D\u0442\u043E \u043F\u043E\u0447\u0442\u0438 \u043D\u0435 \u043D\u0443\u0436\u043D\u043E.",
  middayLocalCaption: "\u0421\u0447\u0438\u0442\u0430\u043D\u043E \u043D\u0430 \u043F\u043E\u043B\u0434\u0435\u043D\u044C \u043C\u0435\u0441\u0442\u043D\u043E\u0433\u043E \u0432\u0440\u0435\u043C\u0435\u043D\u0438 \u2014 \u0442\u043E\u0447\u043D\u043E\u0435 \u0432\u0440\u0435\u043C\u044F \u0441\u0443\u0442\u043E\u043A \u0437\u0430\u043A\u0440\u0435\u043F\u0438\u0442 \u0433\u0440\u0430\u0434\u0443\u0441.",
  utcTimeCaption: "\u0412\u0440\u0435\u043C\u044F \u0447\u0438\u0442\u0430\u0435\u0442\u0441\u044F \u043A\u0430\u043A \u0432\u0441\u0435\u043C\u0438\u0440\u043D\u043E\u0435 \u2014 \u0434\u043E\u0431\u0430\u0432\u044C\u0442\u0435 \u043C\u0435\u0441\u0442\u043E \u0440\u043E\u0436\u0434\u0435\u043D\u0438\u044F, \u0447\u0442\u043E\u0431\u044B \u043F\u0435\u0440\u0435\u0441\u0447\u0438\u0442\u0430\u0442\u044C \u0432\u0430\u0448\u0438 \u0447\u0430\u0441\u044B.",
  middayUtcCaption: "\u0421\u0447\u0438\u0442\u0430\u043D\u043E \u043D\u0430 \u043F\u043E\u043B\u0434\u0435\u043D\u044C \u0432\u0441\u0435\u043C\u0438\u0440\u043D\u043E\u0433\u043E \u0432\u0440\u0435\u043C\u0435\u043D\u0438 \u2014 \u0432\u0440\u0435\u043C\u044F \u0438 \u043C\u0435\u0441\u0442\u043E \u0437\u0430\u043A\u0440\u0435\u043F\u044F\u0442 \u0433\u0440\u0430\u0434\u0443\u0441 \u0442\u043E\u0447\u043D\u043E.",
  moonChangedNotice: "\u0412 \u044D\u0442\u043E\u0442 \u0434\u0435\u043D\u044C \u041B\u0443\u043D\u0430 \u0441\u043C\u0435\u043D\u0438\u043B\u0430 \u0437\u043D\u0430\u043A, \u0438 \u0431\u0435\u0437 \u0432\u0440\u0435\u043C\u0435\u043D\u0438 \u043D\u0435\u043B\u044C\u0437\u044F \u0441\u043A\u0430\u0437\u0430\u0442\u044C, \u043F\u043E \u043A\u0430\u043A\u0443\u044E \u0441\u0442\u043E\u0440\u043E\u043D\u0443 \u0433\u0440\u0430\u043D\u0438\u0446\u044B \u0432\u044B \u0440\u043E\u0434\u0438\u043B\u0438\u0441\u044C. \u0424\u0430\u0437\u0430 \u043D\u0435 \u0441\u0442\u0440\u0430\u0434\u0430\u0435\u0442 \u2014 \u043E\u043D\u0430 \u0434\u0432\u0438\u0436\u0435\u0442\u0441\u044F \u0441\u043B\u0438\u0448\u043A\u043E\u043C \u043C\u0435\u0434\u043B\u0435\u043D\u043D\u043E, \u0447\u0442\u043E\u0431\u044B \u0447\u0430\u0441\u044B \u0438\u043C\u0435\u043B\u0438 \u0437\u043D\u0430\u0447\u0435\u043D\u0438\u0435.",
  birthChartForDate: "\u041F\u043E\u0441\u0442\u0440\u043E\u0438\u0442\u044C \u043D\u0430\u0442\u0430\u043B\u044C\u043D\u0443\u044E \u043A\u0430\u0440\u0442\u0443 \u043D\u0430 \u044D\u0442\u0443 \u0434\u0430\u0442\u0443",
  natalSaturn: "\u0412\u0430\u0448 \u043D\u0430\u0442\u0430\u043B\u044C\u043D\u044B\u0439 \u0421\u0430\u0442\u0443\u0440\u043D",
  addBirthDetails: "\u0414\u043E\u0431\u0430\u0432\u0438\u0442\u044C \u0432\u0440\u0435\u043C\u044F \u0438 \u043C\u0435\u0441\u0442\u043E \u0440\u043E\u0436\u0434\u0435\u043D\u0438\u044F (\u043D\u0435\u043E\u0431\u044F\u0437\u0430\u0442\u0435\u043B\u044C\u043D\u043E)",
  findSaturnReturn: "\u041D\u0430\u0439\u0442\u0438 \u0441\u0432\u043E\u0451 \u0432\u043E\u0437\u0432\u0440\u0430\u0449\u0435\u043D\u0438\u0435 \u0421\u0430\u0442\u0443\u0440\u043D\u0430",
  returnApprox: "\u0414\u0430\u0442\u044B \u0440\u0430\u0441\u0441\u0447\u0438\u0442\u0430\u043D\u044B \u043F\u043E \u043F\u043E\u043B\u0443\u0434\u0435\u043D\u043D\u043E\u043C\u0443 \u0447\u0442\u0435\u043D\u0438\u044E \u2014 \u0441\u043E \u0432\u0440\u0435\u043C\u0435\u043D\u0435\u043C \u0438 \u043C\u0435\u0441\u0442\u043E\u043C \u0440\u043E\u0436\u0434\u0435\u043D\u0438\u044F \u043E\u043D\u0438 \u043C\u043E\u0433\u0443\u0442 \u0441\u0434\u0432\u0438\u043D\u0443\u0442\u044C\u0441\u044F \u043D\u0430 \u043D\u0435\u0441\u043A\u043E\u043B\u044C\u043A\u043E \u0434\u043D\u0435\u0439 \u0432 \u043B\u044E\u0431\u0443\u044E \u0441\u0442\u043E\u0440\u043E\u043D\u0443.",
  complete: "\u041F\u043E\u0437\u0430\u0434\u0438",
  underwayNow: "\u0418\u0434\u0451\u0442 \u0441\u0435\u0439\u0447\u0430\u0441",
  aheadOfYou: "\u0412\u043F\u0435\u0440\u0435\u0434\u0438",
  first: "\u041F\u0435\u0440\u0432\u043E\u0435",
  second: "\u0412\u0442\u043E\u0440\u043E\u0435",
  third: "\u0422\u0440\u0435\u0442\u044C\u0435",
  fourth: "\u0427\u0435\u0442\u0432\u0451\u0440\u0442\u043E\u0435",
  aroundAge29: "\u043E\u043A\u043E\u043B\u043E 29 \u043B\u0435\u0442",
  aroundAge58: "\u043E\u043A\u043E\u043B\u043E 58 \u043B\u0435\u0442",
  aroundAge88: "\u043E\u043A\u043E\u043B\u043E 88 \u043B\u0435\u0442",
  retrogradePass: "\u0440\u0435\u0442\u0440\u043E\u0433\u0440\u0430\u0434\u043D\u044B\u0439 \u043F\u0440\u043E\u0445\u043E\u0434",
  threePasses: "\u0422\u0440\u0438 \u0442\u043E\u0447\u043D\u044B\u0445 \u043F\u0440\u043E\u0445\u043E\u0434\u0430: \u0421\u0430\u0442\u0443\u0440\u043D \u043F\u0435\u0440\u0435\u0441\u0435\u043A\u0430\u0435\u0442 \u0432\u0430\u0448 \u0433\u0440\u0430\u0434\u0443\u0441, \u0432\u043E\u0437\u0432\u0440\u0430\u0449\u0430\u0435\u0442\u0441\u044F \u043F\u043E \u043D\u0435\u043C\u0443 \u0440\u0435\u0442\u0440\u043E\u0433\u0440\u0430\u0434\u043D\u043E \u0438 \u0437\u0430\u043A\u0440\u0435\u043F\u043B\u044F\u0435\u0442 \u043D\u0430 \u0432\u044B\u0445\u043E\u0434\u0435. \u0412\u043E\u0437\u0432\u0440\u0430\u0449\u0435\u043D\u0438\u0435 \u2014 \u0432\u0435\u0441\u044C \u044D\u0442\u043E\u0442 \u043E\u0442\u0440\u0435\u0437\u043E\u043A.",
  seeSaturnChart: "\u0421\u0430\u0442\u0443\u0440\u043D \u0432 \u0432\u0430\u0448\u0435\u0439 \u043D\u0430\u0442\u0430\u043B\u044C\u043D\u043E\u0439 \u043A\u0430\u0440\u0442\u0435",
  whatSaturnMeans: "\u0427\u0442\u043E \u0437\u043D\u0430\u0447\u0438\u0442 \u0421\u0430\u0442\u0443\u0440\u043D",
  yourChart: "\u0412\u0430\u0448\u0430 \u043A\u0430\u0440\u0442\u0430",
  theSky: "\u041D\u0435\u0431\u043E",
  transitRingLede: "\u041F\u043E\u0441\u0442\u0440\u043E\u0439\u0442\u0435 \u043A\u0430\u0440\u0442\u0443, \u0437\u0430\u0442\u0435\u043C \u0434\u0432\u0438\u0433\u0430\u0439\u0442\u0435 \u043F\u043E\u043B\u0437\u0443\u043D\u043E\u043A \u0438 \u0441\u043C\u043E\u0442\u0440\u0438\u0442\u0435, \u043A\u0430\u043A \u043F\u043B\u0430\u043D\u0435\u0442\u044B \u0438\u0434\u0443\u0442 \u043F\u043E \u043D\u0435\u0439 \u2014 \u0432\u043F\u0435\u0440\u0451\u0434 \u0438\u043B\u0438 \u043D\u0430\u0437\u0430\u0434, \u0434\u043E \u0433\u043E\u0434\u0430.",
  checkTransits: "\u041F\u0440\u043E\u0432\u0435\u0440\u0438\u0442\u044C \u0441\u0432\u043E\u0438 \u0442\u0440\u0430\u043D\u0437\u0438\u0442\u044B",
  savedChartHelp: "\u0420\u0430\u0441\u0441\u0447\u0438\u0442\u0430\u043D\u043D\u044B\u0435 \u0438 \u0441\u043E\u0445\u0440\u0430\u043D\u0451\u043D\u043D\u044B\u0435 \u043A\u0430\u0440\u0442\u044B \u043F\u043E\u044F\u0432\u043B\u044F\u044E\u0442\u0441\u044F \u0437\u0434\u0435\u0441\u044C \u0432 \u043E\u0434\u0438\u043D \u0442\u0430\u043F \u2014 \u0441\u043B\u0435\u0434\u0443\u044E\u0449\u0430\u044F \u043F\u0440\u043E\u0432\u0435\u0440\u043A\u0430 \u043E\u0431\u043E\u0439\u0434\u0451\u0442\u0441\u044F \u0431\u0435\u0437 \u0432\u0432\u043E\u0434\u0430.",
  noTransitTimeNotice: "\u0423 \u044D\u0442\u043E\u0439 \u043A\u0430\u0440\u0442\u044B \u043D\u0435\u0442 \u0432\u0440\u0435\u043C\u0435\u043D\u0438 \u0440\u043E\u0436\u0434\u0435\u043D\u0438\u044F, \u0442\u0430\u043A \u0447\u0442\u043E \u0435\u0451 \u041B\u0443\u043D\u0430 \u2014 \u043F\u043E\u043B\u0443\u0434\u0435\u043D\u043D\u0430\u044F \u043E\u0446\u0435\u043D\u043A\u0430: \u043E\u043D\u0430 \u043C\u043E\u0436\u0435\u0442 \u043E\u0442\u0441\u0442\u043E\u044F\u0442\u044C \u0434\u043E \u0448\u0435\u0441\u0442\u0438 \u0433\u0440\u0430\u0434\u0443\u0441\u043E\u0432, \u0438 \u0442\u0440\u0430\u043D\u0437\u0438\u0442 \u043A \u041B\u0443\u043D\u0435 \u0443 \u043A\u0440\u0430\u044F \u043E\u0440\u0431\u0438\u0441\u0430 \u043C\u043E\u0436\u0435\u0442 \u043F\u043E\u044F\u0432\u0438\u0442\u044C\u0441\u044F \u0438\u043B\u0438 \u0438\u0441\u0447\u0435\u0437\u043D\u0443\u0442\u044C \u0441 \u043D\u0430\u0441\u0442\u043E\u044F\u0449\u0438\u043C \u0432\u0440\u0435\u043C\u0435\u043D\u0435\u043C.",
  skyAt: "\u041D\u0435\u0431\u043E \u043D\u0430",
  noTransitsWithin: "\u041D\u0435\u0442 \u0442\u0440\u0430\u043D\u0437\u0438\u0442\u043E\u0432 \u0432 \u043F\u0440\u0435\u0434\u0435\u043B\u0430\u0445",
  activeTransitsWithin: "\u0430\u043A\u0442\u0438\u0432\u043D\u044B\u0445 \u0442\u0440\u0430\u043D\u0437\u0438\u0442\u043E\u0432 \u0432 \u043F\u0440\u0435\u0434\u0435\u043B\u0430\u0445",
  activeTransitWithin: "\u0430\u043A\u0442\u0438\u0432\u043D\u044B\u0439 \u0442\u0440\u0430\u043D\u0437\u0438\u0442 \u0432 \u043F\u0440\u0435\u0434\u0435\u043B\u0430\u0445",
  ofExact: "\u043E\u0442 \u0442\u043E\u0447\u043D\u043E\u0433\u043E",
  transitMoonOmitted: "\u0442\u0440\u0430\u043D\u0437\u0438\u0442\u043D\u0430\u044F \u041B\u0443\u043D\u0430 \u043D\u0435 \u043F\u043E\u043A\u0430\u0437\u0430\u043D\u0430 \u2014 \u043E\u043D\u0430 \u043F\u0440\u043E\u0445\u043E\u0434\u0438\u0442 \u0432\u0441\u044E \u043A\u0430\u0440\u0442\u0443 \u0437\u0430 \u043C\u0435\u0441\u044F\u0446",
  quietSky: "\u0422\u0438\u0445\u043E\u0435 \u043D\u0435\u0431\u043E \u043F\u043E \u0441\u0442\u0440\u043E\u0433\u043E\u043C\u0443 \u043E\u0440\u0431\u0438\u0441\u0443 \u044D\u0442\u043E\u0439 \u0441\u0442\u0440\u0430\u043D\u0438\u0446\u044B. \u041D\u0438\u0447\u0435\u0433\u043E \u0441\u0440\u043E\u0447\u043D\u043E\u0433\u043E \u2014 \u0437\u0430\u0433\u043B\u044F\u043D\u0438\u0442\u0435 \u0447\u0435\u0440\u0435\u0437 \u043F\u0430\u0440\u0443 \u0434\u043D\u0435\u0439 \u0438\u043B\u0438 \u0440\u0430\u0441\u0448\u0438\u0440\u044C\u0442\u0435 \u0447\u0442\u0435\u043D\u0438\u0435 \u0434\u043E \u0441\u043E\u0431\u044B\u0442\u0438\u0439 \u043C\u0435\u0441\u044F\u0446\u0430 \u043D\u0438\u0436\u0435.",
  natal: "\u041D\u0430\u0442\u0430\u043B\u044C\u043D\u044B\u0439",
  forYourChart: "\u0414\u043B\u044F \u0432\u0430\u0448\u0435\u0439 \u043A\u0430\u0440\u0442\u044B",
  orb: "\u043E\u0440\u0431\u0438\u0441",
  openDailyBrief: "\u041E\u0442\u043A\u0440\u044B\u0442\u044C \u043F\u043E\u043B\u043D\u044B\u0439 \u0432\u044B\u043F\u0443\u0441\u043A \u043D\u0430 \u0441\u0435\u0433\u043E\u0434\u043D\u044F \u2014 \u043F\u043E\u043A\u0430 \u043F\u043E-\u0430\u043D\u0433\u043B\u0438\u0439\u0441\u043A\u0438",
  allTransits: "\u0412\u0441\u0435 \u0432\u0430\u0448\u0438 \u0442\u0440\u0430\u043D\u0437\u0438\u0442\u044B",
  personA: "\u0427\u0435\u043B\u043E\u0432\u0435\u043A A",
  personB: "\u0427\u0435\u043B\u043E\u0432\u0435\u043A B",
  sharedChart: "\u041F\u0440\u0438\u0441\u043B\u0430\u043D\u043D\u0430\u044F \u043A\u0430\u0440\u0442\u0430",
  sharedWithYou: "\u0432\u0430\u043C \u043F\u043E\u0434\u0435\u043B\u0438\u043B\u0438\u0441\u044C",
  removeSharedChart: "\u0423\u0431\u0440\u0430\u0442\u044C \u043F\u0440\u0438\u0441\u043B\u0430\u043D\u043D\u0443\u044E \u043A\u0430\u0440\u0442\u0443",
  sharedSideHelp: "\u042D\u0442\u0430 \u0441\u0442\u043E\u0440\u043E\u043D\u0430 \u043F\u0440\u0438\u0448\u043B\u0430 \u0432 \u0441\u0441\u044B\u043B\u043A\u0435 \u2014 \u043E\u0447\u0438\u0441\u0442\u0438\u0442\u0435 \u0435\u0451, \u0447\u0442\u043E\u0431\u044B \u0432\u0432\u0435\u0441\u0442\u0438 \u0434\u0440\u0443\u0433\u043E\u0433\u043E \u0447\u0435\u043B\u043E\u0432\u0435\u043A\u0430.",
  name: "\u0418\u043C\u044F",
  compareCharts: "\u0421\u0440\u0430\u0432\u043D\u0438\u0442\u044C \u043A\u0430\u0440\u0442\u044B",
  sameChart: "\u042D\u0442\u043E \u043E\u0434\u043D\u0430 \u0438 \u0442\u0430 \u0436\u0435 \u043A\u0430\u0440\u0442\u0430 \u0434\u0432\u0430\u0436\u0434\u044B \u2014 \u0432\u044B\u0431\u0435\u0440\u0438\u0442\u0435 \u0434\u0432\u0435 \u0440\u0430\u0437\u043D\u044B\u0435.",
  compareSavedHelp: "\u0420\u0430\u0441\u0441\u0447\u0438\u0442\u0430\u043D\u043D\u044B\u0435 \u0438 \u0441\u043E\u0445\u0440\u0430\u043D\u0451\u043D\u043D\u044B\u0435 \u043A\u0430\u0440\u0442\u044B \u043F\u043E\u044F\u0432\u043B\u044F\u044E\u0442\u0441\u044F \u0437\u0434\u0435\u0441\u044C \u0432 \u043E\u0434\u0438\u043D \u0442\u0430\u043F \u2014 \u0432\u0442\u043E\u0440\u043E\u0435 \u0441\u0440\u0430\u0432\u043D\u0435\u043D\u0438\u0435 \u0431\u044B\u0441\u0442\u0440\u0435\u0435 \u043F\u0435\u0440\u0432\u043E\u0433\u043E.",
  compareNoTimeNotice: "\u041D\u0435\u0442 \u0432\u0440\u0435\u043C\u0435\u043D\u0438 \u0440\u043E\u0436\u0434\u0435\u043D\u0438\u044F \u0443",
  moonMiddayEstimate: "\u043F\u043E\u044D\u0442\u043E\u043C\u0443 \u044D\u0442\u0430 \u041B\u0443\u043D\u0430 \u2014 \u043F\u043E\u043B\u0443\u0434\u0435\u043D\u043D\u0430\u044F \u043E\u0446\u0435\u043D\u043A\u0430: \u043E\u043D\u0430 \u043C\u043E\u0436\u0435\u0442 \u043E\u0442\u0441\u0442\u043E\u044F\u0442\u044C \u0434\u043E \u0448\u0435\u0441\u0442\u0438 \u0433\u0440\u0430\u0434\u0443\u0441\u043E\u0432, \u0438 \u043B\u0443\u043D\u043D\u044B\u0439 \u0430\u0441\u043F\u0435\u043A\u0442 \u0443 \u043A\u0440\u0430\u044F \u043E\u0440\u0431\u0438\u0441\u0430 \u043C\u043E\u0436\u0435\u0442 \u043F\u043E\u044F\u0432\u0438\u0442\u044C\u0441\u044F \u0438\u043B\u0438 \u0438\u0441\u0447\u0435\u0437\u043D\u0443\u0442\u044C \u0441 \u043D\u0430\u0441\u0442\u043E\u044F\u0449\u0438\u043C \u0432\u0440\u0435\u043C\u0435\u043D\u0435\u043C.",
  crossChartAspects: "\u043C\u0435\u0436\u043A\u0430\u0440\u0442\u043D\u044B\u0445 \u0430\u0441\u043F\u0435\u043A\u0442\u043E\u0432",
  easeful: "\u043B\u0451\u0433\u043A\u0438\u0435",
  charged: "\u043D\u0430\u043F\u0440\u044F\u0436\u0451\u043D\u043D\u044B\u0435",
  readPairing: "\u0427\u0438\u0442\u0430\u0442\u044C \u043F\u0430\u0440\u0443",
  inviteCompare: "\u041F\u0440\u0438\u0433\u043B\u0430\u0441\u0438\u0442\u044C \u043D\u0430 \u0441\u0440\u0430\u0432\u043D\u0435\u043D\u0438\u0435",
  inviteLink: "\u0421\u0441\u044B\u043B\u043A\u0430-\u043F\u0440\u0438\u0433\u043B\u0430\u0448\u0435\u043D\u0438\u0435",
  inviteNote: "\u0421\u0441\u044B\u043B\u043A\u0430 \u0441\u043E\u0434\u0435\u0440\u0436\u0438\u0442 \u0434\u0430\u043D\u043D\u044B\u0435 \u0440\u043E\u0436\u0434\u0435\u043D\u0438\u044F \u044D\u0442\u043E\u0433\u043E \u0447\u0435\u043B\u043E\u0432\u0435\u043A\u0430 \u0438 \u043E\u0442\u043A\u0440\u044B\u0432\u0430\u0435\u0442 \u0441\u0442\u0440\u0430\u043D\u0438\u0446\u0443 \u0441 \u0437\u0430\u043F\u043E\u043B\u043D\u0435\u043D\u043D\u043E\u0439 \u0441\u0442\u043E\u0440\u043E\u043D\u043E\u0439 \u2014 \u043D\u0430\u043C \u043D\u0438\u0447\u0435\u0433\u043E \u043D\u0435 \u043E\u0442\u043F\u0440\u0430\u0432\u043B\u044F\u0435\u0442\u0441\u044F. \u0415\u0441\u043B\u0438 \u044D\u0442\u043E \u043D\u0435 \u0432\u044B, \u0441\u0442\u043E\u0438\u0442 \u0441\u043F\u0440\u043E\u0441\u0438\u0442\u044C \u0435\u0433\u043E \u0441\u043E\u0433\u043B\u0430\u0441\u0438\u044F.",
  inviteCopied: "\u0421\u0441\u044B\u043B\u043A\u0430-\u043F\u0440\u0438\u0433\u043B\u0430\u0448\u0435\u043D\u0438\u0435 \u0441\u043A\u043E\u043F\u0438\u0440\u043E\u0432\u0430\u043D\u0430 \u0432 \u0431\u0443\u0444\u0435\u0440 \u043E\u0431\u043C\u0435\u043D\u0430.",
  syncOn: "\u0421\u0438\u043D\u0445\u0440\u043E\u043D\u0438\u0437\u0430\u0446\u0438\u044F \u0432\u043A\u043B\u044E\u0447\u0435\u043D\u0430",
  keepEveryDevice: "\u041A\u0430\u0440\u0442\u044B \u043D\u0430 \u0432\u0441\u0435\u0445 \u0443\u0441\u0442\u0440\u043E\u0439\u0441\u0442\u0432\u0430\u0445",
  signedIn: "\u0412\u0445\u043E\u0434 \u0432\u044B\u043F\u043E\u043B\u043D\u0435\u043D",
  syncCopyOn: "\u0421\u043E\u0445\u0440\u0430\u043D\u0451\u043D\u043D\u044B\u0435 \u043A\u0430\u0440\u0442\u044B \u0438 \u0443\u0434\u0430\u043B\u0435\u043D\u0438\u044F \u0441\u0438\u043D\u0445\u0440\u043E\u043D\u0438\u0437\u0438\u0440\u0443\u044E\u0442\u0441\u044F \u043C\u0435\u0436\u0434\u0443 \u0443\u0441\u0442\u0440\u043E\u0439\u0441\u0442\u0432\u0430\u043C\u0438.",
  syncCopyOff: "\u0421\u043E\u0445\u0440\u0430\u043D\u044F\u0439\u0442\u0435 \u043A\u0430\u0440\u0442\u044B \u043D\u0430 \u044D\u0442\u043E\u043C \u0443\u0441\u0442\u0440\u043E\u0439\u0441\u0442\u0432\u0435. \u0412\u043E\u0439\u0434\u0438\u0442\u0435, \u043A\u043E\u0433\u0434\u0430 \u0437\u0430\u0445\u043E\u0442\u0438\u0442\u0435 \u0432\u0438\u0434\u0435\u0442\u044C \u0438\u0445 \u0432\u0435\u0437\u0434\u0435.",
  weeklyDigestTitle: "\u0415\u0436\u0435\u043D\u0435\u0434\u0435\u043B\u044C\u043D\u043E\u0435 \u043F\u0438\u0441\u044C\u043C\u043E \u043E \u043D\u0435\u0431\u0435",
  weeklyDigestCopy: "\u041E\u0434\u043D\u043E \u043F\u0438\u0441\u044C\u043C\u043E \u0432 \u043D\u0435\u0434\u0435\u043B\u044E: \u043D\u0435\u0431\u043E \u043D\u0430 \u0444\u043E\u043D\u0435 \u0432\u0430\u0448\u0438\u0445 \u0441\u043E\u0445\u0440\u0430\u043D\u0451\u043D\u043D\u044B\u0445 \u043A\u0430\u0440\u0442. \u041E\u0442\u043F\u0438\u0441\u0430\u0442\u044C\u0441\u044F \u043C\u043E\u0436\u043D\u043E \u0432 \u043B\u044E\u0431\u043E\u0439 \u043C\u043E\u043C\u0435\u043D\u0442.",
  weeklyDigestAria: "\u041F\u043E\u0434\u043F\u0438\u0441\u043A\u0430 \u043D\u0430 \u0435\u0436\u0435\u043D\u0435\u0434\u0435\u043B\u044C\u043D\u044B\u0439 \u0434\u0430\u0439\u0434\u0436\u0435\u0441\u0442",
  digestSaved: "\u041D\u0430\u0441\u0442\u0440\u043E\u0439\u043A\u0430 \u0434\u0430\u0439\u0434\u0436\u0435\u0441\u0442\u0430 \u0441\u043E\u0445\u0440\u0430\u043D\u0435\u043D\u0430.",
  digestFailed: "\u041D\u0435 \u0443\u0434\u0430\u043B\u043E\u0441\u044C \u043E\u0431\u043D\u043E\u0432\u0438\u0442\u044C \u043D\u0430\u0441\u0442\u0440\u043E\u0439\u043A\u0443 \u0434\u0430\u0439\u0434\u0436\u0435\u0441\u0442\u0430. \u041F\u043E\u043F\u0440\u043E\u0431\u0443\u0439\u0442\u0435 \u0435\u0449\u0451 \u0440\u0430\u0437.",
  checkEmail: "\u041F\u0440\u043E\u0432\u0435\u0440\u044C\u0442\u0435 \u043F\u043E\u0447\u0442\u0443 \u2014 \u0442\u0430\u043C \u0441\u0441\u044B\u043B\u043A\u0430 \u0434\u043B\u044F \u0432\u0445\u043E\u0434\u0430. \u0421\u0442\u0440\u0430\u043D\u0438\u0446\u0430 \u0441\u0438\u043D\u0445\u0440\u043E\u043D\u0438\u0437\u0438\u0440\u0443\u0435\u0442\u0441\u044F \u043F\u043E\u0441\u043B\u0435 \u0432\u043E\u0437\u0432\u0440\u0430\u0449\u0435\u043D\u0438\u044F.",
  syncFailed: "\u0421\u0438\u043D\u0445\u0440\u043E\u043D\u0438\u0437\u0430\u0446\u0438\u044F \u043D\u0435 \u0443\u0434\u0430\u043B\u0430\u0441\u044C. \u041F\u043E\u043F\u0440\u043E\u0431\u0443\u0439\u0442\u0435 \u0435\u0449\u0451 \u0440\u0430\u0437.",
  syncing: "\u0421\u0438\u043D\u0445\u0440\u043E\u043D\u0438\u0437\u0438\u0440\u0443\u0435\u043C\u2026",
  synced: "\u0421\u0438\u043D\u0445\u0440\u043E\u043D\u0438\u0437\u0438\u0440\u043E\u0432\u0430\u043D\u043E",
  syncNow: "\u0421\u0438\u043D\u0445\u0440\u043E\u043D\u0438\u0437\u0438\u0440\u043E\u0432\u0430\u0442\u044C",
  signOut: "\u0412\u044B\u0439\u0442\u0438",
  emailSyncAria: "\u041F\u043E\u0447\u0442\u0430 \u0434\u043B\u044F \u0441\u0438\u043D\u0445\u0440\u043E\u043D\u0438\u0437\u0430\u0446\u0438\u0438 \u043F\u0440\u043E\u0444\u0438\u043B\u044F",
  sending: "\u041E\u0442\u043F\u0440\u0430\u0432\u043B\u044F\u0435\u043C\u2026",
  sendSignIn: "\u041E\u0442\u043F\u0440\u0430\u0432\u0438\u0442\u044C \u0441\u0441\u044B\u043B\u043A\u0443 \u0434\u043B\u044F \u0432\u0445\u043E\u0434\u0430",
  nothingSaved: "\u041F\u043E\u043A\u0430 \u043D\u0438\u0447\u0435\u0433\u043E \u043D\u0435 \u0441\u043E\u0445\u0440\u0430\u043D\u0435\u043D\u043E.",
  emptyProfile: "\u0421\u043E\u0445\u0440\u0430\u043D\u0451\u043D\u043D\u044B\u0435 \u043A\u0430\u0440\u0442\u044B \u0431\u0443\u0434\u0443\u0442 \u0436\u0438\u0442\u044C \u0437\u0434\u0435\u0441\u044C, \u0441\u043D\u0430\u0447\u0430\u043B\u0430 \u043D\u0430 \u0432\u0430\u0448\u0435\u043C \u0443\u0441\u0442\u0440\u043E\u0439\u0441\u0442\u0432\u0435. \u0420\u0430\u0441\u0441\u0447\u0438\u0442\u0430\u0439\u0442\u0435 \u043A\u0430\u0440\u0442\u0443 \u0438 \u043D\u0430\u0436\u043C\u0438\u0442\u0435 \xAB\u0421\u043E\u0445\u0440\u0430\u043D\u0438\u0442\u044C \u044D\u0442\u0443 \u043A\u0430\u0440\u0442\u0443\xBB.",
  saved: "\u0441\u043E\u0445\u0440\u0430\u043D\u0435\u043D\u043E",
  chartSingular: "\u043A\u0430\u0440\u0442\u0430",
  chartPlural: "\u043A\u0430\u0440\u0442\u044B",
  savedChartSingular: "\u0441\u043E\u0445\u0440\u0430\u043D\u0451\u043D\u043D\u0430\u044F \u043A\u0430\u0440\u0442\u0430",
  savedChartPlural: "\u0441\u043E\u0445\u0440\u0430\u043D\u0451\u043D\u043D\u044B\u0435 \u043A\u0430\u0440\u0442\u044B",
  syncedWhenSignedIn: "\u0441\u0438\u043D\u0445\u0440\u043E\u043D\u0438\u0437\u0438\u0440\u0443\u044E\u0442\u0441\u044F \u043F\u043E\u0441\u043B\u0435 \u0432\u0445\u043E\u0434\u0430",
  storedBrowser: "\u0445\u0440\u0430\u043D\u044F\u0442\u0441\u044F \u0432 \u044D\u0442\u043E\u043C \u0431\u0440\u0430\u0443\u0437\u0435\u0440\u0435",
  chartName: "\u041D\u0430\u0437\u0432\u0430\u043D\u0438\u0435 \u043A\u0430\u0440\u0442\u044B",
  timeUnknown: "\u0432\u0440\u0435\u043C\u044F \u043D\u0435\u0438\u0437\u0432\u0435\u0441\u0442\u043D\u043E",
  needsTime: "\u043D\u0443\u0436\u043D\u043E \u0432\u0440\u0435\u043C\u044F",
  compareThese: "\u0421\u0440\u0430\u0432\u043D\u0438\u0442\u044C \u044D\u0442\u0438 \u0434\u0432\u0435 \u043A\u0430\u0440\u0442\u044B",
  addAnotherChart: "\u0414\u043E\u0431\u0430\u0432\u0438\u0442\u044C \u0435\u0449\u0451 \u043A\u0430\u0440\u0442\u0443",
  footerWidgets: "\u0412\u0438\u0434\u0436\u0435\u0442\u044B",
  footerDisclosure: "\u0420\u0430\u0441\u043A\u0440\u044B\u0442\u0438\u0435 \u0438\u043D\u0444\u043E\u0440\u043C\u0430\u0446\u0438\u0438",
  emailCaptureKicker: "\u0411\u0435\u0441\u043F\u043B\u0430\u0442\u043D\u044B\u0439 \u0435\u0436\u0435\u043D\u0435\u0434\u0435\u043B\u044C\u043D\u044B\u0439 \u043F\u0440\u043E\u0433\u043D\u043E\u0437",
  emailCaptureTitle: "\u0412\u0430\u0448\u0430 \u043D\u0435\u0434\u0435\u043B\u044F \u0432\u043F\u0435\u0440\u0435\u0434\u0438.",
  emailCapturePersonalTitle: "\u0412\u0430\u0448\u0430 \u043D\u0435\u0434\u0435\u043B\u044F {sign} \u0432\u043F\u0435\u0440\u0435\u0434\u0438.",
  emailCaptureCopy: "\u0415\u0436\u0435\u043D\u0435\u0434\u0435\u043B\u044C\u043D\u044B\u0439 \u043F\u0440\u043E\u0433\u043D\u043E\u0437 \u0434\u043B\u044F \u0432\u0430\u0448\u0435\u0433\u043E \u0437\u043D\u0430\u043A\u0430. \u0411\u0435\u0441\u043F\u043B\u0430\u0442\u043D\u043E, \u043E\u0442\u043F\u0438\u0441\u043A\u0430 \u0432 \u043B\u044E\u0431\u043E\u0439 \u043C\u043E\u043C\u0435\u043D\u0442.",
  emailCaptureEmailLabel: "\u0410\u0434\u0440\u0435\u0441 \u043F\u043E\u0447\u0442\u044B",
  emailCaptureEmailPlaceholder: "you@example.com",
  emailCaptureSignLegend: "\u0412\u0430\u0448 \u0441\u043E\u043B\u043D\u0435\u0447\u043D\u044B\u0439 \u0437\u043D\u0430\u043A (\u043D\u0435\u043E\u0431\u044F\u0437\u0430\u0442\u0435\u043B\u044C\u043D\u043E)",
  emailCaptureNoSign: "\u0411\u0435\u0437 \u0437\u043D\u0430\u043A\u0430",
  emailCaptureUsingSign: "\u0412\u0430\u0448 \u0441\u043E\u043B\u043D\u0435\u0447\u043D\u044B\u0439 \u0437\u043D\u0430\u043A: {sign}",
  emailCaptureChangeSign: "\u0418\u0437\u043C\u0435\u043D\u0438\u0442\u044C",
  emailCaptureSubmit: "\u041F\u0440\u0438\u0441\u043B\u0430\u0442\u044C \u043C\u043E\u044E \u043D\u0435\u0434\u0435\u043B\u044E",
  emailCaptureSubmitting: "\u041F\u043E\u0434\u043A\u043B\u044E\u0447\u0430\u0435\u043C\u2026",
  emailCaptureSuccess: "\u041F\u0440\u043E\u0432\u0435\u0440\u044C\u0442\u0435 \u043F\u043E\u0447\u0442\u0443, \u0447\u0442\u043E\u0431\u044B \u043F\u043E\u0434\u0442\u0432\u0435\u0440\u0434\u0438\u0442\u044C \u043F\u043E\u0434\u043F\u0438\u0441\u043A\u0443.",
  emailCaptureErrorTitle: "\u041F\u043E\u0434\u043F\u0438\u0441\u043A\u0430 \u043D\u0435\u0434\u043E\u0441\u0442\u0443\u043F\u043D\u0430",
  emailCaptureError: "\u041D\u0435 \u0443\u0434\u0430\u043B\u043E\u0441\u044C \u043E\u0444\u043E\u0440\u043C\u0438\u0442\u044C \u043F\u043E\u0434\u043F\u0438\u0441\u043A\u0443. \u041F\u043E\u043F\u0440\u043E\u0431\u0443\u0439\u0442\u0435 \u0435\u0449\u0451 \u0440\u0430\u0437.",
  emailCapturePrivacy: "\u041C\u044B \u0445\u0440\u0430\u043D\u0438\u043C \u0432\u0430\u0448\u0443 \u043F\u043E\u0447\u0442\u0443 \u0442\u043E\u043B\u044C\u043A\u043E \u0441 \u0432\u044B\u0431\u0440\u0430\u043D\u043D\u044B\u043C \u0437\u043D\u0430\u043A\u043E\u043C \u2014 \u0438 \u043D\u0438\u043A\u043E\u0433\u0434\u0430 \u0434\u0430\u043D\u043D\u044B\u0435 \u0440\u043E\u0436\u0434\u0435\u043D\u0438\u044F.",
  emailCaptureHoneypot: "\u041E\u0441\u0442\u0430\u0432\u044C\u0442\u0435 \u044D\u0442\u043E \u043F\u043E\u043B\u0435 \u043F\u0443\u0441\u0442\u044B\u043C",
  emailPendingTitle: "\u041F\u0440\u043E\u0432\u0435\u0440\u044C\u0442\u0435 \u043F\u043E\u0447\u0442\u0443.",
  emailPendingBody: "\u041F\u0435\u0440\u0435\u0439\u0434\u0438\u0442\u0435 \u043F\u043E \u0441\u0441\u044B\u043B\u043A\u0435 \u043F\u043E\u0434\u0442\u0432\u0435\u0440\u0436\u0434\u0435\u043D\u0438\u044F \u0438\u0437 \u043F\u0438\u0441\u044C\u043C\u0430 \u2014 \u043F\u043E\u0434\u043F\u0438\u0441\u043A\u0430 \u043D\u0430\u0447\u043D\u0451\u0442\u0441\u044F \u043F\u043E\u0441\u043B\u0435 \u044D\u0442\u043E\u0433\u043E.",
  emailConfirmSubject: "\u041F\u043E\u0434\u0442\u0432\u0435\u0440\u0434\u0438\u0442\u0435 \u043F\u043E\u0434\u043F\u0438\u0441\u043A\u0443 \u043D\u0430 Zodiacs.org",
  emailConfirmMessage: "\u041F\u043E\u0434\u0442\u0432\u0435\u0440\u0434\u0438\u0442\u0435, \u0447\u0442\u043E \u0445\u043E\u0442\u0438\u0442\u0435 \u043F\u043E\u043B\u0443\u0447\u0430\u0442\u044C \u043F\u0438\u0441\u044C\u043C\u0430 Zodiacs.org:",
  emailConfirmIgnore: "\u0421\u0441\u044B\u043B\u043A\u0430 \u0434\u0435\u0439\u0441\u0442\u0432\u0443\u0435\u0442 48 \u0447\u0430\u0441\u043E\u0432. \u0415\u0441\u043B\u0438 \u0432\u044B \u043D\u0438\u0447\u0435\u0433\u043E \u043D\u0435 \u0437\u0430\u043F\u0440\u0430\u0448\u0438\u0432\u0430\u043B\u0438, \u043F\u0440\u043E\u0441\u0442\u043E \u043F\u0440\u043E\u0438\u0433\u043D\u043E\u0440\u0438\u0440\u0443\u0439\u0442\u0435 \u043F\u0438\u0441\u044C\u043C\u043E \u2014 \u043D\u0438\u0447\u0435\u0433\u043E \u043F\u043E\u0434\u043F\u0438\u0441\u0430\u043D\u043E \u043D\u0435 \u0431\u0443\u0434\u0435\u0442.",
  emailConfirmTitle: "\u041F\u043E\u0441\u043B\u0435\u0434\u043D\u044F\u044F \u043F\u0440\u043E\u0432\u0435\u0440\u043A\u0430.",
  emailConfirmBody: "\u041F\u043E\u0434\u0442\u0432\u0435\u0440\u0434\u0438\u0442\u0435 \u043F\u043E\u0434\u043F\u0438\u0441\u043A\u0443, \u0447\u0442\u043E\u0431\u044B \u043E\u043D\u0430 \u043D\u0430\u0447\u0430\u043B\u0430\u0441\u044C. \u0414\u043E \u044D\u0442\u043E\u0433\u043E \u043D\u0438\u0447\u0435\u0433\u043E \u043D\u0435 \u0430\u043A\u0442\u0438\u0432\u043D\u043E.",
  emailConfirmAction: "\u041F\u043E\u0434\u0442\u0432\u0435\u0440\u0434\u0438\u0442\u044C \u043F\u043E\u0434\u043F\u0438\u0441\u043A\u0443",
  emailConfirmedTitle: "\u041F\u043E\u0434\u043F\u0438\u0441\u043A\u0430 \u043F\u043E\u0434\u0442\u0432\u0435\u0440\u0436\u0434\u0435\u043D\u0430.",
  emailConfirmedBody: "\u041A\u0430\u0436\u0434\u043E\u0435 \u043F\u0438\u0441\u044C\u043C\u043E \u0441\u043E\u0434\u0435\u0440\u0436\u0438\u0442 \u0441\u0441\u044B\u043B\u043A\u0443 \u0434\u043B\u044F \u043E\u0442\u043F\u0438\u0441\u043A\u0438.",
  emailConfirmInvalidTitle: "\u0421\u0441\u044B\u043B\u043A\u0430 \u043D\u0435\u0434\u0435\u0439\u0441\u0442\u0432\u0438\u0442\u0435\u043B\u044C\u043D\u0430.",
  emailConfirmInvalidBody: "\u041E\u043D\u0430 \u043C\u043E\u0433\u043B\u0430 \u0438\u0441\u0442\u0435\u0447\u044C \u2014 \u0441\u0441\u044B\u043B\u043A\u0438 \u0434\u0435\u0439\u0441\u0442\u0432\u0443\u044E\u0442 48 \u0447\u0430\u0441\u043E\u0432 \u2014 \u0438\u043B\u0438 \u0443\u0436\u0435 \u0431\u044B\u0442\u044C \u0438\u0441\u043F\u043E\u043B\u044C\u0437\u043E\u0432\u0430\u043D\u043D\u043E\u0439. \u0417\u0430\u043F\u0440\u043E\u0441\u0438\u0442\u0435 \u043D\u043E\u0432\u0443\u044E \u0432 \u043B\u044E\u0431\u043E\u0439 \u0444\u043E\u0440\u043C\u0435 \u043F\u043E\u0434\u043F\u0438\u0441\u043A\u0438 \u043D\u0430 \u0441\u0430\u0439\u0442\u0435.",
  emailReturnHome: "\u0412\u0435\u0440\u043D\u0443\u0442\u044C\u0441\u044F \u043D\u0430 Zodiacs.org"
};
var ru_default = ru;

// site/src/lib/i18n/ru-runtime/server.ts
var RUSSIAN_RUNTIME = {
  signs: {
    names: {
      aries: "\u041E\u0432\u0435\u043D",
      taurus: "\u0422\u0435\u043B\u0435\u0446",
      gemini: "\u0411\u043B\u0438\u0437\u043D\u0435\u0446\u044B",
      cancer: "\u0420\u0430\u043A",
      leo: "\u041B\u0435\u0432",
      virgo: "\u0414\u0435\u0432\u0430",
      libra: "\u0412\u0435\u0441\u044B",
      scorpio: "\u0421\u043A\u043E\u0440\u043F\u0438\u043E\u043D",
      sagittarius: "\u0421\u0442\u0440\u0435\u043B\u0435\u0446",
      capricorn: "\u041A\u043E\u0437\u0435\u0440\u043E\u0433",
      aquarius: "\u0412\u043E\u0434\u043E\u043B\u0435\u0439",
      pisces: "\u0420\u044B\u0431\u044B"
    },
    dates: {
      aries: "21 \u043C\u0430\u0440 \u2013 19 \u0430\u043F\u0440",
      taurus: "20 \u0430\u043F\u0440 \u2013 20 \u043C\u0430\u044F",
      gemini: "21 \u043C\u0430\u044F \u2013 20 \u0438\u044E\u043D",
      cancer: "21 \u0438\u044E\u043D \u2013 22 \u0438\u044E\u043B",
      leo: "23 \u0438\u044E\u043B \u2013 22 \u0430\u0432\u0433",
      virgo: "23 \u0430\u0432\u0433 \u2013 22 \u0441\u0435\u043D",
      libra: "23 \u0441\u0435\u043D \u2013 22 \u043E\u043A\u0442",
      scorpio: "23 \u043E\u043A\u0442 \u2013 21 \u043D\u043E\u044F",
      sagittarius: "22 \u043D\u043E\u044F \u2013 21 \u0434\u0435\u043A",
      capricorn: "22 \u0434\u0435\u043A \u2013 19 \u044F\u043D\u0432",
      aquarius: "20 \u044F\u043D\u0432 \u2013 18 \u0444\u0435\u0432",
      pisces: "19 \u0444\u0435\u0432 \u2013 20 \u043C\u0430\u0440"
    },
    essences: {
      aries: "\u041F\u0435\u0440\u0432\u044B\u0439 \u0441\u043E \u0441\u0442\u0430\u0440\u0442\u0430 \u2014 \u043F\u0440\u044F\u043C\u043E\u0439, \u0431\u044B\u0441\u0442\u0440\u044B\u0439, \u043D\u0435 \u0431\u043E\u0438\u0442\u0441\u044F \u043D\u0430\u0447\u0438\u043D\u0430\u0442\u044C.",
      taurus: "\u0422\u0432\u0451\u0440\u0434\u044B\u0435 \u0440\u0443\u043A\u0438, \u0445\u043E\u0440\u043E\u0448\u0438\u0439 \u0432\u043A\u0443\u0441 \u0438 \u0434\u043E\u043B\u0433\u0430\u044F \u043F\u0430\u043C\u044F\u0442\u044C \u043D\u0430 \u0443\u044E\u0442.",
      gemini: "\u0411\u044B\u0441\u0442\u0440\u044B\u0435, \u043B\u044E\u0431\u043E\u043F\u044B\u0442\u043D\u044B\u0435, \u0441\u043E\u0437\u0434\u0430\u043D\u044B \u0434\u043B\u044F \u0440\u0430\u0437\u0433\u043E\u0432\u043E\u0440\u0430.",
      cancer: "\u0421\u043D\u0430\u0447\u0430\u043B\u0430 \u0447\u0443\u0432\u0441\u0442\u0432\u0443\u0435\u0442, \u0432\u0441\u0451 \u043F\u043E\u043C\u043D\u0438\u0442, \u0431\u0435\u0440\u0435\u0436\u0451\u0442 \u0442\u043E, \u0447\u0442\u043E \u043B\u044E\u0431\u0438\u0442.",
      leo: "\u0422\u0451\u043F\u043B\u043E\u0435 \u0441\u0435\u0440\u0434\u0446\u0435, \u0432\u044B\u0440\u0430\u0437\u0438\u0442\u0435\u043B\u044C\u043D\u043E\u0441\u0442\u044C, \u0440\u043E\u0436\u0434\u0451\u043D \u0434\u043B\u044F \u0441\u0432\u0435\u0442\u0430.",
      virgo: "\u0422\u043E\u0447\u043D\u0430\u044F, \u043F\u043E\u043B\u0435\u0437\u043D\u0430\u044F, \u0442\u0438\u0445\u043E \u0432\u0435\u0434\u0451\u0442 \u0432\u0441\u0451 \u0445\u043E\u0437\u044F\u0439\u0441\u0442\u0432\u043E.",
      libra: "\u0412\u0437\u0432\u0435\u0448\u0438\u0432\u0430\u044E\u0442 \u0432\u0441\u0451 \u2014 \u0440\u0430\u0434\u0438 \u043A\u0440\u0430\u0441\u043E\u0442\u044B \u0438 \u0440\u0430\u0434\u0438 \u0441\u043F\u0440\u0430\u0432\u0435\u0434\u043B\u0438\u0432\u043E\u0441\u0442\u0438.",
      scorpio: "\u0413\u043B\u0443\u0431\u0438\u043D\u0430, \u0432\u044B\u0434\u0435\u0440\u0436\u043A\u0430 \u0438 \u0432\u0437\u0433\u043B\u044F\u0434, \u043A\u043E\u0442\u043E\u0440\u044B\u0439 \u043D\u0435 \u043E\u0442\u0432\u0435\u0441\u0442\u0438.",
      sagittarius: "\u0414\u0430\u043B\u044C\u043D\u044F\u044F \u0434\u043E\u0440\u043E\u0433\u0430, \u0448\u0438\u0440\u043E\u043A\u0430\u044F \u043C\u044B\u0441\u043B\u044C, \u0447\u0435\u0441\u0442\u043D\u044B\u0439 \u0441\u043C\u0435\u0445.",
      capricorn: "\u0414\u043E\u043B\u0433\u0438\u0439 \u043F\u043E\u0434\u044A\u0451\u043C, \u0441\u0443\u0445\u043E\u0439 \u044E\u043C\u043E\u0440, \u0440\u0435\u0437\u0443\u043B\u044C\u0442\u0430\u0442 \u043F\u043E \u0440\u0430\u0441\u043F\u0438\u0441\u0430\u043D\u0438\u044E.",
      aquarius: "\u0421\u0432\u043E\u0439 \u0443\u0433\u043E\u043B \u0437\u0440\u0435\u043D\u0438\u044F \u2014 \u0438 \u0434\u0432\u0435\u0440\u044C, \u043E\u0442\u043A\u0440\u044B\u0442\u0430\u044F \u0431\u0443\u0434\u0443\u0449\u0435\u043C\u0443.",
      pisces: "\u041C\u044F\u0433\u043A\u0430\u044F \u043D\u0430\u0441\u0442\u0440\u043E\u0439\u043A\u0430 \u043D\u0430 \u0432\u0441\u0435\u0445, \u043C\u043E\u0440\u0435 \u0432\u043D\u0443\u0442\u0440\u0438."
    },
    prepositional: {
      aries: "\u041E\u0432\u043D\u0435",
      taurus: "\u0422\u0435\u043B\u044C\u0446\u0435",
      gemini: "\u0411\u043B\u0438\u0437\u043D\u0435\u0446\u0430\u0445",
      cancer: "\u0420\u0430\u043A\u0435",
      leo: "\u041B\u044C\u0432\u0435",
      virgo: "\u0414\u0435\u0432\u0435",
      libra: "\u0412\u0435\u0441\u0430\u0445",
      scorpio: "\u0421\u043A\u043E\u0440\u043F\u0438\u043E\u043D\u0435",
      sagittarius: "\u0421\u0442\u0440\u0435\u043B\u044C\u0446\u0435",
      capricorn: "\u041A\u043E\u0437\u0435\u0440\u043E\u0433\u0435",
      aquarius: "\u0412\u043E\u0434\u043E\u043B\u0435\u0435",
      pisces: "\u0420\u044B\u0431\u0430\u0445"
    },
    elements: { fire: "\u043E\u0433\u043E\u043D\u044C", earth: "\u0437\u0435\u043C\u043B\u044F", air: "\u0432\u043E\u0437\u0434\u0443\u0445", water: "\u0432\u043E\u0434\u0430" },
    modalities: { cardinal: "\u043A\u0430\u0440\u0434\u0438\u043D\u0430\u043B\u044C\u043D\u044B\u0439", fixed: "\u0444\u0438\u043A\u0441\u0438\u0440\u043E\u0432\u0430\u043D\u043D\u044B\u0439", mutable: "\u043C\u0443\u0442\u0430\u0431\u0435\u043B\u044C\u043D\u044B\u0439" }
  },
  astrology: {
    planets: {
      Sun: "\u0421\u043E\u043B\u043D\u0446\u0435",
      Moon: "\u041B\u0443\u043D\u0430",
      Mercury: "\u041C\u0435\u0440\u043A\u0443\u0440\u0438\u0439",
      Venus: "\u0412\u0435\u043D\u0435\u0440\u0430",
      Mars: "\u041C\u0430\u0440\u0441",
      Jupiter: "\u042E\u043F\u0438\u0442\u0435\u0440",
      Saturn: "\u0421\u0430\u0442\u0443\u0440\u043D",
      Uranus: "\u0423\u0440\u0430\u043D",
      Neptune: "\u041D\u0435\u043F\u0442\u0443\u043D",
      Pluto: "\u041F\u043B\u0443\u0442\u043E\u043D",
      "North Node": "\u0421\u0435\u0432\u0435\u0440\u043D\u044B\u0439 \u0443\u0437\u0435\u043B",
      "South Node": "\u042E\u0436\u043D\u044B\u0439 \u0443\u0437\u0435\u043B"
    },
    aspects: {
      conjunction: "\u0441\u043E\u0435\u0434\u0438\u043D\u0435\u043D\u0438\u0435",
      sextile: "\u0441\u0435\u043A\u0441\u0442\u0438\u043B\u044C",
      square: "\u043A\u0432\u0430\u0434\u0440\u0430\u0442\u0443\u0440\u0430",
      trine: "\u0442\u0440\u0438\u043D",
      opposition: "\u043E\u043F\u043F\u043E\u0437\u0438\u0446\u0438\u044F"
    },
    moonPhases: {
      "New Moon": "\u041D\u043E\u0432\u043E\u043B\u0443\u043D\u0438\u0435",
      "Waxing Crescent": "\u0420\u0430\u0441\u0442\u0443\u0449\u0438\u0439 \u0441\u0435\u0440\u043F",
      "First Quarter": "\u041F\u0435\u0440\u0432\u0430\u044F \u0447\u0435\u0442\u0432\u0435\u0440\u0442\u044C",
      "Waxing Gibbous": "\u0420\u0430\u0441\u0442\u0443\u0449\u0430\u044F \u041B\u0443\u043D\u0430",
      "Full Moon": "\u041F\u043E\u043B\u043D\u043E\u043B\u0443\u043D\u0438\u0435",
      "Waning Gibbous": "\u0423\u0431\u044B\u0432\u0430\u044E\u0449\u0430\u044F \u041B\u0443\u043D\u0430",
      "Last Quarter": "\u041F\u043E\u0441\u043B\u0435\u0434\u043D\u044F\u044F \u0447\u0435\u0442\u0432\u0435\u0440\u0442\u044C",
      "Waning Crescent": "\u0423\u0431\u044B\u0432\u0430\u044E\u0449\u0438\u0439 \u0441\u0435\u0440\u043F"
    }
  },
  chart: {
    lens: {
      rail: "\u041A\u0430\u0440\u0442\u0430 \u0432\u043E \u0432\u0440\u0435\u043C\u0435\u043D\u0438",
      natal: "\u041D\u0430\u0442\u0430\u043B\u044C\u043D\u0430\u044F",
      sky: "\u041D\u0435\u0431\u043E \u0441\u0435\u0439\u0447\u0430\u0441",
      progressed: "\u041F\u0440\u043E\u0433\u0440\u0435\u0441\u0441\u0438\u0438",
      return: "\u0421\u043E\u043B\u043D\u0435\u0447\u043D\u043E\u0435 \u0432\u043E\u0437\u0432\u0440\u0430\u0449\u0435\u043D\u0438\u0435"
    },
    detail: { lead: "\u0422\u043E\u0447\u043D\u044B\u0435 \u0434\u0430\u043D\u043D\u044B\u0435 \u043A\u0430\u0440\u0442\u044B \u2014 ", placements: " \u043F\u043E\u043B\u043E\u0436\u0435\u043D\u0438\u0439 \xB7 ", aspects: " \u0430\u0441\u043F\u0435\u043A\u0442\u043E\u0432" },
    wheelActions: {
      actions: "\u0414\u0435\u0439\u0441\u0442\u0432\u0438\u044F \u0441 \u043A\u0430\u0440\u0442\u043E\u0439",
      guide: "\u041F\u0440\u043E\u0439\u0442\u0438 \u044D\u043A\u0441\u043A\u0443\u0440\u0441\u0438\u044E",
      replay: "\u041F\u043E\u0432\u0442\u043E\u0440\u0438\u0442\u044C \u044D\u043A\u0441\u043A\u0443\u0440\u0441\u0438\u044E",
      another: "\u041F\u0440\u043E\u0447\u0438\u0442\u0430\u0442\u044C \u0434\u0440\u0443\u0433\u0443\u044E \u043A\u0430\u0440\u0442\u0443 \u2014 \u043F\u043E\u043A\u0430 \u043F\u043E-\u0430\u043D\u0433\u043B\u0438\u0439\u0441\u043A\u0438",
      signatureSelf: "\u0425\u0430\u0440\u0430\u043A\u0442\u0435\u0440\u043D\u044B\u0439 \u0440\u0438\u0441\u0443\u043D\u043E\u043A \u0432\u0430\u0448\u0435\u0439 \u043A\u0430\u0440\u0442\u044B",
      signatureOther: "\u0425\u0430\u0440\u0430\u043A\u0442\u0435\u0440\u043D\u044B\u0439 \u0440\u0438\u0441\u0443\u043D\u043E\u043A \u044D\u0442\u043E\u0439 \u043A\u0430\u0440\u0442\u044B",
      compareMine: "\u0421\u0440\u0430\u0432\u043D\u0438\u0442\u044C \u0441 \u043C\u043E\u0435\u0439 \u2014 \u043F\u043E\u043A\u0430 \u043F\u043E-\u0430\u043D\u0433\u043B\u0438\u0439\u0441\u043A\u0438",
      compareAdd: "\u0414\u043E\u0431\u0430\u0432\u0438\u0442\u044C \u043C\u043E\u044E \u043A\u0430\u0440\u0442\u0443 \u0434\u043B\u044F \u0441\u0440\u0430\u0432\u043D\u0435\u043D\u0438\u044F \u2014 \u043F\u043E\u043A\u0430 \u043F\u043E-\u0430\u043D\u0433\u043B\u0438\u0439\u0441\u043A\u0438",
      shareOther: "\u041F\u043E\u0434\u0435\u043B\u0438\u0442\u044C\u0441\u044F \u044D\u0442\u043E\u0439 \u043A\u0430\u0440\u0442\u043E\u0439",
      spotlight: "\u0412\u044B\u0434\u0435\u043B\u0435\u043D\u043E \u043D\u0430 \u044D\u0442\u043E\u0439 \u043A\u0430\u0440\u0442\u0435"
    },
    chartBook: { label: "\u0427\u044C\u044F \u044D\u0442\u043E \u043A\u0430\u0440\u0442\u0430?", save: "\u0421\u043E\u0445\u0440\u0430\u043D\u0438\u0442\u044C", skip: "\u041F\u0440\u043E\u043F\u0443\u0441\u0442\u0438\u0442\u044C" },
    registryAura: {
      discover: "\u0421\u043E\u0445\u0440\u0430\u043D\u0451\u043D\u043D\u0443\u044E \u043A\u0430\u0440\u0442\u0443 \u043C\u043E\u0436\u043D\u043E \u0441\u043E\u043F\u043E\u0441\u0442\u0430\u0432\u0438\u0442\u044C \u0441 \u0437\u0430\u043F\u0438\u0441\u044F\u043C\u0438 \u0420\u0435\u0435\u0441\u0442\u0440\u0430 \u043F\u043E \u043F\u0443\u0431\u043B\u0438\u0447\u043D\u043E\u043C\u0443 \u0430\u0434\u0440\u0435\u0441\u0443.",
      discoverLink: "\u041E\u0442\u043A\u0440\u044B\u0442\u044C \u043A\u0430\u0440\u0442\u0443 \u0440\u044F\u0434\u043E\u043C \u0441 \u043F\u0443\u0431\u043B\u0438\u0447\u043D\u044B\u043C \u0430\u0434\u0440\u0435\u0441\u043E\u043C \u2014 \u043F\u043E\u043A\u0430 \u043F\u043E-\u0430\u043D\u0433\u043B\u0438\u0439\u0441\u043A\u0438 \u2192",
      return: "\u041A\u0430\u0440\u0442\u0430 \u0441\u043E\u0445\u0440\u0430\u043D\u0435\u043D\u0430.",
      returnLink: "\u0412\u0435\u0440\u043D\u0443\u0442\u044C\u0441\u044F \u0432 Registry Collection \u2014 \u043F\u043E\u043A\u0430 \u043F\u043E-\u0430\u043D\u0433\u043B\u0438\u0439\u0441\u043A\u0438 \u2192"
    },
    personChartTemplate: "\u041A\u0430\u0440\u0442\u0430 {name}: \u043D\u0438\u0436\u0435 \xAB\u0432\u044B\xBB \u043E\u0437\u043D\u0430\u0447\u0430\u0435\u0442 {name}.",
    otherSubject: {
      unnamed: "\u0412\u044B \u0447\u0438\u0442\u0430\u0435\u0442\u0435 \u043A\u0430\u0440\u0442\u0443 \u0434\u0440\u0443\u0433\u043E\u0433\u043E \u0447\u0435\u043B\u043E\u0432\u0435\u043A\u0430. \u041D\u0438\u0436\u0435 \xAB\u0432\u044B\xBB \u043E\u0437\u043D\u0430\u0447\u0430\u0435\u0442 \u0447\u0435\u043B\u043E\u0432\u0435\u043A\u0430, \u0447\u044C\u0438 \u0434\u0430\u043D\u043D\u044B\u0435 \u0440\u043E\u0436\u0434\u0435\u043D\u0438\u044F \u0432\u044B \u0432\u0432\u0435\u043B\u0438.",
      namedTemplate: "\u0412\u044B \u0447\u0438\u0442\u0430\u0435\u0442\u0435 \u043A\u0430\u0440\u0442\u0443 {name}. \u041D\u0438\u0436\u0435 \xAB\u0432\u044B\xBB \u043E\u0437\u043D\u0430\u0447\u0430\u0435\u0442 {name}.",
      headingTemplate: "\u041D\u0430\u0442\u0430\u043B\u044C\u043D\u0430\u044F \u043A\u0430\u0440\u0442\u0430: {name}",
      headingUnnamed: "\u041D\u0430\u0442\u0430\u043B\u044C\u043D\u0430\u044F \u043A\u0430\u0440\u0442\u0430 \u0434\u0440\u0443\u0433\u043E\u0433\u043E \u0447\u0435\u043B\u043E\u0432\u0435\u043A\u0430",
      submit: "\u041E\u0431\u043D\u043E\u0432\u0438\u0442\u044C \u044D\u0442\u0443 \u043A\u0430\u0440\u0442\u0443",
      privacy: "\u041F\u0440\u0438\u0432\u0430\u0442\u043D\u043E \u043F\u043E \u0443\u043C\u043E\u043B\u0447\u0430\u043D\u0438\u044E. \u0414\u0430\u043D\u043D\u044B\u0435 \u0440\u043E\u0436\u0434\u0435\u043D\u0438\u044F \u044D\u0442\u043E\u0433\u043E \u0447\u0435\u043B\u043E\u0432\u0435\u043A\u0430 \u043E\u0441\u0442\u0430\u044E\u0442\u0441\u044F \u0432 \u0431\u0440\u0430\u0443\u0437\u0435\u0440\u0435."
    },
    autoNameSun: "\u0421\u043E\u043B\u043D\u0446\u0435",
    sharedBirthplace: "\u041E\u0431\u0449\u0435\u0435 \u043C\u0435\u0441\u0442\u043E \u0440\u043E\u0436\u0434\u0435\u043D\u0438\u044F",
    englishOnlyTitle: "\u041C\u0430\u0442\u0435\u0440\u0438\u0430\u043B \u043F\u043E\u043A\u0430 \u0434\u043E\u0441\u0442\u0443\u043F\u0435\u043D \u043F\u043E-\u0430\u043D\u0433\u043B\u0438\u0439\u0441\u043A\u0438",
    englishOnlySuffix: " \u2014 \u043F\u043E\u043A\u0430 \u043F\u043E-\u0430\u043D\u0433\u043B\u0438\u0439\u0441\u043A\u0438"
  },
  plurals: RUSSIAN_UI_PLURALS
};
function serverRussianRuntime() {
  return RUSSIAN_RUNTIME;
}

// site/src/lib/i18n/ru-runtime/index.ts
function russianRuntime() {
  return true ? serverRussianRuntime() : clientRussianRuntime();
}

// site/src/lib/signs.ts
var SIGNS = [
  { slug: "aries", name: "Aries", glyph: "\u2648", dates: "Mar 21 \u2013 Apr 19", start: [3, 21], end: [4, 19], element: "fire", modality: "cardinal", ruler: "Mars", polarity: "day", house: 1, hue: "#DE8E79", essence: "First out of the gate \u2014 direct, fast, unafraid to start." },
  { slug: "taurus", name: "Taurus", glyph: "\u2649", dates: "Apr 20 \u2013 May 20", start: [4, 20], end: [5, 20], element: "earth", modality: "fixed", ruler: "Venus", polarity: "night", house: 2, hue: "#B9D4BE", essence: "Steady hands, good taste, and a long memory for comfort." },
  { slug: "gemini", name: "Gemini", glyph: "\u264A", dates: "May 21 \u2013 Jun 20", start: [5, 21], end: [6, 20], element: "air", modality: "mutable", ruler: "Mercury", polarity: "day", house: 3, hue: "#B29DD0", essence: "Quick, curious, wired for conversation." },
  { slug: "cancer", name: "Cancer", glyph: "\u264B", dates: "Jun 21 \u2013 Jul 22", start: [6, 21], end: [7, 22], element: "water", modality: "cardinal", ruler: "Moon", polarity: "night", house: 4, hue: "#B6D4E4", essence: "Feels first, remembers everything, protects what it loves." },
  { slug: "leo", name: "Leo", glyph: "\u264C", dates: "Jul 23 \u2013 Aug 22", start: [7, 23], end: [8, 22], element: "fire", modality: "fixed", ruler: "Sun", polarity: "day", house: 5, hue: "#E0A9B4", essence: "Warm-hearted, expressive, born for the spotlight." },
  { slug: "virgo", name: "Virgo", glyph: "\u264D", dates: "Aug 23 \u2013 Sep 22", start: [8, 23], end: [9, 22], element: "earth", modality: "mutable", ruler: "Mercury", polarity: "night", house: 6, hue: "#B7D9B0", essence: "Precise, useful, quietly running the whole operation." },
  { slug: "libra", name: "Libra", glyph: "\u264E", dates: "Sep 23 \u2013 Oct 22", start: [9, 23], end: [10, 22], element: "air", modality: "cardinal", ruler: "Venus", polarity: "day", house: 7, hue: "#D3A9DE", essence: "Balance-seeking, charming, allergic to unfairness." },
  { slug: "scorpio", name: "Scorpio", glyph: "\u264F", dates: "Oct 23 \u2013 Nov 21", start: [10, 23], end: [11, 21], element: "water", modality: "fixed", ruler: "Pluto", classicRuler: "Mars", polarity: "night", house: 8, hue: "#B9DCE8", essence: "Intense, private, all-or-nothing." },
  { slug: "sagittarius", name: "Sagittarius", glyph: "\u2650", dates: "Nov 22 \u2013 Dec 21", start: [11, 22], end: [12, 21], element: "fire", modality: "mutable", ruler: "Jupiter", polarity: "day", house: 9, hue: "#E0B080", essence: "Restless, honest, aimed at the horizon." },
  { slug: "capricorn", name: "Capricorn", glyph: "\u2651", dates: "Dec 22 \u2013 Jan 19", start: [12, 22], end: [1, 19], element: "earth", modality: "cardinal", ruler: "Saturn", polarity: "night", house: 10, hue: "#C0DEA8", essence: "Patient, ambitious, building something that lasts." },
  { slug: "aquarius", name: "Aquarius", glyph: "\u2652", dates: "Jan 20 \u2013 Feb 18", start: [1, 20], end: [2, 18], element: "air", modality: "fixed", ruler: "Uranus", classicRuler: "Saturn", polarity: "day", house: 11, hue: "#AE8FC9", essence: "Independent, inventive, loyal to the future." },
  { slug: "pisces", name: "Pisces", glyph: "\u2653", dates: "Feb 19 \u2013 Mar 20", start: [2, 19], end: [3, 20], element: "water", modality: "mutable", ruler: "Neptune", classicRuler: "Jupiter", polarity: "night", house: 12, hue: "#A9D4C4", essence: "Porous, imaginative, tuned to what goes unspoken." }
];
var SIGN_SLUGS = SIGNS.map((s4) => s4.slug);
var SIGN_NAME_ES = {
  aries: "Aries",
  taurus: "Tauro",
  gemini: "G\xE9minis",
  cancer: "C\xE1ncer",
  leo: "Leo",
  virgo: "Virgo",
  libra: "Libra",
  scorpio: "Escorpio",
  sagittarius: "Sagitario",
  capricorn: "Capricornio",
  aquarius: "Acuario",
  pisces: "Piscis"
};
var SIGN_DATES_ES = {
  aries: "21 mar \u2013 19 abr",
  taurus: "20 abr \u2013 20 may",
  gemini: "21 may \u2013 20 jun",
  cancer: "21 jun \u2013 22 jul",
  leo: "23 jul \u2013 22 ago",
  virgo: "23 ago \u2013 22 sep",
  libra: "23 sep \u2013 22 oct",
  scorpio: "23 oct \u2013 21 nov",
  sagittarius: "22 nov \u2013 21 dic",
  capricorn: "22 dic \u2013 19 ene",
  aquarius: "20 ene \u2013 18 feb",
  pisces: "19 feb \u2013 20 mar"
};
var SIGN_ESSENCE_ES = {
  aries: "Impulso, valent\xEDa y ganas de empezar.",
  taurus: "Calma, placer y una lealtad que se construye con tiempo.",
  gemini: "Curiosidad, conversaci\xF3n y una mente siempre en movimiento.",
  cancer: "Sensibilidad, memoria y cuidado para lo que ama.",
  leo: "Calidez, presencia y una forma natural de brillar.",
  virgo: "Precisi\xF3n, ayuda pr\xE1ctica y atenci\xF3n a lo que mejora la vida.",
  libra: "Encanto, equilibrio y un radar fino para la justicia.",
  scorpio: "Intensidad, intuici\xF3n y una verdad que no se queda en la superficie.",
  sagittarius: "Honestidad, horizonte y ganas de encontrar sentido.",
  capricorn: "Paciencia, ambici\xF3n y la fuerza de construir algo real.",
  aquarius: "Independencia, ideas propias y amor por el futuro.",
  pisces: "Imaginaci\xF3n, empat\xEDa y sensibilidad para lo que no se dice."
};
var SIGN_NAME_PT = {
  aries: "\xC1ries",
  taurus: "Touro",
  gemini: "G\xEAmeos",
  cancer: "C\xE2ncer",
  leo: "Le\xE3o",
  virgo: "Virgem",
  libra: "Libra",
  scorpio: "Escorpi\xE3o",
  sagittarius: "Sagit\xE1rio",
  capricorn: "Capric\xF3rnio",
  aquarius: "Aqu\xE1rio",
  pisces: "Peixes"
};
var SIGN_DATES_PT = {
  aries: "21 mar \u2013 19 abr",
  taurus: "20 abr \u2013 20 mai",
  gemini: "21 mai \u2013 20 jun",
  cancer: "21 jun \u2013 22 jul",
  leo: "23 jul \u2013 22 ago",
  virgo: "23 ago \u2013 22 set",
  libra: "23 set \u2013 22 out",
  scorpio: "23 out \u2013 21 nov",
  sagittarius: "22 nov \u2013 21 dez",
  capricorn: "22 dez \u2013 19 jan",
  aquarius: "20 jan \u2013 18 fev",
  pisces: "19 fev \u2013 20 mar"
};
var SIGN_ESSENCE_PT = {
  aries: "Impulso, coragem e vontade de come\xE7ar.",
  taurus: "Calma, prazer e uma lealdade constru\xEDda com o tempo.",
  gemini: "Curiosidade, conversa e uma mente sempre em movimento.",
  cancer: "Sensibilidade, mem\xF3ria e cuidado com o que ama.",
  leo: "Calor, presen\xE7a e uma forma natural de brilhar.",
  virgo: "Precis\xE3o, ajuda pr\xE1tica e aten\xE7\xE3o ao que melhora a vida.",
  libra: "Charme, equil\xEDbrio e um senso apurado de justi\xE7a.",
  scorpio: "Intensidade, intui\xE7\xE3o e uma verdade que vai al\xE9m da superf\xEDcie.",
  sagittarius: "Honestidade, horizonte e vontade de encontrar sentido.",
  capricorn: "Paci\xEAncia, ambi\xE7\xE3o e a for\xE7a de construir algo real.",
  aquarius: "Independ\xEAncia, ideias pr\xF3prias e amor pelo futuro.",
  pisces: "Imagina\xE7\xE3o, empatia e sensibilidade para o que n\xE3o \xE9 dito."
};
var SIGN_NAME_FR = {
  aries: "B\xE9lier",
  taurus: "Taureau",
  gemini: "G\xE9meaux",
  cancer: "Cancer",
  leo: "Lion",
  virgo: "Vierge",
  libra: "Balance",
  scorpio: "Scorpion",
  sagittarius: "Sagittaire",
  capricorn: "Capricorne",
  aquarius: "Verseau",
  pisces: "Poissons"
};
var SIGN_DATES_FR = {
  aries: "21 mars \u2013 19 avr.",
  taurus: "20 avr. \u2013 20 mai",
  gemini: "21 mai \u2013 20 juin",
  cancer: "21 juin \u2013 22 juil.",
  leo: "23 juil. \u2013 22 ao\xFBt",
  virgo: "23 ao\xFBt \u2013 22 sept.",
  libra: "23 sept. \u2013 22 oct.",
  scorpio: "23 oct. \u2013 21 nov.",
  sagittarius: "22 nov. \u2013 21 d\xE9c.",
  capricorn: "22 d\xE9c. \u2013 19 janv.",
  aquarius: "20 janv. \u2013 18 f\xE9vr.",
  pisces: "19 f\xE9vr. \u2013 20 mars"
};
var SIGN_ESSENCE_FR = {
  aries: "\xC9lan, courage et envie de commencer.",
  taurus: "Calme, plaisir et loyaut\xE9 qui se construit avec le temps.",
  gemini: "Curiosit\xE9, conversation et esprit toujours en mouvement.",
  cancer: "Sensibilit\xE9, m\xE9moire et soin de ce qui compte.",
  leo: "Chaleur, pr\xE9sence et fa\xE7on naturelle de rayonner.",
  virgo: "Pr\xE9cision, aide concr\xE8te et attention \xE0 ce qui am\xE9liore la vie.",
  libra: "Charme, \xE9quilibre et sens aigu de la justice.",
  scorpio: "Intensit\xE9, intuition et v\xE9rit\xE9 qui va au-del\xE0 de la surface.",
  sagittarius: "Franchise, horizon et envie de trouver du sens.",
  capricorn: "Patience, ambition et force de construire quelque chose de r\xE9el.",
  aquarius: "Ind\xE9pendance, id\xE9es personnelles et amour de l\u2019avenir.",
  pisces: "Imagination, empathie et sensibilit\xE9 \xE0 ce qui ne se dit pas."
};
var SIGN_NAME_IT = {
  aries: "Ariete",
  taurus: "Toro",
  gemini: "Gemelli",
  cancer: "Cancro",
  leo: "Leone",
  virgo: "Vergine",
  libra: "Bilancia",
  scorpio: "Scorpione",
  sagittarius: "Sagittario",
  capricorn: "Capricorno",
  aquarius: "Acquario",
  pisces: "Pesci"
};
var SIGN_DATES_IT = {
  aries: "21 mar \u2013 19 apr",
  taurus: "20 apr \u2013 20 mag",
  gemini: "21 mag \u2013 20 giu",
  cancer: "21 giu \u2013 22 lug",
  leo: "23 lug \u2013 22 ago",
  virgo: "23 ago \u2013 22 set",
  libra: "23 set \u2013 22 ott",
  scorpio: "23 ott \u2013 21 nov",
  sagittarius: "22 nov \u2013 21 dic",
  capricorn: "22 dic \u2013 19 gen",
  aquarius: "20 gen \u2013 18 feb",
  pisces: "19 feb \u2013 20 mar"
};
var SIGN_ESSENCE_IT = {
  aries: "Slancio, coraggio e voglia di cominciare.",
  taurus: "Calma, piacere e una lealt\xE0 che si costruisce nel tempo.",
  gemini: "Curiosit\xE0, conversazione e una mente sempre in movimento.",
  cancer: "Sensibilit\xE0, memoria e cura per ci\xF2 che ama.",
  leo: "Calore, presenza e un modo naturale di brillare.",
  virgo: "Precisione, aiuto concreto e attenzione a ci\xF2 che migliora la vita.",
  libra: "Fascino, equilibrio e un senso acuto della giustizia.",
  scorpio: "Intensit\xE0, intuizione e una verit\xE0 che va oltre la superficie.",
  sagittarius: "Onest\xE0, orizzonte e voglia di trovare un senso.",
  capricorn: "Pazienza, ambizione e la forza di costruire qualcosa di reale.",
  aquarius: "Indipendenza, idee proprie e amore per il futuro.",
  pisces: "Immaginazione, empatia e sensibilit\xE0 per ci\xF2 che non viene detto."
};
var SIGN_NAME_OVERRIDES = {
  en: null,
  es: SIGN_NAME_ES,
  pt: SIGN_NAME_PT,
  fr: SIGN_NAME_FR,
  it: SIGN_NAME_IT
};
var SIGN_DATES_OVERRIDES = {
  en: null,
  es: SIGN_DATES_ES,
  pt: SIGN_DATES_PT,
  fr: SIGN_DATES_FR,
  it: SIGN_DATES_IT
};
var SIGN_ESSENCE_OVERRIDES = {
  en: null,
  es: SIGN_ESSENCE_ES,
  pt: SIGN_ESSENCE_PT,
  fr: SIGN_ESSENCE_FR,
  it: SIGN_ESSENCE_IT
};
function signBySlug(slug) {
  const sign = SIGNS.find((s4) => s4.slug === slug);
  if (!sign) throw new Error(`Unknown sign: ${slug}`);
  return sign;
}
function signIndexForLongitude(lon) {
  return Math.floor((lon % 360 + 360) % 360 / 30);
}
function signForLongitude(lon) {
  return SIGNS[signIndexForLongitude(lon)];
}
function signName(sign, locale = "en") {
  const resolved = typeof sign === "string" ? signBySlug(sign) : sign;
  const catalogLocale = requireCatalogLocale(locale);
  if (catalogLocale === "ru") return russianRuntime().signs.names[resolved.slug] ?? resolved.name;
  return SIGN_NAME_OVERRIDES[catalogLocale]?.[resolved.slug] ?? resolved.name;
}
function signDates(sign, locale = "en") {
  const resolved = typeof sign === "string" ? signBySlug(sign) : sign;
  const catalogLocale = requireCatalogLocale(locale);
  if (catalogLocale === "ru") return russianRuntime().signs.dates[resolved.slug] ?? resolved.dates;
  return SIGN_DATES_OVERRIDES[catalogLocale]?.[resolved.slug] ?? resolved.dates;
}
function signEssence(sign, locale = "en") {
  const resolved = typeof sign === "string" ? signBySlug(sign) : sign;
  const catalogLocale = requireCatalogLocale(locale);
  if (catalogLocale === "ru") return russianRuntime().signs.essences[resolved.slug] ?? resolved.essence;
  return SIGN_ESSENCE_OVERRIDES[catalogLocale]?.[resolved.slug] ?? resolved.essence;
}
function degreeInSign(lon) {
  return (lon % 360 + 360) % 360 % 30;
}
function formatLongitude(lon, locale = "en") {
  const sign = signForLongitude(lon);
  const deg = degreeInSign(lon);
  const d4 = Math.floor(deg);
  const m4 = Math.floor((deg - d4) * 60);
  return `${d4}\xB0${String(m4).padStart(2, "0")}\u2032 ${signName(sign, locale)}`;
}
var ELEMENT_LABEL = {
  fire: "Fire",
  earth: "Earth",
  air: "Air",
  water: "Water"
};
var MODALITY_LABEL = {
  cardinal: "Cardinal",
  fixed: "Fixed",
  mutable: "Mutable"
};
var ELEMENT_LABEL_OVERRIDES = {
  en: null,
  es: { fire: "Fuego", earth: "Tierra", air: "Aire", water: "Agua" },
  pt: { fire: "Fogo", earth: "Terra", air: "Ar", water: "\xC1gua" },
  fr: { fire: "Feu", earth: "Terre", air: "Air", water: "Eau" },
  it: { fire: "Fuoco", earth: "Terra", air: "Aria", water: "Acqua" }
};
var MODALITY_LABEL_OVERRIDES = {
  en: null,
  es: { cardinal: "Cardinal", fixed: "Fijo", mutable: "Mutable" },
  pt: { cardinal: "Cardinal", fixed: "Fixo", mutable: "Mut\xE1vel" },
  fr: { cardinal: "Cardinal", fixed: "Fixe", mutable: "Mutable" },
  it: { cardinal: "Cardinale", fixed: "Fisso", mutable: "Mobile" }
};
function elementLabel(element, locale = "en") {
  const catalogLocale = requireCatalogLocale(locale);
  if (catalogLocale === "ru") return russianRuntime().signs.elements[element];
  return ELEMENT_LABEL_OVERRIDES[catalogLocale]?.[element] ?? ELEMENT_LABEL[element];
}
function modalityLabel(modality, locale = "en") {
  const catalogLocale = requireCatalogLocale(locale);
  if (catalogLocale === "ru") return russianRuntime().signs.modalities[modality];
  return MODALITY_LABEL_OVERRIDES[catalogLocale]?.[modality] ?? MODALITY_LABEL[modality];
}

// site/src/lib/i18n/ui/growth.ts
var GROWTH_UI_EN = {
  footerWidgets: "Widgets",
  footerDisclosure: "Disclosure",
  emailCaptureKicker: "Free weekly forecast",
  emailCaptureTitle: "Your week ahead.",
  emailCapturePersonalTitle: "Your {sign} week ahead.",
  emailCaptureCopy: "A weekly forecast for your sign. Free, unsubscribe anytime.",
  emailCaptureEmailLabel: "Email address",
  emailCaptureEmailPlaceholder: "you@example.com",
  emailCaptureSignLegend: "Your sun sign (optional)",
  emailCaptureNoSign: "Skip the sign",
  emailCaptureUsingSign: "Using your Sun sign: {sign}",
  emailCaptureChangeSign: "Change",
  emailCaptureSubmit: "Send my week",
  emailCaptureSubmitting: "Joining\u2026",
  emailCaptureSuccess: "Check your email to confirm your subscription.",
  emailCaptureErrorTitle: "Subscription unavailable",
  emailCaptureError: "Couldn't start the subscription. Please try again.",
  emailCapturePrivacy: "We store your email with your chosen sign only \u2014 never your birth data.",
  emailCaptureHoneypot: "Leave this field blank",
  emailPendingTitle: "Check your email.",
  emailPendingBody: "Use the confirmation link we sent before your weekly forecast begins.",
  emailConfirmSubject: "Confirm your Zodiacs.org weekly forecast",
  emailConfirmMessage: "Confirm that you want the free Zodiacs.org weekly forecast:",
  emailConfirmIgnore: "If you did not request this, ignore this email. Nothing will be subscribed.",
  emailConfirmTitle: "One last check.",
  emailConfirmBody: "Confirm this subscription to begin the free weekly forecast. Until then, no weekly subscription is active.",
  emailConfirmAction: "Confirm subscription",
  emailConfirmedTitle: "Subscription confirmed.",
  emailConfirmedBody: "Your free weekly forecast is on. Every message includes an unsubscribe link.",
  emailConfirmInvalidTitle: "This link is not valid.",
  emailConfirmInvalidBody: "The confirmation link is invalid or has expired. Return to Zodiacs.org to request another.",
  emailReturnHome: "Return to Zodiacs.org"
};
var GROWTH_UI_ES = {
  ...GROWTH_UI_EN,
  footerWidgets: "Widgets",
  footerDisclosure: "Declaraciones",
  emailCaptureKicker: "Pron\xF3stico semanal gratuito",
  emailCaptureTitle: "Tu semana por delante.",
  emailCapturePersonalTitle: "Tu semana de {sign} por delante.",
  emailCaptureCopy: "Un pron\xF3stico semanal para tu signo. Gratis y con baja en cualquier momento.",
  emailCaptureEmailLabel: "Direcci\xF3n de email",
  emailCaptureEmailPlaceholder: "tu@email.com",
  emailCaptureSignLegend: "Tu signo solar (opcional)",
  emailCaptureNoSign: "Omitir el signo",
  emailCaptureUsingSign: "Usando tu signo solar: {sign}",
  emailCaptureChangeSign: "Cambiar",
  emailCaptureSubmit: "Env\xEDame mi semana",
  emailCaptureSubmitting: "Uni\xE9ndote\u2026",
  emailCaptureSuccess: "Revisa tu email para confirmar la suscripci\xF3n.",
  emailCaptureErrorTitle: "Suscripci\xF3n no disponible",
  emailCaptureError: "No se pudo iniciar la suscripci\xF3n. Int\xE9ntalo otra vez.",
  emailCapturePrivacy: "Guardamos tu email solo con el signo que elijas, nunca tus datos de nacimiento.",
  emailCaptureHoneypot: "Deja este campo en blanco",
  emailPendingTitle: "Revisa tu email.",
  emailPendingBody: "Usa el enlace de confirmaci\xF3n que te enviamos antes de que comience tu pron\xF3stico semanal.",
  emailConfirmSubject: "Confirma tu pron\xF3stico semanal de Zodiacs.org",
  emailConfirmMessage: "Confirma que quieres recibir el pron\xF3stico semanal gratuito de Zodiacs.org:",
  emailConfirmIgnore: "Si no lo solicitaste, ignora este email. No se activar\xE1 ninguna suscripci\xF3n.",
  emailConfirmTitle: "Una \xFAltima comprobaci\xF3n.",
  emailConfirmBody: "Confirma la suscripci\xF3n para empezar a recibir el pron\xF3stico semanal gratuito. Hasta entonces, no hay ninguna suscripci\xF3n semanal activa.",
  emailConfirmAction: "Confirmar suscripci\xF3n",
  emailConfirmedTitle: "Suscripci\xF3n confirmada.",
  emailConfirmedBody: "Tu pron\xF3stico semanal gratuito est\xE1 activo. Cada mensaje incluye un enlace para darte de baja.",
  emailConfirmInvalidTitle: "Este enlace no es v\xE1lido.",
  emailConfirmInvalidBody: "El enlace de confirmaci\xF3n no es v\xE1lido o ha caducado. Vuelve a Zodiacs.org para solicitar otro.",
  emailReturnHome: "Volver a Zodiacs.org"
};

// site/src/lib/i18n/ui/en.ts
var en = {
  chartDepthOpen: "See it in three dimensions",
  chartDepthClose: "Hide the third dimension",
  calculationLoadError: "The calculation files could not load. Check your connection and try again.",
  calculationReload: "Reload page",
  calculationReloadWarning: "Reloading clears unsaved entries.",
  calculationRetry: "Try again",
  pfdYearError: "We couldn\u2019t finish your year-ahead reading. Try again.",
  placeSearching: "Searching places\u2026",
  chartWheelActions: "Chart actions",
  chartWheelGuide: "Take the guided tour",
  chartWheelReplay: "Replay the tour",
  chartWheelAnother: "Read another chart",
  chartWheelSignatureSelf: "Your chart signature",
  chartWheelSignatureOther: "Their chart signature",
  chartWheelCompareMine: "Compare with mine",
  chartWheelCompareAdd: "Add my chart to compare",
  chartWheelShareOther: "Share this chart",
  navPrimary: "Primary",
  navSigns: "Signs",
  navTools: "Tools",
  navLearn: "Learn",
  navHoroscopes: "Horoscopes",
  navCollect: "Astrofolio",
  navSavedCharts: "Saved charts",
  navMenu: "Menu",
  navSite: "The site",
  navTwelve: "The twelve",
  footerTag: "Free astrology tools and sign guides, with charts calculated privately in your browser.",
  footerStartHere: "Start here",
  footerPlanets: "The planets",
  footerHouses: "The houses",
  footerZodiacDates: "Zodiac dates",
  footerGlossary: "Glossary",
  footerCompute: "How we compute",
  footerRegistry: "Registry",
  footerThesis: "Thesis",
  footerArchive: "Archive",
  footerSdk: "SDK",
  footerCollectNote: "Registry records, lookups, catalogue profiles, and the SDK are read-only. Astrofolio\u2019s optional buying tool uses independent Jupiter and your own wallet; Zodiacs.org holds no keys or funds. Nothing here is financial advice.",
  footerMethodology: "Methodology",
  footerAbout: "About",
  footerPrivacy: "Privacy",
  footerTerms: "Terms",
  footerPlaceData: "Place data",
  footerFonts: "Fonts under",
  skipContent: "Skip to content",
  open: "Open",
  birthChart: "Birth chart",
  compatibility: "Compatibility",
  moonSign: "Moon sign",
  risingSign: "Rising sign",
  moonPhase: "Moon phase",
  saturnReturn: "Saturn return",
  transits: "Transits",
  birthday: "Birthday",
  retrogrades: "Retrogrades",
  sun: "Sun",
  moon: "Moon",
  rising: "Rising",
  body: "Body",
  position: "Position",
  sign: "Sign",
  house: "House",
  chart: "Chart",
  date: "Date",
  time: "Time",
  place: "Place",
  motion: "Motion",
  optional: "optional",
  birthDate: "Birth date",
  birthTime: "Birth time",
  birthplace: "Birthplace",
  birthDateRequired: "Enter your birth date.",
  birthDateRange: "Choose a birth date from 1800 through 2199.",
  birthTimeRequired: "Enter your birth time.",
  houseSystem: "House system",
  wholeSignDefault: "Whole sign (default)",
  placidus: "Placidus",
  // The EN calculator renders this sentence as JSX with tap-to-explain terms — keep both in sync.
  houseSystemHelp: "How the chart divides into twelve areas of life. Whole sign gives each sign one house; Placidus varies house sizes by exact birth time and place. Planets stay put \u2014 only house boundaries move.",
  computing: "Computing\u2026",
  checking: "Checking\u2026",
  comparing: "Comparing\u2026",
  save: "Save",
  rename: "Rename",
  remove: "Remove",
  getBirthChart: "Get your free birth chart",
  findMoonSign: "Find your moon sign",
  findRisingSign: "Find your rising sign",
  savedCharts: "Saved charts",
  profile: "Your profile",
  read: "Read",
  rightNow: "Right now",
  enterBirthDetails: "Enter birth details\u2026",
  privacyDevice: "Private by default. Your birth details stay in this browser.",
  placePlaceholder: "Start typing a city\u2026",
  placeChange: "Change birthplace",
  placePickHint: "Pick your birthplace from the list.",
  placeNoResults: "Not listed? Choose the nearest town \u2014 a few km rarely changes the chart.",
  placeError: "Couldn't load the place index \u2014 check your connection and try again.",
  searchGeo: "Search covers ~34,000 places \xB7 GeoNames (CC BY 4.0)",
  chartError: "Something went wrong computing the chart. Please try again.",
  moonError: "Something went wrong computing that moon. Please try again.",
  localDateReferenceError: "We couldn\u2019t establish a calculation time within this local date. Check the date and place.",
  returnError: "Something went wrong computing the return. Please try again.",
  transitError: "Something went wrong computing the transits. Please try again.",
  compareError: "Something went wrong comparing the charts. Please try again.",
  noBirthTime: "I don't know it",
  risingTimeHelp: "Rising signs change every two hours \u2014 the clock matters here.",
  chartTimeHelp: "No birth time? You'll get a local-noon reference without rising or houses; the Moon may be uncertain.",
  chartSavedDevice: "Saved \xB7 on this device",
  saveThisChart: "Save this chart",
  chartSavedStatus: "Chart saved on this device.",
  chartSaveFull: "You can save up to 40 charts \u2014 remove one first.",
  chartSaveError: "Couldn't save \u2014 your browser may be blocking local storage.",
  chartSavedMessage: "Saved to your charts. Sign in here when you want them on every device.",
  linkCopied: "Link copied",
  copyChartLink: "Copy a link to this chart",
  rendering: "Rendering\u2026",
  cardSaved: "Card saved",
  saveChartCard: "Save a chart card",
  shareChart: "Share your chart",
  linkToChart: "Link to this chart",
  chartLinkCopied: "Chart link copied to your clipboard.",
  chartCardSaved: "Chart card saved.",
  cardError: "Couldn't draw the card in this browser \u2014 the wheel above will screenshot just as well.",
  shareNote: "The link carries the birth details you entered \u2014 nothing is sent to us, so only people you hand it to can open it. The card is a 1080\xD71350 image drawn on your device.",
  needsBirthTime: "Needs a birth time",
  yourMoonSign: "Your Moon sign",
  yourRisingSign: "Your Rising sign",
  moonPhaseAtBirth: "Moon phase at birth",
  chartRuler: "Chart ruler",
  planetSteering: "the planet steering your rising sign.",
  aspectsFound: "Aspects",
  found: "found",
  applying: "applying",
  wholeSignHouses: "Whole sign houses",
  placidusHouses: "Placidus houses",
  engine: "engine v",
  readInOrder: "Reading it in order",
  readIntro: "Top to bottom, the way an astrologer would take it in. The tables above are the data; this is what they say.",
  readBigThree: "Start with the big three",
  readBigThreeBody: "Sun, Moon, rising \u2014 the three cards at the top. Identity, instinct, entrance. Everything below refines them; nothing replaces them.",
  readRooms: "Planets, room by room",
  readNoHouses: "Without a birth time there are no houses, so each planet reads by sign alone. Add a time and this section gains its rooms.",
  readAspects: "The aspects doing the most work",
  readWeather: "The chart\u2019s weather",
  readIn: "in",
  today: "today",
  todayBySignTitle: "The sky today, by sign",
  todayBySignPrompt: "Tap your Sun sign for a clear reading for today \u2014 no birth time needed.",
  todaySolarNote: "read from your sign\u2019s solar houses",
  whyThisReading: "Why this reading",
  todayHoroscopeLink: "horoscope",
  or: "or",
  chartSavedBeforeLink: "Saved to your charts. Sign in",
  chartSavedLink: "here",
  chartSavedAfterLink: "when you want them on every device.",
  signedInAs: "Signed in as {email}",
  removeChartConfirm: 'Remove "{name}" from this device?',
  compareSavedHeading: "Compare {a} & {b}",
  compareSavedPitch: "Two charts saved is a comparison waiting to happen: every cross-chart aspect, read honestly, computed on this device.",
  saturnDateHelp: "The date alone pins your return years. Time and place sharpen the dates by a few days, never the year.",
  saturnReturnHeading: "{ordinal} return",
  skyMercuryRetrograde: "Mercury retrograde",
  skyMercuryDirect: "Mercury direct",
  skyPlanetRetrograde: "{planet} retrograde",
  skyFullMoon: "Full moon",
  skyNewMoon: "New moon",
  skyMoonOn: "{event} \xB7 {date}",
  skyAsOf: "{date} \xB7 12 UTC",
  skyTickerAria: "Sky positions for {date} at 12:00 UTC",
  moonDiscAria: "Moon, {percent}% illuminated",
  pairingCta: "Read the {a} and {b} pairing",
  inviteWith: "Invite someone to compare with {name}",
  inviteNamedNote: "The link carries {name}'s birth details and opens this page with that side filled in \u2014 nothing is sent to us. Worth their okay if that isn't you.",
  transitMiddayUtc: "{date} \xB7 midday UTC",
  planetReturn: "{planet} return",
  natalPlanet: "Natal {planet}",
  pfdToday: "Today for this chart",
  pfdComing: "Coming up for this chart",
  pfdYearAhead: "The year ahead for this chart",
  pfdYearBusy: "Computing the year on your device \u2014 a few seconds\u2026",
  pfdYearNote: "Computed from your saved chart: exact dates for the next twelve months.",
  saveYearAheadNote: "Saved charts get a computed year ahead on the profile page \u2014 solar return, Jupiter and Saturn dates, eclipse hits.",
  recordLabel: "Collector\u2019s wing",
  recordOneOfTwelve: "also exists as one of the Twelve \u2014 a canonical record in the registry.",
  recordViewLink: "View the record \u2192",
  recordChartSun: "Your Sun is in {sign}.",
  recordChartBody: "{sign} is one of the Twelve\u2014with its own artwork, history, and official Registry record.",
  recordChartLink: "Explore the {sign} Registry \u2192",
  babyDueDate: "Due date",
  babyCompute: "Read the due-date sky",
  babyNeedDate: "Enter a due date first.",
  babyError: "Something went wrong computing the sky. Please try again.",
  babySunHead: "Sun sign \u2014 near certain",
  babySunSingle: "A birth on this date gets the Sun in",
  babySunNearEdge: "The date sits close to the edge of the sign, so arriving more than a day early or late can tip into",
  babySunNearEdgeTail: "\u2014 the birth date decides.",
  babySunSplitA: "The Sun changes signs on this date: a birth comes out",
  babySunSplitOr: "or",
  babySunSplitTail: "depending on the hour. The exact birth moment decides.",
  babyNoonNote: "signs read at midday universal time",
  babyMoonHead: "Moon sign \u2014 one of a few",
  babyMoonBody: "The Moon changes signs every two or three days, so a due week usually spans two or three moon signs. Babies born the same week can carry different ones \u2014 the birth day and hour decide.",
  babyRetroHead: "Retrograde at birth",
  babyRetroBody: "these planets are in their retrograde stretch around the due date. In a birth chart a retrograde planet reads as more inward than usual \u2014 common and nothing to fix.",
  babyRisingHead: "Rising sign \u2014 unknowable until the minute",
  babyRisingBody: "The rising sign changes roughly every two hours, so no due date can predict it. It is the one placement that has to wait for the birth certificate.",
  babyDateLink: "Read this birthday in depth",
  babyChartLink: "After the birth: the full chart",
  pfdChartPick: "Chart",
  pfdQuietSky: "A quiet sky for this chart today \u2014 nothing within 3\xB0 of a natal point.",
  pfdQuietAhead: "Nothing major on this chart\u2019s horizon in the computed window.",
  pfdSaturnBusy: "Computing Saturn windows on your device\u2026",
  pfdEmptyTitle: "Your sky, once you save a chart",
  pfdEmptyBody: "Save a birth chart and this page opens each day with its transits, its houses, and what\u2019s coming for it.",
  pfdWindows: "windows",
  openChart: "Open",
  dignityDomicile: "domicile",
  dignityExaltation: "exaltation",
  dignityDetriment: "detriment",
  dignityFall: "fall",
  explorerHint: "Tap any planet, sign, house, or aspect line to inspect it \u2014 or focus the wheel and use the arrow keys.",
  explorerLabel: "Interactive birth chart",
  explorerSelectPart: "Choose a chart part",
  explorerNoSelection: "No selection",
  explorerAngles: "Angles",
  explorerControlsLoading: "Loading chart readings and controls\u2026",
  explorerControlsError: "Your chart is ready, but its readings and controls could not load. Check your connection and try again.",
  explorerKeyHint: "Left and right arrow keys move between placements; Enter opens the details panel.",
  selectionCleared: "Selection cleared.",
  inspectorClose: "Close details",
  speed: "Speed",
  day: "day",
  dignity: "Standing",
  separating: "separating",
  dates: "Dates",
  element: "Element",
  ruler: "Ruler",
  inThisSign: "In this sign",
  inThisHouse: "In this house",
  cusp: "Cusp",
  span: "Span",
  emptyHouseNote: "No planets here. An empty house isn't a blank \u2014 its themes run through the planet that rules it.",
  angleAscNote: "The Ascendant \u2014 the degree rising on the eastern horizon at the birth moment. It anchors the whole wheel.",
  angleDscNote: "The Descendant \u2014 the degree setting in the west, opposite the Ascendant. The traditional doorway to partners.",
  angleMcNote: "The Midheaven \u2014 the degree culminating overhead at birth. Career, reputation, the visible life.",
  angleIcNote: "The IC \u2014 the lowest point of the wheel, opposite the Midheaven. Home, roots, the private life.",
  layersLabel: "Chart layers",
  layerHouses: "Houses",
  editedBy: "Published by",
  tourStart: "Take the tour",
  firstReadingLabel: "Your 2-minute reading",
  firstReadingTitle: "What does your chart say about you \u2014 and what comes next?",
  firstReadingBody: "See your personality mix, where it plays out, one pattern you may recognize, and how astrology turns a birth chart into a forecast.",
  firstReadingResumeTitle: "Your reading is waiting",
  firstReadingResumeBody: "Continue where you left off on this device.",
  firstReadingStart: "Read my chart",
  firstReadingExplore: "Explore on my own",
  firstReadingResume: "Continue my reading",
  firstReadingStep: "Step",
  firstReadingFullTour: "See how the chart works \u2014 advanced tour",
  firstReadingReplay: "Replay my chart story",
  chartActionsMore: "More ways to use this chart",
  chartReceiptDownload: "Download calculation receipt (.json)",
  chartReceiptPrivacy: "This file contains sensitive birth details and chart data. Keep it private.",
  chartReceiptError: "The file could not be downloaded. Please try again.",
  chartReceiptUnavailable: "A calculation receipt is not available for this chart.",
  seeTodaySky: "See today's sky",
  contextHelpCue: "Dotted terms can be tapped for a plain-English explanation.",
  editorialHow: "editorial standards",
  dstGapNotice: "That clock time fell inside a daylight-saving jump, so it never quite existed \u2014 we shifted forward across the gap, the standard convention.",
  dstFoldNotice: "Clocks repeated that hour where you were born; we used the earlier pass. If you know it was the later one, your chart barely changes \u2014 the Moon moves about half a degree an hour.",
  lmtNotice: "Born before standardized time zones \u2014 we used local mean time for that era, the same convention professional software uses.",
  polarNotice: "Placidus houses aren't defined that close to the pole, so this chart uses whole sign houses instead.",
  noTimeNotice: "Without a birth time we use 12:00 local civil time as a reference and omit the rising sign, angles, and houses.",
  moonUnverifiedNotice: "The Moon\u2019s possible signs across this birth date are unverified. Add a birth time for a result at that moment.",
  moonAmbiguousNotice: "The Moon also changed signs that day \u2014 reading both neighbors is fair until you find the time.",
  fromLinkNotice: "Opened from a shared link \u2014 the birth details came in the link itself, and the chart was computed on your device just now.",
  howWeCompute: "How we compute",
  welcomeBack: "Welcome back.",
  savedChartAria: "Your saved chart",
  todayAgainstChart: "Today against your chart",
  yourCharts: "Your charts",
  recommendedNext: "Recommended next",
  todayForName: "See what today means for {name}",
  savedChartTodayBody: "Your chart stays the same. Today\u2019s sky does not \u2014 start with what is changing for you now.",
  openSavedChart: "Open saved chart",
  moonReadingSky: "Reading the sky\u2026",
  illuminated: "illuminated",
  moonIn: "Moon in",
  findThatMoon: "Find that moon",
  dateHelp: "A birthday, an anniversary, any date at all.",
  placeHelpMoon: "Sharpens the clock conversion; the phase barely needs it.",
  middayLocalCaption: "Read at midday local time \u2014 adding the clock time pins the degree exactly.",
  utcTimeCaption: "The time is read as universal time \u2014 add a birthplace to convert your local clock.",
  middayUtcCaption: "Read at midday universal time \u2014 a time and place pin the degree exactly.",
  moonChangedNotice: "The Moon changed signs that day, and without a time we can't say which side of the line you were born on. The phase is unaffected \u2014 it moves too slowly for hours to matter.",
  birthChartForDate: "Get the birth chart for this date",
  natalSaturn: "Your natal Saturn",
  addBirthDetails: "Add birth time and place (optional)",
  findSaturnReturn: "Find your Saturn return",
  returnApprox: "Dates computed from a noon reading \u2014 with a birth time and place they can shift by a few days either way.",
  complete: "Complete",
  underwayNow: "Underway now",
  aheadOfYou: "Ahead of you",
  first: "First",
  second: "Second",
  third: "Third",
  fourth: "Fourth",
  aroundAge29: "around age 29",
  aroundAge58: "around age 58",
  aroundAge88: "around age 88",
  retrogradePass: "retrograde pass",
  threePasses: "Three exact passes: Saturn crosses your degree, backs over it in retrograde, then seals it on the way out. The whole span is the return.",
  seeSaturnChart: "See Saturn in your birth chart",
  whatSaturnMeans: "What Saturn means",
  yourChart: "Your chart",
  theSky: "The sky",
  transitRingLede: "Draw your chart, then move a slider to watch the planets travel over it \u2014 forward or back, up to a year.",
  checkTransits: "Check your transits",
  savedChartHelp: "Charts you calculate and save appear here as one-tap choices, so the next check skips the typing.",
  noTransitTimeNotice: "No birth time on this chart, so its Moon is a midday estimate \u2014 it can sit up to six degrees off, and a transit to the Moon near the edge of its orb may come or go with the real time.",
  skyAt: "Sky at",
  noTransitsWithin: "No transits within",
  activeTransitsWithin: "active transits within",
  activeTransitWithin: "active transit within",
  ofExact: "of exact",
  transitMoonOmitted: "transiting Moon left out \u2014 it crosses the whole chart every month",
  quietSky: "A quiet sky by the tight orb this page uses. Nothing pressing \u2014 check back in a few days, or widen your reading to the month's events below.",
  natal: "Natal",
  forYourChart: "For your chart",
  orb: "orb",
  openDailyBrief: "Open my full daily brief",
  allTransits: "All your transits",
  personA: "Person A",
  personB: "Person B",
  sharedChart: "Shared chart",
  sharedWithYou: "shared with you",
  removeSharedChart: "Remove the shared chart",
  sharedSideHelp: "This side arrived in the link \u2014 clear it to enter someone else.",
  name: "Name",
  compareCharts: "Compare the charts",
  sameChart: "That's the same chart twice \u2014 pick two different ones to compare.",
  compareSavedHelp: "Charts you calculate and save appear here as one-tap choices, so the second comparison is faster than the first.",
  compareNoTimeNotice: "No birth time for",
  moonMiddayEstimate: "so that Moon is a midday estimate \u2014 it can sit up to six degrees off, and a Moon aspect near the edge of its orb may come or go with the real time.",
  crossChartAspects: "cross-chart aspects",
  easeful: "easeful",
  charged: "charged",
  readPairing: "Read the pairing",
  inviteCompare: "Invite someone to compare",
  inviteLink: "Invite link",
  inviteNote: "The link carries this person's birth details and opens this page with that side filled in \u2014 nothing is sent to us. Worth their okay if that isn't you.",
  inviteCopied: "Invite link copied to your clipboard.",
  syncOn: "Sync is on",
  keepEveryDevice: "Keep charts on every device",
  signedIn: "Signed in",
  syncCopyOn: "Saved charts and removals sync across devices.",
  syncCopyOff: "Save charts on this device. Sign in when you want them on every device.",
  weeklyDigestTitle: "Weekly sky email",
  weeklyDigestCopy: "One email a week: the sky against your saved charts. Unsubscribe any time.",
  weeklyDigestAria: "Weekly digest opt-in",
  digestSaved: "Digest preference saved.",
  digestFailed: "Couldn't update digest preference. Please try again.",
  checkEmail: "Check your email for a sign-in link. This page will sync after you return.",
  syncFailed: "Sync failed. Please try again.",
  syncing: "Syncing\u2026",
  synced: "Synced",
  syncNow: "Sync now",
  signOut: "Sign out",
  emailSyncAria: "Email for profile sync",
  sending: "Sending\u2026",
  sendSignIn: "Send sign-in link",
  nothingSaved: "Nothing saved yet.",
  emptyProfile: "Charts you save will live here, on your device first. Run a chart and tap Save this chart to start your saved charts.",
  saved: "saved",
  chartSingular: "chart",
  chartPlural: "charts",
  savedChartSingular: "saved chart",
  savedChartPlural: "saved charts",
  syncedWhenSignedIn: "synced when signed in",
  storedBrowser: "stored in this browser",
  chartName: "Chart name",
  timeUnknown: "time unknown",
  needsTime: "needs a time",
  compareThese: "Compare these two charts",
  addAnotherChart: "Add another chart",
  ...GROWTH_UI_EN
};
var en_default = en;

// site/src/lib/i18n/ui/es.ts
var es = {
  chartDepthOpen: "Verla en tres dimensiones",
  chartDepthClose: "Ocultar la tercera dimensi\xF3n",
  calculationLoadError: "No se pudieron cargar los archivos de c\xE1lculo. Comprueba tu conexi\xF3n e int\xE9ntalo de nuevo.",
  calculationReload: "Recargar p\xE1gina",
  calculationReloadWarning: "Al recargar se borran los datos que no hayas guardado.",
  calculationRetry: "Intentar de nuevo",
  pfdYearError: "No pudimos completar la lectura del a\xF1o que viene. Int\xE9ntalo de nuevo.",
  placeSearching: "Buscando lugares\u2026",
  chartWheelActions: "Acciones de la carta",
  chartWheelGuide: "Hacer el recorrido guiado",
  chartWheelReplay: "Repetir el recorrido",
  chartWheelAnother: "Leer otra carta",
  chartWheelSignatureSelf: "La firma de tu carta",
  chartWheelSignatureOther: "La firma de su carta",
  chartWheelCompareMine: "Comparar con la m\xEDa",
  chartWheelCompareAdd: "A\xF1adir mi carta para comparar",
  chartWheelShareOther: "Compartir esta carta",
  navPrimary: "Principal",
  navSigns: "Signos",
  navTools: "Herramientas",
  navLearn: "Aprende",
  navHoroscopes: "Hor\xF3scopos",
  navCollect: "Astrofolio",
  navSavedCharts: "Cartas guardadas",
  navMenu: "Men\xFA",
  navSite: "El sitio",
  navTwelve: "Los doce",
  footerTag: "Herramientas gratuitas de astrolog\xEDa y gu\xEDas de signos, con cartas calculadas de forma privada en tu navegador.",
  footerStartHere: "Empieza aqu\xED",
  footerPlanets: "Los planetas",
  footerHouses: "Las casas",
  footerZodiacDates: "Fechas del zodiaco",
  footerGlossary: "Glosario",
  footerCompute: "C\xF3mo calculamos",
  footerRegistry: "Registry",
  footerThesis: "Tesis",
  footerArchive: "Archivo",
  footerSdk: "SDK",
  footerCollectNote: "Los registros, las consultas, los perfiles del cat\xE1logo y el SDK del Registry son de solo lectura. La herramienta opcional de compra de Astrofolio usa Jupiter independiente y tu propia cartera; Zodiacs.org no custodia claves ni fondos. Nada de esto es asesoramiento financiero.",
  footerMethodology: "Metodolog\xEDa",
  footerAbout: "Acerca de",
  footerPrivacy: "Privacidad",
  footerTerms: "T\xE9rminos",
  footerPlaceData: "Datos de lugares",
  footerFonts: "Fuentes bajo la licencia",
  skipContent: "Saltar al contenido",
  open: "Abrir",
  birthChart: "Carta natal",
  compatibility: "Compatibilidad",
  moonSign: "Signo lunar",
  risingSign: "Ascendente",
  moonPhase: "Fase lunar",
  saturnReturn: "Retorno de Saturno",
  transits: "Tr\xE1nsitos",
  birthday: "Cumplea\xF1os (en ingl\xE9s)",
  retrogrades: "Retr\xF3grados",
  sun: "Sol",
  moon: "Luna",
  rising: "Ascendente",
  body: "Cuerpo",
  position: "Posici\xF3n",
  sign: "Signo",
  house: "Casa",
  chart: "Carta",
  date: "Fecha",
  time: "Hora",
  place: "Lugar",
  motion: "Movimiento",
  optional: "opcional",
  birthDate: "Fecha de nacimiento",
  birthTime: "Hora de nacimiento",
  birthplace: "Lugar de nacimiento",
  birthDateRequired: "Ingresa tu fecha de nacimiento.",
  birthDateRange: "Elige una fecha de nacimiento entre 1800 y 2199.",
  birthTimeRequired: "Ingresa tu hora de nacimiento.",
  houseSystem: "Sistema de casas",
  wholeSignDefault: "Signos completos (predeterminado)",
  placidus: "Placidus",
  houseSystemHelp: "C\xF3mo se divide la carta en doce \xE1reas de la vida. Signos completos da a cada signo una casa entera; Placidus var\xEDa el tama\xF1o de las casas seg\xFAn la hora y el lugar exactos. Los planetas no se mueven: solo cambian los l\xEDmites de las casas.",
  computing: "Calculando\u2026",
  checking: "Revisando\u2026",
  comparing: "Comparando\u2026",
  save: "Guardar",
  rename: "Renombrar",
  remove: "Eliminar",
  getBirthChart: "Obt\xE9n tu carta natal gratis",
  findMoonSign: "Encuentra tu signo lunar",
  findRisingSign: "Encuentra tu ascendente",
  savedCharts: "Cartas guardadas",
  profile: "Tu perfil",
  read: "Leer",
  rightNow: "Ahora mismo",
  enterBirthDetails: "Ingresa los datos de nacimiento\u2026",
  privacyDevice: "Privado de forma predeterminada. Tus datos de nacimiento permanecen en este navegador.",
  placePlaceholder: "Empieza a escribir una ciudad\u2026",
  placeChange: "Cambiar lugar de nacimiento",
  placePickHint: "Elige tu lugar de nacimiento de la lista.",
  placeNoResults: "\xBFNo aparece? Elige la localidad m\xE1s cercana \u2014 unos pocos km rara vez cambian la carta.",
  placeError: "No se pudo cargar el \xEDndice de lugares \u2014 revisa tu conexi\xF3n e intenta otra vez.",
  searchGeo: "La b\xFAsqueda cubre ~34,000 lugares \xB7 GeoNames (CC BY 4.0)",
  chartError: "Algo sali\xF3 mal al calcular la carta. Int\xE9ntalo otra vez.",
  moonError: "Algo sali\xF3 mal al calcular esa Luna. Int\xE9ntalo otra vez.",
  localDateReferenceError: "No pudimos establecer una hora de c\xE1lculo dentro de esta fecha local. Comprueba la fecha y el lugar.",
  returnError: "Algo sali\xF3 mal al calcular el retorno. Int\xE9ntalo otra vez.",
  transitError: "Algo sali\xF3 mal al calcular los tr\xE1nsitos. Int\xE9ntalo otra vez.",
  compareError: "Algo sali\xF3 mal al comparar las cartas. Int\xE9ntalo otra vez.",
  noBirthTime: "No la s\xE9",
  risingTimeHelp: "El ascendente cambia cada dos horas \u2014 aqu\xED la hora importa.",
  chartTimeHelp: "\xBFNo sabes la hora? Ver\xE1s una referencia al mediod\xEDa local sin ascendente ni casas; la Luna puede ser incierta.",
  chartSavedDevice: "Guardada \xB7 en este dispositivo",
  saveThisChart: "Guardar esta carta",
  chartSavedStatus: "Carta guardada en este dispositivo.",
  chartSaveFull: "Puedes guardar hasta 40 cartas \u2014 elimina una primero.",
  chartSaveError: "No se pudo guardar \u2014 tu navegador puede estar bloqueando el almacenamiento local.",
  chartSavedMessage: "Guardada en tus cartas. Inicia sesi\xF3n aqu\xED cuando quieras tenerlas en todos tus dispositivos.",
  linkCopied: "Enlace copiado",
  copyChartLink: "Copiar enlace a esta carta",
  rendering: "Creando\u2026",
  cardSaved: "Imagen guardada",
  saveChartCard: "Guardar imagen de la carta",
  shareChart: "Comparte tu carta",
  linkToChart: "Enlace a esta carta",
  chartLinkCopied: "Enlace de la carta copiado al portapapeles.",
  chartCardSaved: "Imagen de la carta guardada.",
  cardError: "No se pudo dibujar la imagen en este navegador \u2014 la rueda de arriba tambi\xE9n sirve para una captura.",
  shareNote: "El enlace incluye los datos de nacimiento que ingresaste \u2014 no se nos env\xEDa nada, as\xED que solo las personas a quienes se lo des podr\xE1n abrirlo. La imagen es de 1080\xD71350 y se dibuja en tu dispositivo.",
  needsBirthTime: "Necesita hora de nacimiento",
  yourMoonSign: "Tu signo lunar",
  yourRisingSign: "Tu ascendente",
  moonPhaseAtBirth: "Fase lunar al nacer",
  chartRuler: "Regente de la carta",
  planetSteering: "el planeta que gu\xEDa tu ascendente.",
  aspectsFound: "Aspectos",
  found: "encontrados",
  applying: "aplicativo",
  wholeSignHouses: "casas de signos completos",
  placidusHouses: "casas Placidus",
  engine: "motor v",
  readInOrder: "La lectura, en orden",
  readIntro: "De arriba abajo, como la asimilar\xEDa un astr\xF3logo. Las tablas de arriba son los datos; esto es lo que dicen.",
  readBigThree: "Empieza por los tres grandes",
  readBigThreeBody: "Sol, Luna, ascendente: las tres tarjetas de arriba. Identidad, instinto, presencia. Todo lo que sigue los matiza; nada los sustituye.",
  readRooms: "Planetas, casa por casa",
  readNoHouses: "Sin hora de nacimiento no hay casas, as\xED que cada planeta se lee solo por signo. A\xF1ade la hora y esta secci\xF3n gana sus casas.",
  readAspects: "Los aspectos con m\xE1s peso",
  readWeather: "El clima de la carta",
  readIn: "en",
  today: "hoy",
  todayBySignTitle: "El cielo de hoy, por signo",
  todayBySignPrompt: "Toca tu signo solar para una lectura clara de hoy \u2014 no necesitas la hora de nacimiento.",
  todaySolarNote: "le\xEDdo desde las casas solares de tu signo",
  whyThisReading: "Por qu\xE9 esta lectura",
  todayHoroscopeLink: "hor\xF3scopo en ingl\xE9s",
  or: "o",
  chartSavedBeforeLink: "Guardada en tus cartas. Inicia sesi\xF3n",
  chartSavedLink: "aqu\xED",
  chartSavedAfterLink: "cuando quieras tenerlas en todos tus dispositivos.",
  signedInAs: "Sesi\xF3n iniciada como {email}",
  removeChartConfirm: '\xBFEliminar "{name}" de este dispositivo?',
  compareSavedHeading: "Comparar {a} y {b}",
  compareSavedPitch: "Dos cartas guardadas ya pueden compararse: cada aspecto entre cartas, le\xEDdo con claridad y calculado en este dispositivo.",
  saturnDateHelp: "Solo con la fecha se ubican los a\xF1os de tu retorno. La hora y el lugar afinan las fechas por unos d\xEDas, pero nunca cambian el a\xF1o.",
  saturnReturnHeading: "{ordinal} retorno",
  skyMercuryRetrograde: "Mercurio retr\xF3grado",
  skyMercuryDirect: "Mercurio directo",
  skyPlanetRetrograde: "{planet} retr\xF3grado",
  skyFullMoon: "Luna llena",
  skyNewMoon: "Luna nueva",
  skyMoonOn: "{event} \xB7 {date}",
  skyAsOf: "{date} \xB7 12 UTC",
  skyTickerAria: "Posiciones del cielo para el {date} a las 12:00 UTC",
  moonDiscAria: "Luna, {percent}% iluminada",
  pairingCta: "Leer la combinaci\xF3n de {a} y {b}",
  inviteWith: "Invitar a alguien a comparar con {name}",
  inviteNamedNote: "El enlace incluye los datos de nacimiento de {name} y abre esta p\xE1gina con ese lado completado; no se nos env\xEDa nada. Conviene tener su permiso si no eres t\xFA.",
  transitMiddayUtc: "{date} \xB7 mediod\xEDa UTC",
  planetReturn: "retorno de {planet}",
  natalPlanet: "{planet} natal",
  pfdToday: "Hoy para esta carta",
  pfdComing: "Lo pr\xF3ximo para esta carta",
  pfdYearAhead: "Los pr\xF3ximos doce meses para esta carta",
  pfdYearBusy: "Calculando los pr\xF3ximos doce meses en tu dispositivo \u2014 unos segundos\u2026",
  pfdYearNote: "Calculado a partir de tu carta guardada: fechas exactas para los pr\xF3ximos doce meses.",
  saveYearAheadNote: "En la p\xE1gina de perfil, las cartas guardadas reciben un c\xE1lculo de los pr\xF3ximos doce meses: retorno solar, fechas de J\xFApiter y Saturno, eclipses.",
  recordLabel: "Zona de colecci\xF3n",
  recordOneOfTwelve: "forma parte de las Doce piezas del Registro.",
  recordViewLink: "Ver el registro \u2014 por ahora en ingl\xE9s \u2192",
  recordChartSun: "Tu Sol est\xE1 en {sign}.",
  recordChartBody: "{sign} es una de las Doce, con su propio arte, historia y registro oficial en el Registro.",
  recordChartLink: "Explora el Registro de {sign} \u2192",
  babyDueDate: "Fecha probable de parto",
  babyCompute: "Leer el cielo de la fecha",
  babyNeedDate: "Primero ingresa una fecha probable de parto.",
  babyError: "Algo sali\xF3 mal al calcular el cielo. Int\xE9ntalo de nuevo.",
  babySunHead: "Signo solar \u2014 casi seguro",
  babySunSingle: "Un nacimiento en esta fecha tiene el Sol en",
  babySunNearEdge: "La fecha est\xE1 cerca del borde del signo: si el beb\xE9 nace m\xE1s de un d\xEDa antes o despu\xE9s, puede tener el Sol en",
  babySunNearEdgeTail: "\u2014 la fecha de nacimiento decide.",
  babySunSplitA: "El Sol cambia de signo ese d\xEDa: el beb\xE9 nace con el Sol en",
  babySunSplitOr: "o en",
  babySunSplitTail: "seg\xFAn la hora. El momento exacto del nacimiento decide.",
  babyNoonNote: "signos le\xEDdos al mediod\xEDa en tiempo universal",
  babyMoonHead: "Signo lunar \u2014 uno de varios",
  babyMoonBody: "La Luna cambia de signo cada dos o tres d\xEDas, as\xED que una semana de parto suele abarcar dos o tres signos lunares. Los beb\xE9s nacidos la misma semana pueden tener signos distintos: el d\xEDa y la hora deciden.",
  babyRetroHead: "Retr\xF3grados al nacer",
  babyRetroBody: "estos planetas est\xE1n en su tramo retr\xF3grado alrededor de la fecha. En una carta natal, un planeta retr\xF3grado se lee como m\xE1s interior de lo habitual \u2014 es com\xFAn y no hay nada que corregir.",
  babyRisingHead: "Ascendente \u2014 imposible de saber hasta el minuto",
  babyRisingBody: "El ascendente cambia aproximadamente cada dos horas, as\xED que ninguna fecha probable puede predecirlo. Es la \xFAnica posici\xF3n que tiene que esperar al acta de nacimiento.",
  babyDateLink: "Leer este cumplea\xF1os a fondo",
  babyChartLink: "Despu\xE9s del nacimiento: la carta completa",
  pfdChartPick: "Carta",
  pfdQuietSky: "Un cielo tranquilo para esta carta hoy: nada a menos de 3\xB0 de un punto natal.",
  pfdQuietAhead: "Nada importante en el horizonte de esta carta dentro de la ventana calculada.",
  pfdSaturnBusy: "Calculando las ventanas de Saturno en tu dispositivo\u2026",
  pfdEmptyTitle: "Tu cielo, cuando guardes una carta",
  pfdEmptyBody: "Guarda una carta natal y esta p\xE1gina se abrir\xE1 cada d\xEDa con sus tr\xE1nsitos, sus casas y lo que viene.",
  pfdWindows: "ventanas",
  openChart: "Abrir",
  dignityDomicile: "domicilio",
  dignityExaltation: "exaltaci\xF3n",
  dignityDetriment: "detrimento",
  dignityFall: "ca\xEDda",
  explorerHint: "Toca cualquier planeta, signo, casa o l\xEDnea de aspecto para inspeccionarlo \u2014 o enfoca la rueda y usa las flechas.",
  explorerLabel: "Carta natal interactiva",
  explorerSelectPart: "Elige una parte de la carta",
  explorerNoSelection: "Sin selecci\xF3n",
  explorerAngles: "\xC1ngulos",
  explorerControlsLoading: "Cargando las interpretaciones y los controles de la carta\u2026",
  explorerControlsError: "Tu carta est\xE1 lista, pero sus interpretaciones y controles no se pudieron cargar. Comprueba tu conexi\xF3n e int\xE9ntalo de nuevo.",
  explorerKeyHint: "Las flechas izquierda y derecha recorren las posiciones; Intro abre el panel de detalles.",
  selectionCleared: "Selecci\xF3n borrada.",
  inspectorClose: "Cerrar detalles",
  speed: "Velocidad",
  day: "d\xEDa",
  dignity: "Dignidad",
  separating: "separativo",
  dates: "Fechas",
  element: "Elemento",
  ruler: "Regente",
  inThisSign: "En este signo",
  inThisHouse: "En esta casa",
  cusp: "C\xFAspide",
  span: "Extensi\xF3n",
  emptyHouseNote: "No hay planetas aqu\xED. Una casa vac\xEDa no est\xE1 en blanco \u2014 sus temas se expresan a trav\xE9s del planeta que la rige.",
  angleAscNote: "El Ascendente \u2014 el grado que sub\xEDa por el horizonte oriental al momento de nacer. Ancla toda la rueda.",
  angleDscNote: "El Descendente \u2014 el grado que se pon\xEDa por el oeste, opuesto al Ascendente. La puerta tradicional hacia los v\xEDnculos.",
  angleMcNote: "El Medio Cielo \u2014 el grado que culminaba en lo alto al nacer. Carrera, reputaci\xF3n, la vida visible.",
  angleIcNote: "El IC \u2014 el punto m\xE1s bajo de la rueda, opuesto al Medio Cielo. Hogar, ra\xEDces, la vida privada.",
  layersLabel: "Capas de la carta",
  layerHouses: "Casas",
  editedBy: "Publicado por",
  tourStart: "Hacer el recorrido",
  firstReadingLabel: "Tu lectura de 2 minutos",
  firstReadingTitle: "\xBFQu\xE9 dice tu carta sobre ti \u2014 y qu\xE9 viene despu\xE9s?",
  firstReadingBody: "Descubre tu mezcla de personalidad, d\xF3nde se manifiesta, un patr\xF3n que quiz\xE1 reconozcas y c\xF3mo la astrolog\xEDa convierte una carta natal en un pron\xF3stico.",
  firstReadingResumeTitle: "Tu lectura te est\xE1 esperando",
  firstReadingResumeBody: "Contin\xFAa donde la dejaste en este dispositivo.",
  firstReadingStart: "Leer mi carta",
  firstReadingExplore: "Explorar por mi cuenta",
  firstReadingResume: "Continuar mi lectura",
  firstReadingStep: "Paso",
  firstReadingFullTour: "Ver c\xF3mo funciona la carta \u2014 recorrido avanzado",
  firstReadingReplay: "Volver a leer la historia de mi carta",
  chartActionsMore: "M\xE1s formas de usar esta carta",
  chartReceiptDownload: "Descargar el registro del c\xE1lculo (.json)",
  chartReceiptPrivacy: "Este archivo contiene datos de nacimiento sensibles y datos de la carta. Mantenlo privado.",
  chartReceiptError: "No se pudo descargar el archivo. Int\xE9ntalo de nuevo.",
  chartReceiptUnavailable: "No hay un registro del c\xE1lculo disponible para esta carta.",
  seeTodaySky: "Ver el cielo de hoy",
  contextHelpCue: "Toca los t\xE9rminos subrayados con puntos para ver una explicaci\xF3n sencilla.",
  editorialHow: "normas editoriales",
  dstGapNotice: "Esa hora cay\xF3 dentro de un salto por horario de verano, as\xED que no existi\xF3 exactamente \u2014 la movimos hacia adelante, la convenci\xF3n est\xE1ndar.",
  dstFoldNotice: "Los relojes repitieron esa hora donde naciste; usamos la primera pasada. Si sabes que fue la segunda, tu carta casi no cambia \u2014 la Luna avanza cerca de medio grado por hora.",
  lmtNotice: "Naciste antes de las zonas horarias estandarizadas \u2014 usamos hora media local para esa \xE9poca, la misma convenci\xF3n que usa el software profesional.",
  polarNotice: "Las casas Placidus no est\xE1n definidas tan cerca del polo, as\xED que esta carta usa signos completos.",
  noTimeNotice: "Sin hora de nacimiento usamos las 12:00 del tiempo civil local como referencia y omitimos ascendente, \xE1ngulos y casas.",
  moonUnverifiedNotice: "No se han verificado los posibles signos de la Luna a lo largo de esta fecha de nacimiento. A\xF1ade una hora de nacimiento para obtener un resultado de ese momento.",
  moonAmbiguousNotice: "La Luna tambi\xE9n cambi\xF3 de signo ese d\xEDa \u2014 leer los dos signos vecinos es razonable hasta encontrar la hora.",
  fromLinkNotice: "Abierta desde un enlace compartido \u2014 los datos ven\xEDan en el enlace y la carta se calcul\xF3 ahora en tu dispositivo.",
  howWeCompute: "C\xF3mo calculamos",
  welcomeBack: "Hola de nuevo.",
  savedChartAria: "Tu carta guardada",
  todayAgainstChart: "El cielo de hoy sobre tu carta",
  yourCharts: "Tus cartas",
  recommendedNext: "Siguiente paso recomendado",
  todayForName: "Descubre qu\xE9 significa hoy para {name}",
  savedChartTodayBody: "Tu carta no cambia. El cielo de hoy s\xED: empieza por lo que est\xE1 cambiando para ti ahora.",
  openSavedChart: "Abrir carta guardada",
  moonReadingSky: "Leyendo el cielo\u2026",
  illuminated: "iluminada",
  moonIn: "Luna en",
  findThatMoon: "Encontrar esa Luna",
  dateHelp: "Un cumplea\xF1os, un aniversario, cualquier fecha.",
  placeHelpMoon: "Afina la conversi\xF3n de hora; la fase casi no lo necesita.",
  middayLocalCaption: "Lectura al mediod\xEDa local \u2014 agregar la hora exacta fija el grado.",
  utcTimeCaption: "La hora se lee como tiempo universal \u2014 agrega un lugar para convertir tu hora local.",
  middayUtcCaption: "Lectura al mediod\xEDa universal \u2014 una hora y un lugar fijan el grado.",
  moonChangedNotice: "La Luna cambi\xF3 de signo ese d\xEDa, y sin hora no podemos saber de qu\xE9 lado naciste. La fase no cambia: se mueve demasiado lento para que unas horas importen.",
  birthChartForDate: "Obtener la carta natal de esta fecha",
  natalSaturn: "Tu Saturno natal",
  addBirthDetails: "Agregar hora y lugar de nacimiento (opcional)",
  findSaturnReturn: "Encuentra tu retorno de Saturno",
  returnApprox: "Fechas calculadas desde una lectura al mediod\xEDa \u2014 con hora y lugar de nacimiento pueden moverse unos d\xEDas.",
  complete: "Completo",
  underwayNow: "En curso",
  aheadOfYou: "Por delante",
  first: "Primer",
  second: "Segundo",
  third: "Tercer",
  fourth: "Cuarto",
  aroundAge29: "cerca de los 29",
  aroundAge58: "cerca de los 58",
  aroundAge88: "cerca de los 88",
  retrogradePass: "pasada retr\xF3grada",
  threePasses: "Tres pasadas exactas: Saturno cruza tu grado, vuelve a cruzarlo durante la retrogradaci\xF3n y luego lo sella al salir. Todo ese per\xEDodo es el retorno.",
  seeSaturnChart: "Ver Saturno en tu carta natal",
  whatSaturnMeans: "Qu\xE9 significa Saturno",
  yourChart: "Tu carta",
  theSky: "El cielo",
  transitRingLede: "Dibuja tu carta y mueve el control de la fecha para ver los planetas viajar sobre ella \u2014 hacia adelante o atr\xE1s, hasta un a\xF1o.",
  checkTransits: "Revisa tus tr\xE1nsitos",
  savedChartHelp: "Las cartas que calcules y guardes aparecer\xE1n aqu\xED como opciones de un toque, para que la pr\xF3xima revisi\xF3n sea m\xE1s r\xE1pida.",
  noTransitTimeNotice: "Esta carta no tiene hora de nacimiento, as\xED que su Luna es una estimaci\xF3n al mediod\xEDa \u2014 puede variar hasta seis grados, y un tr\xE1nsito a la Luna cerca del borde del orbe puede aparecer o desaparecer con la hora real.",
  skyAt: "Cielo en",
  noTransitsWithin: "No hay tr\xE1nsitos dentro de",
  activeTransitsWithin: "tr\xE1nsitos activos a menos de",
  activeTransitWithin: "tr\xE1nsito activo a menos de",
  ofExact: "de exactitud",
  transitMoonOmitted: "Luna en tr\xE1nsito omitida \u2014 cruza toda la carta cada mes",
  quietSky: "Cielo tranquilo con el orbe estrecho de esta p\xE1gina. Nada urgente \u2014 vuelve en unos d\xEDas o ampl\xEDa la lectura con los eventos del mes abajo.",
  natal: "natal",
  forYourChart: "Para tu carta",
  orb: "orbe",
  openDailyBrief: "Abrir mi resumen diario completo",
  allTransits: "Todos tus tr\xE1nsitos",
  personA: "Persona A",
  personB: "Persona B",
  sharedChart: "Carta compartida",
  sharedWithYou: "compartida contigo",
  removeSharedChart: "Eliminar la carta compartida",
  sharedSideHelp: "Este lado lleg\xF3 en el enlace \u2014 b\xF3rralo para ingresar los datos de otra persona.",
  name: "Nombre",
  compareCharts: "Comparar las cartas",
  sameChart: "Es la misma carta dos veces \u2014 elige dos distintas.",
  compareSavedHelp: "Las cartas que calcules y guardes aparecer\xE1n aqu\xED como opciones de un toque, as\xED la segunda comparaci\xF3n ser\xE1 m\xE1s r\xE1pida que la primera.",
  compareNoTimeNotice: "Sin hora de nacimiento para",
  moonMiddayEstimate: "as\xED que esa Luna es una estimaci\xF3n al mediod\xEDa \u2014 puede variar hasta seis grados, y un aspecto lunar cerca del borde del orbe puede aparecer o desaparecer con la hora real.",
  crossChartAspects: "aspectos entre cartas",
  easeful: "fluidos",
  charged: "tensos",
  readPairing: "Leer la combinaci\xF3n",
  inviteCompare: "Invitar a alguien a comparar",
  inviteLink: "Enlace de invitaci\xF3n",
  inviteNote: "El enlace incluye los datos de nacimiento de esta persona y abre esta p\xE1gina con ese lado lleno \u2014 no se nos env\xEDa nada. Conviene tener su permiso si no eres t\xFA.",
  inviteCopied: "Enlace de invitaci\xF3n copiado al portapapeles.",
  syncOn: "Sincronizaci\xF3n activa",
  keepEveryDevice: "Lleva tus cartas a todos tus dispositivos",
  signedIn: "Sesi\xF3n iniciada",
  syncCopyOn: "Las cartas guardadas y las eliminaciones se sincronizan entre dispositivos.",
  syncCopyOff: "Guarda cartas en este dispositivo. Inicia sesi\xF3n cuando quieras tenerlas en todos tus dispositivos.",
  weeklyDigestTitle: "Email semanal del cielo",
  weeklyDigestCopy: "Un email por semana: el cielo sobre tus cartas guardadas. Puedes darte de baja cuando quieras.",
  weeklyDigestAria: "Activar email semanal",
  digestSaved: "Preferencia del resumen guardada.",
  digestFailed: "No se pudo actualizar la preferencia del resumen. Int\xE9ntalo otra vez.",
  checkEmail: "Revisa tu email para entrar. Esta p\xE1gina se sincronizar\xE1 cuando vuelvas.",
  syncFailed: "La sincronizaci\xF3n fall\xF3. Int\xE9ntalo otra vez.",
  syncing: "Sincronizando\u2026",
  synced: "Sincronizado",
  syncNow: "Sincronizar ahora",
  signOut: "Cerrar sesi\xF3n",
  emailSyncAria: "Email para sincronizar perfil",
  sending: "Enviando\u2026",
  sendSignIn: "Enviar enlace de acceso",
  nothingSaved: "A\xFAn no hay nada guardado.",
  emptyProfile: "Las cartas que guardes vivir\xE1n aqu\xED, primero en este dispositivo. Calcula una carta y toca Guardar esta carta para empezar.",
  saved: "guardadas",
  chartSingular: "carta",
  chartPlural: "cartas",
  savedChartSingular: "carta guardada",
  savedChartPlural: "cartas guardadas",
  syncedWhenSignedIn: "con sincronizaci\xF3n activa",
  storedBrowser: "en este navegador",
  chartName: "Nombre de la carta",
  timeUnknown: "hora desconocida",
  needsTime: "necesita hora",
  compareThese: "Comparar estas dos cartas",
  addAnotherChart: "Agregar otra carta",
  ...GROWTH_UI_ES
};
var es_default = es;

// site/src/lib/i18n/ui/pt.ts
var pt = {
  chartDepthOpen: "Ver em tr\xEAs dimens\xF5es",
  chartDepthClose: "Ocultar a terceira dimens\xE3o",
  calculationLoadError: "N\xE3o foi poss\xEDvel carregar os arquivos de c\xE1lculo. Verifique sua conex\xE3o e tente novamente.",
  calculationReload: "Recarregar p\xE1gina",
  calculationReloadWarning: "Recarregar apaga os dados que voc\xEA n\xE3o salvou.",
  calculationRetry: "Tentar novamente",
  pfdYearError: "N\xE3o foi poss\xEDvel concluir a leitura do pr\xF3ximo ano. Tente novamente.",
  placeSearching: "Buscando lugares\u2026",
  chartWheelActions: "A\xE7\xF5es do mapa",
  chartWheelGuide: "Fazer o tour guiado",
  chartWheelReplay: "Repetir o tour",
  chartWheelAnother: "Ler outro mapa",
  chartWheelSignatureSelf: "A assinatura do seu mapa",
  chartWheelSignatureOther: "A assinatura deste mapa",
  chartWheelCompareMine: "Comparar com o meu",
  chartWheelCompareAdd: "Adicionar meu mapa para comparar",
  chartWheelShareOther: "Compartilhar este mapa",
  navPrimary: "Principal",
  navSigns: "Signos",
  navTools: "Ferramentas",
  navLearn: "Aprenda",
  navHoroscopes: "Hor\xF3scopos",
  navCollect: "Astrofolio",
  navSavedCharts: "Mapas salvos",
  navMenu: "Menu",
  navSite: "O site",
  navTwelve: "Os Doze",
  footerTag: "Ferramentas gratuitas de astrologia e guias dos signos, com mapas calculados de forma privada no seu navegador.",
  footerStartHere: "Comece aqui",
  footerPlanets: "Os planetas",
  footerHouses: "As casas",
  footerZodiacDates: "Datas dos signos",
  footerGlossary: "Gloss\xE1rio",
  footerCompute: "Como calculamos",
  footerRegistry: "Registry",
  footerThesis: "Tese",
  footerArchive: "Acervo",
  footerSdk: "SDK",
  footerCollectNote: "Os registros, as consultas, os perfis do cat\xE1logo e o SDK do Registry s\xE3o somente para leitura. A ferramenta opcional de compra do Astrofolio usa a Jupiter independente e a sua pr\xF3pria carteira; a Zodiacs.org n\xE3o guarda chaves nem fundos. Nada disso constitui aconselhamento financeiro.",
  footerMethodology: "Metodologia",
  footerAbout: "Sobre",
  footerPrivacy: "Privacidade",
  footerTerms: "Termos",
  footerPlaceData: "Dados de lugares",
  footerFonts: "Fontes sob a licen\xE7a",
  skipContent: "Pular para o conte\xFAdo",
  open: "Abrir",
  birthChart: "Mapa astral",
  compatibility: "Compatibilidade",
  moonSign: "Signo lunar",
  risingSign: "Ascendente",
  moonPhase: "Fase da Lua",
  saturnReturn: "Retorno de Saturno",
  transits: "Tr\xE2nsitos",
  birthday: "Anivers\xE1rio (em ingl\xEAs)",
  retrogrades: "Retr\xF3grados",
  sun: "Sol",
  moon: "Lua",
  rising: "Ascendente",
  body: "Corpo celeste",
  position: "Posi\xE7\xE3o",
  sign: "Signo",
  house: "Casa",
  chart: "Mapa",
  date: "Data",
  time: "Hora",
  place: "Local",
  motion: "Movimento",
  optional: "opcional",
  birthDate: "Data de nascimento",
  birthTime: "Hora de nascimento",
  birthplace: "Local de nascimento",
  birthDateRequired: "Informe sua data de nascimento.",
  birthDateRange: "Escolha uma data de nascimento entre 1800 e 2199.",
  birthTimeRequired: "Informe seu hor\xE1rio de nascimento.",
  houseSystem: "Sistema de casas",
  wholeSignDefault: "Signos inteiros (padr\xE3o)",
  placidus: "Placidus",
  houseSystemHelp: "Como o mapa se divide em doze \xE1reas da vida. Signos inteiros d\xE1 a cada signo uma casa inteira; Placidus varia o tamanho das casas conforme a hora e o lugar exatos. Os planetas n\xE3o se movem: s\xF3 mudam os limites das casas.",
  computing: "Calculando\u2026",
  checking: "Verificando\u2026",
  comparing: "Comparando\u2026",
  save: "Salvar",
  rename: "Renomear",
  remove: "Remover",
  getBirthChart: "Fa\xE7a seu mapa astral gr\xE1tis",
  findMoonSign: "Descubra seu signo lunar",
  findRisingSign: "Descubra seu ascendente",
  savedCharts: "Mapas salvos",
  profile: "Seu perfil",
  read: "Ler",
  rightNow: "Agora",
  enterBirthDetails: "Informe os dados de nascimento\u2026",
  privacyDevice: "Privado por padr\xE3o. Seus dados de nascimento permanecem neste navegador.",
  placePlaceholder: "Comece a digitar uma cidade\u2026",
  placeChange: "Alterar local de nascimento",
  placePickHint: "Escolha seu local de nascimento na lista.",
  placeNoResults: "N\xE3o aparece? Escolha a cidade mais pr\xF3xima \u2014 poucos quil\xF4metros raramente mudam o mapa.",
  placeError: "N\xE3o foi poss\xEDvel carregar o \xEDndice de lugares \u2014 verifique sua conex\xE3o e tente de novo.",
  searchGeo: "A busca cobre cerca de 34.000 lugares \xB7 GeoNames (CC BY 4.0)",
  chartError: "Algo deu errado ao calcular o mapa. Tente de novo.",
  moonError: "Algo deu errado ao calcular a Lua. Tente de novo.",
  localDateReferenceError: "N\xE3o foi poss\xEDvel estabelecer um hor\xE1rio de c\xE1lculo dentro desta data local. Verifique a data e o local.",
  returnError: "Algo deu errado ao calcular o retorno. Tente de novo.",
  transitError: "Algo deu errado ao calcular os tr\xE2nsitos. Tente de novo.",
  compareError: "Algo deu errado ao comparar os mapas. Tente de novo.",
  noBirthTime: "N\xE3o sei",
  risingTimeHelp: "O ascendente muda a cada duas horas \u2014 aqui, o hor\xE1rio importa.",
  chartTimeHelp: "N\xE3o sabe a hora? Voc\xEA ver\xE1 uma refer\xEAncia ao meio-dia local, sem ascendente nem casas; a Lua pode ser incerta.",
  chartSavedDevice: "Salvo \xB7 neste dispositivo",
  saveThisChart: "Salvar este mapa",
  chartSavedStatus: "Mapa salvo neste dispositivo.",
  chartSaveFull: "Voc\xEA pode salvar at\xE9 40 mapas \u2014 remova um primeiro.",
  chartSaveError: "N\xE3o foi poss\xEDvel salvar \u2014 talvez seu navegador esteja bloqueando o armazenamento local.",
  chartSavedMessage: "Salvo nos seus mapas. Entre aqui quando quiser acess\xE1-los em todos os dispositivos.",
  linkCopied: "Link copiado",
  copyChartLink: "Copiar o link deste mapa",
  rendering: "Criando\u2026",
  cardSaved: "Imagem salva",
  saveChartCard: "Salvar uma imagem do mapa",
  shareChart: "Compartilhe seu mapa",
  linkToChart: "Link para este mapa",
  chartLinkCopied: "Link do mapa copiado para a \xE1rea de transfer\xEAncia.",
  chartCardSaved: "Imagem do mapa salva.",
  cardError: "N\xE3o foi poss\xEDvel criar a imagem neste navegador \u2014 voc\xEA tamb\xE9m pode capturar a roda acima.",
  shareNote: "O link inclui os dados de nascimento que voc\xEA informou \u2014 nada \xE9 enviado a n\xF3s, ent\xE3o somente as pessoas com quem voc\xEA o compartilhar poder\xE3o abri-lo. A imagem tem 1080\xD71350 e \xE9 criada no seu dispositivo.",
  needsBirthTime: "Precisa da hora de nascimento",
  yourMoonSign: "Seu signo lunar",
  yourRisingSign: "Seu ascendente",
  moonPhaseAtBirth: "Fase da Lua no nascimento",
  chartRuler: "Regente do mapa",
  planetSteering: "o planeta que rege seu ascendente.",
  aspectsFound: "Aspectos",
  found: "no total",
  applying: "aplicativo",
  wholeSignHouses: "Casas de signos inteiros",
  placidusHouses: "Casas de Placidus",
  engine: "motor v",
  readInOrder: "A leitura, em ordem",
  readIntro: "De cima para baixo, como um astr\xF3logo faria a leitura. As tabelas acima trazem os dados; aqui est\xE1 o que eles dizem.",
  readBigThree: "Comece pelo trio principal",
  readBigThreeBody: "Sol, Lua e ascendente \u2014 os tr\xEAs cart\xF5es no topo. Identidade, instinto, presen\xE7a. Tudo abaixo acrescenta nuances; nada os substitui.",
  readRooms: "Planetas, casa por casa",
  readNoHouses: "Sem a hora de nascimento, n\xE3o h\xE1 casas, ent\xE3o cada planeta \xE9 lido apenas pelo signo. Adicione a hora e esta se\xE7\xE3o ganha suas casas.",
  readAspects: "Os aspectos com mais peso",
  readWeather: "O clima do mapa",
  readIn: "em",
  today: "hoje",
  todayBySignTitle: "O c\xE9u de hoje, por signo",
  todayBySignPrompt: "Toque no seu signo solar para uma leitura clara de hoje \u2014 n\xE3o \xE9 preciso saber a hora de nascimento.",
  todaySolarNote: "lido pelas casas solares do seu signo",
  whyThisReading: "Por que esta leitura",
  todayHoroscopeLink: "hor\xF3scopo",
  or: "ou",
  chartSavedBeforeLink: "Salvo nos seus mapas. Entre",
  chartSavedLink: "aqui",
  chartSavedAfterLink: "quando quiser acess\xE1-los em todos os dispositivos.",
  signedInAs: "Sess\xE3o iniciada como {email}",
  removeChartConfirm: "Remover \u201C{name}\u201D deste dispositivo?",
  compareSavedHeading: "Compare {a} e {b}",
  compareSavedPitch: "Dois mapas salvos pedem uma compara\xE7\xE3o: todos os aspectos entre eles, lidos com clareza e calculados neste dispositivo.",
  saturnDateHelp: "S\xF3 a data define os anos do seu retorno. Hora e local refinam as datas em alguns dias, nunca o ano.",
  saturnReturnHeading: "{ordinal} retorno",
  skyMercuryRetrograde: "Merc\xFArio retr\xF3grado",
  skyMercuryDirect: "Merc\xFArio direto",
  skyPlanetRetrograde: "{planet} retr\xF3grado",
  skyFullMoon: "Lua cheia",
  skyNewMoon: "Lua nova",
  skyMoonOn: "{event} \xB7 {date}",
  skyAsOf: "{date} \xB7 12h UTC",
  skyTickerAria: "Posi\xE7\xF5es no c\xE9u em {date}, \xE0s 12h UTC",
  moonDiscAria: "Lua, {percent}% iluminada",
  pairingCta: "Leia a combina\xE7\xE3o entre {a} e {b}",
  inviteWith: "Convide algu\xE9m para comparar com {name}",
  inviteNamedNote: "O link inclui os dados de nascimento de {name} e abre esta p\xE1gina com esse lado preenchido \u2014 nada \xE9 enviado a n\xF3s. Se n\xE3o for voc\xEA, vale pedir permiss\xE3o.",
  transitMiddayUtc: "{date} \xB7 meio-dia UTC",
  planetReturn: "Retorno de {planet}",
  natalPlanet: "{planet} natal",
  pfdToday: "Hoje para este mapa",
  pfdComing: "O que vem por a\xED para este mapa",
  pfdYearAhead: "Os pr\xF3ximos doze meses para este mapa",
  pfdYearBusy: "Calculando os pr\xF3ximos doze meses no seu dispositivo \u2014 s\xF3 alguns segundos\u2026",
  pfdYearNote: "Calculado a partir do seu mapa salvo: datas exatas para os pr\xF3ximos doze meses.",
  saveYearAheadNote: "No perfil, os mapas salvos mostram os pr\xF3ximos doze meses calculados \u2014 retorno solar, datas de J\xFApiter e Saturno e contatos com eclipses.",
  recordLabel: "Ala do acervo",
  recordOneOfTwelve: "tamb\xE9m integra os Doze \u2014 um registro can\xF4nico no acervo.",
  recordViewLink: "Ver o registro \u2014 por enquanto em ingl\xEAs \u2192",
  recordChartSun: "Seu Sol est\xE1 em {sign}.",
  recordChartBody: "{sign} \xE9 um dos Doze, com arte, hist\xF3ria e registro oficial pr\xF3prios.",
  recordChartLink: "Explore o Registro de {sign} \u2192",
  babyDueDate: "Data prevista do parto",
  babyCompute: "Ler o c\xE9u da data prevista",
  babyNeedDate: "Informe primeiro uma data prevista.",
  babyError: "Algo deu errado ao calcular o c\xE9u. Tente de novo.",
  babySunHead: "Signo solar \u2014 quase certo",
  babySunSingle: "Um nascimento nesta data ter\xE1 o Sol em",
  babySunNearEdge: "A data fica perto da transi\xE7\xE3o de signo, ent\xE3o nascer mais de um dia antes ou depois pode levar o Sol para",
  babySunNearEdgeTail: "\u2014 a data do nascimento \xE9 que decide.",
  babySunSplitA: "O Sol muda de signo nesta data: o beb\xEA nasce com o Sol em",
  babySunSplitOr: "ou",
  babySunSplitTail: "dependendo do hor\xE1rio. O momento exato do nascimento decide.",
  babyNoonNote: "signos lidos ao meio-dia no hor\xE1rio universal",
  babyMoonHead: "Signo lunar \u2014 uma entre poucas possibilidades",
  babyMoonBody: "A Lua muda de signo a cada dois ou tr\xEAs dias, ent\xE3o a semana prevista para o parto costuma abranger dois ou tr\xEAs signos lunares. Beb\xEAs que nascem na mesma semana podem ter signos lunares diferentes \u2014 o dia e a hora do nascimento decidem.",
  babyRetroHead: "Retr\xF3grados no nascimento",
  babyRetroBody: "esses planetas estar\xE3o em movimento retr\xF3grado perto da data prevista. Em um mapa astral, um planeta retr\xF3grado tende a se expressar de forma mais interiorizada \u2014 \xE9 comum e n\xE3o h\xE1 nada a corrigir.",
  babyRisingHead: "Ascendente \u2014 imposs\xEDvel saber antes do minuto exato",
  babyRisingBody: "O ascendente muda aproximadamente a cada duas horas, ent\xE3o nenhuma data prevista permite saber qual ser\xE1. \xC9 o \xFAnico posicionamento que s\xF3 pode ser conhecido depois que a hora do nascimento for registrada.",
  babyDateLink: "Leia esta data de anivers\xE1rio em detalhes",
  babyChartLink: "Depois do nascimento: o mapa completo",
  pfdChartPick: "Mapa",
  pfdQuietSky: "Um c\xE9u tranquilo para este mapa hoje \u2014 nada a menos de 3\xB0 de um ponto natal.",
  pfdQuietAhead: "Nada importante no horizonte deste mapa dentro do per\xEDodo calculado.",
  pfdSaturnBusy: "Calculando as janelas de Saturno no seu dispositivo\u2026",
  pfdEmptyTitle: "Seu c\xE9u, depois que voc\xEA salvar um mapa",
  pfdEmptyBody: "Salve um mapa astral e esta p\xE1gina abrir\xE1 todos os dias com os tr\xE2nsitos, as casas e o que vem pela frente.",
  pfdWindows: "janelas",
  openChart: "Abrir",
  dignityDomicile: "domic\xEDlio",
  dignityExaltation: "exalta\xE7\xE3o",
  dignityDetriment: "detrimento",
  dignityFall: "queda",
  explorerHint: "Toque em qualquer planeta, signo, casa ou linha de aspecto para ver os detalhes \u2014 ou selecione a roda e use as setas do teclado.",
  explorerLabel: "Mapa astral interativo",
  explorerSelectPart: "Escolha uma parte do mapa",
  explorerNoSelection: "Nenhuma sele\xE7\xE3o",
  explorerAngles: "\xC2ngulos",
  explorerControlsLoading: "Carregando as interpreta\xE7\xF5es e os controles do mapa\u2026",
  explorerControlsError: "Seu mapa est\xE1 pronto, mas as interpreta\xE7\xF5es e os controles n\xE3o puderam ser carregados. Verifique sua conex\xE3o e tente novamente.",
  explorerKeyHint: "As setas para a esquerda e para a direita percorrem as posi\xE7\xF5es; Enter abre o painel de detalhes.",
  selectionCleared: "Sele\xE7\xE3o desfeita.",
  inspectorClose: "Fechar detalhes",
  speed: "Velocidade",
  day: "dia",
  dignity: "Dignidade",
  separating: "separativo",
  dates: "Datas",
  element: "Elemento",
  ruler: "Regente",
  inThisSign: "Neste signo",
  inThisHouse: "Nesta casa",
  cusp: "C\xFAspide",
  span: "Extens\xE3o",
  emptyHouseNote: "N\xE3o h\xE1 planetas aqui. Uma casa vazia n\xE3o est\xE1 em branco \u2014 seus temas se expressam por meio do planeta que a rege.",
  angleAscNote: "O Ascendente \u2014 o grau que surgia no horizonte leste no momento do nascimento. Ele ancora toda a roda.",
  angleDscNote: "O Descendente \u2014 o grau que se punha no oeste, oposto ao Ascendente. A porta tradicional para os relacionamentos.",
  angleMcNote: "O Meio do C\xE9u \u2014 o grau que culminava no alto no momento do nascimento. Carreira, reputa\xE7\xE3o, a vida vis\xEDvel.",
  angleIcNote: "O Fundo do C\xE9u \u2014 o ponto mais baixo da roda, oposto ao Meio do C\xE9u. Lar, ra\xEDzes, a vida privada.",
  layersLabel: "Camadas do mapa",
  layerHouses: "Casas",
  editedBy: "Publicado por",
  tourStart: "Iniciar o passeio",
  firstReadingLabel: "Sua leitura de 2 minutos",
  firstReadingTitle: "O que seu mapa diz sobre voc\xEA \u2014 e o que vem depois?",
  firstReadingBody: "Veja sua mistura de personalidade, onde ela aparece, um padr\xE3o que voc\xEA talvez reconhe\xE7a e como a astrologia transforma um mapa natal em previs\xE3o.",
  firstReadingResumeTitle: "Sua leitura est\xE1 esperando",
  firstReadingResumeBody: "Continue de onde parou neste dispositivo.",
  firstReadingStart: "Ler meu mapa",
  firstReadingExplore: "Explorar por conta pr\xF3pria",
  firstReadingResume: "Continuar minha leitura",
  firstReadingStep: "Etapa",
  firstReadingFullTour: "Ver como o mapa funciona \u2014 passeio avan\xE7ado",
  firstReadingReplay: "Rever a hist\xF3ria do meu mapa",
  chartActionsMore: "Mais formas de usar este mapa",
  chartReceiptDownload: "Baixar o registro do c\xE1lculo (.json)",
  chartReceiptPrivacy: "Este arquivo cont\xE9m dados de nascimento sens\xEDveis e dados do mapa. Mantenha-o privado.",
  chartReceiptError: "N\xE3o foi poss\xEDvel baixar o arquivo. Tente novamente.",
  chartReceiptUnavailable: "N\xE3o h\xE1 um registro do c\xE1lculo dispon\xEDvel para este mapa.",
  seeTodaySky: "Ver o c\xE9u de hoje",
  contextHelpCue: "Toque nos termos sublinhados com pontos para ver uma explica\xE7\xE3o simples.",
  editorialHow: "princ\xEDpios editoriais",
  dstGapNotice: "Esse hor\xE1rio caiu no avan\xE7o para o hor\xE1rio de ver\xE3o e, por isso, nunca existiu \u2014 avan\xE7amos para depois desse intervalo, como manda a conven\xE7\xE3o padr\xE3o.",
  dstFoldNotice: "Os rel\xF3gios repetiram essa hora no seu local de nascimento; usamos a primeira ocorr\xEAncia. Se voc\xEA sabe que foi a segunda, seu mapa quase n\xE3o muda \u2014 a Lua avan\xE7a cerca de meio grau por hora.",
  lmtNotice: "Voc\xEA nasceu antes da padroniza\xE7\xE3o dos fusos hor\xE1rios \u2014 usamos a hora m\xE9dia local daquela \xE9poca, a mesma conven\xE7\xE3o dos programas profissionais.",
  polarNotice: "As casas de Placidus n\xE3o s\xE3o definidas t\xE3o perto do polo, ent\xE3o este mapa usa casas de signos inteiros.",
  noTimeNotice: "Sem a hora de nascimento, usamos 12:00 no hor\xE1rio civil local como refer\xEAncia e omitimos ascendente, \xE2ngulos e casas.",
  moonUnverifiedNotice: "Os poss\xEDveis signos da Lua ao longo desta data de nascimento n\xE3o foram verificados. Adicione uma hora de nascimento para obter um resultado daquele momento.",
  moonAmbiguousNotice: "A Lua tamb\xE9m mudou de signo nesse dia \u2014 \xE9 razo\xE1vel ler os dois signos vizinhos at\xE9 voc\xEA descobrir a hora.",
  fromLinkNotice: "Aberto por um link compartilhado \u2014 os dados de nascimento vieram no pr\xF3prio link, e o mapa acaba de ser calculado no seu dispositivo.",
  howWeCompute: "Como calculamos",
  welcomeBack: "Que bom ter voc\xEA de volta.",
  savedChartAria: "Seu mapa salvo",
  todayAgainstChart: "O c\xE9u de hoje sobre seu mapa",
  yourCharts: "Seus mapas",
  recommendedNext: "Pr\xF3ximo passo recomendado",
  todayForName: "Veja o que hoje significa para {name}",
  savedChartTodayBody: "Seu mapa n\xE3o muda. O c\xE9u de hoje muda \u2014 comece pelo que est\xE1 se transformando para voc\xEA agora.",
  openSavedChart: "Abrir mapa salvo",
  moonReadingSky: "Lendo o c\xE9u\u2026",
  illuminated: "iluminada",
  moonIn: "Lua em",
  findThatMoon: "Encontrar essa Lua",
  dateHelp: "Um anivers\xE1rio, uma data especial, qualquer data.",
  placeHelpMoon: "Refina a convers\xE3o do hor\xE1rio; a fase quase n\xE3o precisa disso.",
  middayLocalCaption: "Leitura ao meio-dia local \u2014 adicionar a hora exata define o grau.",
  utcTimeCaption: "A hora \xE9 interpretada como hor\xE1rio universal \u2014 adicione um local de nascimento para converter seu hor\xE1rio local.",
  middayUtcCaption: "Leitura ao meio-dia no hor\xE1rio universal \u2014 uma hora e um local definem o grau exato.",
  moonChangedNotice: "A Lua mudou de signo nesse dia e, sem a hora, n\xE3o podemos saber em qual signo ela estava quando voc\xEA nasceu. A fase n\xE3o \xE9 afetada \u2014 ela se move devagar demais para que algumas horas fa\xE7am diferen\xE7a.",
  birthChartForDate: "Fazer o mapa astral desta data",
  natalSaturn: "Seu Saturno natal",
  addBirthDetails: "Adicionar hora e local de nascimento (opcional)",
  findSaturnReturn: "Encontre seu retorno de Saturno",
  returnApprox: "Datas calculadas a partir de uma leitura ao meio-dia \u2014 com hora e local de nascimento, podem variar alguns dias para um lado ou para o outro.",
  complete: "Conclu\xEDdo",
  underwayNow: "Em andamento",
  aheadOfYou: "Mais adiante",
  first: "Primeiro",
  second: "Segundo",
  third: "Terceiro",
  fourth: "Quarto",
  aroundAge29: "por volta dos 29 anos",
  aroundAge58: "por volta dos 58 anos",
  aroundAge88: "por volta dos 88 anos",
  retrogradePass: "passagem retr\xF3grada",
  threePasses: "Tr\xEAs passagens exatas: Saturno cruza seu grau, volta sobre ele em movimento retr\xF3grado e passa por ele uma \xFAltima vez ao seguir adiante. Todo esse per\xEDodo forma o retorno.",
  seeSaturnChart: "Ver Saturno no seu mapa astral",
  whatSaturnMeans: "O que Saturno significa",
  yourChart: "Seu mapa",
  theSky: "O c\xE9u",
  transitRingLede: "Monte seu mapa e mova o controle de data para ver os planetas transitarem sobre ele \u2014 para a frente ou para tr\xE1s, por at\xE9 um ano.",
  checkTransits: "Ver seus tr\xE2nsitos",
  savedChartHelp: "Os mapas que voc\xEA calcular e salvar aparecer\xE3o aqui como atalhos, para que a pr\xF3xima consulta dispense a digita\xE7\xE3o.",
  noTransitTimeNotice: "Este mapa n\xE3o tem hora de nascimento, ent\xE3o a posi\xE7\xE3o da Lua \xE9 uma estimativa para o meio-dia \u2014 ela pode variar at\xE9 seis graus, e um tr\xE2nsito \xE0 Lua perto do limite do orbe pode aparecer ou desaparecer com a hora real.",
  skyAt: "C\xE9u em",
  noTransitsWithin: "Nenhum tr\xE2nsito a menos de",
  activeTransitsWithin: "tr\xE2nsitos ativos a menos de",
  activeTransitWithin: "tr\xE2nsito ativo a menos de",
  ofExact: "do ponto exato",
  transitMoonOmitted: "Lua em tr\xE2nsito n\xE3o inclu\xEDda \u2014 ela cruza o mapa inteiro todos os meses",
  quietSky: "Um c\xE9u tranquilo dentro do orbe estreito usado nesta p\xE1gina. Nada urgente \u2014 volte em alguns dias ou amplie a leitura com os eventos do m\xEAs abaixo.",
  natal: "Natal",
  forYourChart: "Para seu mapa",
  orb: "orbe",
  openDailyBrief: "Abrir meu resumo di\xE1rio completo",
  allTransits: "Todos os seus tr\xE2nsitos",
  personA: "Pessoa A",
  personB: "Pessoa B",
  sharedChart: "Mapa compartilhado",
  sharedWithYou: "compartilhado com voc\xEA",
  removeSharedChart: "Remover o mapa compartilhado",
  sharedSideHelp: "Este lado chegou pelo link \u2014 limpe-o para informar os dados de outra pessoa.",
  name: "Nome",
  compareCharts: "Comparar os mapas",
  sameChart: "\xC9 o mesmo mapa duas vezes \u2014 escolha dois mapas diferentes para comparar.",
  compareSavedHelp: "Os mapas que voc\xEA calcular e salvar aparecer\xE3o aqui como atalhos, para que a segunda compara\xE7\xE3o seja mais r\xE1pida que a primeira.",
  compareNoTimeNotice: "Sem hora de nascimento para",
  moonMiddayEstimate: "ent\xE3o essa Lua \xE9 uma estimativa para o meio-dia \u2014 ela pode variar at\xE9 seis graus, e um aspecto lunar perto do limite do orbe pode aparecer ou desaparecer com a hora real.",
  crossChartAspects: "aspectos entre mapas",
  easeful: "harmoniosos",
  charged: "intensos",
  readPairing: "Ler a combina\xE7\xE3o",
  inviteCompare: "Convidar algu\xE9m para comparar",
  inviteLink: "Link de convite",
  inviteNote: "O link inclui os dados de nascimento desta pessoa e abre a p\xE1gina com esse lado preenchido \u2014 nada \xE9 enviado a n\xF3s. Se n\xE3o for voc\xEA, vale pedir permiss\xE3o.",
  inviteCopied: "Link de convite copiado para a \xE1rea de transfer\xEAncia.",
  syncOn: "Sincroniza\xE7\xE3o ativa",
  keepEveryDevice: "Acesse seus mapas em todos os dispositivos",
  signedIn: "Sess\xE3o iniciada",
  syncCopyOn: "Mapas salvos e remo\xE7\xF5es s\xE3o sincronizados entre seus dispositivos.",
  syncCopyOff: "Salve mapas neste dispositivo. Entre quando quiser acess\xE1-los em todos os dispositivos.",
  weeklyDigestTitle: "E-mail semanal do c\xE9u",
  weeklyDigestCopy: "Um e-mail por semana: o c\xE9u sobre seus mapas salvos. Cancele quando quiser.",
  weeklyDigestAria: "Ativar o resumo semanal",
  digestSaved: "Prefer\xEAncia do resumo salva.",
  digestFailed: "N\xE3o foi poss\xEDvel atualizar a prefer\xEAncia do resumo. Tente de novo.",
  checkEmail: "Confira seu e-mail para acessar sua conta. Esta p\xE1gina ser\xE1 sincronizada quando voc\xEA voltar.",
  syncFailed: "A sincroniza\xE7\xE3o falhou. Tente de novo.",
  syncing: "Sincronizando\u2026",
  synced: "Sincronizado",
  syncNow: "Sincronizar agora",
  signOut: "Sair",
  emailSyncAria: "E-mail para sincronizar o perfil",
  sending: "Enviando\u2026",
  sendSignIn: "Enviar link de acesso",
  nothingSaved: "Nada salvo ainda.",
  emptyProfile: "Os mapas que voc\xEA salvar ficar\xE3o aqui, primeiro neste dispositivo. Fa\xE7a um mapa e toque em Salvar este mapa para come\xE7ar.",
  saved: "salvos",
  chartSingular: "mapa",
  chartPlural: "mapas",
  savedChartSingular: "mapa salvo",
  savedChartPlural: "mapas salvos",
  syncedWhenSignedIn: "sincronizados quando voc\xEA entra",
  storedBrowser: "armazenados neste navegador",
  chartName: "Nome do mapa",
  timeUnknown: "hora desconhecida",
  needsTime: "precisa do hor\xE1rio",
  compareThese: "Comparar estes dois mapas",
  addAnotherChart: "Adicionar outro mapa",
  ...GROWTH_UI_EN,
  footerWidgets: "Widgets",
  footerDisclosure: "Divulga\xE7\xF5es",
  emailCaptureKicker: "Previs\xE3o semanal gratuita",
  emailCaptureTitle: "Sua semana pela frente.",
  emailCapturePersonalTitle: "Sua semana de {sign} pela frente.",
  emailCaptureCopy: "Uma previs\xE3o semanal para seu signo. Gr\xE1tis, cancele quando quiser.",
  emailCaptureEmailLabel: "Endere\xE7o de e-mail",
  emailCaptureEmailPlaceholder: "voce@exemplo.com",
  emailCaptureSignLegend: "Seu signo solar (opcional)",
  emailCaptureNoSign: "Pular o signo",
  emailCaptureUsingSign: "Usando seu signo solar: {sign}",
  emailCaptureChangeSign: "Alterar",
  emailCaptureSubmit: "Enviar minha semana",
  emailCaptureSubmitting: "Inscrevendo\u2026",
  emailCaptureSuccess: "Confira seu e-mail para confirmar a assinatura.",
  emailCaptureErrorTitle: "Assinatura indispon\xEDvel",
  emailCaptureError: "N\xE3o foi poss\xEDvel iniciar a assinatura. Tente de novo.",
  emailCapturePrivacy: "Armazenamos apenas seu e-mail e o signo escolhido \u2014 nunca seus dados de nascimento.",
  emailCaptureHoneypot: "Deixe este campo em branco",
  emailPendingTitle: "Confira seu e-mail.",
  emailPendingBody: "Use o link de confirma\xE7\xE3o que enviamos antes de come\xE7ar a receber sua previs\xE3o semanal.",
  emailConfirmSubject: "Confirme sua previs\xE3o semanal do Zodiacs.org",
  emailConfirmMessage: "Confirme que voc\xEA quer receber a previs\xE3o semanal gratuita do Zodiacs.org:",
  emailConfirmIgnore: "Se voc\xEA n\xE3o solicitou isto, ignore este e-mail. Nenhuma assinatura ser\xE1 ativada.",
  emailConfirmTitle: "S\xF3 mais uma confirma\xE7\xE3o.",
  emailConfirmBody: "Confirme esta assinatura para come\xE7ar a receber a previs\xE3o semanal gratuita. At\xE9 l\xE1, nenhuma assinatura semanal estar\xE1 ativa.",
  emailConfirmAction: "Confirmar assinatura",
  emailConfirmedTitle: "Assinatura confirmada.",
  emailConfirmedBody: "Sua previs\xE3o semanal gratuita est\xE1 ativa. Toda mensagem inclui um link para cancelar a assinatura.",
  emailConfirmInvalidTitle: "Este link n\xE3o \xE9 v\xE1lido.",
  emailConfirmInvalidBody: "O link de confirma\xE7\xE3o \xE9 inv\xE1lido ou expirou. Volte ao Zodiacs.org para solicitar outro.",
  emailReturnHome: "Voltar ao Zodiacs.org"
};
var pt_default = pt;

// site/src/lib/i18n/ui/fr.ts
var fr = {
  chartDepthOpen: "Voir en trois dimensions",
  chartDepthClose: "Masquer la troisi\xE8me dimension",
  calculationLoadError: "Les fichiers de calcul n\u2019ont pas pu \xEAtre charg\xE9s. V\xE9rifie ta connexion et r\xE9essaie.",
  calculationReload: "Recharger la page",
  calculationReloadWarning: "Le rechargement efface les donn\xE9es non enregistr\xE9es.",
  calculationRetry: "R\xE9essayer",
  pfdYearError: "Nous n\u2019avons pas pu terminer la lecture de l\u2019ann\xE9e \xE0 venir. R\xE9essaie.",
  placeSearching: "Recherche de lieux\u2026",
  chartWheelActions: "Actions du th\xE8me",
  chartWheelGuide: "Faire la visite guid\xE9e",
  chartWheelReplay: "Rejouer la visite",
  chartWheelAnother: "Lire un autre th\xE8me",
  chartWheelSignatureSelf: "La signature de ton th\xE8me",
  chartWheelSignatureOther: "La signature de son th\xE8me",
  chartWheelCompareMine: "Comparer avec le mien",
  chartWheelCompareAdd: "Ajouter mon th\xE8me pour comparer",
  chartWheelShareOther: "Partager ce th\xE8me",
  navPrimary: "Navigation principale",
  navSigns: "Signes",
  navTools: "Outils",
  navLearn: "Comprendre",
  navHoroscopes: "Horoscopes",
  navCollect: "Astrofolio",
  navSavedCharts: "Th\xE8mes enregistr\xE9s",
  navMenu: "Menu",
  navSite: "Le site",
  navTwelve: "Les Douze",
  footerTag: "Outils astrologiques gratuits et guides des signes, avec des th\xE8mes calcul\xE9s en toute confidentialit\xE9 dans ton navigateur.",
  footerStartHere: "Pour commencer",
  footerPlanets: "Les plan\xE8tes",
  footerHouses: "Les maisons",
  footerZodiacDates: "Dates des signes",
  footerGlossary: "Glossaire",
  footerCompute: "Nos calculs",
  footerRegistry: "Registry",
  footerThesis: "Th\xE8se",
  footerArchive: "Archives",
  footerSdk: "SDK",
  footerCollectNote: "Les fiches, recherches, profils du catalogue et le SDK du Registry sont en lecture seule. L\u2019outil d\u2019achat facultatif d\u2019Astrofolio utilise Jupiter, un service ind\xE9pendant, et ton propre portefeuille\u202F; Zodiacs.org ne d\xE9tient aucune cl\xE9 ni aucun fonds. Rien de ceci ne constitue un conseil financier.",
  footerMethodology: "M\xE9thodologie",
  footerAbout: "\xC0 propos",
  footerPrivacy: "Confidentialit\xE9",
  footerTerms: "Conditions",
  footerPlaceData: "Donn\xE9es g\xE9ographiques",
  footerFonts: "Polices sous licence",
  skipContent: "Aller au contenu",
  open: "Ouvrir",
  birthChart: "Th\xE8me astral",
  compatibility: "Compatibilit\xE9",
  moonSign: "Signe lunaire",
  risingSign: "Ascendant",
  moonPhase: "Phase de la Lune",
  saturnReturn: "Retour de Saturne",
  transits: "Transits",
  birthday: "Anniversaire (en anglais)",
  retrogrades: "R\xE9trogrades",
  sun: "Soleil",
  moon: "Lune",
  rising: "Ascendant",
  body: "Astre",
  position: "Position",
  sign: "Signe",
  house: "Maison",
  chart: "Th\xE8me",
  date: "Date",
  time: "Heure",
  place: "Lieu",
  motion: "Mouvement",
  optional: "facultatif",
  birthDate: "Date de naissance",
  birthTime: "Heure de naissance",
  birthplace: "Lieu de naissance",
  birthDateRequired: "Indique ta date de naissance.",
  birthDateRange: "Choisis une date de naissance entre 1800 et 2199.",
  birthTimeRequired: "Indique ton heure de naissance.",
  houseSystem: "Syst\xE8me de maisons",
  wholeSignDefault: "Maisons en signes entiers (par d\xE9faut)",
  placidus: "Placidus",
  houseSystemHelp: "La mani\xE8re de diviser la carte en douze domaines de vie. En signes entiers, chaque signe forme une maison enti\xE8re ; Placidus fait varier la taille des maisons selon l\u2019heure et le lieu exacts. Les plan\xE8tes ne bougent pas : seules les limites des maisons changent.",
  computing: "Calcul en cours\u2026",
  checking: "V\xE9rification en cours\u2026",
  comparing: "Comparaison en cours\u2026",
  save: "Enregistrer",
  rename: "Renommer",
  remove: "Supprimer",
  getBirthChart: "Obtiens ton th\xE8me astral gratuit",
  findMoonSign: "D\xE9couvre ton signe lunaire",
  findRisingSign: "D\xE9couvre ton ascendant",
  savedCharts: "Th\xE8mes enregistr\xE9s",
  profile: "Ton profil",
  read: "Lire",
  rightNow: "En ce moment",
  enterBirthDetails: "Saisis tes donn\xE9es de naissance\u2026",
  privacyDevice: "Priv\xE9 par d\xE9faut. Tes donn\xE9es de naissance restent dans ce navigateur.",
  placePlaceholder: "Commence \xE0 saisir une ville\u2026",
  placeChange: "Changer le lieu de naissance",
  placePickHint: "Choisis ton lieu de naissance dans la liste.",
  placeNoResults: "Pas dans la liste ? Choisis la ville la plus proche \u2014 quelques kilom\xE8tres changent rarement le th\xE8me.",
  placeError: "Impossible de charger l\u2019index des lieux \u2014 v\xE9rifie ta connexion et r\xE9essaie.",
  searchGeo: "La recherche couvre environ 34\u202F000 lieux \xB7 GeoNames (CC BY 4.0)",
  chartError: "Un probl\xE8me est survenu pendant le calcul du th\xE8me. R\xE9essaie.",
  moonError: "Un probl\xE8me est survenu pendant le calcul de la Lune. R\xE9essaie.",
  localDateReferenceError: "Nous n\u2019avons pas pu d\xE9terminer une heure de calcul correspondant \xE0 cette date locale. V\xE9rifie la date et le lieu.",
  returnError: "Un probl\xE8me est survenu pendant le calcul du retour. R\xE9essaie.",
  transitError: "Un probl\xE8me est survenu pendant le calcul des transits. R\xE9essaie.",
  compareError: "Un probl\xE8me est survenu pendant la comparaison des th\xE8mes. R\xE9essaie.",
  noBirthTime: "Je ne la connais pas",
  risingTimeHelp: "L\u2019ascendant change toutes les deux heures \u2014 ici, l\u2019heure compte.",
  chartTimeHelp: "Tu ne connais pas l\u2019heure\u202F? Tu obtiendras une r\xE9f\xE9rence \xE0 midi local, sans ascendant ni maisons\u202F; la Lune peut \xEAtre incertaine.",
  chartSavedDevice: "Enregistr\xE9 \xB7 sur cet appareil",
  saveThisChart: "Enregistrer ce th\xE8me",
  chartSavedStatus: "Th\xE8me enregistr\xE9 sur cet appareil.",
  chartSaveFull: "Tu peux enregistrer jusqu\u2019\xE0 40 th\xE8mes \u2014 supprimes-en un d\u2019abord.",
  chartSaveError: "Impossible d\u2019enregistrer \u2014 ton navigateur bloque peut-\xEAtre le stockage local.",
  chartSavedMessage: "Ajout\xE9 \xE0 tes th\xE8mes. Connecte-toi ici quand tu voudras les retrouver sur tous tes appareils.",
  linkCopied: "Lien copi\xE9",
  copyChartLink: "Copier un lien vers ce th\xE8me",
  rendering: "Cr\xE9ation en cours\u2026",
  cardSaved: "Image enregistr\xE9e",
  saveChartCard: "Enregistrer une image du th\xE8me",
  shareChart: "Partager ton th\xE8me",
  linkToChart: "Lien vers ce th\xE8me",
  chartLinkCopied: "Lien du th\xE8me copi\xE9 dans le presse-papiers.",
  chartCardSaved: "Image du th\xE8me enregistr\xE9e.",
  cardError: "Impossible de cr\xE9er l\u2019image dans ce navigateur \u2014 tu peux tout aussi bien faire une capture de la roue ci-dessus.",
  shareNote: "Le lien contient les donn\xE9es de naissance que tu as saisies \u2014 rien ne nous est envoy\xE9, et seules les personnes \xE0 qui tu le transmets peuvent l\u2019ouvrir. L\u2019image au format 1080\xD71350 est cr\xE9\xE9e sur ton appareil.",
  needsBirthTime: "Heure de naissance n\xE9cessaire",
  yourMoonSign: "Ton signe lunaire",
  yourRisingSign: "Ton ascendant",
  moonPhaseAtBirth: "Phase de la Lune \xE0 la naissance",
  chartRuler: "Ma\xEEtre du th\xE8me",
  planetSteering: "la plan\xE8te qui gouverne ton ascendant.",
  aspectsFound: "Aspects",
  found: "au total",
  applying: "appliquant",
  wholeSignHouses: "Maisons en signes entiers",
  placidusHouses: "Maisons de Placidus",
  engine: "moteur v",
  readInOrder: "Lire le th\xE8me dans l\u2019ordre",
  readIntro: "De haut en bas, comme le ferait un astrologue. Les tableaux ci-dessus pr\xE9sentent les donn\xE9es\u202F; voici ce qu\u2019elles racontent.",
  readBigThree: "Commence par les trois piliers",
  readBigThreeBody: "Soleil, Lune, ascendant \u2014 les trois cartes en haut. Identit\xE9, instinct, fa\xE7on d\u2019aborder le monde. Tout ce qui suit les nuance\u202F; rien ne les remplace.",
  readRooms: "Les plan\xE8tes, maison par maison",
  readNoHouses: "Sans heure de naissance, il n\u2019y a pas de maisons\u202F: chaque plan\xE8te se lit donc uniquement dans son signe. Ajoute l\u2019heure pour faire appara\xEEtre les maisons dans cette section.",
  readAspects: "Les aspects les plus influents",
  readWeather: "Le climat du th\xE8me",
  readIn: "en",
  today: "aujourd\u2019hui",
  todayBySignTitle: "Le ciel d\u2019aujourd\u2019hui, signe par signe",
  todayBySignPrompt: "Appuie sur ton signe solaire pour une lecture claire du jour \u2014 aucune heure de naissance n\xE9cessaire.",
  todaySolarNote: "lu \xE0 partir des maisons solaires de ton signe",
  whyThisReading: "Pourquoi cette lecture",
  todayHoroscopeLink: "horoscope",
  or: "ou",
  chartSavedBeforeLink: "Ajout\xE9 \xE0 tes th\xE8mes. Connecte-toi",
  chartSavedLink: "ici",
  chartSavedAfterLink: "quand tu voudras les retrouver sur tous tes appareils.",
  signedInAs: "Session ouverte avec {email}",
  removeChartConfirm: "Supprimer \xAB\u202F{name}\u202F\xBB de cet appareil\u202F?",
  compareSavedHeading: "Comparer {a} et {b}",
  compareSavedPitch: "Deux th\xE8mes enregistr\xE9s appellent une comparaison\u202F: tous les aspects entre les deux, interpr\xE9t\xE9s avec franchise et calcul\xE9s sur cet appareil.",
  saturnDateHelp: "La date suffit \xE0 d\xE9terminer les ann\xE9es de ton retour. L\u2019heure et le lieu pr\xE9cisent le calcul \xE0 quelques jours pr\xE8s, sans jamais changer l\u2019ann\xE9e.",
  saturnReturnHeading: "{ordinal} retour",
  skyMercuryRetrograde: "Mercure r\xE9trograde",
  skyMercuryDirect: "Mercure direct",
  skyPlanetRetrograde: "{planet} r\xE9trograde",
  skyFullMoon: "Pleine Lune",
  skyNewMoon: "Nouvelle Lune",
  skyMoonOn: "{event} \xB7 {date}",
  skyAsOf: "{date} \xB7 12\u202Fh UTC",
  skyTickerAria: "Positions dans le ciel le {date} \xE0 12\u202Fh UTC",
  moonDiscAria: "Lune \xE9clair\xE9e \xE0 {percent}\u202F%",
  pairingCta: "Lire la dynamique entre {a} et {b}",
  inviteWith: "Inviter quelqu\u2019un \xE0 comparer son th\xE8me avec celui de {name}",
  inviteNamedNote: "Le lien contient les donn\xE9es de naissance de {name} et ouvre cette page avec ce c\xF4t\xE9 d\xE9j\xE0 rempli \u2014 rien ne nous est envoy\xE9. Si ce n\u2019est pas toi, mieux vaut avoir son accord.",
  transitMiddayUtc: "{date} \xB7 midi UTC",
  planetReturn: "Retour de {planet}",
  natalPlanet: "Position natale de {planet}",
  pfdToday: "Aujourd\u2019hui pour ce th\xE8me",
  pfdComing: "\xC0 venir pour ce th\xE8me",
  pfdYearAhead: "Les douze prochains mois pour ce th\xE8me",
  pfdYearBusy: "Calcul des douze prochains mois sur ton appareil \u2014 encore quelques secondes\u2026",
  pfdYearNote: "Calcul\xE9 \xE0 partir de ton th\xE8me enregistr\xE9\u202F: les dates exactes des douze prochains mois.",
  saveYearAheadNote: "Sur la page de profil, les th\xE8mes enregistr\xE9s donnent acc\xE8s aux douze prochains mois calcul\xE9s \u2014 retour solaire, dates de Jupiter et Saturne, contacts des \xE9clipses.",
  recordLabel: "Aile des collections",
  recordOneOfTwelve: "figure aussi parmi les Douze \u2014 une notice de r\xE9f\xE9rence dans le registre.",
  recordViewLink: "Voir la notice \u2014 pour l\u2019instant en anglais \u2192",
  recordChartSun: "Ton Soleil est en {sign}.",
  recordChartBody: "{sign} fait partie des Douze, avec ses propres cr\xE9ations, son histoire et sa notice officielle dans le Registre.",
  recordChartLink: "Explorer le Registre de {sign} \u2192",
  babyDueDate: "Date pr\xE9vue d\u2019accouchement",
  babyCompute: "Lire le ciel de la date pr\xE9vue",
  babyNeedDate: "Saisis d\u2019abord une date pr\xE9vue.",
  babyError: "Un probl\xE8me est survenu pendant le calcul du ciel. R\xE9essaie.",
  babySunHead: "Signe solaire \u2014 presque certain",
  babySunSingle: "Une naissance \xE0 cette date donne un Soleil en",
  babySunNearEdge: "La date se situe pr\xE8s d\u2019un changement de signe\u202F: une arriv\xE9e plus d\u2019un jour en avance ou en retard peut faire passer le Soleil en",
  babySunNearEdgeTail: "\u2014 la date de naissance tranche.",
  babySunSplitA: "Le Soleil change de signe \xE0 cette date\u202F: \xE0 la naissance, il sera en",
  babySunSplitOr: "ou",
  babySunSplitTail: "selon l\u2019heure. Le moment exact de la naissance tranche.",
  babyNoonNote: "signes calcul\xE9s \xE0 midi en temps universel",
  babyMoonHead: "Signe lunaire \u2014 quelques possibilit\xE9s",
  babyMoonBody: "La Lune change de signe tous les deux ou trois jours\u202F: une semaine pr\xE9vue couvre donc g\xE9n\xE9ralement deux ou trois signes lunaires. Des b\xE9b\xE9s n\xE9s la m\xEAme semaine peuvent avoir des signes lunaires diff\xE9rents \u2014 le jour et l\u2019heure de naissance tranchent.",
  babyRetroHead: "Plan\xE8tes r\xE9trogrades \xE0 la naissance",
  babyRetroBody: "en p\xE9riode r\xE9trograde autour de la date pr\xE9vue. Dans un th\xE8me astral, une plan\xE8te r\xE9trograde s\u2019exprime de fa\xE7on plus int\xE9rieure que d\u2019habitude \u2014 c\u2019est courant et il n\u2019y a rien \xE0 corriger.",
  babyRisingHead: "Ascendant \u2014 impossible \xE0 conna\xEEtre avant la minute exacte",
  babyRisingBody: "L\u2019ascendant change environ toutes les deux heures\u202F: aucune date pr\xE9vue ne permet donc de le pr\xE9dire. C\u2019est le seul placement qu\u2019on ne peut d\xE9terminer qu\u2019\xE0 partir de l\u2019heure exacte inscrite sur l\u2019acte de naissance.",
  babyDateLink: "Explorer cette date de naissance",
  babyChartLink: "Apr\xE8s la naissance\u202F: le th\xE8me complet",
  pfdChartPick: "Th\xE8me",
  pfdQuietSky: "Un ciel calme pour ce th\xE8me aujourd\u2019hui \u2014 rien \xE0 moins de 3\xB0 d\u2019un point natal.",
  pfdQuietAhead: "Rien de majeur \xE0 l\u2019horizon de ce th\xE8me dans la p\xE9riode calcul\xE9e.",
  pfdSaturnBusy: "Calcul des p\xE9riodes de Saturne sur ton appareil\u2026",
  pfdEmptyTitle: "Ton ciel, d\xE8s que tu auras enregistr\xE9 un th\xE8me",
  pfdEmptyBody: "Enregistre un th\xE8me astral\u202F: chaque jour, cette page s\u2019ouvrira sur ses transits, ses maisons et ce qui l\u2019attend.",
  pfdWindows: "p\xE9riodes",
  openChart: "Ouvrir",
  dignityDomicile: "domicile",
  dignityExaltation: "exaltation",
  dignityDetriment: "exil",
  dignityFall: "chute",
  explorerHint: "Appuie sur une plan\xE8te, un signe, une maison ou une ligne d\u2019aspect pour l\u2019examiner \u2014 tu peux aussi s\xE9lectionner la roue et utiliser les touches fl\xE9ch\xE9es.",
  explorerLabel: "Th\xE8me astral interactif",
  explorerSelectPart: "Choisis une partie du th\xE8me",
  explorerNoSelection: "Aucune s\xE9lection",
  explorerAngles: "Angles",
  explorerControlsLoading: "Chargement des interpr\xE9tations et des commandes du th\xE8me\u2026",
  explorerControlsError: "Ton th\xE8me est pr\xEAt, mais ses interpr\xE9tations et ses commandes n\u2019ont pas pu \xEAtre charg\xE9es. V\xE9rifie ta connexion et r\xE9essaie.",
  explorerKeyHint: "Les fl\xE8ches gauche et droite parcourent les positions ; Entr\xE9e ouvre le panneau de d\xE9tails.",
  selectionCleared: "S\xE9lection annul\xE9e.",
  inspectorClose: "Fermer les d\xE9tails",
  speed: "Vitesse",
  day: "jour",
  dignity: "Dignit\xE9",
  separating: "s\xE9parant",
  dates: "Dates",
  element: "\xC9l\xE9ment",
  ruler: "Ma\xEEtre",
  inThisSign: "Dans ce signe",
  inThisHouse: "Dans cette maison",
  cusp: "Cuspide",
  span: "\xC9tendue",
  emptyHouseNote: "Aucune plan\xE8te ici. Une maison vide n\u2019est pas une page blanche \u2014 ses th\xE8mes s\u2019expriment \xE0 travers la plan\xE8te qui la gouverne.",
  angleAscNote: "L\u2019Ascendant \u2014 le degr\xE9 qui se levait \xE0 l\u2019est au moment de la naissance. Il ancre toute la roue.",
  angleDscNote: "Le Descendant \u2014 le degr\xE9 qui se couchait \xE0 l\u2019horizon ouest, \xE0 l\u2019oppos\xE9 de l\u2019Ascendant. La porte traditionnelle vers les partenaires.",
  angleMcNote: "Le Milieu du Ciel \u2014 le degr\xE9 qui culminait au-dessus de l\u2019horizon \xE0 la naissance. Carri\xE8re, r\xE9putation, vie publique.",
  angleIcNote: "Le Fond du Ciel \u2014 le point le plus bas de la roue, \xE0 l\u2019oppos\xE9 du Milieu du Ciel. Foyer, racines, vie priv\xE9e.",
  layersLabel: "Calques du th\xE8me",
  layerHouses: "Maisons",
  editedBy: "Publi\xE9 par",
  tourStart: "Lancer la visite",
  firstReadingLabel: "Ta lecture en 2 minutes",
  firstReadingTitle: "Que dit ton th\xE8me de toi \u2014 et de la suite ?",
  firstReadingBody: "D\xE9couvre ton m\xE9lange de personnalit\xE9, o\xF9 il s\u2019exprime, un sch\xE9ma que tu reconna\xEEtras peut-\xEAtre et comment l\u2019astrologie transforme un th\xE8me natal en pr\xE9vision.",
  firstReadingResumeTitle: "Ta lecture t\u2019attend",
  firstReadingResumeBody: "Reprends l\xE0 o\xF9 tu t\u2019es arr\xEAt\xE9 sur cet appareil.",
  firstReadingStart: "Lire mon th\xE8me",
  firstReadingExplore: "Explorer par moi-m\xEAme",
  firstReadingResume: "Continuer ma lecture",
  firstReadingStep: "\xC9tape",
  firstReadingFullTour: "Voir comment fonctionne le th\xE8me \u2014 visite avanc\xE9e",
  firstReadingReplay: "Revoir l\u2019histoire de mon th\xE8me",
  chartActionsMore: "Plus de fa\xE7ons d\u2019utiliser ce th\xE8me",
  chartReceiptDownload: "T\xE9l\xE9charger le relev\xE9 du calcul (.json)",
  chartReceiptPrivacy: "Ce fichier contient des donn\xE9es de naissance sensibles et les donn\xE9es du th\xE8me. Gardez-le priv\xE9.",
  chartReceiptError: "Le fichier n\u2019a pas pu \xEAtre t\xE9l\xE9charg\xE9. Veuillez r\xE9essayer.",
  chartReceiptUnavailable: "Aucun relev\xE9 de calcul n\u2019est disponible pour ce th\xE8me.",
  seeTodaySky: "Voir le ciel d\u2019aujourd\u2019hui",
  contextHelpCue: "Touche les termes soulign\xE9s en pointill\xE9s pour obtenir une explication simple.",
  editorialHow: "normes \xE9ditoriales",
  dstGapNotice: "Cette heure se trouvait dans l\u2019intervalle supprim\xE9 par le passage \xE0 l\u2019heure d\u2019\xE9t\xE9 et n\u2019a donc jamais exist\xE9 \u2014 nous l\u2019avons avanc\xE9e jusqu\u2019\xE0 la fin de cet intervalle, conform\xE9ment \xE0 la convention habituelle.",
  dstFoldNotice: "\xC0 ton lieu de naissance, les horloges ont affich\xE9 deux fois cette heure\u202F; nous avons retenu la premi\xE8re occurrence. Si tu sais qu\u2019il s\u2019agissait de la seconde, ton th\xE8me change \xE0 peine \u2014 la Lune avance d\u2019environ un demi-degr\xE9 par heure.",
  lmtNotice: "Ta naissance remonte \xE0 une \xE9poque ant\xE9rieure \xE0 la normalisation des fuseaux horaires \u2014 nous avons utilis\xE9 l\u2019heure moyenne locale de l\u2019\xE9poque, comme le font les logiciels professionnels.",
  polarNotice: "Les maisons de Placidus ne sont pas d\xE9finies aussi pr\xE8s du p\xF4le\u202F; ce th\xE8me utilise donc les maisons en signes entiers.",
  noTimeNotice: "Sans heure de naissance, nous utilisons 12 h en heure civile locale comme r\xE9f\xE9rence et omettons l\u2019ascendant, les angles et les maisons.",
  moonUnverifiedNotice: "Les signes possibles de la Lune au cours de cette date de naissance ne sont pas v\xE9rifi\xE9s. Ajoute une heure de naissance pour obtenir un r\xE9sultat \xE0 ce moment pr\xE9cis.",
  moonAmbiguousNotice: "La Lune a \xE9galement chang\xE9 de signe ce jour-l\xE0 \u2014 il est raisonnable de lire les deux signes voisins tant que tu n\u2019as pas retrouv\xE9 l\u2019heure.",
  fromLinkNotice: "Ce th\xE8me vient d\u2019un lien partag\xE9 \u2014 les donn\xE9es de naissance \xE9taient contenues dans le lien, et le calcul vient de se faire sur ton appareil.",
  howWeCompute: "Nos calculs",
  welcomeBack: "Bon retour parmi nous.",
  savedChartAria: "Ton th\xE8me enregistr\xE9",
  todayAgainstChart: "Le ciel d\u2019aujourd\u2019hui par rapport \xE0 ton th\xE8me",
  yourCharts: "Tes th\xE8mes",
  recommendedNext: "\xC9tape recommand\xE9e",
  todayForName: "Voir ce que cette journ\xE9e signifie pour {name}",
  savedChartTodayBody: "Ton th\xE8me ne change pas. Le ciel du jour, si \u2014 commence par ce qui \xE9volue pour toi maintenant.",
  openSavedChart: "Ouvrir le th\xE8me enregistr\xE9",
  moonReadingSky: "Lecture du ciel\u2026",
  illuminated: "\xE9clair\xE9e",
  moonIn: "Lune en",
  findThatMoon: "Retrouver la Lune de cette date",
  dateHelp: "Un anniversaire, une date marquante, n\u2019importe quelle date.",
  placeHelpMoon: "Pr\xE9cise la conversion de l\u2019heure\u202F; la phase en d\xE9pend \xE0 peine.",
  middayLocalCaption: "Lecture \xE0 midi, heure locale \u2014 ajoute l\u2019heure exacte pour d\xE9terminer pr\xE9cis\xE9ment le degr\xE9.",
  utcTimeCaption: "L\u2019heure est lue en temps universel \u2014 ajoute un lieu de naissance pour convertir ton heure locale.",
  middayUtcCaption: "Lecture \xE0 midi en temps universel \u2014 l\u2019heure et le lieu d\xE9terminent pr\xE9cis\xE9ment le degr\xE9.",
  moonChangedNotice: "La Lune a chang\xE9 de signe ce jour-l\xE0 et, sans l\u2019heure, nous ne pouvons pas savoir de quel c\xF4t\xE9 de la limite elle se trouvait \xE0 ta naissance. La phase reste la m\xEAme \u2014 elle \xE9volue trop lentement pour que quelques heures comptent.",
  birthChartForDate: "Calculer le th\xE8me astral de cette date",
  natalSaturn: "Ton Saturne natal",
  addBirthDetails: "Ajouter l\u2019heure et le lieu de naissance (facultatif)",
  findSaturnReturn: "Trouve ton retour de Saturne",
  returnApprox: "Dates calcul\xE9es \xE0 partir d\u2019une lecture \xE0 midi \u2014 avec l\u2019heure et le lieu de naissance, elles peuvent se d\xE9caler de quelques jours dans un sens ou dans l\u2019autre.",
  complete: "Termin\xE9",
  underwayNow: "En cours",
  aheadOfYou: "\xC0 venir",
  first: "Premier",
  second: "Deuxi\xE8me",
  third: "Troisi\xE8me",
  fourth: "Quatri\xE8me",
  aroundAge29: "vers 29 ans",
  aroundAge58: "vers 58 ans",
  aroundAge88: "vers 88 ans",
  retrogradePass: "passage r\xE9trograde",
  threePasses: "Trois passages exacts\u202F: Saturne franchit ton degr\xE9, revient dessus en r\xE9trograde, puis le traverse une derni\xE8re fois en repartant. Toute cette p\xE9riode forme le retour.",
  seeSaturnChart: "Voir Saturne dans ton th\xE8me astral",
  whatSaturnMeans: "Ce que signifie Saturne",
  yourChart: "Ton th\xE8me",
  theSky: "Le ciel",
  transitRingLede: "Calcule ton th\xE8me, puis d\xE9place le curseur pour observer les plan\xE8tes se d\xE9placer sur celui-ci \u2014 en avant ou en arri\xE8re, sur une p\xE9riode allant jusqu\u2019\xE0 un an.",
  checkTransits: "Voir tes transits",
  savedChartHelp: "Les th\xE8mes que tu calcules et enregistres apparaissent ici sous forme de raccourcis\u202F: tu n\u2019auras rien \xE0 ressaisir lors de la prochaine consultation.",
  noTransitTimeNotice: "Ce th\xE8me n\u2019a pas d\u2019heure de naissance\u202F: sa Lune est donc estim\xE9e \xE0 midi et peut s\u2019\xE9carter de six degr\xE9s au maximum. Un transit sur la Lune proche de la limite de son orbe peut appara\xEEtre ou dispara\xEEtre selon l\u2019heure r\xE9elle.",
  skyAt: "Ciel du",
  noTransitsWithin: "Aucun transit \xE0 moins de",
  activeTransitsWithin: "transits actifs \xE0 moins de",
  activeTransitWithin: "transit actif \xE0 moins de",
  ofExact: "du point exact",
  transitMoonOmitted: "Lune en transit non incluse \u2014 elle parcourt tout le th\xE8me chaque mois",
  quietSky: "Un ciel calme selon l\u2019orbe serr\xE9 utilis\xE9 sur cette page. Rien d\u2019urgent \u2014 reviens dans quelques jours ou \xE9largis la lecture aux \xE9v\xE9nements du mois ci-dessous.",
  natal: "Natal",
  forYourChart: "Pour ton th\xE8me",
  orb: "orbe",
  openDailyBrief: "Ouvrir mon r\xE9sum\xE9 quotidien complet",
  allTransits: "Tous tes transits",
  personA: "Personne A",
  personB: "Personne B",
  sharedChart: "Th\xE8me partag\xE9",
  sharedWithYou: "partag\xE9 avec toi",
  removeSharedChart: "Supprimer le th\xE8me partag\xE9",
  sharedSideHelp: "Ce c\xF4t\xE9 vient du lien \u2014 efface-le pour saisir les donn\xE9es de quelqu\u2019un d\u2019autre.",
  name: "Nom",
  compareCharts: "Comparer les th\xE8mes",
  sameChart: "C\u2019est le m\xEAme th\xE8me des deux c\xF4t\xE9s \u2014 choisis-en deux diff\xE9rents.",
  compareSavedHelp: "Les th\xE8mes que tu calcules et enregistres apparaissent ici sous forme de raccourcis\u202F: la deuxi\xE8me comparaison sera plus rapide que la premi\xE8re.",
  compareNoTimeNotice: "Aucune heure de naissance pour",
  moonMiddayEstimate: "\u2014 cette Lune est donc estim\xE9e \xE0 midi et peut s\u2019\xE9carter de six degr\xE9s au maximum. Un aspect lunaire proche de la limite de son orbe peut appara\xEEtre ou dispara\xEEtre selon l\u2019heure r\xE9elle.",
  crossChartAspects: "aspects entre les th\xE8mes",
  easeful: "harmonieux",
  charged: "tendus",
  readPairing: "Lire la dynamique",
  inviteCompare: "Inviter quelqu\u2019un \xE0 comparer",
  inviteLink: "Lien d\u2019invitation",
  inviteNote: "Le lien contient les donn\xE9es de naissance de cette personne et ouvre la page avec ce c\xF4t\xE9 d\xE9j\xE0 rempli \u2014 rien ne nous est envoy\xE9. Si ce n\u2019est pas toi, mieux vaut avoir son accord.",
  inviteCopied: "Lien d\u2019invitation copi\xE9 dans le presse-papiers.",
  syncOn: "Synchronisation activ\xE9e",
  keepEveryDevice: "Retrouve tes th\xE8mes sur tous tes appareils",
  signedIn: "Session ouverte",
  syncCopyOn: "L\u2019enregistrement et la suppression des th\xE8mes sont synchronis\xE9s sur tous tes appareils.",
  syncCopyOff: "Enregistre des th\xE8mes sur cet appareil. Connecte-toi quand tu voudras les retrouver sur tous tes appareils.",
  weeklyDigestTitle: "E-mail hebdomadaire du ciel",
  weeklyDigestCopy: "Un e-mail par semaine\u202F: le ciel compar\xE9 \xE0 tes th\xE8mes enregistr\xE9s. D\xE9sabonne-toi \xE0 tout moment.",
  weeklyDigestAria: "Inscription \xE0 l\u2019e-mail hebdomadaire",
  digestSaved: "Pr\xE9f\xE9rence d\u2019e-mail enregistr\xE9e.",
  digestFailed: "Impossible de mettre \xE0 jour ta pr\xE9f\xE9rence d\u2019e-mail. R\xE9essaie.",
  checkEmail: "Consulte ta messagerie pour trouver ton lien de connexion. Cette page se synchronisera \xE0 ton retour.",
  syncFailed: "La synchronisation a \xE9chou\xE9. R\xE9essaie.",
  syncing: "Synchronisation\u2026",
  synced: "\xC0 jour",
  syncNow: "Synchroniser maintenant",
  signOut: "Se d\xE9connecter",
  emailSyncAria: "E-mail pour synchroniser le profil",
  sending: "Envoi en cours\u2026",
  sendSignIn: "Envoyer le lien de connexion",
  nothingSaved: "Rien d\u2019enregistr\xE9 pour le moment.",
  emptyProfile: "Les th\xE8mes que tu enregistres appara\xEEtront ici, d\u2019abord sur cet appareil. Calcule un th\xE8me et appuie sur Enregistrer ce th\xE8me pour commencer.",
  saved: "enregistr\xE9s",
  chartSingular: "th\xE8me",
  chartPlural: "th\xE8mes",
  savedChartSingular: "th\xE8me enregistr\xE9",
  savedChartPlural: "th\xE8mes enregistr\xE9s",
  syncedWhenSignedIn: "synchronis\xE9s apr\xE8s connexion",
  storedBrowser: "conserv\xE9s dans ce navigateur",
  chartName: "Nom du th\xE8me",
  timeUnknown: "heure inconnue",
  needsTime: "\u2014 heure n\xE9cessaire",
  compareThese: "Comparer ces deux th\xE8mes",
  addAnotherChart: "Ajouter un autre th\xE8me",
  ...GROWTH_UI_EN,
  footerWidgets: "Widgets",
  footerDisclosure: "D\xE9clarations",
  emailCaptureKicker: "Pr\xE9vision hebdomadaire gratuite",
  emailCaptureTitle: "Ta semaine \xE0 venir.",
  emailCapturePersonalTitle: "Ta semaine de {sign} \xE0 venir.",
  emailCaptureCopy: "Une pr\xE9vision hebdomadaire pour ton signe. Gratuite, avec d\xE9sabonnement \xE0 tout moment.",
  emailCaptureEmailLabel: "Adresse e-mail",
  emailCaptureEmailPlaceholder: "toi@exemple.com",
  emailCaptureSignLegend: "Ton signe solaire (facultatif)",
  emailCaptureNoSign: "Passer le signe",
  emailCaptureUsingSign: "Signe solaire utilis\xE9\xA0: {sign}",
  emailCaptureChangeSign: "Changer",
  emailCaptureSubmit: "Envoie-moi ma semaine",
  emailCaptureSubmitting: "Inscription\u2026",
  emailCaptureSuccess: "Consulte ta messagerie pour confirmer ton abonnement.",
  emailCaptureErrorTitle: "Abonnement indisponible",
  emailCaptureError: "Impossible de d\xE9marrer l\u2019abonnement. R\xE9essaie.",
  emailCapturePrivacy: "Nous conservons ton e-mail uniquement avec le signe choisi \u2014 jamais tes donn\xE9es de naissance.",
  emailCaptureHoneypot: "Laisse ce champ vide",
  emailPendingTitle: "Consulte ta messagerie.",
  emailPendingBody: "Utilise le lien de confirmation que nous t\u2019avons envoy\xE9 avant le d\xE9but de ta pr\xE9vision hebdomadaire.",
  emailConfirmSubject: "Confirme ta pr\xE9vision hebdomadaire Zodiacs.org",
  emailConfirmMessage: "Confirme que tu souhaites recevoir la pr\xE9vision hebdomadaire gratuite de Zodiacs.org\u202F:",
  emailConfirmIgnore: "Si tu n\u2019as pas fait cette demande, ignore cet e-mail. Aucun abonnement ne sera activ\xE9.",
  emailConfirmTitle: "Une derni\xE8re v\xE9rification.",
  emailConfirmBody: "Confirme cet abonnement pour commencer \xE0 recevoir la pr\xE9vision hebdomadaire gratuite. D\u2019ici l\xE0, aucun abonnement hebdomadaire n\u2019est actif.",
  emailConfirmAction: "Confirmer l\u2019abonnement",
  emailConfirmedTitle: "Abonnement confirm\xE9.",
  emailConfirmedBody: "Ta pr\xE9vision hebdomadaire gratuite est activ\xE9e. Chaque message contient un lien de d\xE9sabonnement.",
  emailConfirmInvalidTitle: "Ce lien n\u2019est pas valide.",
  emailConfirmInvalidBody: "Le lien de confirmation est invalide ou a expir\xE9. Retourne sur Zodiacs.org pour en demander un autre.",
  emailReturnHome: "Retourner sur Zodiacs.org"
};
var fr_default = fr;

// site/src/lib/i18n/ui/it.ts
var it = {
  chartDepthOpen: "Vedilo in tre dimensioni",
  chartDepthClose: "Nascondi la terza dimensione",
  calculationLoadError: "Impossibile caricare i file di calcolo. Controlla la connessione e riprova.",
  calculationReload: "Ricarica la pagina",
  calculationReloadWarning: "Ricaricando si cancellano i dati non salvati.",
  calculationRetry: "Riprova",
  pfdYearError: "Non siamo riusciti a completare la lettura dell\u2019anno a venire. Riprova.",
  placeSearching: "Ricerca dei luoghi\u2026",
  chartWheelActions: "Azioni del tema",
  chartWheelGuide: "Inizia il tour guidato",
  chartWheelReplay: "Ripeti il tour",
  chartWheelAnother: "Leggi un altro tema",
  chartWheelSignatureSelf: "La firma del tuo tema",
  chartWheelSignatureOther: "La firma del suo tema",
  chartWheelCompareMine: "Confronta con il mio",
  chartWheelCompareAdd: "Aggiungi il mio tema per confrontare",
  chartWheelShareOther: "Condividi questo tema",
  navPrimary: "Navigazione principale",
  navSigns: "Segni",
  navTools: "Strumenti",
  navLearn: "Capire",
  navHoroscopes: "Oroscopi",
  navCollect: "Astrofolio",
  navSavedCharts: "Temi salvati",
  navMenu: "Menu",
  navSite: "Il sito",
  navTwelve: "I Dodici",
  footerTag: "Strumenti astrologici gratuiti e guide ai segni, con temi calcolati in privato nel tuo browser.",
  footerStartHere: "Inizia qui",
  footerPlanets: "I pianeti",
  footerHouses: "Le case",
  footerZodiacDates: "Date dei segni",
  footerGlossary: "Glossario",
  footerCompute: "Come calcoliamo",
  footerRegistry: "Registry",
  footerThesis: "Tesi",
  footerArchive: "Archivio",
  footerSdk: "SDK",
  footerCollectNote: "I record, le ricerche, i profili del catalogo e l\u2019SDK del Registry sono in sola lettura. Lo strumento di acquisto facoltativo di Astrofolio usa Jupiter, un servizio indipendente, e il tuo portafoglio; Zodiacs.org non custodisce chiavi n\xE9 fondi. Nulla di tutto ci\xF2 costituisce una consulenza finanziaria.",
  footerMethodology: "Metodologia",
  footerAbout: "Il progetto",
  footerPrivacy: "Privacy",
  footerTerms: "Termini",
  footerPlaceData: "Dati sui luoghi",
  footerFonts: "Font con licenza",
  skipContent: "Vai al contenuto",
  open: "Apri",
  birthChart: "Tema natale",
  compatibility: "Compatibilit\xE0",
  moonSign: "Segno lunare",
  risingSign: "Ascendente",
  moonPhase: "Fase lunare",
  saturnReturn: "Ritorno di Saturno",
  transits: "Transiti",
  birthday: "Compleanni (in inglese)",
  retrogrades: "Retrogradi",
  sun: "Sole",
  moon: "Luna",
  rising: "Ascendente",
  body: "Corpo celeste",
  position: "Posizione",
  sign: "Segno",
  house: "Casa",
  chart: "Tema",
  date: "Data",
  time: "Ora",
  place: "Luogo",
  motion: "Moto",
  optional: "facoltativo",
  birthDate: "Data di nascita",
  birthTime: "Ora di nascita",
  birthplace: "Luogo di nascita",
  birthDateRequired: "Inserisci la data di nascita.",
  birthDateRange: "Scegli una data di nascita tra il 1800 e il 2199.",
  birthTimeRequired: "Inserisci l\u2019ora di nascita.",
  houseSystem: "Sistema di case",
  wholeSignDefault: "Case a segno intero (predefinito)",
  placidus: "Placidus",
  houseSystemHelp: "Come la carta si divide in dodici aree della vita. Con le case a segno intero ogni segno \xE8 una casa intera; Placidus varia l\u2019ampiezza delle case secondo l\u2019ora e il luogo esatti. I pianeti non si spostano: cambiano solo i confini delle case.",
  computing: "Calcolo in corso\u2026",
  checking: "Verifica in corso\u2026",
  comparing: "Confronto in corso\u2026",
  save: "Salva",
  rename: "Rinomina",
  remove: "Rimuovi",
  getBirthChart: "Calcola gratis il tuo tema natale",
  findMoonSign: "Scopri il tuo segno lunare",
  findRisingSign: "Scopri il tuo ascendente",
  savedCharts: "Temi salvati",
  profile: "Il tuo profilo",
  read: "Leggi",
  rightNow: "In questo momento",
  enterBirthDetails: "Inserisci i dati di nascita\u2026",
  privacyDevice: "Privato per impostazione predefinita. I tuoi dati di nascita restano in questo browser.",
  placePlaceholder: "Inizia a digitare una citt\xE0\u2026",
  placeChange: "Cambia luogo di nascita",
  placePickHint: "Scegli il luogo di nascita dall\u2019elenco.",
  placeNoResults: "Non \xE8 nell\u2019elenco? Scegli la citt\xE0 pi\xF9 vicina \u2014 pochi chilometri cambiano raramente il tema.",
  placeError: "Non \xE8 stato possibile caricare l\u2019indice dei luoghi \u2014 controlla la connessione e riprova.",
  searchGeo: "La ricerca include circa 34.000 luoghi \xB7 GeoNames (CC BY 4.0)",
  chartError: "Si \xE8 verificato un problema durante il calcolo del tema. Riprova.",
  moonError: "Si \xE8 verificato un problema durante il calcolo della Luna. Riprova.",
  localDateReferenceError: "Non \xE8 stato possibile stabilire un orario di calcolo all\u2019interno di questa data locale. Controlla la data e il luogo.",
  returnError: "Si \xE8 verificato un problema durante il calcolo del ritorno. Riprova.",
  transitError: "Si \xE8 verificato un problema durante il calcolo dei transiti. Riprova.",
  compareError: "Si \xE8 verificato un problema durante il confronto dei temi. Riprova.",
  noBirthTime: "Non la conosco",
  risingTimeHelp: "L\u2019ascendente cambia ogni due ore \u2014 qui l\u2019orario conta.",
  chartTimeHelp: "Non conosci l\u2019ora di nascita? Vedrai un riferimento al mezzogiorno locale, senza ascendente n\xE9 case; la Luna pu\xF2 essere incerta.",
  chartSavedDevice: "Salvato \xB7 su questo dispositivo",
  saveThisChart: "Salva questo tema",
  chartSavedStatus: "Tema salvato su questo dispositivo.",
  chartSaveFull: "Puoi salvare fino a 40 temi \u2014 prima rimuovine uno.",
  chartSaveError: "Non \xE8 stato possibile salvare \u2014 il browser potrebbe bloccare l\u2019archiviazione locale.",
  chartSavedMessage: "Salvato tra i tuoi temi. Accedi qui quando vorrai ritrovarli su ogni dispositivo.",
  linkCopied: "Link copiato",
  copyChartLink: "Copia un link a questo tema",
  rendering: "Creazione in corso\u2026",
  cardSaved: "Immagine salvata",
  saveChartCard: "Salva un\u2019immagine del tema",
  shareChart: "Condividi il tuo tema",
  linkToChart: "Link a questo tema",
  chartLinkCopied: "Link al tema copiato negli appunti.",
  chartCardSaved: "Immagine del tema salvata.",
  cardError: "Non \xE8 stato possibile creare l\u2019immagine in questo browser \u2014 puoi anche acquisire una schermata della ruota qui sopra.",
  shareNote: "Il link contiene i dati di nascita che hai inserito \u2014 non ci viene inviato nulla, quindi pu\xF2 aprirlo solo chi lo riceve da te. L\u2019immagine 1080\xD71350 viene creata sul tuo dispositivo.",
  needsBirthTime: "Serve l\u2019ora di nascita",
  yourMoonSign: "Il tuo segno lunare",
  yourRisingSign: "Il tuo ascendente",
  moonPhaseAtBirth: "Fase lunare alla nascita",
  chartRuler: "Governatore del tema",
  planetSteering: "il pianeta che governa il tuo ascendente.",
  aspectsFound: "Aspetti",
  found: "trovati",
  applying: "applicativo",
  wholeSignHouses: "Case a segno intero",
  placidusHouses: "Case Placidus",
  engine: "motore v",
  readInOrder: "Leggere il tema in ordine",
  readIntro: "Dall\u2019alto verso il basso, come farebbe un astrologo. Le tabelle qui sopra sono i dati; ecco che cosa raccontano.",
  readBigThree: "Inizia dai tre pilastri",
  readBigThreeBody: "Sole, Luna, ascendente \u2014 le tre schede in alto. Identit\xE0, istinto, modo di entrare nel mondo. Tutto il resto li precisa; nulla li sostituisce.",
  readRooms: "I pianeti, casa per casa",
  readNoHouses: "Senza l\u2019ora di nascita non ci sono case, quindi ogni pianeta si legge solo nel segno. Aggiungi l\u2019ora e in questa sezione compariranno le case.",
  readAspects: "Gli aspetti pi\xF9 influenti",
  readWeather: "Il clima del tema",
  readIn: "in",
  today: "oggi",
  todayBySignTitle: "Il cielo di oggi, segno per segno",
  todayBySignPrompt: "Tocca il tuo segno solare per una lettura chiara di oggi \u2014 non serve l\u2019ora di nascita.",
  todaySolarNote: "letto dalle case solari del tuo segno",
  whyThisReading: "Perch\xE9 questa lettura",
  todayHoroscopeLink: "oroscopo",
  or: "oppure",
  chartSavedBeforeLink: "Salvato tra i tuoi temi. Accedi",
  chartSavedLink: "qui",
  chartSavedAfterLink: "quando vorrai ritrovarli su ogni dispositivo.",
  signedInAs: "Accesso effettuato come {email}",
  removeChartConfirm: "Rimuovere \u201C{name}\u201D da questo dispositivo?",
  compareSavedHeading: "Confronta {a} e {b}",
  compareSavedPitch: "Due temi salvati aspettano solo di essere confrontati: tutti gli aspetti fra i due, letti con sincerit\xE0 e calcolati su questo dispositivo.",
  saturnDateHelp: "La sola data individua gli anni del tuo ritorno. Ora e luogo precisano le date di qualche giorno, senza cambiare mai l\u2019anno.",
  saturnReturnHeading: "{ordinal} ritorno",
  skyMercuryRetrograde: "Mercurio retrogrado",
  skyMercuryDirect: "Mercurio diretto",
  skyPlanetRetrograde: "{planet} retrogrado",
  skyFullMoon: "Luna piena",
  skyNewMoon: "Luna nuova",
  skyMoonOn: "{event} \xB7 {date}",
  skyAsOf: "{date} \xB7 12 UTC",
  skyTickerAria: "Posizioni nel cielo per il {date} alle 12:00 UTC",
  moonDiscAria: "Luna illuminata al {percent}%",
  pairingCta: "Leggi l\u2019abbinamento fra {a} e {b}",
  inviteWith: "Invita qualcuno a confrontare il proprio tema con quello di {name}",
  inviteNamedNote: "Il link contiene i dati di nascita di {name} e apre questa pagina con quel lato gi\xE0 compilato \u2014 non ci viene inviato nulla. Se non sei tu, \xE8 bene avere il suo consenso.",
  transitMiddayUtc: "{date} \xB7 mezzogiorno UTC",
  planetReturn: "Ritorno di {planet}",
  natalPlanet: "{planet} natale",
  pfdToday: "Oggi per questo tema",
  pfdComing: "In arrivo per questo tema",
  pfdYearAhead: "I prossimi dodici mesi per questo tema",
  pfdYearBusy: "Calcolo dell\u2019anno sul tuo dispositivo \u2014 ancora qualche secondo\u2026",
  pfdYearNote: "Calcolato dal tuo tema salvato: date esatte per i prossimi dodici mesi.",
  saveYearAheadNote: "Nella pagina del profilo, i temi salvati ricevono il calcolo dei prossimi dodici mesi \u2014 ritorno solare, date di Giove e Saturno, contatti con le eclissi.",
  recordLabel: "Ala della collezione",
  recordOneOfTwelve: "esiste anche come uno dei Dodici \u2014 una scheda di riferimento nel registro.",
  recordViewLink: "Vedi la scheda \u2014 per ora in inglese \u2192",
  recordChartSun: "Il tuo Sole \xE8 in {sign}.",
  recordChartBody: "{sign} \xE8 uno dei Dodici, con la propria arte, storia e scheda ufficiale nel Registro.",
  recordChartLink: "Esplora il Registro di {sign} \u2192",
  babyDueDate: "Data prevista del parto",
  babyCompute: "Leggi il cielo della data prevista",
  babyNeedDate: "Inserisci prima una data prevista.",
  babyError: "Si \xE8 verificato un problema durante il calcolo del cielo. Riprova.",
  babySunHead: "Segno solare \u2014 quasi certo",
  babySunSingle: "Una nascita in questa data avr\xE0 il Sole in",
  babySunNearEdge: "La data \xE8 vicina al confine del segno, quindi nascere pi\xF9 di un giorno prima o dopo pu\xF2 portare il Sole in",
  babySunNearEdgeTail: "\u2014 decide la data di nascita.",
  babySunSplitA: "In questa data il Sole cambia segno: alla nascita sar\xE0 in",
  babySunSplitOr: "oppure in",
  babySunSplitTail: "a seconda dell\u2019ora. Decide il momento esatto della nascita.",
  babyNoonNote: "segni letti a mezzogiorno nel tempo universale",
  babyMoonHead: "Segno lunare \u2014 una fra poche possibilit\xE0",
  babyMoonBody: "La Luna cambia segno ogni due o tre giorni, quindi la settimana prevista di solito comprende due o tre segni lunari. Chi nasce nella stessa settimana pu\xF2 avere un segno lunare diverso \u2014 decidono il giorno e l\u2019ora di nascita.",
  babyRetroHead: "Retrogradi alla nascita",
  babyRetroBody: "questi pianeti attraversano il loro periodo retrogrado intorno alla data prevista. In un tema natale, un pianeta retrogrado si interpreta come pi\xF9 rivolto all\u2019interno del solito \u2014 \xE8 comune e non c\u2019\xE8 nulla da correggere.",
  babyRisingHead: "Ascendente \u2014 impossibile saperlo fino al minuto esatto",
  babyRisingBody: "L\u2019ascendente cambia all\u2019incirca ogni due ore, quindi nessuna data prevista pu\xF2 predirlo. \xC8 l\u2019unico elemento che deve aspettare il certificato di nascita.",
  babyDateLink: "Leggi questa data di nascita in dettaglio",
  babyChartLink: "Dopo la nascita: il tema completo",
  pfdChartPick: "Tema",
  pfdQuietSky: "Un cielo tranquillo per questo tema oggi \u2014 nessun transito cade entro 3\xB0 da un punto natale.",
  pfdQuietAhead: "Niente di importante all\u2019orizzonte di questo tema nella finestra calcolata.",
  pfdSaturnBusy: "Calcolo delle finestre di Saturno sul tuo dispositivo\u2026",
  pfdEmptyTitle: "Il tuo cielo, dopo aver salvato un tema",
  pfdEmptyBody: "Salva un tema natale e ogni giorno questa pagina si aprir\xE0 con i suoi transiti, le sue case e ci\xF2 che lo aspetta.",
  pfdWindows: "finestre",
  openChart: "Apri",
  dignityDomicile: "domicilio",
  dignityExaltation: "esaltazione",
  dignityDetriment: "esilio",
  dignityFall: "caduta",
  explorerHint: "Tocca un pianeta, un segno, una casa o una linea d\u2019aspetto per esaminarli \u2014 oppure seleziona la ruota e usa i tasti freccia.",
  explorerLabel: "Tema natale interattivo",
  explorerSelectPart: "Scegli una parte del tema",
  explorerNoSelection: "Nessuna selezione",
  explorerAngles: "Angoli",
  explorerControlsLoading: "Caricamento delle interpretazioni e dei comandi del tema\u2026",
  explorerControlsError: "Il tema \xE8 pronto, ma non \xE8 stato possibile caricare le interpretazioni e i comandi. Controlla la connessione e riprova.",
  explorerKeyHint: "Le frecce sinistra e destra scorrono le posizioni; Invio apre il pannello dei dettagli.",
  selectionCleared: "Selezione annullata.",
  inspectorClose: "Chiudi i dettagli",
  speed: "Velocit\xE0",
  day: "giorno",
  dignity: "Dignit\xE0",
  separating: "separativo",
  dates: "Date",
  element: "Elemento",
  ruler: "Governatore",
  inThisSign: "In questo segno",
  inThisHouse: "In questa casa",
  cusp: "Cuspide",
  span: "Ampiezza",
  emptyHouseNote: "Nessun pianeta qui. Una casa vuota non \xE8 uno spazio bianco \u2014 i suoi temi passano attraverso il pianeta che la governa.",
  angleAscNote: "L\u2019Ascendente \u2014 il grado che sorge all\u2019orizzonte orientale al momento della nascita. \xC8 il punto di riferimento dell\u2019intera ruota.",
  angleDscNote: "Il Discendente \u2014 il grado che tramonta a ovest, opposto all\u2019Ascendente. La porta tradizionale verso le relazioni.",
  angleMcNote: "Il Medio Cielo \u2014 il grado che culmina sopra di te alla nascita. Carriera, reputazione, vita visibile.",
  angleIcNote: "Il Fondo Cielo \u2014 il punto pi\xF9 basso della ruota, opposto al Medio Cielo. Casa, radici, vita privata.",
  layersLabel: "Livelli del tema",
  layerHouses: "Case",
  editedBy: "Pubblicato da",
  tourStart: "Inizia il tour",
  firstReadingLabel: "La tua lettura in 2 minuti",
  firstReadingTitle: "Cosa dice il tuo tema di te \u2014 e di ci\xF2 che viene dopo?",
  firstReadingBody: "Scopri la tua combinazione personale, dove emerge, uno schema che potresti riconoscere e come l\u2019astrologia trasforma un tema natale in una previsione.",
  firstReadingResumeTitle: "La tua lettura ti aspetta",
  firstReadingResumeBody: "Continua da dove eri rimasto su questo dispositivo.",
  firstReadingStart: "Leggi il mio tema",
  firstReadingExplore: "Esplora in autonomia",
  firstReadingResume: "Continua la mia lettura",
  firstReadingStep: "Passaggio",
  firstReadingFullTour: "Scopri come funziona il tema \u2014 tour avanzato",
  firstReadingReplay: "Rivedi la storia del mio tema",
  chartActionsMore: "Altri modi per usare questo tema",
  chartReceiptDownload: "Scarica il resoconto del calcolo (.json)",
  chartReceiptPrivacy: "Questo file contiene dati di nascita sensibili e dati del tema. Conservalo in privato.",
  chartReceiptError: "Non \xE8 stato possibile scaricare il file. Riprova.",
  chartReceiptUnavailable: "Non \xE8 disponibile un resoconto del calcolo per questo tema.",
  seeTodaySky: "Vedi il cielo di oggi",
  contextHelpCue: "Tocca i termini sottolineati con puntini per una spiegazione semplice.",
  editorialHow: "standard editoriali",
  dstGapNotice: "Quell\u2019ora cadeva nel salto dell\u2019ora legale, quindi non \xE8 mai esistita davvero \u2014 l\u2019abbiamo spostata in avanti oltre quel salto, secondo la convenzione standard.",
  dstFoldNotice: "Nel tuo luogo di nascita quell\u2019ora si \xE8 ripetuta; abbiamo usato il primo passaggio. Se sai che era il secondo, il tema cambia appena \u2014 la Luna si muove di circa mezzo grado all\u2019ora.",
  lmtNotice: "La tua nascita precede la standardizzazione dei fusi orari \u2014 abbiamo usato il tempo medio locale dell\u2019epoca, la stessa convenzione dei software professionali.",
  polarNotice: "Le case Placidus non sono definite cos\xEC vicino al polo, quindi questo tema usa invece le case a segno intero.",
  noTimeNotice: "Senza un\u2019ora di nascita usiamo le 12:00 dell\u2019ora civile locale come riferimento e omettiamo ascendente, angoli e case.",
  moonUnverifiedNotice: "I possibili segni della Luna nell\u2019arco di questa data di nascita non sono verificati. Aggiungi un\u2019ora di nascita per ottenere un risultato relativo a quel momento.",
  moonAmbiguousNotice: "Anche la Luna ha cambiato segno quel giorno \u2014 finch\xE9 non trovi l\u2019ora, \xE8 corretto leggere entrambi i segni vicini.",
  fromLinkNotice: "Aperto da un link condiviso \u2014 i dati di nascita erano nel link e il tema \xE8 stato appena calcolato sul tuo dispositivo.",
  howWeCompute: "Come calcoliamo",
  welcomeBack: "Che bello rivederti.",
  savedChartAria: "Il tuo tema salvato",
  todayAgainstChart: "Il cielo di oggi rispetto al tuo tema",
  yourCharts: "I tuoi temi",
  recommendedNext: "Passaggio consigliato",
  todayForName: "Scopri cosa significa oggi per {name}",
  savedChartTodayBody: "Il tuo tema non cambia. Il cielo di oggi s\xEC: inizia da ci\xF2 che sta cambiando per te adesso.",
  openSavedChart: "Apri il tema salvato",
  moonReadingSky: "Lettura del cielo\u2026",
  illuminated: "illuminata",
  moonIn: "Luna in",
  findThatMoon: "Trova quella Luna",
  dateHelp: "Un compleanno, un anniversario, una data qualsiasi.",
  placeHelpMoon: "Rende pi\xF9 precisa la conversione dell\u2019ora; per la fase cambia pochissimo.",
  middayLocalCaption: "Lettura a mezzogiorno locale \u2014 aggiungi l\u2019ora per fissare esattamente il grado.",
  utcTimeCaption: "L\u2019ora \xE8 letta come tempo universale \u2014 aggiungi il luogo di nascita per convertire l\u2019ora locale.",
  middayUtcCaption: "Lettura a mezzogiorno nel tempo universale \u2014 ora e luogo fissano il grado con precisione.",
  moonChangedNotice: "Quel giorno la Luna ha cambiato segno e, senza un\u2019ora, non possiamo dire da quale lato del confine si trovasse alla tua nascita. La fase non cambia \u2014 si muove troppo lentamente perch\xE9 poche ore facciano la differenza.",
  birthChartForDate: "Calcola il tema natale per questa data",
  natalSaturn: "Il tuo Saturno natale",
  addBirthDetails: "Aggiungi ora e luogo di nascita (facoltativo)",
  findSaturnReturn: "Trova il tuo ritorno di Saturno",
  returnApprox: "Date calcolate da una lettura a mezzogiorno \u2014 con ora e luogo di nascita possono spostarsi di qualche giorno in anticipo o in ritardo.",
  complete: "Completato",
  underwayNow: "In corso ora",
  aheadOfYou: "Davanti a te",
  first: "Primo",
  second: "Secondo",
  third: "Terzo",
  fourth: "Quarto",
  aroundAge29: "intorno ai 29 anni",
  aroundAge58: "intorno ai 58 anni",
  aroundAge88: "intorno agli 88 anni",
  retrogradePass: "passaggio retrogrado",
  threePasses: "Tre passaggi esatti: Saturno attraversa il tuo grado, lo ripercorre in moto retrogrado e poi lo sigilla mentre si allontana. L\u2019intero arco \xE8 il ritorno.",
  seeSaturnChart: "Guarda Saturno nel tuo tema natale",
  whatSaturnMeans: "Che cosa significa Saturno",
  yourChart: "Il tuo tema",
  theSky: "Il cielo",
  transitRingLede: "Disegna il tuo tema, poi sposta il cursore per osservare i pianeti che lo attraversano \u2014 avanti o indietro, fino a un anno.",
  checkTransits: "Controlla i tuoi transiti",
  savedChartHelp: "I temi che calcoli e salvi compaiono qui come scelte immediate, cos\xEC al controllo successivo non dovrai reinserire i dati.",
  noTransitTimeNotice: "Questo tema non ha un\u2019ora di nascita, quindi la sua Luna \xE8 una stima di mezzogiorno \u2014 la posizione pu\xF2 essere imprecisa fino a sei gradi e un transito alla Luna vicino al limite dell\u2019orbita pu\xF2 comparire o scomparire con l\u2019ora reale.",
  skyAt: "Cielo del",
  noTransitsWithin: "Nessun transito entro",
  activeTransitsWithin: "transiti attivi entro",
  activeTransitWithin: "transito attivo entro",
  ofExact: "dall\u2019aspetto esatto",
  transitMoonOmitted: "Luna in transito esclusa \u2014 attraversa l\u2019intero tema ogni mese",
  quietSky: "Un cielo tranquillo entro l\u2019orbita stretta usata in questa pagina. Nulla di urgente \u2014 torna fra qualche giorno oppure allarga la lettura agli eventi del mese qui sotto.",
  natal: "Natale",
  forYourChart: "Per il tuo tema",
  orb: "orbita",
  openDailyBrief: "Apri il mio riepilogo quotidiano completo",
  allTransits: "Tutti i tuoi transiti",
  personA: "Persona A",
  personB: "Persona B",
  sharedChart: "Tema condiviso",
  sharedWithYou: "condiviso con te",
  removeSharedChart: "Rimuovi il tema condiviso",
  sharedSideHelp: "Questo lato \xE8 arrivato nel link \u2014 svuotalo per inserire un\u2019altra persona.",
  name: "Nome",
  compareCharts: "Confronta i temi",
  sameChart: "\xC8 lo stesso tema due volte \u2014 scegline due diversi da confrontare.",
  compareSavedHelp: "I temi che calcoli e salvi compaiono qui come scelte immediate, cos\xEC il secondo confronto sar\xE0 pi\xF9 rapido del primo.",
  compareNoTimeNotice: "Ora di nascita assente per",
  moonMiddayEstimate: "quindi quella Luna \xE8 una stima di mezzogiorno \u2014 la posizione pu\xF2 essere imprecisa fino a sei gradi e un aspetto alla Luna vicino al limite dell\u2019orbita pu\xF2 comparire o scomparire con l\u2019ora reale.",
  crossChartAspects: "aspetti fra i due temi",
  easeful: "armonici",
  charged: "intensi",
  readPairing: "Leggi l\u2019abbinamento",
  inviteCompare: "Invita qualcuno al confronto",
  inviteLink: "Link di invito",
  inviteNote: "Il link contiene i dati di nascita di questa persona e apre la pagina con quel lato gi\xE0 compilato \u2014 non ci viene inviato nulla. Se non sei tu, \xE8 bene avere il suo consenso.",
  inviteCopied: "Link di invito copiato negli appunti.",
  syncOn: "Sincronizzazione attiva",
  keepEveryDevice: "Ritrova i temi su ogni dispositivo",
  signedIn: "Accesso effettuato",
  syncCopyOn: "I temi salvati e le rimozioni vengono sincronizzati su tutti i tuoi dispositivi.",
  syncCopyOff: "Salva i temi su questo dispositivo. Accedi quando vorrai ritrovarli su ogni dispositivo.",
  weeklyDigestTitle: "Email settimanale sul cielo",
  weeklyDigestCopy: "Un\u2019email alla settimana: il cielo rispetto ai tuoi temi salvati. Puoi annullare l\u2019iscrizione in qualsiasi momento.",
  weeklyDigestAria: "Iscrizione all\u2019email settimanale",
  digestSaved: "Preferenza email salvata.",
  digestFailed: "Non \xE8 stato possibile aggiornare la preferenza email. Riprova.",
  checkEmail: "Controlla la posta per trovare il link di accesso. Questa pagina si sincronizzer\xE0 quando torni.",
  syncFailed: "Sincronizzazione non riuscita. Riprova.",
  syncing: "Sincronizzazione\u2026",
  synced: "Sincronizzato",
  syncNow: "Sincronizza ora",
  signOut: "Esci",
  emailSyncAria: "Email per sincronizzare il profilo",
  sending: "Invio in corso\u2026",
  sendSignIn: "Invia il link di accesso",
  nothingSaved: "Non hai ancora salvato nulla.",
  emptyProfile: "I temi che salvi compariranno qui, prima di tutto sul tuo dispositivo. Calcola un tema e tocca Salva questo tema per iniziare.",
  saved: "salvati",
  chartSingular: "tema",
  chartPlural: "temi",
  savedChartSingular: "tema salvato",
  savedChartPlural: "temi salvati",
  syncedWhenSignedIn: "sincronizzati dopo l\u2019accesso",
  storedBrowser: "memorizzati in questo browser",
  chartName: "Nome del tema",
  timeUnknown: "ora sconosciuta",
  needsTime: "serve un\u2019ora",
  compareThese: "Confronta questi due temi",
  addAnotherChart: "Aggiungi un altro tema",
  ...GROWTH_UI_EN,
  footerWidgets: "Widget",
  footerDisclosure: "Informativa",
  emailCaptureKicker: "Previsione settimanale gratuita",
  emailCaptureTitle: "La settimana che ti aspetta.",
  emailCapturePersonalTitle: "La tua settimana da {sign}.",
  emailCaptureCopy: "Una previsione settimanale per il tuo segno. Gratuita, puoi annullare l\u2019iscrizione quando vuoi.",
  emailCaptureEmailLabel: "Indirizzo e-mail",
  emailCaptureEmailPlaceholder: "tu@esempio.it",
  emailCaptureSignLegend: "Il tuo segno solare (facoltativo)",
  emailCaptureNoSign: "Salta il segno",
  emailCaptureUsingSign: "Segno solare usato: {sign}",
  emailCaptureChangeSign: "Cambia",
  emailCaptureSubmit: "Invia la mia settimana",
  emailCaptureSubmitting: "Iscrizione in corso\u2026",
  emailCaptureSuccess: "Controlla la posta per confermare l\u2019iscrizione.",
  emailCaptureErrorTitle: "Iscrizione non disponibile",
  emailCaptureError: "Non \xE8 stato possibile avviare l\u2019iscrizione. Riprova.",
  emailCapturePrivacy: "Conserviamo solo il tuo indirizzo e-mail e il segno scelto \u2014 mai i tuoi dati di nascita.",
  emailCaptureHoneypot: "Lascia vuoto questo campo",
  emailPendingTitle: "Controlla la posta.",
  emailPendingBody: "Usa il link di conferma che ti abbiamo inviato prima che inizi la previsione settimanale.",
  emailConfirmSubject: "Conferma la tua previsione settimanale di Zodiacs.org",
  emailConfirmMessage: "Conferma di voler ricevere la previsione settimanale gratuita di Zodiacs.org:",
  emailConfirmIgnore: "Se non hai fatto tu questa richiesta, ignora l\u2019e-mail. Non verr\xE0 attivata alcuna iscrizione.",
  emailConfirmTitle: "Un\u2019ultima verifica.",
  emailConfirmBody: "Conferma questa iscrizione per iniziare a ricevere la previsione settimanale gratuita. Fino ad allora non sar\xE0 attiva alcuna iscrizione settimanale.",
  emailConfirmAction: "Conferma l\u2019iscrizione",
  emailConfirmedTitle: "Iscrizione confermata.",
  emailConfirmedBody: "La tua previsione settimanale gratuita \xE8 attiva. Ogni messaggio contiene un link per annullare l\u2019iscrizione.",
  emailConfirmInvalidTitle: "Questo link non \xE8 valido.",
  emailConfirmInvalidBody: "Il link di conferma non \xE8 valido o \xE8 scaduto. Torna su Zodiacs.org per richiederne un altro.",
  emailReturnHome: "Torna su Zodiacs.org"
};
var it_default = it;

// site/src/lib/i18n/ui/server.ts
var UI = {
  en: en_default,
  es: es_default,
  pt: pt_default,
  fr: fr_default,
  it: it_default,
  ru: ru_default
};
function serverUiMessage(locale, key) {
  return UI[requireCatalogLocale(locale)][key];
}

// site/src/lib/i18n/plural.ts
var EMPTY_PLURAL_CATALOG = Object.freeze({});

// site/src/lib/i18n/index.ts
var LOCALE_PATH_PREFIX = {
  en: "",
  es: "/es",
  pt: "/pt",
  fr: "/fr",
  it: "/it",
  ru: "/ru",
  ar: "/ar"
};
var CORE_LOCALIZED_PATHS = [
  "/",
  "/tools/",
  "/birth-chart/",
  "/compatibility/",
  "/moon-sign/",
  "/rising-sign/",
  "/moon-phase/",
  "/saturn-return/",
  "/transits/",
  "/baby-zodiac/",
  "/profile/",
  "/methodology/",
  "/privacy/",
  "/disclosure/",
  "/404.html",
  ...SIGN_SLUGS.map((slug) => `/${slug}/`)
];
var CORE_ROUTE_LOCALES = ["en", "es", "pt", "fr", "it", "ru"];
var DAILY_READING_ROUTE_LOCALES = ["en", "es", "pt"];
var DAILY_READING_PATHS = [
  "/today/",
  "/horoscopes/",
  ...SIGN_SLUGS.map((slug) => `/horoscopes/${slug}/`)
];
var INDEXABLE_SIGN_GUIDE_LOCALES = ["en", "es", "pt", "fr", "it"];
var STAGED_CORE_ROUTE_LOCALES = [];
var PROGRAMMATIC_ROUTE_LOCALES = ["en", "es", "pt", "fr", "it"];
var LOCALIZED_PATHS = new Map([
  ...CORE_LOCALIZED_PATHS.map((path) => [
    path,
    SIGN_SLUGS.some((slug) => path === `/${slug}/`) ? INDEXABLE_SIGN_GUIDE_LOCALES : CORE_ROUTE_LOCALES
  ]),
  ...DAILY_READING_PATHS.map((path) => [path, DAILY_READING_ROUTE_LOCALES])
]);
var BIRTHDAY_MONTH_LENGTHS = Object.freeze({
  january: 31,
  february: 29,
  march: 31,
  april: 30,
  may: 31,
  june: 30,
  july: 31,
  august: 31,
  september: 30,
  october: 31,
  november: 30,
  december: 31
});
var CHINESE_ZODIAC_SLUGS = /* @__PURE__ */ new Set([
  "rat",
  "ox",
  "tiger",
  "rabbit",
  "dragon",
  "snake",
  "horse",
  "goat",
  "monkey",
  "rooster",
  "dog",
  "pig"
]);
function isLocalizedChineseZodiacPath(path) {
  if (path === "/learn/chinese-zodiac/") return true;
  const animal = path.match(/^\/learn\/chinese-zodiac\/([a-z]+)\/$/)?.[1];
  if (animal) return CHINESE_ZODIAC_SLUGS.has(animal);
  return false;
}
function isLocalizedBirthdayPath(path) {
  const birthday = path.match(/^\/birthday\/([a-z]+)-(\d{1,2})\/$/);
  if (!birthday) return false;
  const maxDay = BIRTHDAY_MONTH_LENGTHS[birthday[1]];
  const day = Number(birthday[2]);
  return Boolean(maxDay && birthday[2] === String(day) && day >= 1 && day <= maxDay);
}
function renderableLocalesForPath(path) {
  const canonical = stripLocale(path);
  if (CORE_LOCALIZED_PATHS.includes(canonical)) {
    return [...CORE_ROUTE_LOCALES, ...STAGED_CORE_ROUTE_LOCALES];
  }
  if (DAILY_READING_PATHS.includes(canonical)) return DAILY_READING_ROUTE_LOCALES;
  return isLocalizedChineseZodiacPath(canonical) || isLocalizedBirthdayPath(canonical) ? PROGRAMMATIC_ROUTE_LOCALES : void 0;
}
function stripLocale(path) {
  for (const locale of LOCALES) {
    const prefix = LOCALE_PATH_PREFIX[locale];
    if (!prefix) continue;
    if (path === prefix) return "/";
    if (path.startsWith(`${prefix}/`)) return path.slice(prefix.length) || "/";
  }
  return path;
}
function localizePath(locale, path) {
  if (path.startsWith("http") || path.startsWith("#")) return path;
  const clean2 = path.startsWith("/") ? path : `/${path}`;
  const canonical = stripLocale(clean2);
  if (locale === DEFAULT_LOCALE) return canonical;
  if (!renderableLocalesForPath(canonical)?.includes(locale)) return canonical;
  return `${LOCALE_PATH_PREFIX[locale]}${canonical}`;
}
function t(locale, key) {
  return true ? serverUiMessage(locale, key) : clientUiMessage(locale, key);
}

// site/src/lib/moon-certainty.ts
function moonCandidates(chart) {
  if (chart.moonSignCandidates !== void 0) {
    const candidates = [...new Set(chart.moonSignCandidates)];
    return candidates.length <= 2 && candidates.every((slug) => SIGNS.some((sign) => sign.slug === slug)) ? candidates : [];
  }
  if (chart.angles === null) return [];
  const moon = chart.bodies.find((body) => body.body === "Moon");
  return moon ? [signForLongitude(moon.lon).slug] : [];
}
function moonIsUncertain(chart) {
  return moonCandidates(chart).length !== 1;
}
function moonLabel(chart, locale = "en") {
  const catalogLocale = requireCatalogLocale(locale);
  const candidates = moonCandidates(chart);
  return candidates.length ? candidates.map((slug) => signName(SIGNS.find((sign) => sign.slug === slug), locale)).join(" / ") : t(catalogLocale, "needsBirthTime");
}
function moonCandidatesFromEndpoints(start, end) {
  const first = start.find((body) => body.body === "Moon");
  const last = end.find((body) => body.body === "Moon");
  if (!first || !last || !Number.isFinite(first.lon) || !Number.isFinite(last.lon)) return [];
  return [.../* @__PURE__ */ new Set([signForLongitude(first.lon).slug, signForLongitude(last.lon).slug])];
}

// site/src/lib/time/technical-locales.ts
var TECHNICAL_OFFSET_LOCALE = "en-US";
var TECHNICAL_WALL_LOCALE = "en-CA";

// site/src/lib/time/civil-date.ts
function parseCivilDate(value) {
  if (typeof value !== "string" || value.length !== 10) return null;
  const match = /^(\d{4})-(\d{2})-(\d{2})$/.exec(value);
  if (!match) return null;
  const year = Number(match[1]);
  const month = Number(match[2]);
  const day = Number(match[3]);
  if (month < 1 || month > 12 || day < 1) return null;
  const leap = year % 4 === 0 && (year % 100 !== 0 || year % 400 === 0);
  const days = month === 2 ? leap ? 29 : 28 : [4, 6, 9, 11].includes(month) ? 30 : 31;
  return day <= days ? { year, month, day } : null;
}
function parseCivilTime(value) {
  if (typeof value !== "string" || value.length !== 5) return null;
  const match = /^(\d{2}):(\d{2})$/.exec(value);
  if (!match) return null;
  const hour = Number(match[1]);
  const minute = Number(match[2]);
  return hour <= 23 && minute <= 59 ? { hour, minute } : null;
}

// site/src/lib/time/localToUtc.ts
var offsetFormatters = /* @__PURE__ */ new Map();
var wallFormatters = /* @__PURE__ */ new Map();
function offsetFormatter(tz) {
  if (typeof tz !== "string" || tz.length === 0) {
    throw new RangeError("An explicit supported timezone is required.");
  }
  let f5 = offsetFormatters.get(tz);
  if (!f5) {
    try {
      f5 = new Intl.DateTimeFormat(TECHNICAL_OFFSET_LOCALE, { timeZone: tz, timeZoneName: "longOffset" });
    } catch {
      throw new RangeError("An explicit supported timezone is required.");
    }
    offsetFormatters.set(tz, f5);
  }
  return f5;
}
function wallFormatter(tz) {
  let f5 = wallFormatters.get(tz);
  if (!f5) {
    f5 = new Intl.DateTimeFormat(TECHNICAL_WALL_LOCALE, {
      timeZone: tz,
      calendar: "gregory",
      numberingSystem: "latn",
      era: "short",
      year: "numeric",
      month: "2-digit",
      day: "2-digit",
      hour: "2-digit",
      minute: "2-digit",
      second: "2-digit",
      fractionalSecondDigits: 3,
      hourCycle: "h23"
    });
    wallFormatters.set(tz, f5);
  }
  return f5;
}
function offsetAt(tz, utcMs) {
  const parts = offsetFormatter(tz).formatToParts(utcMs);
  const name = parts.find((p4) => p4.type === "timeZoneName")?.value ?? "GMT";
  const m4 = name.match(/GMT([+-])?(\d{1,2})?(?::(\d{2}))?(?::(\d{2}))?/);
  if (!m4) return 0;
  const sign = m4[1] === "-" ? -1 : 1;
  const h4 = Number(m4[2] ?? 0);
  const min = Number(m4[3] ?? 0);
  const s4 = Number(m4[4] ?? 0);
  return sign * (h4 * 60 + min + s4 / 60);
}
function wallStringAt(tz, utcMs) {
  const parts = wallFormatter(tz).formatToParts(utcMs);
  const part = (type) => parts.find((candidate) => candidate.type === type)?.value ?? "";
  const era2 = part("era");
  if (era2 !== "AD" && era2 !== "BC") throw new RangeError("Could not read Gregorian era.");
  const year = era2 === "BC" ? 1 - Number(part("year")) : Number(part("year"));
  const isoYear = year >= 0 && year <= 9999 ? String(year).padStart(4, "0") : `${year < 0 ? "-" : "+"}${String(Math.abs(year)).padStart(6, "0")}`;
  return `${isoYear}-${part("month")}-${part("day")}T${part("hour")}:${part("minute")}:${part("second")}.${part("fractionalSecond")}`;
}
function localDateContainsUtc(date, utc, timeZone) {
  try {
    if (!parseCivilDate(date) || typeof timeZone !== "string" || timeZone.length === 0) {
      throw new RangeError();
    }
    const instant = Date.prototype.getTime.call(utc);
    if (!Number.isFinite(instant)) throw new RangeError();
    return wallStringAt(timeZone, instant).split("T")[0] === date;
  } catch {
    throw new RangeError("Could not determine local-date membership from the supplied date, instant and explicit timezone.");
  }
}
function resolveLocalToUtc(date, time, tz) {
  const civilDate = parseCivilDate(date);
  const civilTime = parseCivilTime(time);
  if (!civilDate || !civilTime) {
    throw new RangeError("resolveLocalToUtc needs a valid YYYY-MM-DD date and HH:MM time.");
  }
  const wallDate = /* @__PURE__ */ new Date(0);
  wallDate.setUTCFullYear(civilDate.year, civilDate.month - 1, civilDate.day);
  wallDate.setUTCHours(civilTime.hour, civilTime.minute, 0, 0);
  const wallMs = wallDate.getTime();
  const wallStr = `${date}T${time}:00.000`;
  const sampled = [
    offsetAt(tz, wallMs - 36 * 36e5),
    offsetAt(tz, wallMs),
    offsetAt(tz, wallMs + 36 * 36e5)
  ];
  const candidates = [...new Set(sampled)];
  const matches = [];
  for (const off of candidates) {
    const utcMs = wallMs - Math.round(off * 6e4);
    if (wallStringAt(tz, utcMs) === wallStr) {
      matches.push({ utcMs, offset: offsetAt(tz, utcMs) });
    }
  }
  const flags = [];
  let chosen;
  if (matches.length === 1) {
    chosen = matches[0];
  } else if (matches.length > 1) {
    matches.sort((a4, b3) => a4.utcMs - b3.utcMs);
    chosen = matches[0];
    flags.push("dst-fold");
  } else {
    const before = offsetAt(tz, wallMs - 36 * 36e5);
    const utcMs = wallMs - Math.round(before * 6e4);
    chosen = { utcMs, offset: offsetAt(tz, utcMs) };
    flags.push("dst-gap");
  }
  if (Math.abs(chosen.offset % 1) > 1e-9) flags.push("lmt");
  return { utc: new Date(chosen.utcMs), offsetMinutes: chosen.offset, flags };
}

// site/src/lib/chart-date-certainty.ts
function nextIsoDate(date) {
  const [year, month, day] = date.split("-").map(Number);
  return new Date(Date.UTC(year, month - 1, day + 1)).toISOString().slice(0, 10);
}
function localDateEndpointsUtc(date, timeZone) {
  const start = resolveLocalToUtc(date, "00:00", timeZone).utc;
  const nextStart = resolveLocalToUtc(nextIsoDate(date), "00:00", timeZone).utc;
  return { start, end: new Date(nextStart.getTime() - 1) };
}
function stableBodySignSlug(body, startBodies, endBodies) {
  const start = startBodies.find((position2) => position2.body === body);
  const end = endBodies.find((position2) => position2.body === body);
  if (!start || !end) return null;
  const startSlug = signForLongitude(start.lon).slug;
  return startSlug === signForLongitude(end.lon).slug ? startSlug : null;
}

// ../../zodiacs-platform-local-date-catalog-count-independent-review/site/node_modules/@zodiacs/engine/dist/chunk-INI453VG.js
var ASPECT_TYPES = [
  "conjunction",
  "sextile",
  "square",
  "trine",
  "opposition"
];
var ASPECTS = [
  { type: "conjunction", angle: 0, orb: 8, luminaryOrb: 10 },
  { type: "sextile", angle: 60, orb: 4, luminaryOrb: 5 },
  { type: "square", angle: 90, orb: 7, luminaryOrb: 8 },
  { type: "trine", angle: 120, orb: 7, luminaryOrb: 8 },
  { type: "opposition", angle: 180, orb: 8, luminaryOrb: 10 }
];
var LUMINARIES = /* @__PURE__ */ new Set(["Sun", "Moon"]);
var ASPECT_BODIES = /* @__PURE__ */ new Set([
  "Sun",
  "Moon",
  "Mercury",
  "Venus",
  "Mars",
  "Jupiter",
  "Saturn",
  "Uranus",
  "Neptune",
  "Pluto"
]);
function separation(a4, b3) {
  const difference = Math.abs(((a4 - b3) % 360 + 360) % 360);
  return difference > 180 ? 360 - difference : difference;
}
function matchAspect(aBody, aLongitude, bBody, bLongitude) {
  const distance = separation(aLongitude, bLongitude);
  const hasLuminary = LUMINARIES.has(aBody) || LUMINARIES.has(bBody);
  let best = null;
  for (const definition of ASPECTS) {
    const orb = Math.abs(distance - definition.angle);
    const maximum = hasLuminary ? definition.luminaryOrb : definition.orb;
    if (orb <= maximum && (!best || orb < best.orb)) {
      best = { definition, orb };
    }
  }
  return best;
}
function findAspects(bodies) {
  const candidates = bodies.filter((body) => ASPECT_BODIES.has(body.body));
  const aspects = [];
  for (let first = 0; first < candidates.length; first += 1) {
    for (let second = first + 1; second < candidates.length; second += 1) {
      const a4 = candidates[first];
      const b3 = candidates[second];
      if (!a4 || !b3) continue;
      const match = matchAspect(a4.body, a4.lon, b3.body, b3.lon);
      if (!match) continue;
      const stepDays = 0.02;
      const nextSeparation = separation(a4.lon + a4.speed * stepDays, b3.lon + b3.speed * stepDays);
      aspects.push({
        a: a4.body,
        b: b3.body,
        type: match.definition.type,
        orb: match.orb,
        applying: Math.abs(nextSeparation - match.definition.angle) < match.orb
      });
    }
  }
  return aspects.sort((a4, b3) => a4.orb - b3.orb);
}
var SIGNS2 = [
  {
    slug: "aries",
    name: "Aries",
    element: "fire",
    modality: "cardinal",
    polarity: "day",
    naturalHouse: 1
  },
  {
    slug: "taurus",
    name: "Taurus",
    element: "earth",
    modality: "fixed",
    polarity: "night",
    naturalHouse: 2
  },
  {
    slug: "gemini",
    name: "Gemini",
    element: "air",
    modality: "mutable",
    polarity: "day",
    naturalHouse: 3
  },
  {
    slug: "cancer",
    name: "Cancer",
    element: "water",
    modality: "cardinal",
    polarity: "night",
    naturalHouse: 4
  },
  {
    slug: "leo",
    name: "Leo",
    element: "fire",
    modality: "fixed",
    polarity: "day",
    naturalHouse: 5
  },
  {
    slug: "virgo",
    name: "Virgo",
    element: "earth",
    modality: "mutable",
    polarity: "night",
    naturalHouse: 6
  },
  {
    slug: "libra",
    name: "Libra",
    element: "air",
    modality: "cardinal",
    polarity: "day",
    naturalHouse: 7
  },
  {
    slug: "scorpio",
    name: "Scorpio",
    element: "water",
    modality: "fixed",
    polarity: "night",
    naturalHouse: 8
  },
  {
    slug: "sagittarius",
    name: "Sagittarius",
    element: "fire",
    modality: "mutable",
    polarity: "day",
    naturalHouse: 9
  },
  {
    slug: "capricorn",
    name: "Capricorn",
    element: "earth",
    modality: "cardinal",
    polarity: "night",
    naturalHouse: 10
  },
  {
    slug: "aquarius",
    name: "Aquarius",
    element: "air",
    modality: "fixed",
    polarity: "day",
    naturalHouse: 11
  },
  {
    slug: "pisces",
    name: "Pisces",
    element: "water",
    modality: "mutable",
    polarity: "night",
    naturalHouse: 12
  }
];
var SIGN_NAMES = SIGNS2.map((sign) => sign.slug);
function normalizeLongitude(lon) {
  if (!Number.isFinite(lon)) throw new RangeError("Longitude must be finite.");
  return (lon % 360 + 360) % 360;
}
function signIndexForLongitude2(lon) {
  return Math.floor(normalizeLongitude(lon) / 30);
}
function signForLongitude2(lon) {
  const sign = SIGNS2[signIndexForLongitude2(lon)];
  if (!sign) throw new RangeError("Could not resolve zodiac sign.");
  return sign;
}
function degreeInSign2(lon) {
  return normalizeLongitude(lon) % 30;
}

// ../../zodiacs-platform-local-date-catalog-count-independent-review/site/node_modules/@zodiacs/engine/dist/chunk-H7RJKCBO.js
var DEG = Math.PI / 180;
var RAD = 180 / Math.PI;
function meanObliquity(julianCenturies) {
  const t4 = julianCenturies;
  const arcseconds = 84381.406 - 46.836769 * t4 - 1831e-7 * t4 * t4 + 20034e-7 * t4 ** 3 - 576e-9 * t4 ** 4 - 434e-10 * t4 ** 5;
  return arcseconds / 3600;
}
function eclipticLongitudeOfRightAscension(ra, obliquity) {
  return normalizeLongitude(
    Math.atan2(Math.sin(ra * DEG), Math.cos(ra * DEG) * Math.cos(obliquity * DEG)) * RAD
  );
}
function declinationOfLongitude(lon, obliquity) {
  return Math.asin(Math.sin(obliquity * DEG) * Math.sin(lon * DEG)) * RAD;
}
function ramcOf(input) {
  return normalizeLongitude(input.gastHours * 15 + input.longitude);
}
function computeAngles(input) {
  const ramc = ramcOf(input);
  const mc = eclipticLongitudeOfRightAscension(ramc, input.obliquity);
  const ra = ramc * DEG;
  const eps = input.obliquity * DEG;
  const phi = input.latitude * DEG;
  let asc = normalizeLongitude(
    Math.atan2(Math.cos(ra), -(Math.sin(ra) * Math.cos(eps) + Math.tan(phi) * Math.sin(eps))) * RAD
  );
  if (normalizeLongitude(asc - mc) >= 180) asc = normalizeLongitude(asc + 180);
  return {
    asc,
    mc,
    dsc: normalizeLongitude(asc + 180),
    ic: normalizeLongitude(mc + 180)
  };
}
function wholeSignCusps(ascendant) {
  const first = Math.floor(normalizeLongitude(ascendant) / 30) * 30;
  return Array.from({ length: 12 }, (_4, index) => normalizeLongitude(first + index * 30));
}
function placidusCusps(input, angles) {
  if (Math.abs(input.latitude) > 66) return null;
  const ramc = ramcOf(input);
  const phi = input.latitude * DEG;
  function iterate(offset, multiplier) {
    let ra = ramc + offset;
    let converged = false;
    for (let index = 0; index < 64; index += 1) {
      const lon = eclipticLongitudeOfRightAscension(normalizeLongitude(ra), input.obliquity);
      const declination = declinationOfLongitude(lon, input.obliquity);
      const argument = Math.tan(phi) * Math.tan(declination * DEG);
      if (Math.abs(argument) >= 1) return null;
      const ascensionalDifference = Math.asin(argument) * RAD;
      const next = ramc + offset + multiplier * ascensionalDifference;
      if (Math.abs(normalizeLongitude(next - ra + 180) - 180) < 1e-9) {
        ra = next;
        converged = true;
        break;
      }
      ra = next;
    }
    return converged ? eclipticLongitudeOfRightAscension(normalizeLongitude(ra), input.obliquity) : null;
  }
  const cusp11 = iterate(30, 1 / 3);
  const cusp12 = iterate(60, 2 / 3);
  const cusp2 = iterate(120, 2 / 3);
  const cusp3 = iterate(150, 1 / 3);
  if (cusp11 === null || cusp12 === null || cusp2 === null || cusp3 === null) {
    return null;
  }
  return [
    angles.asc,
    cusp2,
    cusp3,
    angles.ic,
    normalizeLongitude(cusp11 + 180),
    normalizeLongitude(cusp12 + 180),
    angles.dsc,
    normalizeLongitude(cusp2 + 180),
    normalizeLongitude(cusp3 + 180),
    angles.mc,
    cusp11,
    cusp12
  ];
}
function computeHouses(system, input, angles) {
  if (system === "placidus") {
    const cusps = placidusCusps(input, angles);
    if (cusps) {
      return { houses: { system: "placidus", cusps }, fellBack: false };
    }
    return {
      houses: { system: "whole", cusps: wholeSignCusps(angles.asc) },
      fellBack: true
    };
  }
  return {
    houses: { system: "whole", cusps: wholeSignCusps(angles.asc) },
    fellBack: false
  };
}
function houseOf(longitude2, cusps) {
  if (cusps.length !== 12) throw new RangeError("House cusps must contain 12 longitudes.");
  for (let index = 0; index < 12; index += 1) {
    const start = cusps[index];
    const end = cusps[(index + 1) % 12];
    if (start === void 0 || end === void 0) continue;
    const span = normalizeLongitude(end - start);
    const offset = normalizeLongitude(longitude2 - start);
    if (offset < span || span === 0) return index + 1;
  }
  return 12;
}
var ENGINE_VERSION = "0.1.1-rc.6";

// ../../zodiacs-platform-local-date-catalog-count-independent-review/site/node_modules/astronomy-engine/esm/astronomy.js
var C_AUDAY = 173.1446326846693;
var KM_PER_AU = 14959787069098932e-8;
var DEG2RAD = 0.017453292519943295;
var RAD2DEG = 57.29577951308232;
var DAYS_PER_TROPICAL_YEAR = 365.24217;
var J2000 = /* @__PURE__ */ new Date("2000-01-01T12:00:00Z");
var PI2 = 2 * Math.PI;
var ARC = 3600 * (180 / Math.PI);
var ASEC2RAD = 484813681109536e-20;
var ASEC180 = 180 * 60 * 60;
var ASEC360 = 2 * ASEC180;
var AU_PER_PARSEC = ASEC180 / Math.PI;
var SUN_MAG_1AU = -0.17 - 5 * Math.log10(AU_PER_PARSEC);
var SECONDS_PER_DAY = 24 * 3600;
var MILLIS_PER_DAY = SECONDS_PER_DAY * 1e3;
var SUN_RADIUS_KM = 695700;
var SUN_RADIUS_AU = SUN_RADIUS_KM / KM_PER_AU;
var EARTH_FLATTENING = 0.996647180302104;
var EARTH_FLATTENING_SQUARED = EARTH_FLATTENING * EARTH_FLATTENING;
var EARTH_EQUATORIAL_RADIUS_KM = 6378.1366;
var EARTH_EQUATORIAL_RADIUS_AU = EARTH_EQUATORIAL_RADIUS_KM / KM_PER_AU;
var EARTH_POLAR_RADIUS_KM = EARTH_EQUATORIAL_RADIUS_KM * EARTH_FLATTENING;
var EARTH_MEAN_RADIUS_KM = 6371;
var EARTH_ATMOSPHERE_KM = 88;
var EARTH_ECLIPSE_RADIUS_KM = EARTH_MEAN_RADIUS_KM + EARTH_ATMOSPHERE_KM;
var MOON_EQUATORIAL_RADIUS_KM = 1738.1;
var MOON_EQUATORIAL_RADIUS_AU = MOON_EQUATORIAL_RADIUS_KM / KM_PER_AU;
var MOON_POLAR_RADIUS_KM = 1736;
var MOON_POLAR_RADIUS_AU = MOON_POLAR_RADIUS_KM / KM_PER_AU;
var REFRACTION_NEAR_HORIZON = 34 / 60;
var EARTH_MOON_MASS_RATIO = 81.30056;
var SUN_GM = 2959122082855911e-19;
var EARTH_GM = 8887692390113509e-25;
var JUPITER_GM = 2825345909524226e-22;
var SATURN_GM = 8459715185680659e-23;
var URANUS_GM = 1292024916781969e-23;
var NEPTUNE_GM = 1524358900784276e-23;
var MOON_GM = EARTH_GM / EARTH_MOON_MASS_RATIO;
function VerifyBoolean(b3) {
  if (b3 !== true && b3 !== false) {
    console.trace();
    throw `Value is not boolean: ${b3}`;
  }
  return b3;
}
function VerifyNumber(x3) {
  if (!Number.isFinite(x3)) {
    console.trace();
    throw `Value is not a finite number: ${x3}`;
  }
  return x3;
}
function Frac(x3) {
  return x3 - Math.floor(x3);
}
var Body;
(function(Body2) {
  Body2["Sun"] = "Sun";
  Body2["Moon"] = "Moon";
  Body2["Mercury"] = "Mercury";
  Body2["Venus"] = "Venus";
  Body2["Earth"] = "Earth";
  Body2["Mars"] = "Mars";
  Body2["Jupiter"] = "Jupiter";
  Body2["Saturn"] = "Saturn";
  Body2["Uranus"] = "Uranus";
  Body2["Neptune"] = "Neptune";
  Body2["Pluto"] = "Pluto";
  Body2["SSB"] = "SSB";
  Body2["EMB"] = "EMB";
  Body2["Star1"] = "Star1";
  Body2["Star2"] = "Star2";
  Body2["Star3"] = "Star3";
  Body2["Star4"] = "Star4";
  Body2["Star5"] = "Star5";
  Body2["Star6"] = "Star6";
  Body2["Star7"] = "Star7";
  Body2["Star8"] = "Star8";
})(Body || (Body = {}));
var StarList = [
  Body.Star1,
  Body.Star2,
  Body.Star3,
  Body.Star4,
  Body.Star5,
  Body.Star6,
  Body.Star7,
  Body.Star8
];
var StarTable = [
  { ra: 0, dec: 0, dist: 0 },
  { ra: 0, dec: 0, dist: 0 },
  { ra: 0, dec: 0, dist: 0 },
  { ra: 0, dec: 0, dist: 0 },
  { ra: 0, dec: 0, dist: 0 },
  { ra: 0, dec: 0, dist: 0 },
  { ra: 0, dec: 0, dist: 0 },
  { ra: 0, dec: 0, dist: 0 }
];
function GetStar(body) {
  const index = StarList.indexOf(body);
  return index >= 0 ? StarTable[index] : null;
}
function UserDefinedStar(body) {
  const star = GetStar(body);
  return star && star.dist > 0 ? star : null;
}
var PrecessDirection;
(function(PrecessDirection2) {
  PrecessDirection2[PrecessDirection2["From2000"] = 0] = "From2000";
  PrecessDirection2[PrecessDirection2["Into2000"] = 1] = "Into2000";
})(PrecessDirection || (PrecessDirection = {}));
var vsop = {
  Mercury: [
    [
      [
        [4.40250710144, 0, 0],
        [0.40989414977, 1.48302034195, 26087.9031415742],
        [0.050462942, 4.47785489551, 52175.8062831484],
        [0.00855346844, 1.16520322459, 78263.70942472259],
        [0.00165590362, 4.11969163423, 104351.61256629678],
        [34561897e-11, 0.77930768443, 130439.51570787099],
        [7583476e-11, 3.71348404924, 156527.41884944518]
      ],
      [
        [26087.90313685529, 0, 0],
        [0.01131199811, 6.21874197797, 26087.9031415742],
        [0.00292242298, 3.04449355541, 52175.8062831484],
        [75775081e-11, 6.08568821653, 78263.70942472259],
        [19676525e-11, 2.80965111777, 104351.61256629678]
      ]
    ],
    [
      [
        [0.11737528961, 1.98357498767, 26087.9031415742],
        [0.02388076996, 5.03738959686, 52175.8062831484],
        [0.01222839532, 3.14159265359, 0],
        [0.0054325181, 1.79644363964, 78263.70942472259],
        [0.0012977877, 4.83232503958, 104351.61256629678],
        [31866927e-11, 1.58088495658, 130439.51570787099],
        [7963301e-11, 4.60972126127, 156527.41884944518]
      ],
      [
        [0.00274646065, 3.95008450011, 26087.9031415742],
        [99737713e-11, 3.14159265359, 0]
      ]
    ],
    [
      [
        [0.39528271651, 0, 0],
        [0.07834131818, 6.19233722598, 26087.9031415742],
        [0.00795525558, 2.95989690104, 52175.8062831484],
        [0.00121281764, 6.01064153797, 78263.70942472259],
        [21921969e-11, 2.77820093972, 104351.61256629678],
        [4354065e-11, 5.82894543774, 130439.51570787099]
      ],
      [
        [0.0021734774, 4.65617158665, 26087.9031415742],
        [44141826e-11, 1.42385544001, 52175.8062831484]
      ]
    ]
  ],
  Venus: [
    [
      [
        [3.17614666774, 0, 0],
        [0.01353968419, 5.59313319619, 10213.285546211],
        [89891645e-11, 5.30650047764, 20426.571092422],
        [5477194e-11, 4.41630661466, 7860.4193924392],
        [3455741e-11, 2.6996444782, 11790.6290886588],
        [2372061e-11, 2.99377542079, 3930.2096962196],
        [1317168e-11, 5.18668228402, 26.2983197998],
        [1664146e-11, 4.25018630147, 1577.3435424478],
        [1438387e-11, 4.15745084182, 9683.5945811164],
        [1200521e-11, 6.15357116043, 30639.856638633]
      ],
      [
        [10213.28554621638, 0, 0],
        [95617813e-11, 2.4640651111, 10213.285546211],
        [7787201e-11, 0.6247848222, 20426.571092422]
      ]
    ],
    [
      [
        [0.05923638472, 0.26702775812, 10213.285546211],
        [40107978e-11, 1.14737178112, 20426.571092422],
        [32814918e-11, 3.14159265359, 0]
      ],
      [
        [0.00287821243, 1.88964962838, 10213.285546211]
      ]
    ],
    [
      [
        [0.72334820891, 0, 0],
        [0.00489824182, 4.02151831717, 10213.285546211],
        [1658058e-11, 4.90206728031, 20426.571092422],
        [1378043e-11, 1.12846591367, 11790.6290886588],
        [1632096e-11, 2.84548795207, 7860.4193924392],
        [498395e-11, 2.58682193892, 9683.5945811164],
        [221985e-11, 2.01346696541, 19367.1891622328],
        [237454e-11, 2.55136053886, 15720.8387848784]
      ],
      [
        [34551041e-11, 0.89198706276, 10213.285546211]
      ]
    ]
  ],
  Earth: [
    [
      [
        [1.75347045673, 0, 0],
        [0.03341656453, 4.66925680415, 6283.0758499914],
        [34894275e-11, 4.62610242189, 12566.1516999828],
        [3417572e-11, 2.82886579754, 3.523118349],
        [3497056e-11, 2.74411783405, 5753.3848848968],
        [3135899e-11, 3.62767041756, 77713.7714681205],
        [2676218e-11, 4.41808345438, 7860.4193924392],
        [2342691e-11, 6.13516214446, 3930.2096962196],
        [1273165e-11, 2.03709657878, 529.6909650946],
        [1324294e-11, 0.74246341673, 11506.7697697936],
        [901854e-11, 2.04505446477, 26.2983197998],
        [1199167e-11, 1.10962946234, 1577.3435424478],
        [857223e-11, 3.50849152283, 398.1490034082],
        [779786e-11, 1.17882681962, 5223.6939198022],
        [99025e-10, 5.23268072088, 5884.9268465832],
        [753141e-11, 2.53339052847, 5507.5532386674],
        [505267e-11, 4.58292599973, 18849.2275499742],
        [492392e-11, 4.20505711826, 775.522611324],
        [356672e-11, 2.91954114478, 0.0673103028],
        [284125e-11, 1.89869240932, 796.2980068164],
        [242879e-11, 0.34481445893, 5486.777843175],
        [317087e-11, 5.84901948512, 11790.6290886588],
        [271112e-11, 0.31486255375, 10977.078804699],
        [206217e-11, 4.80646631478, 2544.3144198834],
        [205478e-11, 1.86953770281, 5573.1428014331],
        [202318e-11, 2.45767790232, 6069.7767545534],
        [126225e-11, 1.08295459501, 20.7753954924],
        [155516e-11, 0.83306084617, 213.299095438]
      ],
      [
        [6283.0758499914, 0, 0],
        [0.00206058863, 2.67823455808, 6283.0758499914],
        [4303419e-11, 2.63512233481, 12566.1516999828]
      ],
      [
        [8721859e-11, 1.07253635559, 6283.0758499914]
      ]
    ],
    [
      [],
      [
        [0.00227777722, 3.4137662053, 6283.0758499914],
        [3805678e-11, 3.37063423795, 12566.1516999828]
      ]
    ],
    [
      [
        [1.00013988784, 0, 0],
        [0.01670699632, 3.09846350258, 6283.0758499914],
        [13956024e-11, 3.05524609456, 12566.1516999828],
        [308372e-10, 5.19846674381, 77713.7714681205],
        [1628463e-11, 1.17387558054, 5753.3848848968],
        [1575572e-11, 2.84685214877, 7860.4193924392],
        [924799e-11, 5.45292236722, 11506.7697697936],
        [542439e-11, 4.56409151453, 3930.2096962196],
        [47211e-10, 3.66100022149, 5884.9268465832],
        [85831e-11, 1.27079125277, 161000.6857376741],
        [57056e-11, 2.01374292245, 83996.84731811189],
        [55736e-11, 5.2415979917, 71430.69561812909],
        [174844e-11, 3.01193636733, 18849.2275499742],
        [243181e-11, 4.2734953079, 11790.6290886588]
      ],
      [
        [0.00103018607, 1.10748968172, 6283.0758499914],
        [1721238e-11, 1.06442300386, 12566.1516999828]
      ],
      [
        [4359385e-11, 5.78455133808, 6283.0758499914]
      ]
    ]
  ],
  Mars: [
    [
      [
        [6.20347711581, 0, 0],
        [0.18656368093, 5.0503710027, 3340.6124266998],
        [0.01108216816, 5.40099836344, 6681.2248533996],
        [91798406e-11, 5.75478744667, 10021.8372800994],
        [27744987e-11, 5.97049513147, 3.523118349],
        [10610235e-11, 2.93958560338, 2281.2304965106],
        [12315897e-11, 0.84956094002, 2810.9214616052],
        [8926784e-11, 4.15697846427, 0.0172536522],
        [8715691e-11, 6.11005153139, 13362.4497067992],
        [6797556e-11, 0.36462229657, 398.1490034082],
        [7774872e-11, 3.33968761376, 5621.8429232104],
        [3575078e-11, 1.6618650571, 2544.3144198834],
        [4161108e-11, 0.22814971327, 2942.4634232916],
        [3075252e-11, 0.85696614132, 191.4482661116],
        [2628117e-11, 0.64806124465, 3337.0893083508],
        [2937546e-11, 6.07893711402, 0.0673103028],
        [2389414e-11, 5.03896442664, 796.2980068164],
        [2579844e-11, 0.02996736156, 3344.1355450488],
        [1528141e-11, 1.14979301996, 6151.533888305],
        [1798806e-11, 0.65634057445, 529.6909650946],
        [1264357e-11, 3.62275122593, 5092.1519581158],
        [1286228e-11, 3.06796065034, 2146.1654164752],
        [1546404e-11, 2.91579701718, 1751.539531416],
        [1024902e-11, 3.69334099279, 8962.4553499102],
        [891566e-11, 0.18293837498, 16703.062133499],
        [858759e-11, 2.4009381194, 2914.0142358238],
        [832715e-11, 2.46418619474, 3340.5951730476],
        [83272e-10, 4.49495782139, 3340.629680352],
        [712902e-11, 3.66335473479, 1059.3819301892],
        [748723e-11, 3.82248614017, 155.4203994342],
        [723861e-11, 0.67497311481, 3738.761430108],
        [635548e-11, 2.92182225127, 8432.7643848156],
        [655162e-11, 0.48864064125, 3127.3133312618],
        [550474e-11, 3.81001042328, 0.9803210682],
        [55275e-10, 4.47479317037, 1748.016413067],
        [425966e-11, 0.55364317304, 6283.0758499914],
        [415131e-11, 0.49662285038, 213.299095438],
        [472167e-11, 3.62547124025, 1194.4470102246],
        [306551e-11, 0.38052848348, 6684.7479717486],
        [312141e-11, 0.99853944405, 6677.7017350506],
        [293198e-11, 4.22131299634, 20.7753954924],
        [302375e-11, 4.48618007156, 3532.0606928114],
        [274027e-11, 0.54222167059, 3340.545116397],
        [281079e-11, 5.88163521788, 1349.8674096588],
        [231183e-11, 1.28242156993, 3870.3033917944],
        [283602e-11, 5.7688543494, 3149.1641605882],
        [236117e-11, 5.75503217933, 3333.498879699],
        [274033e-11, 0.13372524985, 3340.6797370026],
        [299395e-11, 2.78323740866, 6254.6266625236]
      ],
      [
        [3340.61242700512, 0, 0],
        [0.01457554523, 3.60433733236, 3340.6124266998],
        [0.00168414711, 3.92318567804, 6681.2248533996],
        [20622975e-11, 4.26108844583, 10021.8372800994],
        [3452392e-11, 4.7321039319, 3.523118349],
        [2586332e-11, 4.60670058555, 13362.4497067992],
        [841535e-11, 4.45864030426, 2281.2304965106]
      ],
      [
        [58152577e-11, 2.04961712429, 3340.6124266998],
        [13459579e-11, 2.45738706163, 6681.2248533996]
      ]
    ],
    [
      [
        [0.03197134986, 3.76832042431, 3340.6124266998],
        [0.00298033234, 4.10616996305, 6681.2248533996],
        [0.00289104742, 0, 0],
        [31365539e-11, 4.4465105309, 10021.8372800994],
        [34841e-9, 4.7881254926, 13362.4497067992]
      ],
      [
        [0.00217310991, 6.04472194776, 3340.6124266998],
        [20976948e-11, 3.14159265359, 0],
        [12834709e-11, 1.60810667915, 6681.2248533996]
      ]
    ],
    [
      [
        [1.53033488271, 0, 0],
        [0.1418495316, 3.47971283528, 3340.6124266998],
        [0.00660776362, 3.81783443019, 6681.2248533996],
        [46179117e-11, 4.15595316782, 10021.8372800994],
        [8109733e-11, 5.55958416318, 2810.9214616052],
        [7485318e-11, 1.77239078402, 5621.8429232104],
        [5523191e-11, 1.3643630377, 2281.2304965106],
        [382516e-10, 4.49407183687, 13362.4497067992],
        [2306537e-11, 0.09081579001, 2544.3144198834],
        [1999396e-11, 5.36059617709, 3337.0893083508],
        [2484394e-11, 4.9254563992, 2942.4634232916],
        [1960195e-11, 4.74249437639, 3344.1355450488],
        [1167119e-11, 2.11260868341, 5092.1519581158],
        [1102816e-11, 5.00908403998, 398.1490034082],
        [899066e-11, 4.40791133207, 529.6909650946],
        [992252e-11, 5.83861961952, 6151.533888305],
        [807354e-11, 2.10217065501, 1059.3819301892],
        [797915e-11, 3.44839203899, 796.2980068164],
        [740975e-11, 1.49906336885, 2146.1654164752]
      ],
      [
        [0.01107433345, 2.03250524857, 3340.6124266998],
        [0.00103175887, 2.37071847807, 6681.2248533996],
        [128772e-9, 0, 0],
        [1081588e-10, 2.70888095665, 10021.8372800994]
      ],
      [
        [44242249e-11, 0.47930604954, 3340.6124266998],
        [8138042e-11, 0.86998389204, 6681.2248533996]
      ]
    ]
  ],
  Jupiter: [
    [
      [
        [0.59954691494, 0, 0],
        [0.09695898719, 5.06191793158, 529.6909650946],
        [0.00573610142, 1.44406205629, 7.1135470008],
        [0.00306389205, 5.41734730184, 1059.3819301892],
        [97178296e-11, 4.14264726552, 632.7837393132],
        [72903078e-11, 3.64042916389, 522.5774180938],
        [64263975e-11, 3.41145165351, 103.0927742186],
        [39806064e-11, 2.29376740788, 419.4846438752],
        [38857767e-11, 1.27231755835, 316.3918696566],
        [27964629e-11, 1.7845459182, 536.8045120954],
        [1358973e-10, 5.7748104079, 1589.0728952838],
        [8246349e-11, 3.5822792584, 206.1855484372],
        [8768704e-11, 3.63000308199, 949.1756089698],
        [7368042e-11, 5.0810119427, 735.8765135318],
        [626315e-10, 0.02497628807, 213.299095438],
        [6114062e-11, 4.51319998626, 1162.4747044078],
        [4905396e-11, 1.32084470588, 110.2063212194],
        [5305285e-11, 1.30671216791, 14.2270940016],
        [5305441e-11, 4.18625634012, 1052.2683831884],
        [4647248e-11, 4.69958103684, 3.9321532631],
        [3045023e-11, 4.31676431084, 426.598190876],
        [2609999e-11, 1.56667394063, 846.0828347512],
        [2028191e-11, 1.06376530715, 3.1813937377],
        [1764763e-11, 2.14148655117, 1066.49547719],
        [1722972e-11, 3.88036268267, 1265.5674786264],
        [1920945e-11, 0.97168196472, 639.897286314],
        [1633223e-11, 3.58201833555, 515.463871093],
        [1431999e-11, 4.29685556046, 625.6701923124],
        [973272e-11, 4.09764549134, 95.9792272178]
      ],
      [
        [529.69096508814, 0, 0],
        [0.00489503243, 4.2208293947, 529.6909650946],
        [0.00228917222, 6.02646855621, 7.1135470008],
        [30099479e-11, 4.54540782858, 1059.3819301892],
        [2072092e-10, 5.45943156902, 522.5774180938],
        [12103653e-11, 0.16994816098, 536.8045120954],
        [6067987e-11, 4.42422292017, 103.0927742186],
        [5433968e-11, 3.98480737746, 419.4846438752],
        [4237744e-11, 5.89008707199, 14.2270940016]
      ],
      [
        [47233601e-11, 4.32148536482, 7.1135470008],
        [30649436e-11, 2.929777887, 529.6909650946],
        [14837605e-11, 3.14159265359, 0]
      ]
    ],
    [
      [
        [0.02268615702, 3.55852606721, 529.6909650946],
        [0.00109971634, 3.90809347197, 1059.3819301892],
        [0.00110090358, 0, 0],
        [8101428e-11, 3.60509572885, 522.5774180938],
        [6043996e-11, 4.25883108339, 1589.0728952838],
        [6437782e-11, 0.30627119215, 536.8045120954]
      ],
      [
        [78203446e-11, 1.52377859742, 529.6909650946]
      ]
    ],
    [
      [
        [5.20887429326, 0, 0],
        [0.25209327119, 3.49108639871, 529.6909650946],
        [0.00610599976, 3.84115365948, 1059.3819301892],
        [0.00282029458, 2.57419881293, 632.7837393132],
        [0.00187647346, 2.07590383214, 522.5774180938],
        [86792905e-11, 0.71001145545, 419.4846438752],
        [72062974e-11, 0.21465724607, 536.8045120954],
        [65517248e-11, 5.9799588479, 316.3918696566],
        [29134542e-11, 1.67759379655, 103.0927742186],
        [30135335e-11, 2.16132003734, 949.1756089698],
        [23453271e-11, 3.54023522184, 735.8765135318],
        [22283743e-11, 4.19362594399, 1589.0728952838],
        [23947298e-11, 0.2745803748, 7.1135470008],
        [13032614e-11, 2.96042965363, 1162.4747044078],
        [970336e-10, 1.90669633585, 206.1855484372],
        [12749023e-11, 2.71550286592, 1052.2683831884],
        [7057931e-11, 2.18184839926, 1265.5674786264],
        [6137703e-11, 6.26418240033, 846.0828347512],
        [2616976e-11, 2.00994012876, 1581.959348283]
      ],
      [
        [0.0127180152, 2.64937512894, 529.6909650946],
        [61661816e-11, 3.00076460387, 1059.3819301892],
        [53443713e-11, 3.89717383175, 522.5774180938],
        [31185171e-11, 4.88276958012, 536.8045120954],
        [41390269e-11, 0, 0]
      ]
    ]
  ],
  Saturn: [
    [
      [
        [0.87401354025, 0, 0],
        [0.11107659762, 3.96205090159, 213.299095438],
        [0.01414150957, 4.58581516874, 7.1135470008],
        [0.00398379389, 0.52112032699, 206.1855484372],
        [0.00350769243, 3.30329907896, 426.598190876],
        [0.00206816305, 0.24658372002, 103.0927742186],
        [792713e-9, 3.84007056878, 220.4126424388],
        [23990355e-11, 4.66976924553, 110.2063212194],
        [16573588e-11, 0.43719228296, 419.4846438752],
        [14906995e-11, 5.76903183869, 316.3918696566],
        [1582029e-10, 0.93809155235, 632.7837393132],
        [14609559e-11, 1.56518472, 3.9321532631],
        [13160301e-11, 4.44891291899, 14.2270940016],
        [15053543e-11, 2.71669915667, 639.897286314],
        [13005299e-11, 5.98119023644, 11.0457002639],
        [10725067e-11, 3.12939523827, 202.2533951741],
        [5863206e-11, 0.23656938524, 529.6909650946],
        [5227757e-11, 4.20783365759, 3.1813937377],
        [6126317e-11, 1.76328667907, 277.0349937414],
        [5019687e-11, 3.17787728405, 433.7117378768],
        [459255e-10, 0.61977744975, 199.0720014364],
        [4005867e-11, 2.24479718502, 63.7358983034],
        [2953796e-11, 0.98280366998, 95.9792272178],
        [387367e-10, 3.22283226966, 138.5174968707],
        [2461186e-11, 2.03163875071, 735.8765135318],
        [3269484e-11, 0.77492638211, 949.1756089698],
        [1758145e-11, 3.2658010994, 522.5774180938],
        [1640172e-11, 5.5050445305, 846.0828347512],
        [1391327e-11, 4.02333150505, 323.5054166574],
        [1580648e-11, 4.37265307169, 309.2783226558],
        [1123498e-11, 2.83726798446, 415.5524906121],
        [1017275e-11, 3.71700135395, 227.5261894396],
        [848642e-11, 3.1915017083, 209.3669421749]
      ],
      [
        [213.2990952169, 0, 0],
        [0.01297370862, 1.82834923978, 213.299095438],
        [0.00564345393, 2.88499717272, 7.1135470008],
        [93734369e-11, 1.06311793502, 426.598190876],
        [0.00107674962, 2.27769131009, 206.1855484372],
        [40244455e-11, 2.04108104671, 220.4126424388],
        [19941774e-11, 1.2795439047, 103.0927742186],
        [10511678e-11, 2.7488034213, 14.2270940016],
        [6416106e-11, 0.38238295041, 639.897286314],
        [4848994e-11, 2.43037610229, 419.4846438752],
        [4056892e-11, 2.92133209468, 110.2063212194],
        [3768635e-11, 3.6496533078, 3.9321532631]
      ],
      [
        [0.0011644133, 1.17988132879, 7.1135470008],
        [91841837e-11, 0.0732519584, 213.299095438],
        [36661728e-11, 0, 0],
        [15274496e-11, 4.06493179167, 206.1855484372]
      ]
    ],
    [
      [
        [0.04330678039, 3.60284428399, 213.299095438],
        [0.00240348302, 2.85238489373, 426.598190876],
        [84745939e-11, 0, 0],
        [30863357e-11, 3.48441504555, 220.4126424388],
        [34116062e-11, 0.57297307557, 206.1855484372],
        [1473407e-10, 2.11846596715, 639.897286314],
        [9916667e-11, 5.79003188904, 419.4846438752],
        [6993564e-11, 4.7360468972, 7.1135470008],
        [4807588e-11, 5.43305312061, 316.3918696566]
      ],
      [
        [0.00198927992, 4.93901017903, 213.299095438],
        [36947916e-11, 3.14159265359, 0],
        [17966989e-11, 0.5197943111, 426.598190876]
      ]
    ],
    [
      [
        [9.55758135486, 0, 0],
        [0.52921382865, 2.39226219573, 213.299095438],
        [0.01873679867, 5.2354960466, 206.1855484372],
        [0.01464663929, 1.64763042902, 426.598190876],
        [0.00821891141, 5.93520042303, 316.3918696566],
        [0.00547506923, 5.0153261898, 103.0927742186],
        [0.0037168465, 2.27114821115, 220.4126424388],
        [0.00361778765, 3.13904301847, 7.1135470008],
        [0.00140617506, 5.70406606781, 632.7837393132],
        [0.00108974848, 3.29313390175, 110.2063212194],
        [69006962e-11, 5.94099540992, 419.4846438752],
        [61053367e-11, 0.94037691801, 639.897286314],
        [48913294e-11, 1.55733638681, 202.2533951741],
        [34143772e-11, 0.19519102597, 277.0349937414],
        [32401773e-11, 5.47084567016, 949.1756089698],
        [20936596e-11, 0.46349251129, 735.8765135318],
        [9796004e-11, 5.20477537945, 1265.5674786264],
        [11993338e-11, 5.98050967385, 846.0828347512],
        [208393e-9, 1.52102476129, 433.7117378768],
        [15298404e-11, 3.0594381494, 529.6909650946],
        [6465823e-11, 0.17732249942, 1052.2683831884],
        [11380257e-11, 1.7310542704, 522.5774180938],
        [3419618e-11, 4.94550542171, 1581.959348283]
      ],
      [
        [0.0618298134, 0.2584351148, 213.299095438],
        [0.00506577242, 0.71114625261, 206.1855484372],
        [0.00341394029, 5.79635741658, 426.598190876],
        [0.00188491195, 0.47215589652, 220.4126424388],
        [0.00186261486, 3.14159265359, 0],
        [0.00143891146, 1.40744822888, 7.1135470008]
      ],
      [
        [0.00436902572, 4.78671677509, 213.299095438]
      ]
    ]
  ],
  Uranus: [
    [
      [
        [5.48129294297, 0, 0],
        [0.09260408234, 0.89106421507, 74.7815985673],
        [0.01504247898, 3.6271926092, 1.4844727083],
        [0.00365981674, 1.89962179044, 73.297125859],
        [0.00272328168, 3.35823706307, 149.5631971346],
        [70328461e-11, 5.39254450063, 63.7358983034],
        [68892678e-11, 6.09292483287, 76.2660712756],
        [61998615e-11, 2.26952066061, 2.9689454166],
        [61950719e-11, 2.85098872691, 11.0457002639],
        [2646877e-10, 3.14152083966, 71.8126531507],
        [25710476e-11, 6.11379840493, 454.9093665273],
        [2107885e-10, 4.36059339067, 148.0787244263],
        [17818647e-11, 1.74436930289, 36.6485629295],
        [14613507e-11, 4.73732166022, 3.9321532631],
        [11162509e-11, 5.8268179635, 224.3447957019],
        [1099791e-10, 0.48865004018, 138.5174968707],
        [9527478e-11, 2.95516862826, 35.1640902212],
        [7545601e-11, 5.236265824, 109.9456887885],
        [4220241e-11, 3.23328220918, 70.8494453042],
        [40519e-9, 2.277550173, 151.0476698429],
        [3354596e-11, 1.0654900738, 4.4534181249],
        [2926718e-11, 4.62903718891, 9.5612275556],
        [349034e-10, 5.48306144511, 146.594251718],
        [3144069e-11, 4.75199570434, 77.7505439839],
        [2922333e-11, 5.35235361027, 85.8272988312],
        [2272788e-11, 4.36600400036, 70.3281804424],
        [2051219e-11, 1.51773566586, 0.1118745846],
        [2148602e-11, 0.60745949945, 38.1330356378],
        [1991643e-11, 4.92437588682, 277.0349937414],
        [1376226e-11, 2.04283539351, 65.2203710117],
        [1666902e-11, 3.62744066769, 380.12776796],
        [1284107e-11, 3.11347961505, 202.2533951741],
        [1150429e-11, 0.93343589092, 3.1813937377],
        [1533221e-11, 2.58594681212, 52.6901980395],
        [1281604e-11, 0.54271272721, 222.8603229936],
        [1372139e-11, 4.19641530878, 111.4301614968],
        [1221029e-11, 0.1990065003, 108.4612160802],
        [946181e-11, 1.19253165736, 127.4717966068],
        [1150989e-11, 4.17898916639, 33.6796175129]
      ],
      [
        [74.7815986091, 0, 0],
        [0.00154332863, 5.24158770553, 74.7815985673],
        [24456474e-11, 1.71260334156, 1.4844727083],
        [9258442e-11, 0.4282973235, 11.0457002639],
        [8265977e-11, 1.50218091379, 63.7358983034],
        [915016e-10, 1.41213765216, 149.5631971346]
      ]
    ],
    [
      [
        [0.01346277648, 2.61877810547, 74.7815985673],
        [623414e-9, 5.08111189648, 149.5631971346],
        [61601196e-11, 3.14159265359, 0],
        [9963722e-11, 1.61603805646, 76.2660712756],
        [992616e-10, 0.57630380333, 73.297125859]
      ],
      [
        [34101978e-11, 0.01321929936, 74.7815985673]
      ]
    ],
    [
      [
        [19.21264847206, 0, 0],
        [0.88784984413, 5.60377527014, 74.7815985673],
        [0.03440836062, 0.32836099706, 73.297125859],
        [0.0205565386, 1.7829515933, 149.5631971346],
        [0.0064932241, 4.52247285911, 76.2660712756],
        [0.00602247865, 3.86003823674, 63.7358983034],
        [0.00496404167, 1.40139935333, 454.9093665273],
        [0.00338525369, 1.58002770318, 138.5174968707],
        [0.00243509114, 1.57086606044, 71.8126531507],
        [0.00190522303, 1.99809394714, 1.4844727083],
        [0.00161858838, 2.79137786799, 148.0787244263],
        [0.00143706183, 1.38368544947, 11.0457002639],
        [93192405e-11, 0.17437220467, 36.6485629295],
        [71424548e-11, 4.24509236074, 224.3447957019],
        [89806014e-11, 3.66105364565, 109.9456887885],
        [39009723e-11, 1.66971401684, 70.8494453042],
        [46677296e-11, 1.39976401694, 35.1640902212],
        [39025624e-11, 3.36234773834, 277.0349937414],
        [36755274e-11, 3.88649278513, 146.594251718],
        [30348723e-11, 0.70100838798, 151.0476698429],
        [29156413e-11, 3.180563367, 77.7505439839],
        [22637073e-11, 0.72518687029, 529.6909650946],
        [11959076e-11, 1.7504339214, 984.6003316219],
        [25620756e-11, 5.25656086672, 380.12776796]
      ],
      [
        [0.01479896629, 3.67205697578, 74.7815985673]
      ]
    ]
  ],
  Neptune: [
    [
      [
        [5.31188633046, 0, 0],
        [0.0179847553, 2.9010127389, 38.1330356378],
        [0.01019727652, 0.48580922867, 1.4844727083],
        [0.00124531845, 4.83008090676, 36.6485629295],
        [42064466e-11, 5.41054993053, 2.9689454166],
        [37714584e-11, 6.09221808686, 35.1640902212],
        [33784738e-11, 1.24488874087, 76.2660712756],
        [16482741e-11, 7727998e-11, 491.5579294568],
        [9198584e-11, 4.93747051954, 39.6175083461],
        [899425e-10, 0.27462171806, 175.1660598002]
      ],
      [
        [38.13303563957, 0, 0],
        [16604172e-11, 4.86323329249, 1.4844727083],
        [15744045e-11, 2.27887427527, 38.1330356378]
      ]
    ],
    [
      [
        [0.03088622933, 1.44104372644, 38.1330356378],
        [27780087e-11, 5.91271884599, 76.2660712756],
        [27623609e-11, 0, 0],
        [15355489e-11, 2.52123799551, 36.6485629295],
        [15448133e-11, 3.50877079215, 39.6175083461]
      ]
    ],
    [
      [
        [30.07013205828, 0, 0],
        [0.27062259632, 1.32999459377, 38.1330356378],
        [0.01691764014, 3.25186135653, 36.6485629295],
        [0.00807830553, 5.18592878704, 1.4844727083],
        [0.0053776051, 4.52113935896, 35.1640902212],
        [0.00495725141, 1.5710564165, 491.5579294568],
        [0.00274571975, 1.84552258866, 175.1660598002],
        [1201232e-10, 1.92059384991, 1021.2488945514],
        [0.00121801746, 5.79754470298, 76.2660712756],
        [0.00100896068, 0.3770272493, 73.297125859],
        [0.00135134092, 3.37220609835, 39.6175083461],
        [7571796e-11, 1.07149207335, 388.4651552382]
      ]
    ]
  ]
};
function DeltaT_EspenakMeeus(ut) {
  var u5, u22, u32, u42, u52, u6, u7;
  const y4 = 2e3 + (ut - 14) / DAYS_PER_TROPICAL_YEAR;
  if (y4 < -500) {
    u5 = (y4 - 1820) / 100;
    return -20 + 32 * u5 * u5;
  }
  if (y4 < 500) {
    u5 = y4 / 100;
    u22 = u5 * u5;
    u32 = u5 * u22;
    u42 = u22 * u22;
    u52 = u22 * u32;
    u6 = u32 * u32;
    return 10583.6 - 1014.41 * u5 + 33.78311 * u22 - 5.952053 * u32 - 0.1798452 * u42 + 0.022174192 * u52 + 0.0090316521 * u6;
  }
  if (y4 < 1600) {
    u5 = (y4 - 1e3) / 100;
    u22 = u5 * u5;
    u32 = u5 * u22;
    u42 = u22 * u22;
    u52 = u22 * u32;
    u6 = u32 * u32;
    return 1574.2 - 556.01 * u5 + 71.23472 * u22 + 0.319781 * u32 - 0.8503463 * u42 - 5050998e-9 * u52 + 0.0083572073 * u6;
  }
  if (y4 < 1700) {
    u5 = y4 - 1600;
    u22 = u5 * u5;
    u32 = u5 * u22;
    return 120 - 0.9808 * u5 - 0.01532 * u22 + u32 / 7129;
  }
  if (y4 < 1800) {
    u5 = y4 - 1700;
    u22 = u5 * u5;
    u32 = u5 * u22;
    u42 = u22 * u22;
    return 8.83 + 0.1603 * u5 - 59285e-7 * u22 + 13336e-8 * u32 - u42 / 1174e3;
  }
  if (y4 < 1860) {
    u5 = y4 - 1800;
    u22 = u5 * u5;
    u32 = u5 * u22;
    u42 = u22 * u22;
    u52 = u22 * u32;
    u6 = u32 * u32;
    u7 = u32 * u42;
    return 13.72 - 0.332447 * u5 + 68612e-7 * u22 + 41116e-7 * u32 - 37436e-8 * u42 + 121272e-10 * u52 - 1699e-10 * u6 + 875e-12 * u7;
  }
  if (y4 < 1900) {
    u5 = y4 - 1860;
    u22 = u5 * u5;
    u32 = u5 * u22;
    u42 = u22 * u22;
    u52 = u22 * u32;
    return 7.62 + 0.5737 * u5 - 0.251754 * u22 + 0.01680668 * u32 - 4473624e-10 * u42 + u52 / 233174;
  }
  if (y4 < 1920) {
    u5 = y4 - 1900;
    u22 = u5 * u5;
    u32 = u5 * u22;
    u42 = u22 * u22;
    return -2.79 + 1.494119 * u5 - 0.0598939 * u22 + 61966e-7 * u32 - 197e-6 * u42;
  }
  if (y4 < 1941) {
    u5 = y4 - 1920;
    u22 = u5 * u5;
    u32 = u5 * u22;
    return 21.2 + 0.84493 * u5 - 0.0761 * u22 + 20936e-7 * u32;
  }
  if (y4 < 1961) {
    u5 = y4 - 1950;
    u22 = u5 * u5;
    u32 = u5 * u22;
    return 29.07 + 0.407 * u5 - u22 / 233 + u32 / 2547;
  }
  if (y4 < 1986) {
    u5 = y4 - 1975;
    u22 = u5 * u5;
    u32 = u5 * u22;
    return 45.45 + 1.067 * u5 - u22 / 260 - u32 / 718;
  }
  if (y4 < 2005) {
    u5 = y4 - 2e3;
    u22 = u5 * u5;
    u32 = u5 * u22;
    u42 = u22 * u22;
    u52 = u22 * u32;
    return 63.86 + 0.3345 * u5 - 0.060374 * u22 + 17275e-7 * u32 + 651814e-9 * u42 + 2373599e-11 * u52;
  }
  if (y4 < 2050) {
    u5 = y4 - 2e3;
    return 62.92 + 0.32217 * u5 + 5589e-6 * u5 * u5;
  }
  if (y4 < 2150) {
    u5 = (y4 - 1820) / 100;
    return -20 + 32 * u5 * u5 - 0.5628 * (2150 - y4);
  }
  u5 = (y4 - 1820) / 100;
  return -20 + 32 * u5 * u5;
}
var DeltaT = DeltaT_EspenakMeeus;
function TerrestrialTime(ut) {
  return ut + DeltaT(ut) / 86400;
}
var AstroTime = class _AstroTime {
  /**
   * @param {FlexibleDateTime} date
   *      A JavaScript Date object, a numeric UTC value expressed in J2000 days, or another AstroTime object.
   */
  constructor(date) {
    if (date instanceof _AstroTime) {
      this.date = date.date;
      this.ut = date.ut;
      this.tt = date.tt;
      return;
    }
    const MillisPerDay = 1e3 * 3600 * 24;
    if (date instanceof Date && Number.isFinite(date.getTime())) {
      this.date = date;
      this.ut = (date.getTime() - J2000.getTime()) / MillisPerDay;
      this.tt = TerrestrialTime(this.ut);
      return;
    }
    if (Number.isFinite(date)) {
      this.date = new Date(J2000.getTime() + date * MillisPerDay);
      this.ut = date;
      this.tt = TerrestrialTime(this.ut);
      return;
    }
    throw "Argument must be a Date object, an AstroTime object, or a numeric UTC Julian date.";
  }
  /**
   * @brief Creates an `AstroTime` value from a Terrestrial Time (TT) day value.
   *
   * This function can be used in rare cases where a time must be based
   * on Terrestrial Time (TT) rather than Universal Time (UT).
   * Most developers will want to invoke `new AstroTime(ut)` with a universal time
   * instead of this function, because usually time is based on civil time adjusted
   * by leap seconds to match the Earth's rotation, rather than the uniformly
   * flowing TT used to calculate solar system dynamics. In rare cases
   * where the caller already knows TT, this function is provided to create
   * an `AstroTime` value that can be passed to Astronomy Engine functions.
   *
   * @param {number} tt
   *      The number of days since the J2000 epoch as expressed in Terrestrial Time.
   *
   * @returns {AstroTime}
   *      An `AstroTime` object for the specified terrestrial time.
   */
  static FromTerrestrialTime(tt) {
    let time = new _AstroTime(tt);
    for (; ; ) {
      const err = tt - time.tt;
      if (Math.abs(err) < 1e-12)
        return time;
      time = time.AddDays(err);
    }
  }
  /**
   * Formats an `AstroTime` object as an [ISO 8601](https://en.wikipedia.org/wiki/ISO_8601)
   * date/time string in UTC, to millisecond resolution.
   * Example: `2018-08-17T17:22:04.050Z`
   * @returns {string}
   */
  toString() {
    return this.date.toISOString();
  }
  /**
   * Returns a new `AstroTime` object adjusted by the floating point number of days.
   * Does NOT modify the original `AstroTime` object.
   *
   * @param {number} days
   *      The floating point number of days by which to adjust the given date and time.
   *      Positive values adjust the date toward the future, and
   *      negative values adjust the date toward the past.
   *
   * @returns {AstroTime}
   */
  AddDays(days) {
    return new _AstroTime(this.ut + days);
  }
};
function MakeTime(date) {
  if (date instanceof AstroTime) {
    return date;
  }
  return new AstroTime(date);
}
function iau2000b(time) {
  function mod(x3) {
    return x3 % ASEC360 * ASEC2RAD;
  }
  const t4 = time.tt / 36525;
  const elp = mod(128710479305e-5 + t4 * 1295965810481e-4);
  const f5 = mod(335779.526232 + t4 * 17395272628478e-4);
  const d4 = mod(107226070369e-5 + t4 * 1602961601209e-3);
  const om = mod(450160.398036 - t4 * 69628905431e-4);
  let sarg = Math.sin(om);
  let carg = Math.cos(om);
  let dp = (-172064161 - 174666 * t4) * sarg + 33386 * carg;
  let de = (92052331 + 9086 * t4) * carg + 15377 * sarg;
  let arg = 2 * (f5 - d4 + om);
  sarg = Math.sin(arg);
  carg = Math.cos(arg);
  dp += (-13170906 - 1675 * t4) * sarg - 13696 * carg;
  de += (5730336 - 3015 * t4) * carg - 4587 * sarg;
  arg = 2 * (f5 + om);
  sarg = Math.sin(arg);
  carg = Math.cos(arg);
  dp += (-2276413 - 234 * t4) * sarg + 2796 * carg;
  de += (978459 - 485 * t4) * carg + 1374 * sarg;
  arg = 2 * om;
  sarg = Math.sin(arg);
  carg = Math.cos(arg);
  dp += (2074554 + 207 * t4) * sarg - 698 * carg;
  de += (-897492 + 470 * t4) * carg - 291 * sarg;
  sarg = Math.sin(elp);
  carg = Math.cos(elp);
  dp += (1475877 - 3633 * t4) * sarg + 11817 * carg;
  de += (73871 - 184 * t4) * carg - 1924 * sarg;
  return {
    dpsi: -135e-6 + dp * 1e-7,
    deps: 388e-6 + de * 1e-7
  };
}
function mean_obliq(time) {
  var t4 = time.tt / 36525;
  var asec = ((((-434e-10 * t4 - 576e-9) * t4 + 20034e-7) * t4 - 1831e-7) * t4 - 46.836769) * t4 + 84381.406;
  return asec / 3600;
}
var cache_e_tilt;
function e_tilt(time) {
  if (!cache_e_tilt || Math.abs(cache_e_tilt.tt - time.tt) > 1e-6) {
    const nut = iau2000b(time);
    const mean_ob = mean_obliq(time);
    const true_ob = mean_ob + nut.deps / 3600;
    cache_e_tilt = {
      tt: time.tt,
      dpsi: nut.dpsi,
      deps: nut.deps,
      ee: nut.dpsi * Math.cos(mean_ob * DEG2RAD) / 15,
      mobl: mean_ob,
      tobl: true_ob
    };
  }
  return cache_e_tilt;
}
function obl_ecl2equ_vec(oblDegrees, pos) {
  const obl = oblDegrees * DEG2RAD;
  const cos_obl = Math.cos(obl);
  const sin_obl = Math.sin(obl);
  return [
    pos[0],
    pos[1] * cos_obl - pos[2] * sin_obl,
    pos[1] * sin_obl + pos[2] * cos_obl
  ];
}
function ecl2equ_vec(time, pos) {
  return obl_ecl2equ_vec(mean_obliq(time), pos);
}
var CalcMoonCount = 0;
function CalcMoon(time) {
  ++CalcMoonCount;
  const T3 = time.tt / 36525;
  function DeclareArray1(xmin, xmax) {
    const array = [];
    let i4;
    for (i4 = 0; i4 <= xmax - xmin; ++i4) {
      array.push(0);
    }
    return { min: xmin, array };
  }
  function DeclareArray2(xmin, xmax, ymin, ymax) {
    const array = [];
    for (let i4 = 0; i4 <= xmax - xmin; ++i4) {
      array.push(DeclareArray1(ymin, ymax));
    }
    return { min: xmin, array };
  }
  function ArrayGet2(a4, x3, y4) {
    const m4 = a4.array[x3 - a4.min];
    return m4.array[y4 - m4.min];
  }
  function ArraySet2(a4, x3, y4, v4) {
    const m4 = a4.array[x3 - a4.min];
    m4.array[y4 - m4.min] = v4;
  }
  let S2, MAX, ARG, FAC, I3, J3, T22, DGAM, DLAM, N3, GAM1C, SINPI, L0, L2, LS, F2, D4, DL0, DL, DLS, DF, DD, DS;
  let coArray = DeclareArray2(-6, 6, 1, 4);
  let siArray = DeclareArray2(-6, 6, 1, 4);
  function CO(x3, y4) {
    return ArrayGet2(coArray, x3, y4);
  }
  function SI(x3, y4) {
    return ArrayGet2(siArray, x3, y4);
  }
  function SetCO(x3, y4, v4) {
    return ArraySet2(coArray, x3, y4, v4);
  }
  function SetSI(x3, y4, v4) {
    return ArraySet2(siArray, x3, y4, v4);
  }
  function AddThe(c1, s1, c22, s22, func) {
    func(c1 * c22 - s1 * s22, s1 * c22 + c1 * s22);
  }
  function Sine(phi) {
    return Math.sin(PI2 * phi);
  }
  T22 = T3 * T3;
  DLAM = 0;
  DS = 0;
  GAM1C = 0;
  SINPI = 3422.7;
  var S1 = Sine(0.19833 + 0.05611 * T3);
  var S22 = Sine(0.27869 + 0.04508 * T3);
  var S3 = Sine(0.16827 - 0.36903 * T3);
  var S4 = Sine(0.34734 - 5.37261 * T3);
  var S5 = Sine(0.10498 - 5.37899 * T3);
  var S6 = Sine(0.42681 - 0.41855 * T3);
  var S7 = Sine(0.14943 - 5.37511 * T3);
  DL0 = 0.84 * S1 + 0.31 * S22 + 14.27 * S3 + 7.26 * S4 + 0.28 * S5 + 0.24 * S6;
  DL = 2.94 * S1 + 0.31 * S22 + 14.27 * S3 + 9.34 * S4 + 1.12 * S5 + 0.83 * S6;
  DLS = -6.4 * S1 - 1.89 * S6;
  DF = 0.21 * S1 + 0.31 * S22 + 14.27 * S3 - 88.7 * S4 - 15.3 * S5 + 0.24 * S6 - 1.86 * S7;
  DD = DL0 - DLS;
  DGAM = -3332e-9 * Sine(0.59734 - 5.37261 * T3) - 539e-9 * Sine(0.35498 - 5.37899 * T3) - 64e-9 * Sine(0.39943 - 5.37511 * T3);
  L0 = PI2 * Frac(0.60643382 + 1336.85522467 * T3 - 313e-8 * T22) + DL0 / ARC;
  L2 = PI2 * Frac(0.37489701 + 1325.55240982 * T3 + 2565e-8 * T22) + DL / ARC;
  LS = PI2 * Frac(0.99312619 + 99.99735956 * T3 - 44e-8 * T22) + DLS / ARC;
  F2 = PI2 * Frac(0.25909118 + 1342.2278298 * T3 - 892e-8 * T22) + DF / ARC;
  D4 = PI2 * Frac(0.82736186 + 1236.85308708 * T3 - 397e-8 * T22) + DD / ARC;
  for (I3 = 1; I3 <= 4; ++I3) {
    switch (I3) {
      case 1:
        ARG = L2;
        MAX = 4;
        FAC = 1.000002208;
        break;
      case 2:
        ARG = LS;
        MAX = 3;
        FAC = 0.997504612 - 2495388e-9 * T3;
        break;
      case 3:
        ARG = F2;
        MAX = 4;
        FAC = 1.000002708 + 139.978 * DGAM;
        break;
      case 4:
        ARG = D4;
        MAX = 6;
        FAC = 1;
        break;
      default:
        throw `Internal error: I = ${I3}`;
    }
    SetCO(0, I3, 1);
    SetCO(1, I3, Math.cos(ARG) * FAC);
    SetSI(0, I3, 0);
    SetSI(1, I3, Math.sin(ARG) * FAC);
    for (J3 = 2; J3 <= MAX; ++J3) {
      AddThe(CO(J3 - 1, I3), SI(J3 - 1, I3), CO(1, I3), SI(1, I3), (c4, s4) => (SetCO(J3, I3, c4), SetSI(J3, I3, s4)));
    }
    for (J3 = 1; J3 <= MAX; ++J3) {
      SetCO(-J3, I3, CO(J3, I3));
      SetSI(-J3, I3, -SI(J3, I3));
    }
  }
  function Term(p4, q3, r4, s4) {
    var result = { x: 1, y: 0 };
    var I4 = [0, p4, q3, r4, s4];
    for (var k4 = 1; k4 <= 4; ++k4)
      if (I4[k4] !== 0)
        AddThe(result.x, result.y, CO(I4[k4], k4), SI(I4[k4], k4), (c4, s5) => (result.x = c4, result.y = s5));
    return result;
  }
  function AddSol(coeffl, coeffs, coeffg, coeffp, p4, q3, r4, s4) {
    var result = Term(p4, q3, r4, s4);
    DLAM += coeffl * result.y;
    DS += coeffs * result.y;
    GAM1C += coeffg * result.x;
    SINPI += coeffp * result.x;
  }
  AddSol(13.902, 14.06, -1e-3, 0.2607, 0, 0, 0, 4);
  AddSol(0.403, -4.01, 0.394, 23e-4, 0, 0, 0, 3);
  AddSol(2369.912, 2373.36, 0.601, 28.2333, 0, 0, 0, 2);
  AddSol(-125.154, -112.79, -0.725, -0.9781, 0, 0, 0, 1);
  AddSol(1.979, 6.98, -0.445, 0.0433, 1, 0, 0, 4);
  AddSol(191.953, 192.72, 0.029, 3.0861, 1, 0, 0, 2);
  AddSol(-8.466, -13.51, 0.455, -0.1093, 1, 0, 0, 1);
  AddSol(22639.5, 22609.07, 0.079, 186.5398, 1, 0, 0, 0);
  AddSol(18.609, 3.59, -0.094, 0.0118, 1, 0, 0, -1);
  AddSol(-4586.465, -4578.13, -0.077, 34.3117, 1, 0, 0, -2);
  AddSol(3.215, 5.44, 0.192, -0.0386, 1, 0, 0, -3);
  AddSol(-38.428, -38.64, 1e-3, 0.6008, 1, 0, 0, -4);
  AddSol(-0.393, -1.43, -0.092, 86e-4, 1, 0, 0, -6);
  AddSol(-0.289, -1.59, 0.123, -53e-4, 0, 1, 0, 4);
  AddSol(-24.42, -25.1, 0.04, -0.3, 0, 1, 0, 2);
  AddSol(18.023, 17.93, 7e-3, 0.1494, 0, 1, 0, 1);
  AddSol(-668.146, -126.98, -1.302, -0.3997, 0, 1, 0, 0);
  AddSol(0.56, 0.32, -1e-3, -37e-4, 0, 1, 0, -1);
  AddSol(-165.145, -165.06, 0.054, 1.9178, 0, 1, 0, -2);
  AddSol(-1.877, -6.46, -0.416, 0.0339, 0, 1, 0, -4);
  AddSol(0.213, 1.02, -0.074, 54e-4, 2, 0, 0, 4);
  AddSol(14.387, 14.78, -0.017, 0.2833, 2, 0, 0, 2);
  AddSol(-0.586, -1.2, 0.054, -0.01, 2, 0, 0, 1);
  AddSol(769.016, 767.96, 0.107, 10.1657, 2, 0, 0, 0);
  AddSol(1.75, 2.01, -0.018, 0.0155, 2, 0, 0, -1);
  AddSol(-211.656, -152.53, 5.679, -0.3039, 2, 0, 0, -2);
  AddSol(1.225, 0.91, -0.03, -88e-4, 2, 0, 0, -3);
  AddSol(-30.773, -34.07, -0.308, 0.3722, 2, 0, 0, -4);
  AddSol(-0.57, -1.4, -0.074, 0.0109, 2, 0, 0, -6);
  AddSol(-2.921, -11.75, 0.787, -0.0484, 1, 1, 0, 2);
  AddSol(1.267, 1.52, -0.022, 0.0164, 1, 1, 0, 1);
  AddSol(-109.673, -115.18, 0.461, -0.949, 1, 1, 0, 0);
  AddSol(-205.962, -182.36, 2.056, 1.4437, 1, 1, 0, -2);
  AddSol(0.233, 0.36, 0.012, -25e-4, 1, 1, 0, -3);
  AddSol(-4.391, -9.66, -0.471, 0.0673, 1, 1, 0, -4);
  AddSol(0.283, 1.53, -0.111, 6e-3, 1, -1, 0, 4);
  AddSol(14.577, 31.7, -1.54, 0.2302, 1, -1, 0, 2);
  AddSol(147.687, 138.76, 0.679, 1.1528, 1, -1, 0, 0);
  AddSol(-1.089, 0.55, 0.021, 0, 1, -1, 0, -1);
  AddSol(28.475, 23.59, -0.443, -0.2257, 1, -1, 0, -2);
  AddSol(-0.276, -0.38, -6e-3, -36e-4, 1, -1, 0, -3);
  AddSol(0.636, 2.27, 0.146, -0.0102, 1, -1, 0, -4);
  AddSol(-0.189, -1.68, 0.131, -28e-4, 0, 2, 0, 2);
  AddSol(-7.486, -0.66, -0.037, -86e-4, 0, 2, 0, 0);
  AddSol(-8.096, -16.35, -0.74, 0.0918, 0, 2, 0, -2);
  AddSol(-5.741, -0.04, 0, -9e-4, 0, 0, 2, 2);
  AddSol(0.255, 0, 0, 0, 0, 0, 2, 1);
  AddSol(-411.608, -0.2, 0, -0.0124, 0, 0, 2, 0);
  AddSol(0.584, 0.84, 0, 71e-4, 0, 0, 2, -1);
  AddSol(-55.173, -52.14, 0, -0.1052, 0, 0, 2, -2);
  AddSol(0.254, 0.25, 0, -17e-4, 0, 0, 2, -3);
  AddSol(0.025, -1.67, 0, 31e-4, 0, 0, 2, -4);
  AddSol(1.06, 2.96, -0.166, 0.0243, 3, 0, 0, 2);
  AddSol(36.124, 50.64, -1.3, 0.6215, 3, 0, 0, 0);
  AddSol(-13.193, -16.4, 0.258, -0.1187, 3, 0, 0, -2);
  AddSol(-1.187, -0.74, 0.042, 74e-4, 3, 0, 0, -4);
  AddSol(-0.293, -0.31, -2e-3, 46e-4, 3, 0, 0, -6);
  AddSol(-0.29, -1.45, 0.116, -51e-4, 2, 1, 0, 2);
  AddSol(-7.649, -10.56, 0.259, -0.1038, 2, 1, 0, 0);
  AddSol(-8.627, -7.59, 0.078, -0.0192, 2, 1, 0, -2);
  AddSol(-2.74, -2.54, 0.022, 0.0324, 2, 1, 0, -4);
  AddSol(1.181, 3.32, -0.212, 0.0213, 2, -1, 0, 2);
  AddSol(9.703, 11.67, -0.151, 0.1268, 2, -1, 0, 0);
  AddSol(-0.352, -0.37, 1e-3, -28e-4, 2, -1, 0, -1);
  AddSol(-2.494, -1.17, -3e-3, -17e-4, 2, -1, 0, -2);
  AddSol(0.36, 0.2, -0.012, -43e-4, 2, -1, 0, -4);
  AddSol(-1.167, -1.25, 8e-3, -0.0106, 1, 2, 0, 0);
  AddSol(-7.412, -6.12, 0.117, 0.0484, 1, 2, 0, -2);
  AddSol(-0.311, -0.65, -0.032, 44e-4, 1, 2, 0, -4);
  AddSol(0.757, 1.82, -0.105, 0.0112, 1, -2, 0, 2);
  AddSol(2.58, 2.32, 0.027, 0.0196, 1, -2, 0, 0);
  AddSol(2.533, 2.4, -0.014, -0.0212, 1, -2, 0, -2);
  AddSol(-0.344, -0.57, -0.025, 36e-4, 0, 3, 0, -2);
  AddSol(-0.992, -0.02, 0, 0, 1, 0, 2, 2);
  AddSol(-45.099, -0.02, 0, -1e-3, 1, 0, 2, 0);
  AddSol(-0.179, -9.52, 0, -0.0833, 1, 0, 2, -2);
  AddSol(-0.301, -0.33, 0, 14e-4, 1, 0, 2, -4);
  AddSol(-6.382, -3.37, 0, -0.0481, 1, 0, -2, 2);
  AddSol(39.528, 85.13, 0, -0.7136, 1, 0, -2, 0);
  AddSol(9.366, 0.71, 0, -0.0112, 1, 0, -2, -2);
  AddSol(0.202, 0.02, 0, 0, 1, 0, -2, -4);
  AddSol(0.415, 0.1, 0, 13e-4, 0, 1, 2, 0);
  AddSol(-2.152, -2.26, 0, -66e-4, 0, 1, 2, -2);
  AddSol(-1.44, -1.3, 0, 14e-4, 0, 1, -2, 2);
  AddSol(0.384, -0.04, 0, 0, 0, 1, -2, -2);
  AddSol(1.938, 3.6, -0.145, 0.0401, 4, 0, 0, 0);
  AddSol(-0.952, -1.58, 0.052, -0.013, 4, 0, 0, -2);
  AddSol(-0.551, -0.94, 0.032, -97e-4, 3, 1, 0, 0);
  AddSol(-0.482, -0.57, 5e-3, -45e-4, 3, 1, 0, -2);
  AddSol(0.681, 0.96, -0.026, 0.0115, 3, -1, 0, 0);
  AddSol(-0.297, -0.27, 2e-3, -9e-4, 2, 2, 0, -2);
  AddSol(0.254, 0.21, -3e-3, 0, 2, -2, 0, -2);
  AddSol(-0.25, -0.22, 4e-3, 14e-4, 1, 3, 0, -2);
  AddSol(-3.996, 0, 0, 4e-4, 2, 0, 2, 0);
  AddSol(0.557, -0.75, 0, -9e-3, 2, 0, 2, -2);
  AddSol(-0.459, -0.38, 0, -53e-4, 2, 0, -2, 2);
  AddSol(-1.298, 0.74, 0, 4e-4, 2, 0, -2, 0);
  AddSol(0.538, 1.14, 0, -0.0141, 2, 0, -2, -2);
  AddSol(0.263, 0.02, 0, 0, 1, 1, 2, 0);
  AddSol(0.426, 0.07, 0, -6e-4, 1, 1, -2, -2);
  AddSol(-0.304, 0.03, 0, 3e-4, 1, -1, 2, 0);
  AddSol(-0.372, -0.19, 0, -27e-4, 1, -1, -2, 2);
  AddSol(0.418, 0, 0, 0, 0, 0, 4, 0);
  AddSol(-0.33, -0.04, 0, 0, 3, 0, 2, 0);
  function ADDN(coeffn, p4, q3, r4, s4) {
    return coeffn * Term(p4, q3, r4, s4).y;
  }
  N3 = 0;
  N3 += ADDN(-526.069, 0, 0, 1, -2);
  N3 += ADDN(-3.352, 0, 0, 1, -4);
  N3 += ADDN(44.297, 1, 0, 1, -2);
  N3 += ADDN(-6, 1, 0, 1, -4);
  N3 += ADDN(20.599, -1, 0, 1, 0);
  N3 += ADDN(-30.598, -1, 0, 1, -2);
  N3 += ADDN(-24.649, -2, 0, 1, 0);
  N3 += ADDN(-2, -2, 0, 1, -2);
  N3 += ADDN(-22.571, 0, 1, 1, -2);
  N3 += ADDN(10.985, 0, -1, 1, -2);
  DLAM += 0.82 * Sine(0.7736 - 62.5512 * T3) + 0.31 * Sine(0.0466 - 125.1025 * T3) + 0.35 * Sine(0.5785 - 25.1042 * T3) + 0.66 * Sine(0.4591 + 1335.8075 * T3) + 0.64 * Sine(0.313 - 91.568 * T3) + 1.14 * Sine(0.148 + 1331.2898 * T3) + 0.21 * Sine(0.5918 + 1056.5859 * T3) + 0.44 * Sine(0.5784 + 1322.8595 * T3) + 0.24 * Sine(0.2275 - 5.7374 * T3) + 0.28 * Sine(0.2965 + 2.6929 * T3) + 0.33 * Sine(0.3132 + 6.3368 * T3);
  S2 = F2 + DS / ARC;
  let lat_seconds = (1.000002708 + 139.978 * DGAM) * (18518.511 + 1.189 + GAM1C) * Math.sin(S2) - 6.24 * Math.sin(3 * S2) + N3;
  return {
    geo_eclip_lon: PI2 * Frac((L0 + DLAM / ARC) / PI2),
    geo_eclip_lat: Math.PI / (180 * 3600) * lat_seconds,
    distance_au: ARC * EARTH_EQUATORIAL_RADIUS_AU / (0.999953253 * SINPI)
  };
}
function rotate(rot, vec) {
  return [
    rot.rot[0][0] * vec[0] + rot.rot[1][0] * vec[1] + rot.rot[2][0] * vec[2],
    rot.rot[0][1] * vec[0] + rot.rot[1][1] * vec[1] + rot.rot[2][1] * vec[2],
    rot.rot[0][2] * vec[0] + rot.rot[1][2] * vec[1] + rot.rot[2][2] * vec[2]
  ];
}
function precession(pos, time, dir) {
  const r4 = precession_rot(time, dir);
  return rotate(r4, pos);
}
function precession_rot(time, dir) {
  const t4 = time.tt / 36525;
  let eps0 = 84381.406;
  let psia = ((((-951e-10 * t4 + 132851e-9) * t4 - 114045e-8) * t4 - 1.0790069) * t4 + 5038.481507) * t4;
  let omegaa = ((((3337e-10 * t4 - 467e-9) * t4 - 772503e-8) * t4 + 0.0512623) * t4 - 0.025754) * t4 + eps0;
  let chia = ((((-56e-9 * t4 + 170663e-9) * t4 - 121197e-8) * t4 - 2.3814292) * t4 + 10.556403) * t4;
  eps0 *= ASEC2RAD;
  psia *= ASEC2RAD;
  omegaa *= ASEC2RAD;
  chia *= ASEC2RAD;
  const sa = Math.sin(eps0);
  const ca = Math.cos(eps0);
  const sb = Math.sin(-psia);
  const cb = Math.cos(-psia);
  const sc = Math.sin(-omegaa);
  const cc = Math.cos(-omegaa);
  const sd = Math.sin(chia);
  const cd = Math.cos(chia);
  const xx = cd * cb - sb * sd * cc;
  const yx = cd * sb * ca + sd * cc * cb * ca - sa * sd * sc;
  const zx = cd * sb * sa + sd * cc * cb * sa + ca * sd * sc;
  const xy = -sd * cb - sb * cd * cc;
  const yy = -sd * sb * ca + cd * cc * cb * ca - sa * cd * sc;
  const zy = -sd * sb * sa + cd * cc * cb * sa + ca * cd * sc;
  const xz = sb * sc;
  const yz = -sc * cb * ca - sa * cc;
  const zz = -sc * cb * sa + cc * ca;
  if (dir === PrecessDirection.Into2000) {
    return new RotationMatrix([
      [xx, yx, zx],
      [xy, yy, zy],
      [xz, yz, zz]
    ]);
  }
  if (dir === PrecessDirection.From2000) {
    return new RotationMatrix([
      [xx, xy, xz],
      [yx, yy, yz],
      [zx, zy, zz]
    ]);
  }
  throw "Invalid precess direction";
}
function era(time) {
  const thet1 = 0.779057273264 + 0.00273781191135448 * time.ut;
  const thet3 = time.ut % 1;
  let theta = 360 * ((thet1 + thet3) % 1);
  if (theta < 0) {
    theta += 360;
  }
  return theta;
}
var sidereal_time_cache;
function sidereal_time(time) {
  if (!sidereal_time_cache || sidereal_time_cache.tt !== time.tt) {
    const t4 = time.tt / 36525;
    let eqeq = 15 * e_tilt(time).ee;
    const theta = era(time);
    const st = eqeq + 0.014506 + ((((-368e-10 * t4 - 29956e-9) * t4 - 44e-8) * t4 + 1.3915817) * t4 + 4612.156534) * t4;
    let gst = (st / 3600 + theta) % 360 / 15;
    if (gst < 0) {
      gst += 24;
    }
    sidereal_time_cache = {
      tt: time.tt,
      st: gst
    };
  }
  return sidereal_time_cache.st;
}
function SiderealTime(date) {
  const time = MakeTime(date);
  return sidereal_time(time);
}
function nutation(pos, time, dir) {
  const r4 = nutation_rot(time, dir);
  return rotate(r4, pos);
}
function nutation_rot(time, dir) {
  const tilt = e_tilt(time);
  const oblm = tilt.mobl * DEG2RAD;
  const oblt = tilt.tobl * DEG2RAD;
  const psi = tilt.dpsi * ASEC2RAD;
  const cobm = Math.cos(oblm);
  const sobm = Math.sin(oblm);
  const cobt = Math.cos(oblt);
  const sobt = Math.sin(oblt);
  const cpsi = Math.cos(psi);
  const spsi = Math.sin(psi);
  const xx = cpsi;
  const yx = -spsi * cobm;
  const zx = -spsi * sobm;
  const xy = spsi * cobt;
  const yy = cpsi * cobm * cobt + sobm * sobt;
  const zy = cpsi * sobm * cobt - cobm * sobt;
  const xz = spsi * sobt;
  const yz = cpsi * cobm * sobt - sobm * cobt;
  const zz = cpsi * sobm * sobt + cobm * cobt;
  if (dir === PrecessDirection.From2000) {
    return new RotationMatrix([
      [xx, xy, xz],
      [yx, yy, yz],
      [zx, zy, zz]
    ]);
  }
  if (dir === PrecessDirection.Into2000) {
    return new RotationMatrix([
      [xx, yx, zx],
      [xy, yy, zy],
      [xz, yz, zz]
    ]);
  }
  throw "Invalid precess direction";
}
var Vector = class {
  constructor(x3, y4, z4, t4) {
    this.x = x3;
    this.y = y4;
    this.z = z4;
    this.t = t4;
  }
  /**
   * Returns the length of the vector in astronomical units (AU).
   * @returns {number}
   */
  Length() {
    return Math.hypot(this.x, this.y, this.z);
  }
};
var StateVector = class {
  constructor(x3, y4, z4, vx, vy, vz, t4) {
    this.x = x3;
    this.y = y4;
    this.z = z4;
    this.vx = vx;
    this.vy = vy;
    this.vz = vz;
    this.t = t4;
  }
};
var Spherical = class {
  constructor(lat, lon, dist) {
    this.lat = VerifyNumber(lat);
    this.lon = VerifyNumber(lon);
    this.dist = VerifyNumber(dist);
  }
};
var RotationMatrix = class {
  constructor(rot) {
    this.rot = rot;
  }
};
var EclipticCoordinates = class {
  constructor(vec, elat, elon) {
    this.vec = vec;
    this.elat = VerifyNumber(elat);
    this.elon = VerifyNumber(elon);
  }
};
function VectorFromArray(av, time) {
  return new Vector(av[0], av[1], av[2], time);
}
function RotateEquatorialToEcliptic(equ, cos_ob, sin_ob) {
  const ex = equ.x;
  const ey = equ.y * cos_ob + equ.z * sin_ob;
  const ez = -equ.y * sin_ob + equ.z * cos_ob;
  const xyproj = Math.hypot(ex, ey);
  let elon = 0;
  if (xyproj > 0) {
    elon = RAD2DEG * Math.atan2(ey, ex);
    if (elon < 0)
      elon += 360;
  }
  let elat = RAD2DEG * Math.atan2(ez, xyproj);
  let ecl = new Vector(ex, ey, ez, equ.t);
  return new EclipticCoordinates(ecl, elat, elon);
}
function GeoMoon(date) {
  const time = MakeTime(date);
  const moon = CalcMoon(time);
  const dist_cos_lat = moon.distance_au * Math.cos(moon.geo_eclip_lat);
  const gepos = [
    dist_cos_lat * Math.cos(moon.geo_eclip_lon),
    dist_cos_lat * Math.sin(moon.geo_eclip_lon),
    moon.distance_au * Math.sin(moon.geo_eclip_lat)
  ];
  const mpos1 = ecl2equ_vec(time, gepos);
  const mpos2 = precession(mpos1, time, PrecessDirection.Into2000);
  return new Vector(mpos2[0], mpos2[1], mpos2[2], time);
}
function EclipticGeoMoon(date) {
  const time = MakeTime(date);
  const moon = CalcMoon(time);
  const dist_cos_lat = moon.distance_au * Math.cos(moon.geo_eclip_lat);
  const ecm = [
    dist_cos_lat * Math.cos(moon.geo_eclip_lon),
    dist_cos_lat * Math.sin(moon.geo_eclip_lon),
    moon.distance_au * Math.sin(moon.geo_eclip_lat)
  ];
  const et = e_tilt(time);
  const eqm = obl_ecl2equ_vec(et.mobl, ecm);
  const eqd = nutation(eqm, time, PrecessDirection.From2000);
  const eqd_vec = VectorFromArray(eqd, time);
  const toblRad = et.tobl * DEG2RAD;
  const cos_tobl = Math.cos(toblRad);
  const sin_tobl = Math.sin(toblRad);
  const eclip = RotateEquatorialToEcliptic(eqd_vec, cos_tobl, sin_tobl);
  return new Spherical(eclip.elat, eclip.elon, moon.distance_au);
}
function GeoMoonState(date) {
  const time = MakeTime(date);
  const dt = 1e-5;
  const t1 = time.AddDays(-dt);
  const t22 = time.AddDays(+dt);
  const r1 = GeoMoon(t1);
  const r22 = GeoMoon(t22);
  return new StateVector((r1.x + r22.x) / 2, (r1.y + r22.y) / 2, (r1.z + r22.z) / 2, (r22.x - r1.x) / (2 * dt), (r22.y - r1.y) / (2 * dt), (r22.z - r1.z) / (2 * dt), time);
}
function GeoEmbState(date) {
  const time = MakeTime(date);
  const s4 = GeoMoonState(time);
  const d4 = 1 + EARTH_MOON_MASS_RATIO;
  return new StateVector(s4.x / d4, s4.y / d4, s4.z / d4, s4.vx / d4, s4.vy / d4, s4.vz / d4, time);
}
function VsopFormula(formula, t4, clamp_angle) {
  let tpower = 1;
  let coord = 0;
  for (let series of formula) {
    let sum = 0;
    for (let [ampl, phas, freq] of series)
      sum += ampl * Math.cos(phas + t4 * freq);
    let incr = tpower * sum;
    if (clamp_angle)
      incr %= PI2;
    coord += incr;
    tpower *= t4;
  }
  return coord;
}
function VsopDeriv(formula, t4) {
  let tpower = 1;
  let dpower = 0;
  let deriv = 0;
  let s4 = 0;
  for (let series of formula) {
    let sin_sum = 0;
    let cos_sum = 0;
    for (let [ampl, phas, freq] of series) {
      let angle = phas + t4 * freq;
      sin_sum += ampl * freq * Math.sin(angle);
      if (s4 > 0)
        cos_sum += ampl * Math.cos(angle);
    }
    deriv += s4 * dpower * cos_sum - tpower * sin_sum;
    dpower = tpower;
    tpower *= t4;
    ++s4;
  }
  return deriv;
}
var DAYS_PER_MILLENNIUM = 365250;
var LON_INDEX = 0;
var LAT_INDEX = 1;
var RAD_INDEX = 2;
function VsopRotate(eclip) {
  return new TerseVector(eclip[0] + 44036e-11 * eclip[1] - 190919e-12 * eclip[2], -479966e-12 * eclip[0] + 0.917482137087 * eclip[1] - 0.397776982902 * eclip[2], 0.397776982902 * eclip[1] + 0.917482137087 * eclip[2]);
}
function VsopSphereToRect(lon, lat, radius) {
  const r_coslat = radius * Math.cos(lat);
  const coslon = Math.cos(lon);
  const sinlon = Math.sin(lon);
  return [
    r_coslat * coslon,
    r_coslat * sinlon,
    radius * Math.sin(lat)
  ];
}
function CalcVsop(model, time) {
  const t4 = time.tt / DAYS_PER_MILLENNIUM;
  const lon = VsopFormula(model[LON_INDEX], t4, true);
  const lat = VsopFormula(model[LAT_INDEX], t4, false);
  const rad = VsopFormula(model[RAD_INDEX], t4, false);
  const eclip = VsopSphereToRect(lon, lat, rad);
  return VsopRotate(eclip).ToAstroVector(time);
}
function CalcVsopPosVel(model, tt) {
  const t4 = tt / DAYS_PER_MILLENNIUM;
  const lon = VsopFormula(model[LON_INDEX], t4, true);
  const lat = VsopFormula(model[LAT_INDEX], t4, false);
  const rad = VsopFormula(model[RAD_INDEX], t4, false);
  const dlon_dt = VsopDeriv(model[LON_INDEX], t4);
  const dlat_dt = VsopDeriv(model[LAT_INDEX], t4);
  const drad_dt = VsopDeriv(model[RAD_INDEX], t4);
  const coslon = Math.cos(lon);
  const sinlon = Math.sin(lon);
  const coslat = Math.cos(lat);
  const sinlat = Math.sin(lat);
  const vx = +(drad_dt * coslat * coslon) - rad * sinlat * coslon * dlat_dt - rad * coslat * sinlon * dlon_dt;
  const vy = +(drad_dt * coslat * sinlon) - rad * sinlat * sinlon * dlat_dt + rad * coslat * coslon * dlon_dt;
  const vz = +(drad_dt * sinlat) + rad * coslat * dlat_dt;
  const eclip_pos = VsopSphereToRect(lon, lat, rad);
  const eclip_vel = [
    vx / DAYS_PER_MILLENNIUM,
    vy / DAYS_PER_MILLENNIUM,
    vz / DAYS_PER_MILLENNIUM
  ];
  const equ_pos = VsopRotate(eclip_pos);
  const equ_vel = VsopRotate(eclip_vel);
  return new body_state_t(tt, equ_pos, equ_vel);
}
function AdjustBarycenter(ssb, time, body, pmass) {
  const shift = pmass / (pmass + SUN_GM);
  const planet = CalcVsop(vsop[body], time);
  ssb.x += shift * planet.x;
  ssb.y += shift * planet.y;
  ssb.z += shift * planet.z;
}
function CalcSolarSystemBarycenter(time) {
  const ssb = new Vector(0, 0, 0, time);
  AdjustBarycenter(ssb, time, Body.Jupiter, JUPITER_GM);
  AdjustBarycenter(ssb, time, Body.Saturn, SATURN_GM);
  AdjustBarycenter(ssb, time, Body.Uranus, URANUS_GM);
  AdjustBarycenter(ssb, time, Body.Neptune, NEPTUNE_GM);
  return ssb;
}
var PLUTO_NUM_STATES = 51;
var PLUTO_TIME_STEP = 29200;
var PLUTO_DT = 146;
var PLUTO_NSTEPS = 201;
var PlutoStateTable = [
  [-73e4, [-26.118207232108, -14.376168177825, 3.384402515299], [0.0016339372163656, -0.0027861699588508, -0.0013585880229445]],
  [-700800, [41.974905202127, -0.448502952929, -12.770351505989], [73458569351457e-17, 0.0022785014891658, 48619778602049e-17]],
  [-671600, [14.706930780744, 44.269110540027, 9.353698474772], [-0.00210001479998, 22295915939915e-17, 70143443551414e-17]],
  [-642400, [-29.441003929957, -6.43016153057, 6.858481011305], [84495803960544e-17, -0.0030783914758711, -0.0012106305981192]],
  [-613200, [39.444396946234, -6.557989760571, -13.913760296463], [0.0011480029005873, 0.0022400006880665, 35168075922288e-17]],
  [-584e3, [20.2303809507, 43.266966657189, 7.382966091923], [-0.0019754081700585, 53457141292226e-17, 75929169129793e-17]],
  [-554800, [-30.65832536462, 2.093818874552, 9.880531138071], [61010603013347e-18, -0.0031326500935382, -99346125151067e-17]],
  [-525600, [35.737703251673, -12.587706024764, -14.677847247563], [0.0015802939375649, 0.0021347678412429, 19074436384343e-17]],
  [-496400, [25.466295188546, 41.367478338417, 5.216476873382], [-0.0018054401046468, 8328308359951e-16, 80260156912107e-17]],
  [-467200, [-29.847174904071, 10.636426313081, 12.297904180106], [-63257063052907e-17, -0.0029969577578221, -74476074151596e-17]],
  [-438e3, [30.774692107687, -18.236637015304, -14.945535879896], [0.0020113162005465, 0.0019353827024189, -20937793168297e-19]],
  [-408800, [30.243153324028, 38.656267888503, 2.938501750218], [-0.0016052508674468, 0.0011183495337525, 83333973416824e-17]],
  [-379600, [-27.288984772533, 18.643162147874, 14.023633623329], [-0.0011856388898191, -0.0027170609282181, -49015526126399e-17]],
  [-350400, [24.519605196774, -23.245756064727, -14.626862367368], [0.0024322321483154, 0.0016062008146048, -23369181613312e-17]],
  [-321200, [34.505274805875, 35.125338586954, 0.557361475637], [-0.0013824391637782, 0.0013833397561817, 84823598806262e-17]],
  [-292e3, [-23.275363915119, 25.818514298769, 15.055381588598], [-0.0016062295460975, -0.0023395961498533, -24377362639479e-17]],
  [-262800, [17.050384798092, -27.180376290126, -13.608963321694], [0.0028175521080578, 0.0011358749093955, -49548725258825e-17]],
  [-233600, [38.093671910285, 30.880588383337, -1.843688067413], [-0.0011317697153459, 0.0016128814698472, 84177586176055e-17]],
  [-204400, [-18.197852930878, 31.932869934309, 15.438294826279], [-0.0019117272501813, -0.0019146495909842, -19657304369835e-18]],
  [-175200, [8.528924039997, -29.618422200048, -11.805400994258], [0.0031034370787005, 5139363329243e-16, -77293066202546e-17]],
  [-146e3, [40.94685725864, 25.904973592021, -4.256336240499], [-83652705194051e-17, 0.0018129497136404, 8156422827306e-16]],
  [-116800, [-12.326958895325, 36.881883446292, 15.217158258711], [-0.0021166103705038, -0.001481442003599, 17401209844705e-17]],
  [-87600, [-0.633258375909, -30.018759794709, -9.17193287495], [0.0032016994581737, -25279858672148e-17, -0.0010411088271861]],
  [-58400, [42.936048423883, 20.344685584452, -6.588027007912], [-50525450073192e-17, 0.0019910074335507, 77440196540269e-17]],
  [-29200, [-5.975910552974, 40.61180995846, 14.470131723673], [-0.0022184202156107, -0.0010562361130164, 33652250216211e-17]],
  [0, [-9.875369580774, -27.978926224737, -5.753711824704], [0.0030287533248818, -0.0011276087003636, -0.0012651326732361]],
  [29200, [43.958831986165, 14.214147973292, -8.808306227163], [-14717608981871e-17, 0.0021404187242141, 71486567806614e-17]],
  [58400, [0.67813676352, 43.094461639362, 13.243238780721], [-0.0022358226110718, -63233636090933e-17, 47664798895648e-17]],
  [87600, [-18.282602096834, -23.30503958666, -1.766620508028], [0.0025567245263557, -0.0019902940754171, -0.0013943491701082]],
  [116800, [43.873338744526, 7.700705617215, -10.814273666425], [23174803055677e-17, 0.0022402163127924, 62988756452032e-17]],
  [146e3, [7.392949027906, 44.382678951534, 11.629500214854], [-0.002193281545383, -21751799585364e-17, 59556516201114e-17]],
  [175200, [-24.981690229261, -16.204012851426, 2.466457544298], [0.001819398914958, -0.0026765419531201, -0.0013848283502247]],
  [204400, [42.530187039511, 0.845935508021, -12.554907527683], [65059779150669e-17, 0.0022725657282262, 51133743202822e-17]],
  [233600, [13.999526486822, 44.462363044894, 9.669418486465], [-0.0021079296569252, 17533423831993e-17, 69128485798076e-17]],
  [262800, [-29.184024803031, -7.371243995762, 6.493275957928], [93581363109681e-17, -0.0030610357109184, -0.0012364201089345]],
  [292e3, [39.831980671753, -6.078405766765, -13.909815358656], [0.0011117769689167, 0.0022362097830152, 36230548231153e-17]],
  [321200, [20.294955108476, 43.417190420251, 7.450091985932], [-0.0019742157451535, 53102050468554e-17, 75938408813008e-17]],
  [350400, [-30.66999230216, 2.318743558955, 9.973480913858], [45605107450676e-18, -0.0031308219926928, -99066533301924e-17]],
  [379600, [35.626122155983, -12.897647509224, -14.777586508444], [0.0016015684949743, 0.0021171931182284, 18002516202204e-17]],
  [408800, [26.133186148561, 41.232139187599, 5.00640132622], [-0.0017857704419579, 86046232702817e-17, 80614690298954e-17]],
  [438e3, [-29.57674022923, 11.863535943587, 12.631323039872], [-72292830060955e-17, -0.0029587820140709, -708242964503e-15]],
  [467200, [29.910805787391, -19.159019294, -15.013363865194], [0.0020871080437997, 0.0018848372554514, -38528655083926e-18]],
  [496400, [31.375957451819, 38.050372720763, 2.433138343754], [-0.0015546055556611, 0.0011699815465629, 83565439266001e-17]],
  [525600, [-26.360071336928, 20.662505904952, 14.414696258958], [-0.0013142373118349, -0.0026236647854842, -42542017598193e-17]],
  [554800, [22.599441488648, -24.508879898306, -14.484045731468], [0.0025454108304806, 0.0014917058755191, -30243665086079e-17]],
  [584e3, [35.877864013014, 33.894226366071, -0.224524636277], [-0.0012941245730845, 0.0014560427668319, 84762160640137e-17]],
  [613200, [-21.538149762417, 28.204068269761, 15.321973799534], [-0.001731211740901, -0.0021939631314577, -1631691327518e-16]],
  [642400, [13.971521374415, -28.339941764789, -13.083792871886], [0.0029334630526035, 91860931752944e-17, -59939422488627e-17]],
  [671600, [39.526942044143, 28.93989736011, -2.872799527539], [-0.0010068481658095, 0.001702113288809, 83578230511981e-17]],
  [700800, [-15.576200701394, 34.399412961275, 15.466033737854], [-0.0020098814612884, -0.0017191109825989, 70414782780416e-18]],
  [73e4, [4.24325283709, -30.118201690825, -10.707441231349], [0.0031725847067411, 1609846120227e-16, -90672150593868e-17]]
];
var TerseVector = class _TerseVector {
  constructor(x3, y4, z4) {
    this.x = x3;
    this.y = y4;
    this.z = z4;
  }
  clone() {
    return new _TerseVector(this.x, this.y, this.z);
  }
  ToAstroVector(t4) {
    return new Vector(this.x, this.y, this.z, t4);
  }
  static zero() {
    return new _TerseVector(0, 0, 0);
  }
  quadrature() {
    return this.x * this.x + this.y * this.y + this.z * this.z;
  }
  add(other) {
    return new _TerseVector(this.x + other.x, this.y + other.y, this.z + other.z);
  }
  sub(other) {
    return new _TerseVector(this.x - other.x, this.y - other.y, this.z - other.z);
  }
  incr(other) {
    this.x += other.x;
    this.y += other.y;
    this.z += other.z;
  }
  decr(other) {
    this.x -= other.x;
    this.y -= other.y;
    this.z -= other.z;
  }
  mul(scalar) {
    return new _TerseVector(scalar * this.x, scalar * this.y, scalar * this.z);
  }
  div(scalar) {
    return new _TerseVector(this.x / scalar, this.y / scalar, this.z / scalar);
  }
  mean(other) {
    return new _TerseVector((this.x + other.x) / 2, (this.y + other.y) / 2, (this.z + other.z) / 2);
  }
  neg() {
    return new _TerseVector(-this.x, -this.y, -this.z);
  }
};
var body_state_t = class _body_state_t {
  constructor(tt, r4, v4) {
    this.tt = tt;
    this.r = r4;
    this.v = v4;
  }
  clone() {
    return new _body_state_t(this.tt, this.r, this.v);
  }
  sub(other) {
    return new _body_state_t(this.tt, this.r.sub(other.r), this.v.sub(other.v));
  }
};
function BodyStateFromTable(entry) {
  let [tt, [rx, ry, rz], [vx, vy, vz]] = entry;
  return new body_state_t(tt, new TerseVector(rx, ry, rz), new TerseVector(vx, vy, vz));
}
function AdjustBarycenterPosVel(ssb, tt, body, planet_gm) {
  const shift = planet_gm / (planet_gm + SUN_GM);
  const planet = CalcVsopPosVel(vsop[body], tt);
  ssb.r.incr(planet.r.mul(shift));
  ssb.v.incr(planet.v.mul(shift));
  return planet;
}
function AccelerationIncrement(small_pos, gm, major_pos) {
  const delta = major_pos.sub(small_pos);
  const r22 = delta.quadrature();
  return delta.mul(gm / (r22 * Math.sqrt(r22)));
}
var major_bodies_t = class {
  constructor(tt) {
    let ssb = new body_state_t(tt, new TerseVector(0, 0, 0), new TerseVector(0, 0, 0));
    this.Jupiter = AdjustBarycenterPosVel(ssb, tt, Body.Jupiter, JUPITER_GM);
    this.Saturn = AdjustBarycenterPosVel(ssb, tt, Body.Saturn, SATURN_GM);
    this.Uranus = AdjustBarycenterPosVel(ssb, tt, Body.Uranus, URANUS_GM);
    this.Neptune = AdjustBarycenterPosVel(ssb, tt, Body.Neptune, NEPTUNE_GM);
    this.Jupiter.r.decr(ssb.r);
    this.Jupiter.v.decr(ssb.v);
    this.Saturn.r.decr(ssb.r);
    this.Saturn.v.decr(ssb.v);
    this.Uranus.r.decr(ssb.r);
    this.Uranus.v.decr(ssb.v);
    this.Neptune.r.decr(ssb.r);
    this.Neptune.v.decr(ssb.v);
    this.Sun = new body_state_t(tt, ssb.r.mul(-1), ssb.v.mul(-1));
  }
  Acceleration(pos) {
    let acc = AccelerationIncrement(pos, SUN_GM, this.Sun.r);
    acc.incr(AccelerationIncrement(pos, JUPITER_GM, this.Jupiter.r));
    acc.incr(AccelerationIncrement(pos, SATURN_GM, this.Saturn.r));
    acc.incr(AccelerationIncrement(pos, URANUS_GM, this.Uranus.r));
    acc.incr(AccelerationIncrement(pos, NEPTUNE_GM, this.Neptune.r));
    return acc;
  }
};
var body_grav_calc_t = class _body_grav_calc_t {
  constructor(tt, r4, v4, a4) {
    this.tt = tt;
    this.r = r4;
    this.v = v4;
    this.a = a4;
  }
  clone() {
    return new _body_grav_calc_t(this.tt, this.r.clone(), this.v.clone(), this.a.clone());
  }
};
var grav_sim_t = class {
  constructor(bary, grav) {
    this.bary = bary;
    this.grav = grav;
  }
};
function UpdatePosition(dt, r4, v4, a4) {
  return new TerseVector(r4.x + dt * (v4.x + dt * a4.x / 2), r4.y + dt * (v4.y + dt * a4.y / 2), r4.z + dt * (v4.z + dt * a4.z / 2));
}
function UpdateVelocity(dt, v4, a4) {
  return new TerseVector(v4.x + dt * a4.x, v4.y + dt * a4.y, v4.z + dt * a4.z);
}
function GravSim(tt2, calc1) {
  const dt = tt2 - calc1.tt;
  const bary2 = new major_bodies_t(tt2);
  const approx_pos = UpdatePosition(dt, calc1.r, calc1.v, calc1.a);
  const mean_acc = bary2.Acceleration(approx_pos).mean(calc1.a);
  const pos = UpdatePosition(dt, calc1.r, calc1.v, mean_acc);
  const vel = calc1.v.add(mean_acc.mul(dt));
  const acc = bary2.Acceleration(pos);
  const grav = new body_grav_calc_t(tt2, pos, vel, acc);
  return new grav_sim_t(bary2, grav);
}
var pluto_cache = [];
function ClampIndex(frac, nsteps) {
  const index = Math.floor(frac);
  if (index < 0)
    return 0;
  if (index >= nsteps)
    return nsteps - 1;
  return index;
}
function GravFromState(entry) {
  const state = BodyStateFromTable(entry);
  const bary = new major_bodies_t(state.tt);
  const r4 = state.r.add(bary.Sun.r);
  const v4 = state.v.add(bary.Sun.v);
  const a4 = bary.Acceleration(r4);
  const grav = new body_grav_calc_t(state.tt, r4, v4, a4);
  return new grav_sim_t(bary, grav);
}
function GetSegment(cache, tt) {
  const t0 = PlutoStateTable[0][0];
  if (tt < t0 || tt > PlutoStateTable[PLUTO_NUM_STATES - 1][0]) {
    return null;
  }
  const seg_index = ClampIndex((tt - t0) / PLUTO_TIME_STEP, PLUTO_NUM_STATES - 1);
  if (!cache[seg_index]) {
    const seg = cache[seg_index] = [];
    seg[0] = GravFromState(PlutoStateTable[seg_index]).grav;
    seg[PLUTO_NSTEPS - 1] = GravFromState(PlutoStateTable[seg_index + 1]).grav;
    let i4;
    let step_tt = seg[0].tt;
    for (i4 = 1; i4 < PLUTO_NSTEPS - 1; ++i4)
      seg[i4] = GravSim(step_tt += PLUTO_DT, seg[i4 - 1]).grav;
    step_tt = seg[PLUTO_NSTEPS - 1].tt;
    var reverse = [];
    reverse[PLUTO_NSTEPS - 1] = seg[PLUTO_NSTEPS - 1];
    for (i4 = PLUTO_NSTEPS - 2; i4 > 0; --i4)
      reverse[i4] = GravSim(step_tt -= PLUTO_DT, reverse[i4 + 1]).grav;
    for (i4 = PLUTO_NSTEPS - 2; i4 > 0; --i4) {
      const ramp = i4 / (PLUTO_NSTEPS - 1);
      seg[i4].r = seg[i4].r.mul(1 - ramp).add(reverse[i4].r.mul(ramp));
      seg[i4].v = seg[i4].v.mul(1 - ramp).add(reverse[i4].v.mul(ramp));
      seg[i4].a = seg[i4].a.mul(1 - ramp).add(reverse[i4].a.mul(ramp));
    }
  }
  return cache[seg_index];
}
function CalcPlutoOneWay(entry, target_tt, dt) {
  let sim = GravFromState(entry);
  const n2 = Math.ceil((target_tt - sim.grav.tt) / dt);
  for (let i4 = 0; i4 < n2; ++i4)
    sim = GravSim(i4 + 1 === n2 ? target_tt : sim.grav.tt + dt, sim.grav);
  return sim;
}
function CalcPluto(time, helio) {
  let r4, v4, bary;
  const seg = GetSegment(pluto_cache, time.tt);
  if (!seg) {
    let sim;
    if (time.tt < PlutoStateTable[0][0])
      sim = CalcPlutoOneWay(PlutoStateTable[0], time.tt, -PLUTO_DT);
    else
      sim = CalcPlutoOneWay(PlutoStateTable[PLUTO_NUM_STATES - 1], time.tt, +PLUTO_DT);
    r4 = sim.grav.r;
    v4 = sim.grav.v;
    bary = sim.bary;
  } else {
    const left = ClampIndex((time.tt - seg[0].tt) / PLUTO_DT, PLUTO_NSTEPS - 1);
    const s1 = seg[left];
    const s22 = seg[left + 1];
    const acc = s1.a.mean(s22.a);
    const ra = UpdatePosition(time.tt - s1.tt, s1.r, s1.v, acc);
    const va = UpdateVelocity(time.tt - s1.tt, s1.v, acc);
    const rb = UpdatePosition(time.tt - s22.tt, s22.r, s22.v, acc);
    const vb = UpdateVelocity(time.tt - s22.tt, s22.v, acc);
    const ramp = (time.tt - s1.tt) / PLUTO_DT;
    r4 = ra.mul(1 - ramp).add(rb.mul(ramp));
    v4 = va.mul(1 - ramp).add(vb.mul(ramp));
  }
  if (helio) {
    if (!bary)
      bary = new major_bodies_t(time.tt);
    r4 = r4.sub(bary.Sun.r);
    v4 = v4.sub(bary.Sun.v);
  }
  return new StateVector(r4.x, r4.y, r4.z, v4.x, v4.y, v4.z, time);
}
var Rotation_JUP_EQJ = new RotationMatrix([
  [0.999432765338654, -0.0336771074697641, 0],
  [0.0303959428906285, 0.902057912352809, 0.430543388542295],
  [-0.0144994559663353, -0.430299169409101, 0.902569881273754]
]);
function HelioVector(body, date) {
  var time = MakeTime(date);
  if (body in vsop)
    return CalcVsop(vsop[body], time);
  if (body === Body.Pluto) {
    const p4 = CalcPluto(time, true);
    return new Vector(p4.x, p4.y, p4.z, time);
  }
  if (body === Body.Sun)
    return new Vector(0, 0, 0, time);
  if (body === Body.Moon) {
    var e3 = CalcVsop(vsop.Earth, time);
    var m4 = GeoMoon(time);
    return new Vector(e3.x + m4.x, e3.y + m4.y, e3.z + m4.z, time);
  }
  if (body === Body.EMB) {
    const e4 = CalcVsop(vsop.Earth, time);
    const m5 = GeoMoon(time);
    const denom = 1 + EARTH_MOON_MASS_RATIO;
    return new Vector(e4.x + m5.x / denom, e4.y + m5.y / denom, e4.z + m5.z / denom, time);
  }
  if (body === Body.SSB)
    return CalcSolarSystemBarycenter(time);
  const star = UserDefinedStar(body);
  if (star) {
    const sphere = new Spherical(star.dec, 15 * star.ra, star.dist);
    return VectorFromSphere(sphere, time);
  }
  throw `HelioVector: Unknown body "${body}"`;
}
function CorrectLightTravel(func, time) {
  let ltime = time;
  let dt = 0;
  for (let iter = 0; iter < 10; ++iter) {
    const pos = func(ltime);
    const lt = pos.Length() / C_AUDAY;
    if (lt > 1)
      throw `Object is too distant for light-travel solver.`;
    const ltime2 = time.AddDays(-lt);
    dt = Math.abs(ltime2.tt - ltime.tt);
    if (dt < 1e-9)
      return pos;
    ltime = ltime2;
  }
  throw `Light-travel time solver did not converge: dt = ${dt}`;
}
var BodyPosition = class {
  constructor(observerBody, targetBody, aberration, observerPos) {
    this.observerBody = observerBody;
    this.targetBody = targetBody;
    this.aberration = aberration;
    this.observerPos = observerPos;
  }
  Position(time) {
    if (this.aberration) {
      this.observerPos = HelioVector(this.observerBody, time);
    } else {
    }
    const targetPos = HelioVector(this.targetBody, time);
    return new Vector(targetPos.x - this.observerPos.x, targetPos.y - this.observerPos.y, targetPos.z - this.observerPos.z, time);
  }
};
function BackdatePosition(date, observerBody, targetBody, aberration) {
  VerifyBoolean(aberration);
  const time = MakeTime(date);
  if (UserDefinedStar(targetBody)) {
    const tvec = HelioVector(targetBody, time);
    if (aberration) {
      const ostate = HelioState(observerBody, time);
      const rvec = new Vector(tvec.x - ostate.x, tvec.y - ostate.y, tvec.z - ostate.z, time);
      const s4 = C_AUDAY / rvec.Length();
      return new Vector(rvec.x + ostate.vx / s4, rvec.y + ostate.vy / s4, rvec.z + ostate.vz / s4, time);
    }
    const ovec = HelioVector(observerBody, time);
    return new Vector(tvec.x - ovec.x, tvec.y - ovec.y, tvec.z - ovec.z, time);
  }
  let observerPos;
  if (aberration) {
    observerPos = new Vector(0, 0, 0, time);
  } else {
    observerPos = HelioVector(observerBody, time);
  }
  const bpos = new BodyPosition(observerBody, targetBody, aberration, observerPos);
  return CorrectLightTravel((t4) => bpos.Position(t4), time);
}
function GeoVector(body, date, aberration) {
  VerifyBoolean(aberration);
  const time = MakeTime(date);
  switch (body) {
    case Body.Earth:
      return new Vector(0, 0, 0, time);
    case Body.Moon:
      return GeoMoon(time);
    default:
      const vec = BackdatePosition(time, Body.Earth, body, aberration);
      vec.t = time;
      return vec;
  }
}
function ExportState(terse, time) {
  return new StateVector(terse.r.x, terse.r.y, terse.r.z, terse.v.x, terse.v.y, terse.v.z, time);
}
function HelioState(body, date) {
  const time = MakeTime(date);
  switch (body) {
    case Body.Sun:
      return new StateVector(0, 0, 0, 0, 0, 0, time);
    case Body.SSB:
      const bary = new major_bodies_t(time.tt);
      return new StateVector(-bary.Sun.r.x, -bary.Sun.r.y, -bary.Sun.r.z, -bary.Sun.v.x, -bary.Sun.v.y, -bary.Sun.v.z, time);
    case Body.Mercury:
    case Body.Venus:
    case Body.Earth:
    case Body.Mars:
    case Body.Jupiter:
    case Body.Saturn:
    case Body.Uranus:
    case Body.Neptune:
      const planet = CalcVsopPosVel(vsop[body], time.tt);
      return ExportState(planet, time);
    case Body.Pluto:
      return CalcPluto(time, true);
    case Body.Moon:
    case Body.EMB:
      const earth = CalcVsopPosVel(vsop.Earth, time.tt);
      const state = body == Body.Moon ? GeoMoonState(time) : GeoEmbState(time);
      return new StateVector(state.x + earth.r.x, state.y + earth.r.y, state.z + earth.r.z, state.vx + earth.v.x, state.vy + earth.v.y, state.vz + earth.v.z, time);
    default:
      if (UserDefinedStar(body)) {
        const vec = HelioVector(body, time);
        return new StateVector(vec.x, vec.y, vec.z, 0, 0, 0, time);
      }
      throw `HelioState: Unsupported body "${body}"`;
  }
}
var ApsisKind;
(function(ApsisKind2) {
  ApsisKind2[ApsisKind2["Pericenter"] = 0] = "Pericenter";
  ApsisKind2[ApsisKind2["Apocenter"] = 1] = "Apocenter";
})(ApsisKind || (ApsisKind = {}));
function CombineRotation(a4, b3) {
  return new RotationMatrix([
    [
      b3.rot[0][0] * a4.rot[0][0] + b3.rot[1][0] * a4.rot[0][1] + b3.rot[2][0] * a4.rot[0][2],
      b3.rot[0][1] * a4.rot[0][0] + b3.rot[1][1] * a4.rot[0][1] + b3.rot[2][1] * a4.rot[0][2],
      b3.rot[0][2] * a4.rot[0][0] + b3.rot[1][2] * a4.rot[0][1] + b3.rot[2][2] * a4.rot[0][2]
    ],
    [
      b3.rot[0][0] * a4.rot[1][0] + b3.rot[1][0] * a4.rot[1][1] + b3.rot[2][0] * a4.rot[1][2],
      b3.rot[0][1] * a4.rot[1][0] + b3.rot[1][1] * a4.rot[1][1] + b3.rot[2][1] * a4.rot[1][2],
      b3.rot[0][2] * a4.rot[1][0] + b3.rot[1][2] * a4.rot[1][1] + b3.rot[2][2] * a4.rot[1][2]
    ],
    [
      b3.rot[0][0] * a4.rot[2][0] + b3.rot[1][0] * a4.rot[2][1] + b3.rot[2][0] * a4.rot[2][2],
      b3.rot[0][1] * a4.rot[2][0] + b3.rot[1][1] * a4.rot[2][1] + b3.rot[2][1] * a4.rot[2][2],
      b3.rot[0][2] * a4.rot[2][0] + b3.rot[1][2] * a4.rot[2][1] + b3.rot[2][2] * a4.rot[2][2]
    ]
  ]);
}
function VectorFromSphere(sphere, time) {
  time = MakeTime(time);
  const radlat = sphere.lat * DEG2RAD;
  const radlon = sphere.lon * DEG2RAD;
  const rcoslat = sphere.dist * Math.cos(radlat);
  return new Vector(rcoslat * Math.cos(radlon), rcoslat * Math.sin(radlon), sphere.dist * Math.sin(radlat), time);
}
function RotateVector(rotation, vector) {
  return new Vector(rotation.rot[0][0] * vector.x + rotation.rot[1][0] * vector.y + rotation.rot[2][0] * vector.z, rotation.rot[0][1] * vector.x + rotation.rot[1][1] * vector.y + rotation.rot[2][1] * vector.z, rotation.rot[0][2] * vector.x + rotation.rot[1][2] * vector.y + rotation.rot[2][2] * vector.z, vector.t);
}
function Rotation_EQJ_EQD(time) {
  time = MakeTime(time);
  const prec = precession_rot(time, PrecessDirection.From2000);
  const nut = nutation_rot(time, PrecessDirection.From2000);
  return CombineRotation(prec, nut);
}
function Rotation_EQJ_ECT(time) {
  const t4 = MakeTime(time);
  const rot = Rotation_EQJ_EQD(t4);
  const step = Rotation_EQD_ECT(t4);
  return CombineRotation(rot, step);
}
function Rotation_EQD_ECT(time) {
  const et = e_tilt(MakeTime(time));
  const tobl = et.tobl * DEG2RAD;
  const c4 = Math.cos(tobl);
  const s4 = Math.sin(tobl);
  return new RotationMatrix([
    [1, 0, 0],
    [0, +c4, -s4],
    [0, +s4, +c4]
  ]);
}
var EclipseKind;
(function(EclipseKind2) {
  EclipseKind2["Penumbral"] = "penumbral";
  EclipseKind2["Partial"] = "partial";
  EclipseKind2["Annular"] = "annular";
  EclipseKind2["Total"] = "total";
})(EclipseKind || (EclipseKind = {}));
var NodeEventKind;
(function(NodeEventKind2) {
  NodeEventKind2[NodeEventKind2["Invalid"] = 0] = "Invalid";
  NodeEventKind2[NodeEventKind2["Ascending"] = 1] = "Ascending";
  NodeEventKind2[NodeEventKind2["Descending"] = -1] = "Descending";
})(NodeEventKind || (NodeEventKind = {}));

// ../../zodiacs-platform-local-date-catalog-count-independent-review/site/node_modules/@zodiacs/engine/dist/chunk-GBH7JIYF.js
var RAD2 = 180 / Math.PI;
var PLANETS = [
  { name: "Sun", body: Body.Sun },
  { name: "Mercury", body: Body.Mercury },
  { name: "Venus", body: Body.Venus },
  { name: "Mars", body: Body.Mars },
  { name: "Jupiter", body: Body.Jupiter },
  { name: "Saturn", body: Body.Saturn },
  { name: "Uranus", body: Body.Uranus },
  { name: "Neptune", body: Body.Neptune },
  { name: "Pluto", body: Body.Pluto }
];
function eclipticOfDate(body, date) {
  const time = MakeTime(date);
  const equatorial = GeoVector(body, time, true);
  const ecliptic = RotateVector(Rotation_EQJ_ECT(time), equatorial);
  const lon = normalizeLongitude(Math.atan2(ecliptic.y, ecliptic.x) * RAD2);
  const lat = Math.asin(ecliptic.z / Math.hypot(ecliptic.x, ecliptic.y, ecliptic.z)) * RAD2;
  return { lon, lat };
}
function moonOfDate(date) {
  const moon = EclipticGeoMoon(MakeTime(date));
  return { lon: normalizeLongitude(moon.lon), lat: moon.lat };
}
function trueNodeLongitude(date) {
  const time = MakeTime(date);
  const state = GeoMoonState(time);
  const angularMomentum = {
    x: state.y * state.vz - state.z * state.vy,
    y: state.z * state.vx - state.x * state.vz,
    z: state.x * state.vy - state.y * state.vx
  };
  const eclipticMomentum = RotateVector(
    Rotation_EQJ_ECT(time),
    new Vector(angularMomentum.x, angularMomentum.y, angularMomentum.z, time)
  );
  return normalizeLongitude(Math.atan2(eclipticMomentum.x, -eclipticMomentum.y) * RAD2);
}
function longitudeAt(body, date) {
  if (body === "Moon") return moonOfDate(date).lon;
  if (body === "North Node") return trueNodeLongitude(date);
  if (body === "South Node") {
    return normalizeLongitude(trueNodeLongitude(date) + 180);
  }
  const planet = PLANETS.find((candidate) => candidate.name === body);
  if (!planet) throw new RangeError(`Unknown body: ${body}`);
  return eclipticOfDate(planet.body, date).lon;
}
function bodyLongitude(body, date) {
  return longitudeAt(body, date);
}
function longitudeSpeed(body, date) {
  const stepDays = 0.25;
  const before = longitudeAt(body, new Date(date.getTime() - stepDays * 864e5));
  const after = longitudeAt(body, new Date(date.getTime() + stepDays * 864e5));
  let difference = after - before;
  if (difference > 180) difference -= 360;
  if (difference < -180) difference += 360;
  return difference / (2 * stepDays);
}
function position(body, lon, lat, speed) {
  return {
    body,
    lon,
    lat,
    speed,
    retrograde: speed < 0,
    sign: signForLongitude2(lon).slug,
    degree: degreeInSign2(lon)
  };
}
function computeBodies(date) {
  const bodies = [];
  for (const planet of PLANETS) {
    const coordinates = eclipticOfDate(planet.body, date);
    bodies.push(
      position(planet.name, coordinates.lon, coordinates.lat, longitudeSpeed(planet.name, date))
    );
  }
  const moon = moonOfDate(date);
  bodies.splice(1, 0, position("Moon", moon.lon, moon.lat, longitudeSpeed("Moon", date)));
  const northNode = trueNodeLongitude(date);
  const nodeSpeed = longitudeSpeed("North Node", date);
  bodies.push(
    position("North Node", northNode, 0, nodeSpeed),
    position("South Node", normalizeLongitude(northNode + 180), 0, nodeSpeed)
  );
  return bodies;
}
function centuriesSinceJ2000(date) {
  return (date.getTime() - Date.UTC(2e3, 0, 1, 12)) / (864e5 * 36525);
}
function computeChart(input) {
  const flags = [...input.flags ?? []];
  const bodies = computeBodies(input.utc);
  let angles = null;
  let houses = null;
  if (input.timeKnown && input.latitude !== void 0 && input.longitude !== void 0) {
    const angleInput = {
      gastHours: SiderealTime(MakeTime(input.utc)),
      latitude: input.latitude,
      longitude: input.longitude,
      obliquity: meanObliquity(centuriesSinceJ2000(input.utc))
    };
    angles = computeAngles(angleInput);
    const result = computeHouses(input.houseSystem, angleInput, angles);
    houses = result.houses;
    if (result.fellBack) flags.push("polar-fallback");
  } else if (!input.timeKnown) {
    flags.push("no-time");
  }
  return {
    input,
    bodies,
    angles,
    houses,
    aspects: findAspects(bodies),
    flags,
    engineVersion: ENGINE_VERSION
  };
}

// site/src/lib/engine/chart-adapter.ts
var adaptBody = (position2) => ({
  body: position2.body,
  lon: position2.lon,
  lat: position2.lat,
  speed: position2.speed,
  retrograde: position2.retrograde
});
function adaptChart(chart, input) {
  return {
    input,
    bodies: chart.bodies.map(adaptBody),
    angles: chart.angles,
    houses: chart.houses,
    aspects: chart.aspects,
    flags: [...chart.flags],
    engineVersion: chart.engineVersion
  };
}

// site/src/lib/engine/full.ts
function bodyLongitude2(name, date) {
  return bodyLongitude(name, date);
}
function computeBodies2(date) {
  return computeBodies(date).map(adaptBody);
}

// confidence-baseline.ts
function applyConfidence(result, input, mode, events) {
  const runIsCurrent = () => true;
  const localDateEndpointsUtc2 = (...args) => {
    events.push({ kind: "endpoints", args });
    return localDateEndpointsUtc(...args);
  };
  const engine = { computeBodies: (utc) => {
    events.push({ kind: "computeBodies", utc: utc.toISOString() });
    return computeBodies2(utc);
  } };
  const computedSun = result.bodies.find((body) => body.body === "Sun");
  const computedSunSlug = computedSun ? signForLongitude(computedSun.lon).slug : null;
  let nextMoonAmbiguous = false;
  let nextRegistryRecordSlug = mode === "full" && input.timeKnown ? computedSunSlug : null;
  if (!input.timeKnown) {
    const endpoints = localDateEndpointsUtc2(input.date, input.city.tz);
    const startBodies = engine.computeBodies(endpoints.start);
    const endBodies = engine.computeBodies(endpoints.end);
    result.moonSignCandidates = moonCandidatesFromEndpoints(startBodies, endBodies);
    nextMoonAmbiguous = moonIsUncertain(result);
    const stableSunSlug = stableBodySignSlug("Sun", startBodies, endBodies);
    nextRegistryRecordSlug = mode === "full" && stableSunSlug === computedSunSlug ? stableSunSlug : null;
  }
  if (!runIsCurrent()) return;
  return { result, nextMoonAmbiguous, nextRegistryRecordSlug };
}

// confidence-candidate.ts
function applyConfidence2(result, input, mode, events) {
  const runIsCurrent = () => true;
  const localDateEndpointsUtc2 = (...args) => {
    events.push({ kind: "endpoints", args });
    return localDateEndpointsUtc(...args);
  };
  const engine = { computeBodies: (utc) => {
    events.push({ kind: "computeBodies", utc: utc.toISOString() });
    return computeBodies2(utc);
  } };
  const computedSun = result.bodies.find((body) => body.body === "Sun");
  const computedSunSlug = computedSun ? signForLongitude(computedSun.lon).slug : null;
  let nextMoonAmbiguous = false;
  const nextRegistryRecordSlug = mode === "full" && input.timeKnown ? computedSunSlug : null;
  if (!input.timeKnown) {
    result.moonSignCandidates = [];
    nextMoonAmbiguous = moonIsUncertain(result);
  }
  if (!runIsCurrent()) return;
  return { result, nextMoonAmbiguous, nextRegistryRecordSlug };
}

// ../../zodiacs-platform-local-date-catalog-count-independent-review/site/node_modules/preact/dist/preact.mjs
var n;
var l;
var u;
var t2;
var i;
var r;
var o;
var e;
var f;
var c;
var a;
var s;
var h;
var p;
var v;
var y;
var d = {};
var w = [];
var _ = /acit|ex(?:s|g|n|p|$)|rph|grid|ows|mnc|ntw|ine[ch]|zoo|^ord|itera/i;
var g = Array.isArray;
function m(n2, l4) {
  for (var u5 in l4) n2[u5] = l4[u5];
  return n2;
}
function b(n2) {
  n2 && n2.parentNode && n2.parentNode.removeChild(n2);
}
function k(l4, u5, t4) {
  var i4, r4, o4, e3 = {};
  for (o4 in u5) "key" == o4 ? i4 = u5[o4] : "ref" == o4 ? r4 = u5[o4] : e3[o4] = u5[o4];
  if (arguments.length > 2 && (e3.children = arguments.length > 3 ? n.call(arguments, 2) : t4), "function" == typeof l4 && null != l4.defaultProps) for (o4 in l4.defaultProps) void 0 === e3[o4] && (e3[o4] = l4.defaultProps[o4]);
  return x(l4, e3, i4, r4, null);
}
function x(n2, t4, i4, r4, o4) {
  var e3 = { type: n2, props: t4, key: i4, ref: r4, __k: null, __: null, __b: 0, __e: null, __c: null, constructor: void 0, __v: null == o4 ? ++u : o4, __i: -1, __u: 0 };
  return null == o4 && null != l.vnode && l.vnode(e3), e3;
}
function S(n2) {
  return n2.children;
}
function C(n2, l4) {
  this.props = n2, this.context = l4;
}
function $(n2, l4) {
  if (null == l4) return n2.__ ? $(n2.__, n2.__i + 1) : null;
  for (var u5; l4 < n2.__k.length; l4++) if (null != (u5 = n2.__k[l4]) && null != u5.__e) return u5.__e;
  return "function" == typeof n2.type ? $(n2) : null;
}
function I(n2) {
  if (n2.__P && n2.__d) {
    var u5 = n2.__v, t4 = u5.__e, i4 = [], r4 = [], o4 = m({}, u5);
    o4.__v = u5.__v + 1, l.vnode && l.vnode(o4), q(n2.__P, o4, u5, n2.__n, n2.__P.namespaceURI, 32 & u5.__u ? [t4] : null, i4, null == t4 ? $(u5) : t4, !!(32 & u5.__u), r4), o4.__v = u5.__v, o4.__.__k[o4.__i] = o4, D(i4, o4, r4), u5.__e = u5.__ = null, o4.__e != t4 && P(o4);
  }
}
function P(n2) {
  if (null != (n2 = n2.__) && null != n2.__c) return n2.__e = n2.__c.base = null, n2.__k.some(function(l4) {
    if (null != l4 && null != l4.__e) return n2.__e = n2.__c.base = l4.__e;
  }), P(n2);
}
function A(n2) {
  (!n2.__d && (n2.__d = true) && i.push(n2) && !H.__r++ || r != l.debounceRendering) && ((r = l.debounceRendering) || o)(H);
}
function H() {
  try {
    for (var n2, l4 = 1; i.length; ) i.length > l4 && i.sort(e), n2 = i.shift(), l4 = i.length, I(n2);
  } finally {
    i.length = H.__r = 0;
  }
}
function L(n2, l4, u5, t4, i4, r4, o4, e3, f5, c4, a4) {
  var s4, h4, p4, v4, y4, _4, g3, m4 = t4 && t4.__k || w, b3 = l4.length;
  for (f5 = T(u5, l4, m4, f5, b3), s4 = 0; s4 < b3; s4++) null != (p4 = u5.__k[s4]) && (h4 = -1 != p4.__i && m4[p4.__i] || d, p4.__i = s4, _4 = q(n2, p4, h4, i4, r4, o4, e3, f5, c4, a4), v4 = p4.__e, p4.ref && h4.ref != p4.ref && (h4.ref && J(h4.ref, null, p4), a4.push(p4.ref, p4.__c || v4, p4)), null == y4 && null != v4 && (y4 = v4), (g3 = !!(4 & p4.__u)) || h4.__k === p4.__k ? (f5 = j(p4, f5, n2, g3), g3 && h4.__e && (h4.__e = null)) : "function" == typeof p4.type && void 0 !== _4 ? f5 = _4 : v4 && (f5 = v4.nextSibling), p4.__u &= -7);
  return u5.__e = y4, f5;
}
function T(n2, l4, u5, t4, i4) {
  var r4, o4, e3, f5, c4, a4 = u5.length, s4 = a4, h4 = 0;
  for (n2.__k = new Array(i4), r4 = 0; r4 < i4; r4++) null != (o4 = l4[r4]) && "boolean" != typeof o4 && "function" != typeof o4 ? ("string" == typeof o4 || "number" == typeof o4 || "bigint" == typeof o4 || o4.constructor == String ? o4 = n2.__k[r4] = x(null, o4, null, null, null) : g(o4) ? o4 = n2.__k[r4] = x(S, { children: o4 }, null, null, null) : void 0 === o4.constructor && o4.__b > 0 ? o4 = n2.__k[r4] = x(o4.type, o4.props, o4.key, o4.ref ? o4.ref : null, o4.__v) : n2.__k[r4] = o4, f5 = r4 + h4, o4.__ = n2, o4.__b = n2.__b + 1, e3 = null, -1 != (c4 = o4.__i = O(o4, u5, f5, s4)) && (s4--, (e3 = u5[c4]) && (e3.__u |= 2)), null == e3 || null == e3.__v ? (-1 == c4 && (i4 > a4 ? h4-- : i4 < a4 && h4++), "function" != typeof o4.type && (o4.__u |= 4)) : c4 != f5 && (c4 == f5 - 1 ? h4-- : c4 == f5 + 1 ? h4++ : (c4 > f5 ? h4-- : h4++, o4.__u |= 4))) : n2.__k[r4] = null;
  if (s4) for (r4 = 0; r4 < a4; r4++) null != (e3 = u5[r4]) && 0 == (2 & e3.__u) && (e3.__e == t4 && (t4 = $(e3)), K(e3, e3));
  return t4;
}
function j(n2, l4, u5, t4) {
  var i4, r4;
  if ("function" == typeof n2.type) {
    for (i4 = n2.__k, r4 = 0; i4 && r4 < i4.length; r4++) i4[r4] && (i4[r4].__ = n2, l4 = j(i4[r4], l4, u5, t4));
    return l4;
  }
  n2.__e != l4 && (t4 && (l4 && n2.type && !l4.parentNode && (l4 = $(n2)), u5.insertBefore(n2.__e, l4 || null)), l4 = n2.__e);
  do {
    l4 = l4 && l4.nextSibling;
  } while (null != l4 && 8 == l4.nodeType);
  return l4;
}
function O(n2, l4, u5, t4) {
  var i4, r4, o4, e3 = n2.key, f5 = n2.type, c4 = l4[u5], a4 = null != c4 && 0 == (2 & c4.__u);
  if (null === c4 && null == e3 || a4 && e3 == c4.key && f5 == c4.type) return u5;
  if (t4 > (a4 ? 1 : 0)) {
    for (i4 = u5 - 1, r4 = u5 + 1; i4 >= 0 || r4 < l4.length; ) if (null != (c4 = l4[o4 = i4 >= 0 ? i4-- : r4++]) && 0 == (2 & c4.__u) && e3 == c4.key && f5 == c4.type) return o4;
  }
  return -1;
}
function z(n2, l4, u5) {
  "-" == l4[0] ? n2.setProperty(l4, null == u5 ? "" : u5) : n2[l4] = null == u5 ? "" : "number" != typeof u5 || _.test(l4) ? u5 : u5 + "px";
}
function N(n2, l4, u5, t4, i4) {
  var r4, o4;
  n: if ("style" == l4) if ("string" == typeof u5) n2.style.cssText = u5;
  else {
    if ("string" == typeof t4 && (n2.style.cssText = t4 = ""), t4) for (l4 in t4) u5 && l4 in u5 || z(n2.style, l4, "");
    if (u5) for (l4 in u5) t4 && u5[l4] == t4[l4] || z(n2.style, l4, u5[l4]);
  }
  else if ("o" == l4[0] && "n" == l4[1]) r4 = l4 != (l4 = l4.replace(s, "$1")), o4 = l4.toLowerCase(), l4 = o4 in n2 || "onFocusOut" == l4 || "onFocusIn" == l4 ? o4.slice(2) : l4.slice(2), n2.l || (n2.l = {}), n2.l[l4 + r4] = u5, u5 ? t4 ? u5[a] = t4[a] : (u5[a] = h, n2.addEventListener(l4, r4 ? v : p, r4)) : n2.removeEventListener(l4, r4 ? v : p, r4);
  else {
    if ("http://www.w3.org/2000/svg" == i4) l4 = l4.replace(/xlink(H|:h)/, "h").replace(/sName$/, "s");
    else if ("width" != l4 && "height" != l4 && "href" != l4 && "list" != l4 && "form" != l4 && "tabIndex" != l4 && "download" != l4 && "rowSpan" != l4 && "colSpan" != l4 && "role" != l4 && "popover" != l4 && l4 in n2) try {
      n2[l4] = null == u5 ? "" : u5;
      break n;
    } catch (n3) {
    }
    "function" == typeof u5 || (null == u5 || false === u5 && "-" != l4[4] ? n2.removeAttribute(l4) : n2.setAttribute(l4, "popover" == l4 && 1 == u5 ? "" : u5));
  }
}
function V(n2) {
  return function(u5) {
    if (this.l) {
      var t4 = this.l[u5.type + n2];
      if (null == u5[c]) u5[c] = h++;
      else if (u5[c] < t4[a]) return;
      return t4(l.event ? l.event(u5) : u5);
    }
  };
}
function q(n2, u5, t4, i4, r4, o4, e3, f5, c4, a4) {
  var s4, h4, p4, v4, y4, d4, _4, k4, x3, M2, $3, I3, P3, A4, H4, T3, j3 = u5.type;
  if (void 0 !== u5.constructor) return null;
  128 & t4.__u && (c4 = !!(32 & t4.__u), o4 = [f5 = u5.__e = t4.__e]), (s4 = l.__b) && s4(u5);
  n: if ("function" == typeof j3) {
    h4 = e3.length;
    try {
      if (x3 = u5.props, M2 = j3.prototype && j3.prototype.render, $3 = (s4 = j3.contextType) && i4[s4.__c], I3 = s4 ? $3 ? $3.props.value : s4.__ : i4, t4.__c ? k4 = (p4 = u5.__c = t4.__c).__ = p4.__E : (M2 ? u5.__c = p4 = new j3(x3, I3) : (u5.__c = p4 = new C(x3, I3), p4.constructor = j3, p4.render = Q), $3 && $3.sub(p4), p4.state || (p4.state = {}), p4.__n = i4, v4 = p4.__d = true, p4.__h = [], p4._sb = []), M2 && null == p4.__s && (p4.__s = p4.state), M2 && null != j3.getDerivedStateFromProps && (p4.__s == p4.state && (p4.__s = m({}, p4.__s)), m(p4.__s, j3.getDerivedStateFromProps(x3, p4.__s))), y4 = p4.props, d4 = p4.state, p4.__v = u5, v4) M2 && null == j3.getDerivedStateFromProps && null != p4.componentWillMount && p4.componentWillMount(), M2 && null != p4.componentDidMount && p4.__h.push(p4.componentDidMount);
      else {
        if (M2 && null == j3.getDerivedStateFromProps && x3 !== y4 && null != p4.componentWillReceiveProps && p4.componentWillReceiveProps(x3, I3), u5.__v == t4.__v || !p4.__e && null != p4.shouldComponentUpdate && false === p4.shouldComponentUpdate(x3, p4.__s, I3)) {
          u5.__v != t4.__v && (p4.props = x3, p4.state = p4.__s, p4.__d = false), u5.__e = t4.__e, u5.__k = t4.__k, u5.__k.some(function(n3) {
            n3 && (n3.__ = u5);
          }), w.push.apply(p4.__h, p4._sb), p4._sb = [], p4.__h.length && e3.push(p4);
          break n;
        }
        null != p4.componentWillUpdate && p4.componentWillUpdate(x3, p4.__s, I3), M2 && null != p4.componentDidUpdate && p4.__h.push(function() {
          p4.componentDidUpdate(y4, d4, _4);
        });
      }
      if (p4.context = I3, p4.props = x3, p4.__P = n2, p4.__e = false, P3 = l.__r, A4 = 0, M2) p4.state = p4.__s, p4.__d = false, P3 && P3(u5), s4 = p4.render(p4.props, p4.state, p4.context), w.push.apply(p4.__h, p4._sb), p4._sb = [];
      else do {
        p4.__d = false, P3 && P3(u5), s4 = p4.render(p4.props, p4.state, p4.context), p4.state = p4.__s;
      } while (p4.__d && ++A4 < 25);
      p4.state = p4.__s, null != p4.getChildContext && (i4 = m(m({}, i4), p4.getChildContext())), M2 && !v4 && null != p4.getSnapshotBeforeUpdate && (_4 = p4.getSnapshotBeforeUpdate(y4, d4)), H4 = null != s4 && s4.type === S && null == s4.key ? E(s4.props.children) : s4, f5 = L(n2, g(H4) ? H4 : [H4], u5, t4, i4, r4, o4, e3, f5, c4, a4), p4.base = u5.__e, u5.__u &= -161, p4.__h.length && e3.push(p4), k4 && (p4.__E = p4.__ = null);
    } catch (n3) {
      if (e3.length = h4, u5.__v = null, c4 || null != o4) {
        if (n3.then) {
          for (u5.__u |= c4 ? 160 : 128; f5 && 8 == f5.nodeType && f5.nextSibling; ) f5 = f5.nextSibling;
          null != o4 && (o4[o4.indexOf(f5)] = null), u5.__e = f5;
        } else if (null != o4) for (T3 = o4.length; T3--; ) b(o4[T3]);
      } else u5.__e = t4.__e;
      null == u5.__k && (u5.__k = t4.__k || []), n3.then || B(u5), l.__e(n3, u5, t4);
    }
  } else null == o4 && u5.__v == t4.__v ? (u5.__k = t4.__k, u5.__e = t4.__e) : f5 = u5.__e = G(t4.__e, u5, t4, i4, r4, o4, e3, c4, a4);
  return (s4 = l.diffed) && s4(u5), 128 & u5.__u ? void 0 : f5;
}
function B(n2) {
  n2 && (n2.__c && (n2.__c.__e = true), n2.__k && n2.__k.some(B));
}
function D(n2, u5, t4) {
  for (var i4 = 0; i4 < t4.length; i4++) J(t4[i4], t4[++i4], t4[++i4]);
  l.__c && l.__c(u5, n2), n2.some(function(u6) {
    try {
      n2 = u6.__h, u6.__h = [], n2.some(function(n3) {
        n3.call(u6);
      });
    } catch (n3) {
      l.__e(n3, u6.__v);
    }
  });
}
function E(n2) {
  return "object" != typeof n2 || null == n2 || n2.__b > 0 ? n2 : g(n2) ? n2.map(E) : void 0 !== n2.constructor ? null : m({}, n2);
}
function G(u5, t4, i4, r4, o4, e3, f5, c4, a4) {
  var s4, h4, p4, v4, y4, w4, _4, m4 = i4.props || d, k4 = t4.props, x3 = t4.type;
  if ("svg" == x3 ? o4 = "http://www.w3.org/2000/svg" : "math" == x3 ? o4 = "http://www.w3.org/1998/Math/MathML" : o4 || (o4 = "http://www.w3.org/1999/xhtml"), null != e3) {
    for (s4 = 0; s4 < e3.length; s4++) if ((y4 = e3[s4]) && "setAttribute" in y4 == !!x3 && (x3 ? y4.localName == x3 : 3 == y4.nodeType)) {
      u5 = y4, e3[s4] = null;
      break;
    }
  }
  if (null == u5) {
    if (null == x3) return document.createTextNode(k4);
    u5 = document.createElementNS(o4, x3, k4.is && k4), c4 && (l.__m && l.__m(t4, e3), c4 = false), e3 = null;
  }
  if (null == x3) m4 === k4 || c4 && u5.data == k4 || (u5.data = k4);
  else {
    if (e3 = "textarea" == x3 && null != k4.defaultValue ? null : e3 && n.call(u5.childNodes), !c4 && null != e3) for (m4 = {}, s4 = 0; s4 < u5.attributes.length; s4++) m4[(y4 = u5.attributes[s4]).name] = y4.value;
    for (s4 in m4) y4 = m4[s4], "dangerouslySetInnerHTML" == s4 ? p4 = y4 : "children" == s4 || s4 in k4 || "value" == s4 && "defaultValue" in k4 || "checked" == s4 && "defaultChecked" in k4 || N(u5, s4, null, y4, o4);
    for (s4 in k4) y4 = k4[s4], "children" == s4 ? v4 = y4 : "dangerouslySetInnerHTML" == s4 ? h4 = y4 : "value" == s4 ? w4 = y4 : "checked" == s4 ? _4 = y4 : c4 && "function" != typeof y4 || m4[s4] === y4 || N(u5, s4, y4, m4[s4], o4);
    if (h4) c4 || p4 && (h4.__html == p4.__html || h4.__html == u5.innerHTML) || (u5.innerHTML = h4.__html), t4.__k = [];
    else if (p4 && (u5.innerHTML = ""), L("template" == t4.type ? u5.content : u5, g(v4) ? v4 : [v4], t4, i4, r4, "foreignObject" == x3 ? "http://www.w3.org/1999/xhtml" : o4, e3, f5, e3 ? e3[0] : i4.__k && $(i4, 0), c4, a4), null != e3) for (s4 = e3.length; s4--; ) b(e3[s4]);
    c4 && "textarea" != x3 || (s4 = "value", "progress" == x3 && null == w4 ? u5.removeAttribute("value") : null != w4 && (w4 !== u5[s4] || "progress" == x3 && !w4 || "option" == x3 && w4 != m4[s4]) && N(u5, s4, w4, m4[s4], o4), s4 = "checked", null != _4 && _4 != u5[s4] && N(u5, s4, _4, m4[s4], o4));
  }
  return u5;
}
function J(n2, u5, t4) {
  try {
    if ("function" == typeof n2) {
      var i4 = "function" == typeof n2.__u;
      i4 && n2.__u(), i4 && null == u5 || (n2.__u = n2(u5));
    } else n2.current = u5;
  } catch (n3) {
    l.__e(n3, t4);
  }
}
function K(n2, u5, t4) {
  var i4, r4;
  if (l.unmount && l.unmount(n2), (i4 = n2.ref) && (i4.current && i4.current != n2.__e || J(i4, null, u5)), null != (i4 = n2.__c)) {
    if (i4.componentWillUnmount) try {
      i4.componentWillUnmount();
    } catch (n3) {
      l.__e(n3, u5);
    }
    i4.base = i4.__P = i4.__n = null;
  }
  if (i4 = n2.__k) for (r4 = 0; r4 < i4.length; r4++) i4[r4] && K(i4[r4], u5, t4 || "function" != typeof n2.type);
  t4 || b(n2.__e), n2.__c = n2.__ = n2.__e = void 0;
}
function Q(n2, l4, u5) {
  return this.constructor(n2, u5);
}
function R(u5, t4, i4) {
  var r4, o4, e3, f5;
  t4 == document && (t4 = document.documentElement), l.__ && l.__(u5, t4), o4 = (r4 = "function" == typeof i4) ? null : i4 && i4.__k || t4.__k, e3 = [], f5 = [], q(t4, u5 = (!r4 && i4 || t4).__k = k(S, null, [u5]), o4 || d, d, t4.namespaceURI, !r4 && i4 ? [i4] : o4 ? null : t4.firstChild ? n.call(t4.childNodes) : null, e3, !r4 && i4 ? i4 : o4 ? o4.__e : t4.firstChild, r4, f5), D(e3, u5, f5), u5.props.children = null;
}
n = w.slice, l = { __e: function(n2, l4, u5, t4) {
  for (var i4, r4, o4; l4 = l4.__; ) if ((i4 = l4.__c) && !i4.__) try {
    if ((r4 = i4.constructor) && null != r4.getDerivedStateFromError && (i4.setState(r4.getDerivedStateFromError(n2)), o4 = i4.__d), null != i4.componentDidCatch && (i4.componentDidCatch(n2, t4 || {}), o4 = i4.__d), o4) return i4.__E = i4;
  } catch (l5) {
    n2 = l5;
  }
  throw n2;
} }, u = 0, t2 = function(n2) {
  return null != n2 && void 0 === n2.constructor;
}, C.prototype.setState = function(n2, l4) {
  var u5;
  u5 = null != this.__s && this.__s != this.state ? this.__s : this.__s = m({}, this.state), "function" == typeof n2 && (n2 = n2(m({}, u5), this.props)), n2 && m(u5, n2), null != n2 && this.__v && (l4 && this._sb.push(l4), A(this));
}, C.prototype.forceUpdate = function(n2) {
  this.__v && (this.__e = true, n2 && this.__h.push(n2), A(this));
}, C.prototype.render = S, i = [], o = "function" == typeof Promise ? Promise.prototype.then.bind(Promise.resolve()) : setTimeout, e = function(n2, l4) {
  return n2.__v.__b - l4.__v.__b;
}, H.__r = 0, f = Math.random().toString(8), c = "__d" + f, a = "__a" + f, s = /(PointerCapture)$|Capture$/i, h = 0, p = V(false), v = V(true), y = 0;

// ../../zodiacs-platform-local-date-catalog-count-independent-review/site/node_modules/preact-render-to-string/dist/index.mjs
var r2 = "diffed";
var o2 = "__c";
var i2 = "__s";
var a2 = "__c";
var c2 = "__k";
var u2 = "__d";
var s2 = "__s";
var l2 = /[\s\n\\/='"\0<>]/;
var f2 = /^(xlink|xmlns|xml)([A-Z])/;
var p2 = /^(?:accessK|auto[A-Z]|cell|ch|col|cont|cross|dateT|encT|form[A-Z]|frame|hrefL|inputM|maxL|minL|noV|playsI|popoverT|readO|rowS|src[A-Z]|tabI|useM|item[A-Z])/;
var h2 = /^ac|^ali|arabic|basel|cap|clipPath$|clipRule$|color|dominant|enable|fill|flood|font|glyph[^R]|horiz|image|letter|lighting|marker[^WUH]|overline|panose|pointe|paint|rendering|shape|stop|strikethrough|stroke|text[^L]|transform|underline|unicode|units|^v[^i]|^w|^xH/;
var d2 = /* @__PURE__ */ new Set(["draggable", "spellcheck"]);
function v2(e3) {
  void 0 !== e3.__g ? e3.__g |= 8 : e3[u2] = true;
}
function m2(e3) {
  void 0 !== e3.__g ? e3.__g &= -9 : e3[u2] = false;
}
function y2(e3) {
  return void 0 !== e3.__g ? !!(8 & e3.__g) : true === e3[u2];
}
var _2 = /["&<]/;
function g2(e3) {
  if (0 === e3.length || false === _2.test(e3)) return e3;
  for (var t4 = 0, n2 = 0, r4 = "", o4 = ""; n2 < e3.length; n2++) {
    switch (e3.charCodeAt(n2)) {
      case 34:
        o4 = "&quot;";
        break;
      case 38:
        o4 = "&amp;";
        break;
      case 60:
        o4 = "&lt;";
        break;
      default:
        continue;
    }
    n2 !== t4 && (r4 += e3.slice(t4, n2)), r4 += o4, t4 = n2 + 1;
  }
  return n2 !== t4 && (r4 += e3.slice(t4, n2)), r4;
}
var b2 = {};
var x2 = /* @__PURE__ */ new Set(["animation-iteration-count", "border-image-outset", "border-image-slice", "border-image-width", "box-flex", "box-flex-group", "box-ordinal-group", "column-count", "fill-opacity", "flex", "flex-grow", "flex-negative", "flex-order", "flex-positive", "flex-shrink", "flood-opacity", "font-weight", "grid-column", "grid-row", "line-clamp", "line-height", "opacity", "order", "orphans", "stop-opacity", "stroke-dasharray", "stroke-dashoffset", "stroke-miterlimit", "stroke-opacity", "stroke-width", "tab-size", "widows", "z-index", "zoom"]);
var k2 = /[A-Z]/g;
function w2(e3) {
  var t4 = "";
  for (var n2 in e3) {
    var r4 = e3[n2];
    if (null != r4 && "" !== r4) {
      var o4 = "-" == n2[0] ? n2 : b2[n2] || (b2[n2] = n2.replace(k2, "-$&").toLowerCase()), i4 = ";";
      "number" != typeof r4 || o4.startsWith("--") || x2.has(o4) || (i4 = "px;"), t4 = t4 + o4 + ":" + r4 + i4;
    }
  }
  return t4 || void 0;
}
function C2() {
  this.__d = true;
}
function A2(e3, t4) {
  return { __v: e3, context: t4, props: e3.props, setState: C2, forceUpdate: C2, __d: true, __h: new Array(0) };
}
var D2;
var P2;
var $2;
var U;
var F = {};
var M = [];
var W = Array.isArray;
var z2 = Object.assign;
var H2 = "";
var N2 = "<!--$s-->";
var q2 = "<!--/$s-->";
function B2(e3) {
  return "string" == typeof e3 ? N2 + e3 + q2 : W(e3) ? (e3.unshift(N2), e3.push(q2), e3) : e3 && "function" == typeof e3.then ? e3.then(B2) : N2 + e3 + q2;
}
function I2(a4, u5, s4) {
  var l4 = l[i2];
  l[i2] = true, D2 = l.__b, P2 = l[r2], $2 = l.__r, U = l.unmount;
  var f5 = k(S, null);
  f5[c2] = [a4];
  try {
    var p4 = R2(a4, u5 || F, false, void 0, f5, false, s4);
    return W(p4) ? p4.join(H2) : p4;
  } catch (e3) {
    if (e3.then) throw new Error('Use "renderToStringAsync" for suspenseful rendering.');
    throw e3;
  } finally {
    l[o2] && l[o2](a4, M), l[i2] = l4, M.length = 0;
  }
}
function O2(e3, t4) {
  var n2, r4 = e3.type, o4 = true;
  return e3[a2] ? (o4 = false, (n2 = e3[a2]).state = n2[s2]) : n2 = new r4(e3.props, t4), e3[a2] = n2, n2.__v = e3, n2.props = e3.props, n2.context = t4, v2(n2), null == n2.state && (n2.state = F), null == n2[s2] && (n2[s2] = n2.state), r4.getDerivedStateFromProps ? n2.state = z2({}, n2.state, r4.getDerivedStateFromProps(n2.props, n2.state)) : o4 && n2.componentWillMount ? (n2.componentWillMount(), n2.state = n2[s2] !== n2.state ? n2[s2] : n2.state) : !o4 && n2.componentWillUpdate && n2.componentWillUpdate(), $2 && $2(e3), n2.render(n2.props, n2.state, t4);
}
function R2(t4, r4, o4, i4, u5, _4, b3) {
  if (null == t4 || true === t4 || false === t4 || t4 === H2) return H2;
  var x3 = typeof t4;
  if ("object" != x3) return "function" == x3 ? H2 : "string" == x3 ? g2(t4) : t4 + H2;
  if (W(t4)) {
    var k4, C4 = H2;
    u5[c2] = t4;
    for (var S2 = t4.length, L2 = 0; L2 < S2; L2++) {
      var E2 = t4[L2];
      if (null != E2 && "boolean" != typeof E2) {
        var j3, T3 = R2(E2, r4, o4, i4, u5, _4, b3);
        "string" == typeof T3 ? C4 += T3 : (k4 || (k4 = new Array(S2)), C4 && k4.push(C4), C4 = H2, W(T3) ? (j3 = k4).push.apply(j3, T3) : k4.push(T3));
      }
    }
    return k4 ? (C4 && k4.push(C4), k4) : C4;
  }
  if (void 0 !== t4.constructor) return H2;
  t4.__ = u5, D2 && D2(t4);
  var Z = t4.type, M2 = t4.props;
  if ("function" == typeof Z) {
    var N3, q3, I3, K3 = r4;
    if (Z === S) {
      if ("tpl" in M2) {
        for (var G2 = H2, Q2 = 0; Q2 < M2.tpl.length; Q2++) if (G2 += M2.tpl[Q2], M2.exprs && Q2 < M2.exprs.length) {
          var X = M2.exprs[Q2];
          if (null == X) continue;
          "object" != typeof X || void 0 !== X.constructor && !W(X) ? G2 += X : G2 += R2(X, r4, o4, i4, t4, _4, b3);
        }
        return G2;
      }
      if ("UNSTABLE_comment" in M2) return "<!--" + g2(M2.UNSTABLE_comment) + "-->";
      q3 = M2.children;
    } else {
      if (null != (N3 = Z.contextType)) {
        var Y = r4[N3.__c];
        K3 = Y ? Y.props.value : N3.__;
      }
      var ee = Z.prototype && "function" == typeof Z.prototype.render;
      if (ee) q3 = /**#__NOINLINE__**/
      O2(t4, K3), I3 = t4[a2];
      else {
        t4[a2] = I3 = /**#__NOINLINE__**/
        A2(t4, K3);
        for (var te = 0; y2(I3) && te++ < 25; ) {
          m2(I3), $2 && $2(t4);
          try {
            q3 = Z.call(I3, M2, K3);
          } catch (e3) {
            throw _4 && e3 && "function" == typeof e3.then && (t4._suspended = true), e3;
          }
        }
        v2(I3);
      }
      if (null != I3.getChildContext && (r4 = z2({}, r4, I3.getChildContext())), ee && l.errorBoundaries && (Z.getDerivedStateFromError || I3.componentDidCatch)) {
        q3 = null != q3 && q3.type === S && null == q3.key && null == q3.props.tpl ? q3.props.children : q3;
        try {
          return R2(q3, r4, o4, i4, t4, _4, false);
        } catch (e3) {
          return Z.getDerivedStateFromError && (I3[s2] = Z.getDerivedStateFromError(e3)), I3.componentDidCatch && I3.componentDidCatch(e3, F), y2(I3) ? (q3 = O2(t4, r4), null != (I3 = t4[a2]).getChildContext && (r4 = z2({}, r4, I3.getChildContext())), R2(q3 = null != q3 && q3.type === S && null == q3.key && null == q3.props.tpl ? q3.props.children : q3, r4, o4, i4, t4, _4, b3)) : H2;
        } finally {
          P2 && P2(t4), U && U(t4);
        }
      }
    }
    q3 = null != q3 && q3.type === S && null == q3.key && null == q3.props.tpl ? q3.props.children : q3;
    try {
      var ne = R2(q3, r4, o4, i4, t4, _4, b3);
      return P2 && P2(t4), l.unmount && l.unmount(t4), t4._suspended ? B2(ne) : ne;
    } catch (n2) {
      if (!_4 && b3 && b3.onError) {
        var re = (function e3(n3) {
          return b3.onError(n3, t4, function(t5, n4) {
            try {
              return R2(t5, r4, o4, i4, n4, _4, b3);
            } catch (t6) {
              return e3(t6);
            }
          });
        })(n2);
        if (void 0 !== re) return re;
        var oe = l.__e;
        return oe && oe(n2, t4), H2;
      }
      if (!_4) throw n2;
      if (!n2 || "function" != typeof n2.then) throw n2;
      return n2.then(function e3() {
        try {
          var n3 = R2(q3, r4, o4, i4, t4, _4, b3);
          return t4._suspended ? B2(n3) : n3;
        } catch (t5) {
          if (!t5 || "function" != typeof t5.then) throw t5;
          return t5.then(e3);
        }
      });
    }
  }
  var ie, ae = "<" + Z, ce = H2;
  for (var ue in M2) {
    var se = M2[ue];
    if ("function" != typeof (se = J2(se) ? se.value : se) || "class" === ue || "className" === ue) {
      switch (ue) {
        case "children":
          ie = se;
          continue;
        case "key":
        case "ref":
        case "__self":
        case "__source":
          continue;
        case "htmlFor":
          if ("for" in M2) continue;
          ue = "for";
          break;
        case "className":
          if ("class" in M2) continue;
          ue = "class";
          break;
        case "defaultChecked":
          ue = "checked";
          break;
        case "defaultSelected":
          ue = "selected";
          break;
        case "defaultValue":
        case "value":
          switch (ue = "value", Z) {
            case "textarea":
              ie = se;
              continue;
            case "select":
              i4 = se;
              continue;
            case "option":
              i4 != se || "selected" in M2 || (ae += " selected");
          }
          break;
        case "dangerouslySetInnerHTML":
          ce = se && se.__html;
          continue;
        case "style":
          "object" == typeof se && (se = w2(se));
          break;
        case "acceptCharset":
          ue = "accept-charset";
          break;
        case "httpEquiv":
          ue = "http-equiv";
          break;
        default:
          if (l2.test(ue)) continue;
          f2.test(ue) ? ue = ue.replace(f2, "$1:$2").toLowerCase() : "-" !== ue[4] && !d2.has(ue) || null == se ? o4 ? h2.test(ue) && (ue = "panose1" === ue ? "panose-1" : ue.replace(/([A-Z])/g, "-$1").toLowerCase()) : p2.test(ue) && (ue = ue.toLowerCase()) : se += H2;
      }
      null != se && false !== se && (ae = true === se || se === H2 ? ae + " " + ue : ae + " " + ue + '="' + ("string" == typeof se ? g2(se) : se + H2) + '"');
    }
  }
  if (l2.test(Z)) throw new Error(Z + " is not a valid HTML tag name in " + ae + ">");
  if (ce || ("string" == typeof ie ? ce = g2(ie) : null != ie && false !== ie && true !== ie && (ce = R2(ie, r4, "svg" === Z || "foreignObject" !== Z && o4, i4, t4, _4, b3))), P2 && P2(t4), U && U(t4), !ce && V2.has(Z)) return ae + "/>";
  var le = "</" + Z + ">", fe = ae + ">";
  return W(ce) ? [fe].concat(ce, [le]) : "string" != typeof ce ? [fe, ce, le] : fe + ce + le;
}
var V2 = /* @__PURE__ */ new Set(["area", "base", "br", "col", "command", "embed", "hr", "img", "input", "keygen", "link", "meta", "param", "source", "track", "wbr"]);
var K2 = I2;
function J2(e3) {
  return null !== e3 && "object" == typeof e3 && "function" == typeof e3.peek && "value" in e3;
}

// site/src/lib/engine/houses.ts
function houseOf2(longitude2, cusps) {
  return houseOf(longitude2, cusps);
}

// site/src/lib/dignities.ts
var TABLE = {
  Sun: { domicile: ["leo"], exaltation: "aries", detriment: ["aquarius"], fall: "libra" },
  Moon: { domicile: ["cancer"], exaltation: "taurus", detriment: ["capricorn"], fall: "scorpio" },
  Mercury: { domicile: ["gemini", "virgo"], exaltation: "virgo", detriment: ["sagittarius", "pisces"], fall: "pisces" },
  Venus: { domicile: ["taurus", "libra"], exaltation: "pisces", detriment: ["scorpio", "aries"], fall: "virgo" },
  Mars: { domicile: ["aries", "scorpio"], exaltation: "capricorn", detriment: ["libra", "taurus"], fall: "cancer" },
  Jupiter: { domicile: ["sagittarius", "pisces"], exaltation: "cancer", detriment: ["gemini", "virgo"], fall: "capricorn" },
  Saturn: { domicile: ["capricorn", "aquarius"], exaltation: "libra", detriment: ["cancer", "leo"], fall: "aries" }
};
function dignityFor(planet, signSlug2) {
  const row = TABLE[planet];
  if (!row) return null;
  if (row.exaltation === signSlug2) return "exaltation";
  if (row.fall === signSlug2) return "fall";
  if (row.domicile.includes(signSlug2)) return "domicile";
  if (row.detriment.includes(signSlug2)) return "detriment";
  return null;
}
function dignitiesFor(planet, signSlug2) {
  if (!Object.hasOwn(TABLE, planet)) return [];
  const row = TABLE[planet];
  const result = [];
  if (row.domicile.includes(signSlug2)) result.push("domicile");
  if (row.exaltation === signSlug2) result.push("exaltation");
  if (row.detriment.includes(signSlug2)) result.push("detriment");
  if (row.fall === signSlug2) result.push("fall");
  return result;
}

// site/src/lib/wheel/technical-layout.ts
function technicalCollisionFan(bodies, minimumGap = 11) {
  if (bodies.length < 2) {
    return new Map(bodies.map((body) => [body.body, body.lon]));
  }
  const normalized = bodies.map((body) => ({ ...body, normalizedLon: (body.lon % 360 + 360) % 360 })).sort((a4, b3) => a4.normalizedLon - b3.normalizedLon);
  let largestGapIndex = 0;
  let largestGap = -1;
  normalized.forEach((body, index) => {
    const next = normalized[(index + 1) % normalized.length];
    const gap = next.normalizedLon - body.normalizedLon + (index === normalized.length - 1 ? 360 : 0);
    if (gap > largestGap) {
      largestGap = gap;
      largestGapIndex = index;
    }
  });
  const start = (largestGapIndex + 1) % normalized.length;
  const ordered = Array.from({ length: normalized.length }, (_4, index) => {
    const sourceIndex = (start + index) % normalized.length;
    const body = normalized[sourceIndex];
    const unwrapped = body.normalizedLon + (sourceIndex < start ? 360 : 0);
    return { ...body, unwrapped };
  });
  const blocks = [];
  ordered.forEach((body, index) => {
    blocks.push({ start: index, end: index, sum: body.unwrapped - index * minimumGap, count: 1 });
    while (blocks.length > 1) {
      const right = blocks[blocks.length - 1];
      const left = blocks[blocks.length - 2];
      if (left.sum / left.count <= right.sum / right.count) break;
      blocks.splice(blocks.length - 2, 2, {
        start: left.start,
        end: right.end,
        sum: left.sum + right.sum,
        count: left.count + right.count
      });
    }
  });
  const fitted = new Array(ordered.length);
  blocks.forEach((block) => {
    const mean = block.sum / block.count;
    for (let index = block.start; index <= block.end; index += 1) fitted[index] = mean;
  });
  return new Map(ordered.map((body, index) => [
    body.body,
    fitted[index] + index * minimumGap
  ]));
}

// site/src/lib/scene/types.ts
var SIGN_SLUGS2 = [
  "aries",
  "taurus",
  "gemini",
  "cancer",
  "leo",
  "virgo",
  "libra",
  "scorpio",
  "sagittarius",
  "capricorn",
  "aquarius",
  "pisces"
];
var SIGN_SLUG_SET = new Set(SIGN_SLUGS2);
function entityId(e3) {
  switch (e3.kind) {
    case "body":
      return `body:${e3.body}`;
    case "sign":
      return `sign:${e3.sign}`;
    case "house":
      return `house:${e3.house}`;
    case "aspect":
      return `aspect:${e3.a}-${e3.type}-${e3.b}`;
    case "angle":
      return `angle:${e3.angle}`;
  }
}
function parseEntityId(id) {
  const sep = id.indexOf(":");
  if (sep < 1) return null;
  const kind = id.slice(0, sep);
  const rest = id.slice(sep + 1);
  switch (kind) {
    case "body":
      return rest.length > 0 && rest.length <= 24 ? { kind: "body", body: rest } : null;
    case "sign":
      return SIGN_SLUG_SET.has(rest) ? { kind: "sign", sign: rest } : null;
    case "house": {
      const n2 = Number(rest);
      return Number.isInteger(n2) && n2 >= 1 && n2 <= 12 ? { kind: "house", house: n2 } : null;
    }
    case "aspect": {
      const m4 = /^([A-Za-z ]+)-(conjunction|sextile|square|trine|opposition)-([A-Za-z ]+)$/.exec(rest);
      return m4 ? { kind: "aspect", a: m4[1], type: m4[2], b: m4[3] } : null;
    }
    case "angle":
      return rest === "asc" || rest === "mc" || rest === "dsc" || rest === "ic" ? { kind: "angle", angle: rest } : null;
    default:
      return null;
  }
}

// site/src/lib/scene/layout.ts
function collisionNudge(bodies) {
  const sorted = [...bodies].sort((x3, y4) => x3.lon - y4.lon);
  const drawLon = /* @__PURE__ */ new Map();
  for (const b3 of sorted) drawLon.set(b3.body, b3.lon);
  for (let pass = 0; pass < 4; pass += 1) {
    for (let i4 = 0; i4 < sorted.length; i4 += 1) {
      const a4 = sorted[i4];
      const b3 = sorted[(i4 + 1) % sorted.length];
      if (a4 === b3) continue;
      const la = drawLon.get(a4.body);
      const lb = drawLon.get(b3.body);
      const gap = ((lb - la) % 360 + 360) % 360;
      if (gap < 7) {
        const push = (7 - gap) / 2;
        drawLon.set(a4.body, la - push);
        drawLon.set(b3.body, lb + push);
      }
    }
  }
  return drawLon;
}

// site/src/lib/scene/build.ts
var norm = (lon) => (lon % 360 + 360) % 360;
function aspectWeight(orb) {
  if (orb <= 1.5) return 2;
  if (orb <= 3.5) return 1;
  return 0;
}
function buildSceneModel(chart, opts = {}) {
  const { anchorMode = "asc", wheelConventions = true } = opts;
  const rawBodies = wheelConventions ? chart.bodies.filter((b3) => b3.body !== "South Node") : chart.bodies;
  const rawAspects = wheelConventions ? chart.aspects.filter((a4) => a4.orb < 6) : chart.aspects;
  const nudge = technicalCollisionFan([...rawBodies].sort((a4, b3) => a4.body < b3.body ? -1 : a4.body > b3.body ? 1 : 0), 14);
  const cusps = chart.houses?.cusps ?? null;
  const aspects = rawAspects.map((a4) => ({
    a: a4.a,
    b: a4.b,
    type: a4.type,
    orb: a4.orb,
    applying: a4.applying,
    weight: aspectWeight(a4.orb)
  }));
  const aspectIdsByBody = /* @__PURE__ */ new Map();
  for (const a4 of aspects) {
    const id = entityId({ kind: "aspect", a: a4.a, b: a4.b, type: a4.type });
    for (const body of [a4.a, a4.b]) {
      const list = aspectIdsByBody.get(body) ?? [];
      list.push({ id, orb: a4.orb });
      aspectIdsByBody.set(body, list);
    }
  }
  const bodies = rawBodies.map((b3) => {
    const sign = signForLongitude(b3.lon);
    return {
      body: b3.body,
      lon: b3.lon,
      drawLon: nudge.get(b3.body) ?? b3.lon,
      sign: sign.slug,
      signDegree: degreeInSign(b3.lon),
      house: cusps ? houseOf2(b3.lon, cusps) : null,
      speed: b3.speed,
      retrograde: b3.retrograde,
      dignity: dignityFor(b3.body, sign.slug),
      aspects: (aspectIdsByBody.get(b3.body) ?? []).sort((x3, y4) => x3.orb - y4.orb).map((x3) => x3.id)
    };
  });
  let houses = null;
  if (cusps) {
    houses = cusps.map((cuspLon, i4) => {
      const next = cusps[(i4 + 1) % 12];
      const spanDeg = norm(next - cuspLon) || 360;
      return {
        index: i4 + 1,
        cuspLon,
        spanDeg,
        midLon: norm(cuspLon + spanDeg / 2),
        occupants: bodies.filter((b3) => b3.house === i4 + 1).sort((a4, b3) => norm(a4.lon - cuspLon) - norm(b3.lon - cuspLon)).map((b3) => b3.body)
      };
    });
  }
  return {
    engineVersion: chart.engineVersion,
    ...chart.moonSignCandidates !== void 0 ? { moonSignCandidates: chart.moonSignCandidates } : {},
    anchor: anchorMode === "aries" ? { lon: 0, mode: "aries" } : { lon: chart.angles?.asc ?? 0, mode: "asc" },
    bodies,
    houses,
    angles: chart.angles,
    aspects,
    signs: SIGNS.map((s4, i4) => ({ slug: s4.slug, fromLon: i4 * 30 })),
    flags: chart.flags,
    houseSystem: chart.houses?.system ?? chart.input.houseSystem
  };
}

// ../../zodiacs-platform-local-date-catalog-count-independent-review/site/node_modules/preact/hooks/dist/hooks.mjs
var t3;
var r3;
var u3;
var i3;
var o3 = 0;
var f3 = [];
var c3 = l;
var e2 = c3.__b;
var a3 = c3.__r;
var v3 = c3.diffed;
var l3 = c3.__c;
var m3 = c3.unmount;
var p3 = c3.__;
function s3(n2, t4) {
  c3.__h && c3.__h(r3, n2, o3 || t4), o3 = 0;
  var u5 = r3.__H || (r3.__H = { __: [], __h: [] });
  return n2 >= u5.__.length && u5.__.push({}), u5.__[n2];
}
function d3(n2) {
  return o3 = 1, y3(D3, n2);
}
function y3(n2, u5, i4) {
  var o4 = s3(t3++, 2);
  if (o4.t = n2, !o4.__c && (o4.__ = [i4 ? i4(u5) : D3(void 0, u5), function(n3) {
    var t4 = o4.__N ? o4.__N[0] : o4.__[0], r4 = o4.t(t4, n3);
    t4 !== r4 && (o4.__N = [r4, o4.__[1]], o4.__c.setState({}));
  }], o4.__c = r3, !r3.__f)) {
    var f5 = function(n3, t4, r4) {
      if (!o4.__c.__H) return true;
      var u6 = false, i5 = o4.__c.props !== n3;
      if (o4.__c.__H.__.some(function(n4) {
        if (n4.__N) {
          u6 = true;
          var t5 = n4.__[0];
          n4.__ = n4.__N, n4.__N = void 0, t5 !== n4.__[0] && (i5 = true);
        }
      }), c4) {
        var f6 = c4.call(this, n3, t4, r4);
        return u6 ? f6 || i5 : f6;
      }
      return !u6 || i5;
    };
    r3.__f = true;
    var c4 = r3.shouldComponentUpdate, e3 = r3.componentWillUpdate;
    r3.componentWillUpdate = function(n3, t4, r4) {
      if (this.__e) {
        var u6 = c4;
        c4 = void 0, f5(n3, t4, r4), c4 = u6;
      }
      e3 && e3.call(this, n3, t4, r4);
    }, r3.shouldComponentUpdate = f5;
  }
  return o4.__N || o4.__;
}
function h3(n2, u5) {
  var i4 = s3(t3++, 3);
  !c3.__s && C3(i4.__H, u5) && (i4.__ = n2, i4.u = u5, r3.__H.__h.push(i4));
}
function _3(n2, u5) {
  var i4 = s3(t3++, 4);
  !c3.__s && C3(i4.__H, u5) && (i4.__ = n2, i4.u = u5, r3.__h.push(i4));
}
function A3(n2) {
  return o3 = 5, T2(function() {
    return { current: n2 };
  }, []);
}
function T2(n2, r4) {
  var u5 = s3(t3++, 7);
  return C3(u5.__H, r4) && (u5.__ = n2(), u5.__H = r4, u5.__h = n2), u5.__;
}
function j2() {
  for (var n2; n2 = f3.shift(); ) {
    var t4 = n2.__H;
    if (n2.__P && t4) try {
      t4.__h.some(z3), t4.__h.some(B3), t4.__h = [];
    } catch (r4) {
      t4.__h = [], c3.__e(r4, n2.__v);
    }
  }
}
c3.__b = function(n2) {
  r3 = null, e2 && e2(n2);
}, c3.__ = function(n2, t4) {
  n2 && t4.__k && t4.__k.__m && (n2.__m = t4.__k.__m), p3 && p3(n2, t4);
}, c3.__r = function(n2) {
  a3 && a3(n2), t3 = 0;
  var i4 = (r3 = n2.__c).__H;
  i4 && (u3 === r3 ? (i4.__h = [], r3.__h = [], i4.__.some(function(n3) {
    n3.__N && (n3.__ = n3.__N), n3.u = n3.__N = void 0;
  })) : (i4.__h.length && j2(), t3 = 0)), u3 = r3;
}, c3.diffed = function(n2) {
  v3 && v3(n2);
  var t4 = n2.__c;
  t4 && t4.__H && (t4.__H.__h.length && (1 !== f3.push(t4) && i3 === c3.requestAnimationFrame || ((i3 = c3.requestAnimationFrame) || w3)(j2)), t4.__H.__.some(function(n3) {
    n3.u && (n3.__H = n3.u, n3.u = void 0);
  })), u3 = r3 = null;
}, c3.__c = function(n2, t4) {
  t4.some(function(n3) {
    try {
      n3.__h.some(z3), n3.__h = n3.__h.filter(function(n4) {
        return !n4.__ || B3(n4);
      });
    } catch (r4) {
      t4.some(function(n4) {
        n4.__h && (n4.__h = []);
      }), t4 = [], c3.__e(r4, n3.__v);
    }
  }), l3 && l3(n2, t4);
}, c3.unmount = function(n2) {
  m3 && m3(n2);
  var t4, r4 = n2.__c;
  r4 && r4.__H && (r4.__H.__.some(function(n3) {
    try {
      z3(n3);
    } catch (n4) {
      t4 = n4;
    }
  }), r4.__H = void 0, t4 && c3.__e(t4, r4.__v));
};
var k3 = "function" == typeof requestAnimationFrame;
function w3(n2) {
  var t4, r4 = function() {
    clearTimeout(u5), k3 && cancelAnimationFrame(t4), setTimeout(n2);
  }, u5 = setTimeout(r4, 35);
  k3 && (t4 = requestAnimationFrame(r4));
}
function z3(n2) {
  var t4 = r3, u5 = n2.__c;
  "function" == typeof u5 && (n2.__c = void 0, u5()), r3 = t4;
}
function B3(n2) {
  var t4 = r3;
  n2.__c = n2.__(), r3 = t4;
}
function C3(n2, t4) {
  return !n2 || n2.length !== t4.length || t4.some(function(t5, r4) {
    return t5 !== n2[r4];
  });
}
function D3(n2, t4) {
  return "function" == typeof t4 ? t4(n2) : t4;
}

// site/src/lib/glyphs/paths.ts
var DOT = (cx, cy, r4) => `<circle cx="${cx}" cy="${cy}" r="${r4}" fill="currentColor" stroke="none"/>`;
var PLANET_GLYPH = {
  // ☉ circle + centre dot
  Sun: `<circle cx="12" cy="12" r="7.4"/>${DOT(12, 12, 1.5)}`,
  // ☽ waxing crescent
  Moon: `<path d="M14.7 4.4a8 8 0 1 0 0 15.2 6.5 6.5 0 0 1 0-15.2Z"/>`,
  // ☿ crescent (horns up) · circle · cross
  Mercury: `<path d="M8.7 4.6a3.3 3.3 0 0 0 6.6 0"/><circle cx="12" cy="10.4" r="3.2"/><path d="M12 13.6v6M9 16.6h6"/>`,
  // ♀ circle over a cross
  Venus: `<circle cx="12" cy="8.4" r="4.4"/><path d="M12 12.8v8.2M8.6 17.4h6.8"/>`,
  // ♂ circle with an arrow to the upper right
  Mars: `<circle cx="10.4" cy="13.6" r="4.7"/><path d="M13.8 10.2 19 5"/><path d="M14.7 5H19v4.3"/>`,
  // ♃ hook + stem + crossbar
  Jupiter: `<path d="M7.6 10.2c0-4.2 6.2-4.2 6.2 0v9.6"/><path d="M9.3 16.3h6.6"/>`,
  // ♄ cross at top of a stem curling into a hook
  Saturn: `<path d="M10.2 5v9.4"/><path d="M8 7.6h4.4"/><path d="M10.2 14.4c0 3.4 3.4 3.4 4.6 1.1"/>`,
  // ♅ H-frame with a hanging circle (astronomical Uranus)
  Uranus: `<path d="M8 6v7M16 6v7M8 9.4h8M12 6v6.4"/><circle cx="12" cy="16.4" r="2.1"/><path d="M12 13v1.3"/>`,
  // ♆ trident
  Neptune: `<path d="M6.5 5.6v4.2M17.5 5.6v4.2M12 4.4V20"/><path d="M6.5 9.8a6 6 0 0 0 11 0"/><path d="M9 16.6h6"/>`,
  // ♇ open crescent cradling a circle, over a cross
  Pluto: `<path d="M7 8.8a5 5 0 0 0 10 0"/><circle cx="12" cy="6.6" r="2.2"/><path d="M12 13.6v7M9 17.1h6"/>`,
  // ☊ ascending node — omega, feet down
  "North Node": `<path d="M8 19.2v-3.4a4.3 4.8 0 1 1 8 0v3.4"/>${DOT(8, 19.2, 1.4)}${DOT(16, 19.2, 1.4)}`,
  // ☋ descending node — omega inverted, feet up
  "South Node": `<path d="M8 4.8v3.4a4.3 4.8 0 1 0 8 0V4.8"/>${DOT(8, 4.8, 1.4)}${DOT(16, 4.8, 1.4)}`
};
var ASPECT_GLYPH = {
  // ☌ circle with a radiating arm
  conjunction: `<circle cx="10.4" cy="13.6" r="4"/><path d="M13.2 10.8 18.4 5.6"/>`,
  // ⚹ six-rayed star
  sextile: `<path d="M12 4.5v15M5.5 8.25l13 7.5M18.5 8.25l-13 7.5"/>`,
  // □ square
  square: `<rect x="6.4" y="6.4" width="11.2" height="11.2" rx="0.6"/>`,
  // △ triangle
  trine: `<path d="M12 5.4 19 18.2H5Z"/>`,
  // ☍ two circles joined by a bar
  opposition: `<circle cx="6.6" cy="12" r="2.6"/><circle cx="17.4" cy="12" r="2.6"/><path d="M9.2 12h5.6"/>`
};
var TOOL_GLYPH = {
  // natal wheel
  birth: `<circle cx="12" cy="12" r="8.25"/><circle cx="12" cy="12" r="3.25"/><path d="M12 3.75v3M12 17.25v3M3.75 12h3M17.25 12h3"/>${DOT(12, 12, 0.65)}`,
  // filled crescent
  moon: `<path d="M15.6 4.3a8.2 8.2 0 1 0 4.2 9.2 6.7 6.7 0 0 1-4.2-9.2Z" fill="currentColor" stroke="none"/>`,
  // sun cresting the horizon (ascendant)
  rising: `<path d="M2.75 17h18.5"/><path d="M7.5 17a4.5 4.5 0 0 1 9 0"/><path d="M12 5.4v2.3M6.2 8.2l1.5 1.5M17.8 8.2l-1.5 1.5"/>`,
  // two interlocking rings
  compat: `<circle cx="9" cy="12" r="5.3"/><circle cx="15" cy="12" r="5.3"/>`,
  // ☉ sun
  sun: PLANET_GLYPH.Sun,
  // ♄ saturn
  saturn: PLANET_GLYPH.Saturn,
  // reversing orbit loop (transits / retrogrades)
  transit: `<path d="M4.5 12a7.5 7.5 0 1 1 2.2 5.3"/><path d="M3.4 8.2 4.5 12l3.8-1.1"/>`,
  retrograde: `<path d="M19.5 12a7.5 7.5 0 1 0-2.2 5.3"/><path d="M20.6 8.2 19.5 12l-3.8-1.1"/>`,
  // half-lit phase disc
  moonphase: `<circle cx="12" cy="12" r="8.2"/><path d="M12 3.8a8.2 8.2 0 0 1 0 16.4Z" fill="currentColor" stroke="none"/>`,
  // filled full-moon disc
  fullmoon: `<circle cx="12" cy="12" r="8.2" fill="currentColor" stroke="none"/>`,
  // eclipse — a disc with a shadow bite
  eclipse: `<circle cx="12" cy="12" r="8.2"/><path d="M15 4.6a8.2 8.2 0 1 1 0 14.8 8.2 8.2 0 0 0 0-14.8Z" fill="currentColor" stroke="none"/>`,
  // sparkle — the baby / due-date tool
  baby: `<path d="M12 3.5c.4 4.4 1.6 5.6 6 6-4.4.4-5.6 1.6-6 6-.4-4.4-1.6-5.6-6-6 4.4-.4 5.6-1.6 6-6Z"/>`,
  // a ruled 3×3 table — the numerology letter grid, stroked like the other tools
  numerology: `<rect x="4.5" y="4.5" width="15" height="15" rx="1.5"/><path d="M4.5 9.5h15M4.5 14.5h15M9.5 4.5v15M14.5 4.5v15"/>`,
  // a plain conversation bubble for the site assistant
  assistant: `<path d="M5 5.5h14v10H10l-4.5 3v-3H5Z"/><path d="M8.5 9.3h7M8.5 12h4.5"/>`
};

// ../../zodiacs-platform-local-date-catalog-count-independent-review/site/node_modules/preact/jsx-runtime/dist/jsxRuntime.mjs
var f4 = 0;
function u4(e3, t4, n2, o4, i4, u5) {
  t4 || (t4 = {});
  var a4, c4, p4 = t4;
  if ("ref" in p4) for (c4 in p4 = {}, t4) "ref" == c4 ? a4 = t4[c4] : p4[c4] = t4[c4];
  var l4 = { type: e3, props: p4, key: n2, ref: a4, __k: null, __: null, __b: 0, __e: null, __c: null, constructor: void 0, __v: --f4, __i: -1, __u: 0, __source: i4, __self: u5 };
  if ("function" == typeof e3 && (a4 = e3.defaultProps)) for (c4 in a4) void 0 === p4[c4] && (p4[c4] = a4[c4]);
  return l.vnode && l.vnode(l4), l4;
}

// site/src/components/PlanetGlyph.tsx
function PlanetGlyph({ body, size = 18, disc = false, hue, class: cls = "", title }) {
  const markup = PLANET_GLYPH[body];
  if (!markup) return null;
  const svg = /* @__PURE__ */ u4(
    "svg",
    {
      viewBox: "0 0 24 24",
      width: size,
      height: size,
      fill: "none",
      stroke: "currentColor",
      "stroke-width": "1.7",
      "stroke-linecap": "round",
      "stroke-linejoin": "round",
      role: title ? "img" : void 0,
      "aria-label": title || void 0,
      "aria-hidden": title ? void 0 : "true",
      dangerouslySetInnerHTML: { __html: markup }
    }
  );
  const className = `pglyph${disc ? " pglyph--disc" : ""}${cls ? " " + cls : ""}`;
  return /* @__PURE__ */ u4("span", { class: className, style: hue ? `--sign:${hue}` : void 0, children: svg });
}

// site/src/components/AspectGlyph.tsx
function AspectGlyph({ type, size = 18, class: cls = "", title }) {
  const markup = ASPECT_GLYPH[type];
  if (!markup) return null;
  return /* @__PURE__ */ u4("span", { class: `aglyph${cls ? " " + cls : ""}`, children: /* @__PURE__ */ u4(
    "svg",
    {
      viewBox: "0 0 24 24",
      width: size,
      height: size,
      fill: "none",
      stroke: "currentColor",
      "stroke-width": "1.7",
      "stroke-linecap": "round",
      "stroke-linejoin": "round",
      role: title ? "img" : void 0,
      "aria-label": title || void 0,
      "aria-hidden": title ? void 0 : "true",
      dangerouslySetInnerHTML: { __html: markup }
    }
  ) });
}

// site/src/data/context-help.ts
var CONTEXT_TERMS = Object.freeze([
  {
    slug: "birth-chart",
    plainDefinition: "A snapshot of where the planets appeared at the moment you were born.",
    aliases: ["natal chart"],
    category: "setup",
    level: "core"
  },
  {
    slug: "big-three",
    plainDefinition: "Your Sun, Moon, and rising signs\u2014the three quickest entry points into a birth chart.",
    aliases: ["sun moon rising"],
    category: "setup",
    level: "core"
  },
  {
    slug: "house-system",
    plainDefinition: "A method for dividing a birth chart into twelve areas of life.",
    aliases: ["houses setting"],
    category: "setup",
    level: "core"
  },
  {
    slug: "whole-sign-houses",
    plainDefinition: "A house system in which each zodiac sign becomes one complete 30\xB0 house.",
    aliases: ["whole sign", "whole sign house system"],
    category: "setup",
    level: "core"
  },
  {
    slug: "placidus",
    plainDefinition: "A house system that uses your exact birth time and location to create houses of different sizes.",
    aliases: ["placidus houses"],
    category: "setup",
    level: "core"
  },
  {
    slug: "degree",
    plainDefinition: "A unit for locating something precisely around the 360\xB0 chart circle.",
    aliases: ["degrees"],
    category: "anatomy",
    level: "core"
  },
  {
    slug: "placement",
    plainDefinition: "A planet in a particular sign, degree, and\u2014when birth time is known\u2014house.",
    aliases: ["placements"],
    category: "anatomy",
    level: "core"
  },
  {
    slug: "house",
    plainDefinition: "One of twelve chart areas describing where a theme tends to show up in life.",
    aliases: ["houses"],
    category: "anatomy",
    level: "core"
  },
  {
    slug: "cusp",
    plainDefinition: "The boundary where one sign or house ends and the next begins.",
    aliases: ["house cusp"],
    category: "anatomy",
    level: "intermediate"
  },
  {
    slug: "rising-sign",
    plainDefinition: "The sign rising on the eastern horizon at your birth; it depends on an accurate time and place.",
    aliases: ["rising", "ascendant sign"],
    category: "anatomy",
    level: "core"
  },
  {
    slug: "north-node",
    plainDefinition: "A calculated point where the Moon\u2019s orbit crosses the Sun\u2019s apparent path, often read as a direction of growth rather than a fixed destiny.",
    aliases: ["north lunar node"],
    category: "anatomy",
    level: "core"
  },
  {
    slug: "south-node",
    plainDefinition: "The calculated point opposite the North Node, often associated with familiar patterns and existing strengths.",
    aliases: ["south lunar node"],
    category: "anatomy",
    level: "core"
  },
  {
    slug: "ascendant",
    plainDefinition: "The exact point rising on the eastern horizon, often shortened to ASC.",
    aliases: ["asc", "asc."],
    category: "anatomy",
    level: "core"
  },
  {
    slug: "midheaven",
    plainDefinition: "A chart angle associated with public life and direction, often shortened to MC.",
    aliases: ["mc", "medium coeli"],
    category: "anatomy",
    level: "intermediate"
  },
  {
    slug: "aspect",
    plainDefinition: "A measured angle between two chart points that astrologers read as a relationship between them.",
    aliases: ["aspects"],
    category: "aspect",
    level: "core"
  },
  {
    slug: "conjunction",
    plainDefinition: "A 0\xB0 aspect that concentrates two parts of the chart in the same place.",
    aliases: ["conjunct"],
    category: "aspect",
    level: "core"
  },
  {
    slug: "sextile",
    plainDefinition: "A 60\xB0 aspect read as an opportunity for two parts of the chart to cooperate.",
    category: "aspect",
    level: "core"
  },
  {
    slug: "square",
    plainDefinition: "A 90\xB0 aspect read as friction that asks for action or adjustment.",
    category: "aspect",
    level: "core"
  },
  {
    slug: "trine",
    plainDefinition: "A 120\xB0 aspect read as an easy-flowing connection between two parts of the chart.",
    category: "aspect",
    level: "core"
  },
  {
    slug: "opposition",
    plainDefinition: "A 180\xB0 aspect that places two chart points across from one another.",
    aliases: ["opposite"],
    category: "aspect",
    level: "core"
  },
  {
    slug: "orb",
    plainDefinition: "How far an aspect is from exact; a smaller orb means a tighter aspect.",
    aliases: ["aspect orb"],
    category: "aspect",
    level: "intermediate"
  },
  {
    slug: "applying",
    plainDefinition: "An aspect moving closer to its exact angle.",
    aliases: ["applying aspect"],
    category: "aspect",
    level: "intermediate"
  },
  {
    slug: "separating",
    plainDefinition: "An aspect moving away from its exact angle.",
    aliases: ["separating aspect"],
    category: "aspect",
    level: "intermediate"
  },
  {
    slug: "essential-dignity",
    plainDefinition: "A traditional system for describing how supported a planet is considered in a sign.",
    aliases: ["dignity", "dignities"],
    category: "dignity",
    level: "intermediate"
  },
  {
    slug: "domicile",
    plainDefinition: "A traditional dignity label meaning a planet is in a sign it rules.",
    aliases: ["rulership dignity"],
    category: "dignity",
    level: "intermediate"
  },
  {
    slug: "exaltation",
    plainDefinition: "A traditional dignity label meaning a planet is considered especially supported in that sign.",
    aliases: ["exalted"],
    category: "dignity",
    level: "intermediate"
  },
  {
    slug: "detriment",
    plainDefinition: "A traditional dignity label for a planet in the sign opposite one it rules.",
    category: "dignity",
    level: "intermediate"
  },
  {
    slug: "fall",
    plainDefinition: "A traditional dignity label for a planet in the sign opposite its exaltation.",
    category: "dignity",
    level: "intermediate"
  },
  {
    slug: "retrograde",
    plainDefinition: "A period when a planet appears to move backward from Earth; it has not reversed its orbit.",
    aliases: ["rx", "retrograde motion"],
    category: "timing",
    level: "core"
  },
  {
    slug: "station",
    plainDefinition: "The moment a planet appears to stop before changing between direct and retrograde motion.",
    aliases: ["stations", "station direct", "station retrograde"],
    category: "timing",
    level: "intermediate"
  },
  {
    slug: "ingress",
    plainDefinition: "The exact moment a planet enters a new zodiac sign.",
    aliases: ["enters a sign"],
    category: "timing",
    level: "intermediate"
  },
  {
    slug: "transit",
    plainDefinition: "A current moving planet compared with a fixed point in a birth chart.",
    aliases: ["transits"],
    category: "timing",
    level: "core"
  },
  {
    slug: "progression",
    plainDefinition: "A symbolic timing technique that advances a birth chart by a set rule.",
    aliases: ["progressed chart", "progressions"],
    category: "timing",
    level: "advanced"
  },
  {
    slug: "solar-return",
    plainDefinition: "The yearly moment when the Sun returns to its exact birth-chart position.",
    aliases: ["solar return chart"],
    category: "timing",
    level: "intermediate"
  },
  {
    slug: "element",
    plainDefinition: "A sign family\u2014fire, earth, air, or water\u2014used to describe its basic style.",
    aliases: ["elements"],
    category: "sign-quality",
    level: "core"
  },
  {
    slug: "modality",
    plainDefinition: "A sign family\u2014cardinal, fixed, or mutable\u2014describing how it begins, sustains, or adapts.",
    aliases: ["modalities", "quality"],
    category: "sign-quality",
    level: "core"
  },
  {
    slug: "cardinal",
    plainDefinition: "The modality associated with beginning, initiating, and setting direction.",
    category: "sign-quality",
    level: "intermediate"
  },
  {
    slug: "fixed",
    plainDefinition: "The modality associated with sustaining, concentrating, and holding steady.",
    category: "sign-quality",
    level: "intermediate"
  },
  {
    slug: "mutable",
    plainDefinition: "The modality associated with adapting, transitioning, and making changes.",
    category: "sign-quality",
    level: "intermediate"
  },
  {
    slug: "stellium",
    plainDefinition: "A cluster of three or more major chart bodies in the same sign or house.",
    aliases: ["stelliums"],
    category: "anatomy",
    level: "intermediate"
  }
]);
var BEGINNER_TERM_SLUGS = Object.freeze([
  "birth-chart",
  "big-three",
  "rising-sign",
  "house-system",
  "whole-sign-houses",
  "placidus",
  "house",
  "aspect",
  "conjunction",
  "sextile",
  "square",
  "trine",
  "opposition",
  "retrograde",
  "transit"
]);
function normalizeContextTerm(value) {
  return value.trim().toLowerCase().replace(/[’']/g, "").replace(/[^a-z0-9]+/g, "-").replace(/^-+|-+$/g, "");
}
var contextTermsByKey = /* @__PURE__ */ new Map();
for (const entry of CONTEXT_TERMS) {
  contextTermsByKey.set(normalizeContextTerm(entry.slug), entry);
  for (const alias of entry.aliases ?? []) {
    contextTermsByKey.set(normalizeContextTerm(alias), entry);
  }
}
function resolveContextTerm(value) {
  return contextTermsByKey.get(normalizeContextTerm(value));
}

// site/src/islands/AstroTerm.tsx
var import_meta = {};
function titleFromSlug(slug) {
  const title = slug.replace(/-/g, " ");
  return title.charAt(0).toUpperCase() + title.slice(1);
}
function AstroTerm({
  term,
  label,
  surface = "inline",
  whyItMatters,
  className = ""
}) {
  const root = A3(null);
  const entry = resolveContextTerm(term);
  h3(() => {
    if (!root.current || !entry) return;
    let active = true;
    let cleanup;
    const target = root.current;
    void Promise.resolve().then(() => (init_context_help_client(), context_help_client_exports)).then(({ bindContextHelp: bindContextHelp2 }) => {
      if (!active) return;
      cleanup = bindContextHelp2(target);
    }).catch(() => {
    });
    return () => {
      active = false;
      cleanup?.();
    };
  }, [entry]);
  if (!entry) {
    if (import_meta.env.DEV) console.warn(`AstroTerm could not resolve glossary term \u201C${term}\u201D.`);
    return /* @__PURE__ */ u4("span", { className: className || void 0, children: label ?? term });
  }
  const title = titleFromSlug(entry.slug);
  const displayLabel = label ?? (term === entry.slug ? title : term);
  const rootClass = ["astro-term", className].filter(Boolean).join(" ");
  return /* @__PURE__ */ u4(
    "span",
    {
      ref: root,
      className: rootClass,
      "data-context-help-term": entry.slug,
      "data-context-help-surface": surface,
      children: [
        /* @__PURE__ */ u4(
          "button",
          {
            className: "astro-term__trigger",
            type: "button",
            "aria-expanded": "false",
            "data-context-help-trigger": true,
            children: displayLabel
          }
        ),
        /* @__PURE__ */ u4(
          "span",
          {
            className: "astro-term__panel",
            role: "note",
            "aria-label": `${title} explained`,
            "data-context-help-panel": true,
            hidden: true,
            children: [
              /* @__PURE__ */ u4("span", { className: "astro-term__eyebrow", children: "In plain English" }),
              /* @__PURE__ */ u4("strong", { className: "astro-term__title", children: title }),
              /* @__PURE__ */ u4("span", { className: "astro-term__definition", children: entry.plainDefinition }),
              whyItMatters && /* @__PURE__ */ u4("span", { className: "astro-term__why", children: whyItMatters }),
              /* @__PURE__ */ u4("a", { className: "astro-term__link", href: `/learn/glossary/#${entry.slug}`, children: [
                "Learn more about ",
                title,
                " \u2192"
              ] })
            ]
          }
        )
      ]
    }
  );
}

// site/src/lib/compat.ts
var ALL_PAIRS = SIGNS.flatMap(
  (a4, i4) => SIGNS.slice(i4).map((b3) => [a4.slug, b3.slug])
);
var BODY_ROLE = {
  Sun: "sense of self",
  Moon: "emotional life",
  Mercury: "way of thinking",
  Venus: "way of loving",
  Mars: "drive",
  Jupiter: "appetite for more",
  Saturn: "standards",
  Uranus: "independence",
  Neptune: "imagination",
  Pluto: "intensity"
};

// site/src/lib/engine/aspects.ts
var ASPECTS2 = ASPECTS.map((aspect) => ({
  type: aspect.type,
  angle: aspect.angle,
  orb: aspect.orb,
  orbLuminary: aspect.luminaryOrb
}));
function matchAspect2(aBody, aLongitude, bBody, bLongitude) {
  const match = matchAspect(aBody, aLongitude, bBody, bLongitude);
  if (!match) return null;
  const definition = ASPECTS2.find((aspect) => aspect.type === match.definition.type);
  if (!definition) return null;
  return { def: definition, orb: match.orb };
}

// site/src/lib/natal.ts
var ORDINAL = [
  "",
  "first",
  "second",
  "third",
  "fourth",
  "fifth",
  "sixth",
  "seventh",
  "eighth",
  "ninth",
  "tenth",
  "eleventh",
  "twelfth"
];
var NATAL_HOUSE_THEME = {
  1: "first impressions, instinct, and the way you arrive",
  2: "earning, owning, and what security is made of",
  3: "language, siblings, short trips, and the everyday mind",
  4: "home, roots, family, and where you go to be unobserved",
  5: "pleasure, romance, children, and what you make for its own sake",
  6: "routines, health, craft, and the daily load",
  7: "partnership \u2014 the people you meet as equals",
  8: "shared resources, intimacy, and what gets merged",
  9: "travel, study, belief, and the long view",
  10: "career, reputation, and the public record",
  11: "friends, groups, allies, and the future you point at",
  12: "solitude, rest, and what runs beneath awareness"
};
var PLACED = {
  Sun: "centers itself in",
  Moon: "keeps its tides in",
  Mercury: "does its thinking in",
  Venus: "looks for beauty in",
  Mars: "spends its heat in",
  Jupiter: "wants more room in",
  Saturn: "keeps its ledger in",
  Uranus: "refuses to settle in",
  Neptune: "softens the walls of",
  Pluto: "digs deepest in"
};
var NATAL_ASPECT = {
  conjunction: {
    verb: "is fused to",
    gloss: "run as one instrument, hard to play separately"
  },
  sextile: {
    verb: "has an open line to",
    gloss: "cooperate whenever you remember to ask"
  },
  square: {
    verb: "grinds against",
    gloss: "pull in directions ninety degrees apart \u2014 permanent friction, and the strength that comes from working against it"
  },
  trine: {
    verb: "runs downhill into",
    gloss: "help each other so smoothly the gift is easy to miss"
  },
  opposition: {
    verb: "faces off with",
    gloss: "hold opposite ends of one axis, taking turns unless you seat them both"
  }
};
var CURATED = {
  "Sun:1": "Your Sun sits in the first house \u2014 the self and the surface are the same layer, and people meet most of who you are in the first minute.",
  "Moon:4": "Your Moon keeps its tides in the fourth house \u2014 home terrain for it; feelings need a private floor, and given one, they steady the whole chart.",
  "Saturn:12": "Your Saturn keeps its ledger in the twelfth house \u2014 the accounting happens out of sight, and the discipline that costs you most is the kind nobody watches you practice.",
  "Pluto:1": "Your Pluto digs deepest in the first house \u2014 intensity arrives before your name does, and people tend to react to you before you have done anything.",
  "Neptune:10": "Your Neptune softens the walls of the tenth house \u2014 the career refuses to stay literal; the public role works best when it carries some of the dream with it.",
  "Mars:7": "Your Mars spends its heat in the seventh house \u2014 you meet your own drive most clearly in other people, which makes partners both the spark and the sparring ring.",
  "Venus:2": "Your Venus looks for beauty in the second house \u2014 taste and security share a wallet, and what you own has to please you, not just hold value.",
  "Mercury:3": "Your Mercury does its thinking in the third house \u2014 its home terrain; the everyday mind runs fast, in words, and mostly out loud."
};
var NATAL_ASPECT_LINES = {
  "Sun:conjunction:Moon": "Your Sun is fused to your Moon \u2014 you were born near a new moon, and what you want and what you need mostly agree; the risk is not noticing there are two of them.",
  "Sun:opposition:Moon": "Your Sun faces off with your Moon \u2014 a full-moon birth; wanting and needing sit at opposite ends of one axis, and the life work is refusing to pick a permanent side.",
  "Sun:square:Moon": "Your Sun grinds against your Moon \u2014 what you are building and what would feel like home pull at right angles, and every big decision has to answer to both.",
  "Venus:conjunction:Mars": "Your Venus is fused to your Mars \u2014 wanting and pursuing fire together; the charm has momentum, and the appetite has taste.",
  "Moon:square:Saturn": "Your Moon grinds against your Saturn \u2014 feelings meet a strict doorman, and the early lesson that comfort must be earned takes deliberate unlearning.",
  "Sun:conjunction:Mercury": "Your Sun is fused to your Mercury \u2014 the self and its narrator share a desk, which makes the account vivid and the distance between you and your own opinions small.",
  "Sun:sextile:Mars": "Your Sun has an open line to your Mars \u2014 a clear purpose can give you the push to begin. Choose a first step small enough to take while the intention is fresh.",
  "Sun:square:Neptune": "Your Sun grinds against your Neptune \u2014 an imagined version of yourself can compete with the life you are living. Try an idea in ordinary conditions before treating it as your calling.",
  "Sun:trine:Jupiter": "Your Sun runs downhill into your Jupiter \u2014 confidence can grow through learning, travel, or a wider view. Give that optimism a specific question to explore.",
  "Sun:conjunction:Venus": "Your Sun is fused to your Venus \u2014 what you value can be closely tied to how you see yourself. Notice which preferences remain yours when nobody else is there to approve them.",
  "Sun:trine:Pluto": "Your Sun runs downhill into your Pluto \u2014 sustained attention can help you remake something that no longer fits. Choose what deserves that depth, and leave room for what can stay simple.",
  "Sun:sextile:Pluto": "Your Sun has an open line to your Pluto \u2014 an honest look beneath the surface can clarify your next direction. Start with one pattern you have the power to change.",
  "Sun:square:Mars": "Your Sun grinds against your Mars \u2014 the urge to act can outrun the purpose behind it. Before taking on a challenge, ask whether winning it would move you toward what matters.",
  "Sun:sextile:Uranus": "Your Sun has an open line to your Uranus \u2014 trying a different route can reveal a direction that feels more your own. A small experiment gives you room to change without overturning everything.",
  "Sun:sextile:Saturn": "Your Sun has an open line to your Saturn \u2014 a manageable commitment can turn intention into something lasting. Pick a rhythm you can keep, then let the repeated effort count.",
  "Sun:square:Saturn": "Your Sun grinds against your Saturn \u2014 high standards can make each choice feel like a test of your worth. Define what is enough for this task before asking yourself for more.",
  "Mars:sextile:Uranus": "Your Mars has an open line to your Uranus \u2014 a change of method can restore momentum when effort stalls. Test a different tool or approach before simply pushing harder.",
  "Sun:sextile:Neptune": "Your Sun has an open line to your Neptune \u2014 imagination can suggest a direction that a practical plan has missed. Give the idea a small, tangible form and see what it teaches you.",
  "Sun:square:Pluto": "Your Sun grinds against your Pluto \u2014 holding to your direction can become tangled with holding control. Notice where a firm choice would serve you better than a struggle for the last word.",
  "Sun:conjunction:Jupiter": "Your Sun is fused to your Jupiter \u2014 growth can feel central to who you are, making the next possibility hard to pass up. Choose which opportunity deserves your full attention.",
  "Sun:square:Jupiter": "Your Sun grinds against your Jupiter \u2014 enthusiasm can stretch a promise beyond the time or energy available. Check the size of the commitment while there is still room to adjust it.",
  "Sun:conjunction:Mars": "Your Sun is fused to your Mars \u2014 acting on a desire can feel like declaring who you are. Leave yourself a pause in which changing your approach is allowed to count as strength.",
  "Sun:trine:Mars": "Your Sun runs downhill into your Mars \u2014 purpose and action can reinforce each other with little persuasion. Use that ease on a chosen goal, and check whether the goal still fits as you go.",
  "Mercury:trine:Saturn": "Your Mercury runs downhill into your Saturn \u2014 patient thinking can turn a complicated idea into a clear structure. Use an outline or a careful question, while leaving space for evidence that changes the plan.",
  "Sun:trine:Neptune": "Your Sun runs downhill into your Neptune \u2014 imagination and empathy can become natural ways of expressing yourself. Give them a medium, and keep time for your own wishes alongside what you absorb from others.",
  "Mars:trine:Neptune": "Your Mars runs downhill into your Neptune \u2014 an image, cause, or creative practice can draw effort from you without much forcing. Notice which inspiration still supports action after the first rush fades.",
  "Sun:opposition:Mars": "Your Sun faces off with your Mars \u2014 pursuing your direction and answering a challenge can pull you into different positions. Decide what you want before letting a contest set the terms.",
  "Sun:conjunction:Neptune": "Your Sun is fused to your Neptune \u2014 imagination can be woven into your sense of self, making possibilities feel personal. Let a vision guide an experiment without requiring it to explain your whole life.",
  "Venus:conjunction:Pluto": "Your Venus is fused to your Pluto \u2014 affection and taste can invite deep investment. Make room to name what you want and to hear a different answer without turning closeness into a test.",
  "Mars:opposition:Neptune": "Your Mars faces off with your Neptune \u2014 direct action and an ideal can pull apart when the next step is unclear. Name what is yours to do, then choose a step whose result you can observe.",
  "Venus:conjunction:Jupiter": "Your Venus is fused to your Jupiter \u2014 enjoyment and generosity can grow together, making a good experience easy to extend. Choose what you want to share and how much room you have for it.",
  "Sun:sextile:Moon": "Your Sun has an open line to your Moon \u2014 checking what you need can help you choose a direction. Make that check part of a decision, instead of waiting for discomfort to interrupt it.",
  "Sun:trine:Moon": "Your Sun runs downhill into your Moon \u2014 your direction and your need for comfort can support each other easily. Notice when familiar choices nourish you and when you are ready to try something else.",
  "Moon:conjunction:Mercury": "Your Moon is fused to your Mercury \u2014 feelings can quickly become words, and words can change how you feel. Leave room to describe an emotion before deciding what it means.",
  "Moon:square:Mercury": "Your Moon grinds against your Mercury \u2014 the explanation that makes sense may not match the feeling underneath it. Give each a separate sentence before asking them to agree.",
  "Moon:trine:Venus": "Your Moon runs downhill into your Venus \u2014 comfort and affection can meet in small gestures, familiar pleasures, or a welcoming space. Ask which gesture would feel caring to the person receiving it."
};
var NATAL_PLANET_ORDER = [
  "Sun",
  "Moon",
  "Mercury",
  "Venus",
  "Mars",
  "Jupiter",
  "Saturn",
  "Uranus",
  "Neptune",
  "Pluto"
];
function aspectKey(a4, type, b3) {
  const first = NATAL_PLANET_ORDER.indexOf(a4);
  const second = NATAL_PLANET_ORDER.indexOf(b3);
  return first >= 0 && second >= 0 && first > second ? `${b3}:${type}:${a4}` : `${a4}:${type}:${b3}`;
}
function planetInHouseLine(body, house, opts = {}) {
  const curated = CURATED[`${body}:${house}`];
  if (curated) return curated;
  const verb = PLACED[body];
  const theme = NATAL_HOUSE_THEME[house];
  if (!verb || !theme) return `Your ${body} occupies the ${ORDINAL[house] ?? `${house}th`} house.`;
  if (opts.withTheme === false) return `Your ${body} ${verb} the ${ORDINAL[house]} house too.`;
  return `Your ${body} ${verb} the ${ORDINAL[house]} house \u2014 ${theme}.`;
}
function natalAspectLine(a4, type, b3) {
  const curated = NATAL_ASPECT_LINES[aspectKey(a4, type, b3)];
  if (curated) return curated;
  const roleA = BODY_ROLE[a4] ?? a4.toLowerCase();
  const roleB = BODY_ROLE[b3] ?? b3.toLowerCase();
  const phrase = NATAL_ASPECT[type];
  if (!phrase) return `Your ${a4} aspects your ${b3}.`;
  return `Your ${a4} ${phrase.verb} your ${b3} \u2014 your ${roleA} and your ${roleB} ${phrase.gloss}.`;
}

// site/src/lib/natal-context.ts
var NATAL_BODY_THEME = Object.freeze({
  Sun: {
    what: "The Sun represents identity, vitality, and the direction you grow into over time.",
    topic: "identity and direction"
  },
  Moon: {
    what: "The Moon represents emotional needs, instinctive reactions, memory, and what helps you feel safe.",
    topic: "emotional needs and instincts"
  },
  Mercury: {
    what: "Mercury represents how you think, learn, speak, and make sense of what is happening.",
    topic: "thinking and communication"
  },
  Venus: {
    what: "Venus represents attraction, affection, taste, pleasure, and how you create harmony with other people.",
    topic: "affection, pleasure, and values"
  },
  Mars: {
    what: "Mars represents drive, desire, anger, courage, and how you act when something matters.",
    topic: "drive and self-assertion"
  },
  Jupiter: {
    what: "Jupiter represents growth, confidence, belief, opportunity, and where you look for a wider horizon.",
    topic: "growth and belief"
  },
  Saturn: {
    what: "Saturn represents limits, responsibility, patience, and the skills you build through sustained effort.",
    topic: "responsibility and long-term growth"
  },
  Uranus: {
    what: "Uranus represents independence, disruption, invention, and the part of you that resists an inherited script.",
    topic: "independence and change"
  },
  Neptune: {
    what: "Neptune represents imagination, ideals, longing, sensitivity, and the places where boundaries can blur.",
    topic: "imagination and ideals"
  },
  Pluto: {
    what: "Pluto represents power, compulsion, release, and the slow changes that remake something from the roots.",
    topic: "power and deep change"
  },
  "North Node": {
    what: "The North Node is a calculated point where the Moon\u2019s orbit crosses the Sun\u2019s apparent path. Modern astrology treats it as a direction of growth, not a fixed destiny.",
    topic: "a direction of growth"
  },
  "South Node": {
    what: "The South Node is the calculated point exactly opposite the North Node. Modern astrology associates it with familiar patterns and existing strengths, not a fixed past or destiny.",
    topic: "familiar patterns and existing strengths"
  }
});
var ORDINAL2 = [
  "",
  "first",
  "second",
  "third",
  "fourth",
  "fifth",
  "sixth",
  "seventh",
  "eighth",
  "ninth",
  "tenth",
  "eleventh",
  "twelfth"
];
function isNode(body) {
  return body === "North Node" || body === "South Node";
}
function signContext(sign) {
  const essence = signEssence(sign);
  return `In ${sign.name}, it takes on a ${sign.modality} ${sign.element} style. ${essence}`;
}
function houseContext(house) {
  if (house == null) {
    return "A birth time is needed to place it in a house, so this chart cannot say which area of life carries it.";
  }
  const theme = NATAL_HOUSE_THEME[house];
  if (!theme) return `It falls in house ${house}, the life area where this placement is most likely to show up.`;
  return `The ${ORDINAL2[house] ?? `${house}th`} house brings it into ${theme}.`;
}
function motionContext(body, speed) {
  if (speed == null) return void 0;
  if (isNode(body)) {
    return speed < 0 ? "The negative speed is normal: lunar nodes usually move backward through the zodiac. Astrologers do not read this like a retrograde planet." : "The true node can briefly move forward. That motion does not make it a planet or make this interpretation stronger.";
  }
  if (speed >= 0) return void 0;
  return `${body} appeared to move backward from Earth when you were born. Astrology calls this retrograde; the planet did not reverse its orbit.`;
}
function placementContext(body, signSlug2, house, speed) {
  const theme = NATAL_BODY_THEME[body];
  const sign = signBySlug(signSlug2);
  const location = houseContext(house);
  const housePhrase = house == null ? "The missing birth time means the life area remains open." : `The ${ORDINAL2[house] ?? `${house}th`} house shows the life area where that pattern is most visible.`;
  const synthesis = isNode(body) ? `${sign.name} describes the style of ${theme.topic}. ${housePhrase} This is a symbolic lens, not a prediction or fixed destiny.` : `${sign.name} shapes your ${theme.topic}; ${housePhrase} It describes a tendency, not a guarantee of what will happen.`;
  return {
    what: theme.what,
    how: signContext(sign),
    where: location,
    synthesis,
    motionNote: motionContext(body, speed)
  };
}

// site/src/lib/i18n/astrology.ts
var PLANET_LABELS = {
  en: {
    Sun: "Sun",
    Moon: "Moon",
    Mercury: "Mercury",
    Venus: "Venus",
    Mars: "Mars",
    Jupiter: "Jupiter",
    Saturn: "Saturn",
    Uranus: "Uranus",
    Neptune: "Neptune",
    Pluto: "Pluto",
    "North Node": "North Node",
    "South Node": "South Node"
  },
  es: {
    Sun: "Sol",
    Moon: "Luna",
    Mercury: "Mercurio",
    Venus: "Venus",
    Mars: "Marte",
    Jupiter: "J\xFApiter",
    Saturn: "Saturno",
    Uranus: "Urano",
    Neptune: "Neptuno",
    Pluto: "Plut\xF3n",
    "North Node": "Nodo Norte",
    "South Node": "Nodo Sur"
  },
  pt: {
    Sun: "Sol",
    Moon: "Lua",
    Mercury: "Merc\xFArio",
    Venus: "V\xEAnus",
    Mars: "Marte",
    Jupiter: "J\xFApiter",
    Saturn: "Saturno",
    Uranus: "Urano",
    Neptune: "Netuno",
    Pluto: "Plut\xE3o",
    "North Node": "Nodo Norte",
    "South Node": "Nodo Sul"
  },
  fr: {
    Sun: "Soleil",
    Moon: "Lune",
    Mercury: "Mercure",
    Venus: "V\xE9nus",
    Mars: "Mars",
    Jupiter: "Jupiter",
    Saturn: "Saturne",
    Uranus: "Uranus",
    Neptune: "Neptune",
    Pluto: "Pluton",
    "North Node": "N\u0153ud Nord",
    "South Node": "N\u0153ud Sud"
  },
  it: {
    Sun: "Sole",
    Moon: "Luna",
    Mercury: "Mercurio",
    Venus: "Venere",
    Mars: "Marte",
    Jupiter: "Giove",
    Saturn: "Saturno",
    Uranus: "Urano",
    Neptune: "Nettuno",
    Pluto: "Plutone",
    "North Node": "Nodo Nord",
    "South Node": "Nodo Sud"
  }
};
var ASPECT_LABELS = {
  en: {
    conjunction: "conjunction",
    sextile: "sextile",
    square: "square",
    trine: "trine",
    opposition: "opposition"
  },
  es: {
    conjunction: "conjunci\xF3n",
    sextile: "sextil",
    square: "cuadratura",
    trine: "tr\xEDgono",
    opposition: "oposici\xF3n"
  },
  pt: {
    conjunction: "conjun\xE7\xE3o",
    sextile: "sextil",
    square: "quadratura",
    trine: "tr\xEDgono",
    opposition: "oposi\xE7\xE3o"
  },
  fr: {
    conjunction: "conjonction",
    sextile: "sextile",
    square: "carr\xE9",
    trine: "trigone",
    opposition: "opposition"
  },
  it: {
    conjunction: "congiunzione",
    sextile: "sestile",
    square: "quadratura",
    trine: "trigono",
    opposition: "opposizione"
  }
};
function planetLabel(locale, body) {
  const catalogLocale = requireCatalogLocale(locale);
  if (catalogLocale === "ru") return russianRuntime().astrology.planets[body] ?? body;
  return PLANET_LABELS[catalogLocale][body] ?? body;
}
function aspectLabel(locale, aspect) {
  const catalogLocale = requireCatalogLocale(locale);
  if (catalogLocale === "ru") return russianRuntime().astrology.aspects[aspect] ?? aspect;
  return ASPECT_LABELS[catalogLocale][aspect] ?? aspect;
}

// site/src/islands/explorer/Inspector.tsx
var HOUSE_SLUG = [
  "first",
  "second",
  "third",
  "fourth",
  "fifth",
  "sixth",
  "seventh",
  "eighth",
  "ninth",
  "tenth",
  "eleventh",
  "twelfth"
];
var DIGNITY_KEY = {
  domicile: "dignityDomicile",
  exaltation: "dignityExaltation",
  detriment: "dignityDetriment",
  fall: "dignityFall"
};
var ASPECT_CONTEXT = {
  conjunction: "A conjunction brings two parts of the chart together so closely that they tend to act as one.",
  sextile: "A sextile is a supportive 60\xB0 connection. It describes an opportunity for two parts of the chart to cooperate.",
  square: "A square is a 90\xB0 connection that creates friction, pressure, and a reason to develop a new response.",
  trine: "A trine is a flowing 120\xB0 connection. Its strengths can feel so natural that they are easy to overlook.",
  opposition: "An opposition places two parts of the chart across from one another, asking for balance instead of choosing one side."
};
var ANGLE_CONTEXT = {
  asc: {
    what: "The Ascendant is the exact point rising on the eastern horizon when you were born.",
    why: "Astrologers use it to describe first impressions, your approach to new situations, and the starting point of the houses."
  },
  dsc: {
    what: "The Descendant is the point setting on the western horizon, directly opposite the Ascendant.",
    why: "Astrologers use it to describe the qualities you meet through close partnerships and one-to-one relationships."
  },
  mc: {
    what: "The Midheaven is the chart\u2019s upper meridian point, often shortened to MC.",
    why: "Astrologers connect it with public life, reputation, vocation, and the direction you are seen moving toward."
  },
  ic: {
    what: "The IC is the chart\u2019s lower meridian point, directly opposite the Midheaven.",
    why: "Astrologers connect it with home, roots, private life, and the conditions that help you feel grounded."
  }
};
var DETENT_LABELS = {
  en: { expand: "Expand chart explanation", collapse: "Collapse chart explanation" },
  es: { expand: "Ampliar la explicaci\xF3n de la carta", collapse: "Contraer la explicaci\xF3n de la carta" },
  pt: { expand: "Expandir a explica\xE7\xE3o do mapa", collapse: "Recolher a explica\xE7\xE3o do mapa" },
  fr: { expand: "D\xE9velopper l\u2019explication du th\xE8me", collapse: "R\xE9duire l\u2019explication du th\xE8me" },
  it: { expand: "Espandi la spiegazione del tema", collapse: "Riduci la spiegazione del tema" },
  ru: { expand: "\u0420\u0430\u0437\u0432\u0435\u0440\u043D\u0443\u0442\u044C \u043E\u0431\u044A\u044F\u0441\u043D\u0435\u043D\u0438\u0435 \u043A\u0430\u0440\u0442\u044B", collapse: "\u0421\u0432\u0435\u0440\u043D\u0443\u0442\u044C \u043E\u0431\u044A\u044F\u0441\u043D\u0435\u043D\u0438\u0435 \u043A\u0430\u0440\u0442\u044B" }
};
function SignDisc({ slug, size = 20 }) {
  return /* @__PURE__ */ u4("picture", { class: "insp__disc", children: [
    /* @__PURE__ */ u4("source", { srcset: `/assets/zodiac-icons/48/${slug}.avif`, type: "image/avif" }),
    /* @__PURE__ */ u4("img", { src: `/assets/zodiac-icons/48/${slug}.webp`, width: size, height: size, alt: "", decoding: "async" })
  ] });
}
function Receipt({ label, children }) {
  return /* @__PURE__ */ u4("div", { class: "insp__row", children: [
    /* @__PURE__ */ u4("span", { class: "mono--label", children: label }),
    /* @__PURE__ */ u4("span", { class: "mono insp__val", children })
  ] });
}
function Insight({ label, children }) {
  return /* @__PURE__ */ u4("section", { class: "insp__insight", children: [
    /* @__PURE__ */ u4("h4", { class: "mono--label", children: label }),
    /* @__PURE__ */ u4("div", { class: "insp__read", children })
  ] });
}
function ExactData({ children }) {
  return /* @__PURE__ */ u4("details", { class: "insp__exact", children: [
    /* @__PURE__ */ u4("summary", { children: "Exact chart data" }),
    /* @__PURE__ */ u4("div", { class: "insp__exact-body", children })
  ] });
}
function Related({ children }) {
  return /* @__PURE__ */ u4("div", { class: "insp__related", children: [
    /* @__PURE__ */ u4("span", { class: "mono--label", children: "Explore next" }),
    /* @__PURE__ */ u4("div", { class: "insp__related-actions", children })
  ] });
}
function isNode2(body) {
  return body === "North Node" || body === "South Node";
}
function Inspector({ scene, selection, onSelect, locale, banner }) {
  const showsEnglishInterpretation = locale === "en";
  const [detent, setDetent] = d3("half");
  const headingRef = A3(null);
  const dragFrom = A3(null);
  const activePointer = A3(null);
  const suppressHandleClick = A3(false);
  const instantSwap = A3(false);
  const selectionKey = selection ? entityId(selection) : "none";
  h3(() => {
    setDetent("half");
  }, [selectionKey]);
  h3(() => {
    const frame = requestAnimationFrame(() => {
      instantSwap.current = false;
    });
    return () => cancelAnimationFrame(frame);
  }, [selectionKey]);
  if (!selection) {
    return /* @__PURE__ */ u4("div", { class: "insp insp--hint", "data-explorer-inspector": true, children: /* @__PURE__ */ u4("p", { class: "insp__hint", children: t(locale, "explorerHint") }) });
  }
  const selectRelated = (ref, event) => {
    instantSwap.current = event.detail === 0;
    onSelect(ref);
    requestAnimationFrame(() => headingRef.current?.focus());
  };
  const learn = (path, label, englishOnly = true) => /* @__PURE__ */ u4(
    "a",
    {
      class: "insp__more",
      href: path,
      title: locale === "ru" && englishOnly ? "\u041C\u0430\u0442\u0435\u0440\u0438\u0430\u043B \u043F\u043E\u043A\u0430 \u0434\u043E\u0441\u0442\u0443\u043F\u0435\u043D \u043F\u043E-\u0430\u043D\u0433\u043B\u0438\u0439\u0441\u043A\u0438" : void 0,
      children: [
        label,
        locale === "ru" && englishOnly ? " \u2014 \u043F\u043E\u043A\u0430 \u043F\u043E-\u0430\u043D\u0433\u043B\u0438\u0439\u0441\u043A\u0438" : "",
        " \u2192"
      ]
    }
  );
  const signButton = (slug, label) => {
    const sign = signBySlug(slug);
    return /* @__PURE__ */ u4(
      "button",
      {
        class: "insp__chip",
        type: "button",
        style: `--sign:${sign.hue}`,
        onClick: (event) => selectRelated({ kind: "sign", sign: slug }, event),
        children: [
          /* @__PURE__ */ u4(SignDisc, { slug, size: 16 }),
          " ",
          label
        ]
      }
    );
  };
  let title = null;
  let body = null;
  switch (selection.kind) {
    case "body": {
      const sb = scene.bodies.find((candidate) => candidate.body === selection.body);
      if (!sb) return null;
      if (sb.body === "Moon" && moonIsUncertain(scene)) {
        title = /* @__PURE__ */ u4(S, { children: [
          /* @__PURE__ */ u4(PlanetGlyph, { body: "Moon", size: 17, class: "insp__pg" }),
          planetLabel(locale, "Moon")
        ] });
        body = /* @__PURE__ */ u4(S, { children: [
          /* @__PURE__ */ u4("p", { class: "insp__note", "data-moon-uncertain": true, children: [
            /* @__PURE__ */ u4("strong", { children: moonLabel(scene, locale) }),
            moonCandidates(scene).length > 0 && ` \xB7 ${t(locale, "needsBirthTime")}`
          ] }),
          showsEnglishInterpretation && /* @__PURE__ */ u4(Insight, { label: "Where it shows up", children: placementContext(sb.body, sb.sign, sb.house, sb.speed).where }),
          /* @__PURE__ */ u4(Related, { children: moonCandidates(scene).map((slug) => signButton(slug, signName(signBySlug(slug), locale))) }),
          /* @__PURE__ */ u4(ExactData, { children: [
            /* @__PURE__ */ u4("p", { children: t(locale, "noTimeNotice") }),
            /* @__PURE__ */ u4(Receipt, { label: t(locale, "position"), children: formatLongitude(sb.lon, locale) })
          ] })
        ] });
        break;
      }
      const sign = signBySlug(sb.sign);
      const context = placementContext(sb.body, sb.sign, sb.house, sb.speed);
      const node = isNode2(sb.body);
      const relatedAspects = node ? [] : sb.aspects;
      const bodyLabel = planetLabel(locale, sb.body);
      const exact = /* @__PURE__ */ u4(S, { children: [
        /* @__PURE__ */ u4(Receipt, { label: t(locale, "position"), children: formatLongitude(sb.lon, locale) }),
        /* @__PURE__ */ u4(Receipt, { label: t(locale, "sign"), children: [
          /* @__PURE__ */ u4(SignDisc, { slug: sb.sign, size: 16 }),
          " ",
          signName(sign, locale)
        ] }),
        sb.house != null && /* @__PURE__ */ u4(Receipt, { label: t(locale, "house"), children: sb.house }),
        /* @__PURE__ */ u4(Receipt, { label: t(locale, "speed"), children: [
          sb.speed >= 0 ? "+" : "\u2212",
          Math.abs(sb.speed).toFixed(2),
          "\xB0/",
          t(locale, "day")
        ] }),
        sb.dignity && /* @__PURE__ */ u4(Receipt, { label: t(locale, "dignity"), children: showsEnglishInterpretation ? /* @__PURE__ */ u4(AstroTerm, { term: sb.dignity, label: t(locale, DIGNITY_KEY[sb.dignity]), surface: "chart-inspector", whyItMatters: "This is a traditional kind of support\u2014not a verdict that the placement is good or bad." }) : t(locale, DIGNITY_KEY[sb.dignity]) })
      ] });
      const related = /* @__PURE__ */ u4(S, { children: [
        signButton(sb.sign, signName(sign, locale)),
        sb.house != null && /* @__PURE__ */ u4("button", { class: "insp__chip", type: "button", onClick: (event) => selectRelated({ kind: "house", house: sb.house }, event), children: [
          t(locale, "house"),
          " ",
          sb.house
        ] }),
        relatedAspects.map((id) => {
          const ref = parseEntityId(id);
          if (!ref || ref.kind !== "aspect") return null;
          const partner = ref.a === sb.body ? ref.b : ref.a;
          const sa = scene.aspects.find((candidate) => candidate.a === ref.a && candidate.b === ref.b && candidate.type === ref.type);
          return /* @__PURE__ */ u4("button", { class: "insp__chip", type: "button", onClick: (event) => selectRelated(ref, event), children: [
            /* @__PURE__ */ u4(AspectGlyph, { type: ref.type, size: 12, class: "insp__pg" }),
            aspectLabel(locale, ref.type),
            " \xB7 ",
            planetLabel(locale, partner),
            sa && /* @__PURE__ */ u4("span", { class: "insp__orb", children: [
              " \xB7 ",
              sa.orb.toFixed(1),
              "\xB0"
            ] })
          ] }, id);
        })
      ] });
      title = /* @__PURE__ */ u4(S, { children: [
        /* @__PURE__ */ u4(PlanetGlyph, { body: sb.body, size: 17, class: "insp__pg" }),
        node && showsEnglishInterpretation ? /* @__PURE__ */ u4(AstroTerm, { term: sb.body === "North Node" ? "north-node" : "south-node", label: bodyLabel, surface: "chart-inspector" }) : bodyLabel,
        sb.retrograde && /* @__PURE__ */ u4("span", { class: "mono insp__rx", children: [
          " ",
          showsEnglishInterpretation && !node ? /* @__PURE__ */ u4(AstroTerm, { term: "retrograde", label: "Rx", surface: "chart-inspector", whyItMatters: "This mark tells you the planet appeared to move backward when you were born." }) : "Rx"
        ] })
      ] });
      body = showsEnglishInterpretation ? /* @__PURE__ */ u4(S, { children: [
        /* @__PURE__ */ u4("div", { class: "insp__story", children: [
          /* @__PURE__ */ u4(Insight, { label: "What it represents", children: context.what }),
          /* @__PURE__ */ u4(Insight, { label: "How the sign shapes it", children: context.how }),
          /* @__PURE__ */ u4(Insight, { label: "Where it shows up", children: context.where }),
          /* @__PURE__ */ u4(Insight, { label: "Why it matters here", children: context.synthesis }),
          context.motionNote && /* @__PURE__ */ u4("p", { class: "insp__note", children: context.motionNote })
        ] }),
        /* @__PURE__ */ u4(Related, { children: related }),
        /* @__PURE__ */ u4(ExactData, { children: exact }),
        node ? learn(`/learn/glossary/#${sb.body === "North Node" ? "north-node" : "south-node"}`, `Learn about the ${sb.body}`) : learn(`/learn/placements/${sb.body.toLowerCase().replace(" ", "-")}-in-${sb.sign}/`, `${bodyLabel} ${t(locale, "readIn")} ${signName(sign, locale)}`)
      ] }) : /* @__PURE__ */ u4(S, { children: [
        exact,
        sb.house != null && locale !== "ru" && /* @__PURE__ */ u4("p", { class: "insp__read", children: planetInHouseLine(sb.body, sb.house) }),
        /* @__PURE__ */ u4("div", { class: "insp__related-actions", children: related }),
        !node && learn(`/learn/placements/${sb.body.toLowerCase().replace(" ", "-")}-in-${sb.sign}/`, `${bodyLabel} ${t(locale, "readIn")} ${signName(sign, locale)}`)
      ] });
      break;
    }
    case "sign": {
      const sign = signBySlug(selection.sign);
      const uncertainMoon = moonIsUncertain(scene);
      const possibleMoon = uncertainMoon && moonCandidates(scene).includes(selection.sign);
      const occupants = scene.bodies.filter((candidate) => candidate.sign === selection.sign && (candidate.body !== "Moon" || !uncertainMoon));
      const occupantNames = occupants.map((candidate) => planetLabel(locale, candidate.body));
      const signWhere = [
        occupants.length > 0 ? `${occupantNames.join(", ")} ${occupants.length === 1 ? "uses" : "use"} this style in your chart.` : possibleMoon ? "The Moon may occupy this sign; a birth time is needed to confirm it." : "No confirmed planet or chart point occupies this sign.",
        scene.houses == null ? "A birth time is needed to show which area of life carries that style." : occupants.length === 0 ? "It still shapes the house that begins here." : ""
      ].filter(Boolean).join(" ");
      const exact = /* @__PURE__ */ u4(S, { children: [
        /* @__PURE__ */ u4(Receipt, { label: t(locale, "dates"), children: signDates(sign, locale) }),
        /* @__PURE__ */ u4(Receipt, { label: t(locale, "element"), children: showsEnglishInterpretation ? /* @__PURE__ */ u4(AstroTerm, { term: "element", label: elementLabel(sign.element, locale), surface: "chart-inspector" }) : elementLabel(sign.element, locale) }),
        /* @__PURE__ */ u4(Receipt, { label: locale === "ru" ? "\u041C\u043E\u0434\u0430\u043B\u044C\u043D\u043E\u0441\u0442\u044C" : "Modality", children: showsEnglishInterpretation ? /* @__PURE__ */ u4(AstroTerm, { term: sign.modality, label: modalityLabel(sign.modality, locale), surface: "chart-inspector" }) : modalityLabel(sign.modality, locale) }),
        /* @__PURE__ */ u4(Receipt, { label: t(locale, "ruler"), children: planetLabel(locale, sign.ruler) })
      ] });
      const occupantButtons = occupants.map((candidate) => /* @__PURE__ */ u4("button", { class: "insp__chip", type: "button", onClick: (event) => selectRelated({ kind: "body", body: candidate.body }, event), children: [
        /* @__PURE__ */ u4(PlanetGlyph, { body: candidate.body, size: 12, class: "insp__pg" }),
        planetLabel(locale, candidate.body),
        " \xB7 ",
        formatLongitude(candidate.lon, locale).split(" ")[0]
      ] }, candidate.body));
      const moonNote = possibleMoon ? /* @__PURE__ */ u4("p", { class: "insp__note", children: [
        planetLabel(locale, "Moon"),
        " \xB7 ",
        moonLabel(scene, locale),
        " \xB7 ",
        t(locale, "needsBirthTime")
      ] }) : null;
      title = /* @__PURE__ */ u4(S, { children: [
        /* @__PURE__ */ u4(SignDisc, { slug: selection.sign, size: 22 }),
        " ",
        signName(sign, locale)
      ] });
      body = showsEnglishInterpretation ? /* @__PURE__ */ u4(S, { children: [
        /* @__PURE__ */ u4("div", { class: "insp__story", children: [
          /* @__PURE__ */ u4(Insight, { label: "What it represents", children: "A sign describes the style a planet or chart point uses. It is the \u201Chow,\u201D not a separate personality by itself." }),
          /* @__PURE__ */ u4(Insight, { label: "How this sign works", children: [
            signEssence(sign),
            " It belongs to the ",
            sign.element,
            " element and the ",
            sign.modality,
            " modality."
          ] }),
          /* @__PURE__ */ u4(Insight, { label: "Where it shows up", children: signWhere }),
          /* @__PURE__ */ u4(Insight, { label: "Why it matters here", children: occupants.length > 1 ? `With ${occupants.length} chart bodies here, ${sign.name} is a repeating tone rather than a one-off detail.` : "Read the sign together with the selected planet or point to understand what is being expressed in this style." })
        ] }),
        occupants.length > 0 && /* @__PURE__ */ u4(Related, { children: occupantButtons }),
        moonNote,
        /* @__PURE__ */ u4(ExactData, { children: exact }),
        learn(localizePath(locale, `/${selection.sign}/`), `${t(locale, "read")} ${signName(sign, locale)}`, false)
      ] }) : /* @__PURE__ */ u4(S, { children: [
        exact,
        occupants.length > 0 && /* @__PURE__ */ u4("div", { class: "insp__aspects", children: [
          /* @__PURE__ */ u4("span", { class: "mono--label", children: t(locale, "inThisSign") }),
          /* @__PURE__ */ u4("div", { class: "insp__related-actions", children: occupantButtons })
        ] }),
        moonNote,
        learn(localizePath(locale, `/${selection.sign}/`), `${t(locale, "read")} ${signName(sign, locale)}`, false)
      ] });
      break;
    }
    case "house": {
      const house = scene.houses?.find((candidate) => candidate.index === selection.house);
      if (!house) return null;
      const occupantNames = house.occupants.map((name) => planetLabel(locale, name));
      const occupantButtons = house.occupants.map((name) => /* @__PURE__ */ u4("button", { class: "insp__chip", type: "button", onClick: (event) => selectRelated({ kind: "body", body: name }, event), children: [
        /* @__PURE__ */ u4(PlanetGlyph, { body: name, size: 12, class: "insp__pg" }),
        " ",
        planetLabel(locale, name)
      ] }, name));
      const exact = /* @__PURE__ */ u4(S, { children: [
        /* @__PURE__ */ u4(Receipt, { label: showsEnglishInterpretation ? /* @__PURE__ */ u4(AstroTerm, { term: "cusp", label: t(locale, "cusp"), surface: "chart-inspector", whyItMatters: "This is the exact point where the house begins." }) : t(locale, "cusp"), children: formatLongitude(house.cuspLon, locale) }),
        /* @__PURE__ */ u4(Receipt, { label: t(locale, "span"), children: [
          house.spanDeg.toFixed(1),
          "\xB0"
        ] })
      ] });
      title = /* @__PURE__ */ u4(S, { children: [
        showsEnglishInterpretation ? /* @__PURE__ */ u4(AstroTerm, { term: "house", label: t(locale, "house"), surface: "chart-inspector" }) : t(locale, "house"),
        " ",
        house.index
      ] });
      body = showsEnglishInterpretation ? /* @__PURE__ */ u4(S, { children: [
        /* @__PURE__ */ u4("div", { class: "insp__story", children: [
          /* @__PURE__ */ u4(Insight, { label: "What it represents", children: "A house is an area of life. It tells you where a planet\u2019s topic is most likely to become concrete and noticeable." }),
          /* @__PURE__ */ u4(Insight, { label: "How this house works", children: [
            "House ",
            house.index,
            " covers ",
            NATAL_HOUSE_THEME[house.index] ?? "a specific area of everyday life",
            "."
          ] }),
          /* @__PURE__ */ u4(Insight, { label: "Where it shows up", children: house.occupants.length > 0 ? `${occupantNames.join(", ")} ${house.occupants.length === 1 ? "lands" : "land"} here in your chart.` : "No planet was in this house when you were born. Empty does not mean inactive; its sign and ruler still describe the area." }),
          /* @__PURE__ */ u4(Insight, { label: "Why it matters here", children: house.occupants.length > 0 ? "Each planet here brings its own needs and habits into the same life area, so this house deserves an early read." : "An empty house is not a missing part of life. It simply is not led by a natal planet." })
        ] }),
        house.occupants.length > 0 && /* @__PURE__ */ u4(Related, { children: occupantButtons }),
        /* @__PURE__ */ u4(ExactData, { children: exact }),
        learn(`/learn/houses/${HOUSE_SLUG[house.index - 1]}-house/`, `${t(locale, "house")} ${house.index}`)
      ] }) : /* @__PURE__ */ u4(S, { children: [
        exact,
        house.occupants.length > 0 ? /* @__PURE__ */ u4("div", { class: "insp__aspects", children: [
          /* @__PURE__ */ u4("span", { class: "mono--label", children: t(locale, "inThisHouse") }),
          /* @__PURE__ */ u4("div", { class: "insp__related-actions", children: occupantButtons })
        ] }) : /* @__PURE__ */ u4("p", { class: "insp__read", children: t(locale, "emptyHouseNote") }),
        learn(`/learn/houses/${HOUSE_SLUG[house.index - 1]}-house/`, `${t(locale, "house")} ${house.index}`)
      ] });
      break;
    }
    case "aspect": {
      const sa = scene.aspects.find((candidate) => candidate.a === selection.a && candidate.b === selection.b && candidate.type === selection.type);
      if (!sa) return null;
      const name = aspectLabel(locale, sa.type);
      const exact = /* @__PURE__ */ u4(Receipt, { label: showsEnglishInterpretation ? /* @__PURE__ */ u4(AstroTerm, { term: "orb", label: t(locale, "orb"), surface: "chart-inspector", whyItMatters: "A smaller number usually makes the aspect more noticeable." }) : t(locale, "orb"), children: [
        sa.orb.toFixed(1),
        "\xB0 \xB7 ",
        showsEnglishInterpretation ? /* @__PURE__ */ u4(AstroTerm, { term: sa.applying ? "applying" : "separating", label: sa.applying ? t(locale, "applying") : t(locale, "separating"), surface: "chart-inspector" }) : sa.applying ? t(locale, "applying") : t(locale, "separating")
      ] });
      const bodyButtons = /* @__PURE__ */ u4(S, { children: [
        /* @__PURE__ */ u4("button", { class: "insp__chip", type: "button", onClick: (event) => selectRelated({ kind: "body", body: sa.a }, event), children: [
          /* @__PURE__ */ u4(PlanetGlyph, { body: sa.a, size: 12, class: "insp__pg" }),
          " ",
          planetLabel(locale, sa.a)
        ] }),
        /* @__PURE__ */ u4("button", { class: "insp__chip", type: "button", onClick: (event) => selectRelated({ kind: "body", body: sa.b }, event), children: [
          /* @__PURE__ */ u4(PlanetGlyph, { body: sa.b, size: 12, class: "insp__pg" }),
          " ",
          planetLabel(locale, sa.b)
        ] })
      ] });
      title = /* @__PURE__ */ u4(S, { children: [
        /* @__PURE__ */ u4(PlanetGlyph, { body: sa.a, size: 15, class: "insp__pg" }),
        " ",
        planetLabel(locale, sa.a),
        /* @__PURE__ */ u4("span", { class: "insp__aspect-name", children: [
          /* @__PURE__ */ u4(AspectGlyph, { type: sa.type, size: 14, class: "insp__pg" }),
          " ",
          name
        ] }),
        /* @__PURE__ */ u4(PlanetGlyph, { body: sa.b, size: 15, class: "insp__pg" }),
        " ",
        planetLabel(locale, sa.b)
      ] });
      if ((sa.a === "Moon" || sa.b === "Moon") && moonIsUncertain(scene)) {
        body = /* @__PURE__ */ u4(S, { children: [
          /* @__PURE__ */ u4("p", { class: "insp__note", children: [
            t(locale, "moon"),
            " \xB7 ",
            moonLabel(scene, locale),
            " \xB7 ",
            t(locale, "needsBirthTime")
          ] }),
          /* @__PURE__ */ u4(Related, { children: bodyButtons }),
          /* @__PURE__ */ u4(ExactData, { children: [
            /* @__PURE__ */ u4("p", { class: "insp__note", children: t(locale, "noTimeNotice") }),
            exact
          ] }),
          learn(`/learn/aspects/${sa.type}/`, name)
        ] });
        break;
      }
      body = showsEnglishInterpretation ? /* @__PURE__ */ u4(S, { children: [
        /* @__PURE__ */ u4("div", { class: "insp__story", children: [
          /* @__PURE__ */ u4(Insight, { label: "What it represents", children: ASPECT_CONTEXT[sa.type] }),
          /* @__PURE__ */ u4(Insight, { label: "How it works here", children: [
            "This ",
            name.toLowerCase(),
            " connects your ",
            planetLabel(locale, sa.a),
            " with your ",
            planetLabel(locale, sa.b),
            "."
          ] }),
          /* @__PURE__ */ u4(Insight, { label: "Where it shows up", children: natalAspectLine(sa.a, sa.type, sa.b) }),
          /* @__PURE__ */ u4(Insight, { label: "Why it matters here", children: [
            "At ",
            sa.orb.toFixed(1),
            "\xB0 from exact, this connection is ",
            sa.orb <= 1.5 ? "especially tight and likely to be noticeable" : sa.orb <= 3.5 ? "close enough to carry real weight" : "a wider background pattern",
            ". It describes an inner relationship, not a guaranteed event."
          ] })
        ] }),
        /* @__PURE__ */ u4(Related, { children: bodyButtons }),
        /* @__PURE__ */ u4(ExactData, { children: exact }),
        learn(`/learn/aspects/${sa.type}/`, name)
      ] }) : /* @__PURE__ */ u4(S, { children: [
        exact,
        /* @__PURE__ */ u4("div", { class: "insp__related-actions", children: bodyButtons }),
        learn(`/learn/aspects/${sa.type}/`, name)
      ] });
      break;
    }
    case "angle": {
      if (!scene.angles) return null;
      const lon = scene.angles[selection.angle];
      const sign = signForLongitude(lon);
      const angle = ANGLE_CONTEXT[selection.angle];
      const KEY = { asc: "angleAscNote", dsc: "angleDscNote", mc: "angleMcNote", ic: "angleIcNote" };
      const angleLabel = selection.angle.toUpperCase();
      const exact = /* @__PURE__ */ u4(S, { children: [
        /* @__PURE__ */ u4(Receipt, { label: t(locale, "position"), children: formatLongitude(lon, locale) }),
        /* @__PURE__ */ u4(Receipt, { label: t(locale, "sign"), children: [
          /* @__PURE__ */ u4(SignDisc, { slug: sign.slug, size: 16 }),
          " ",
          signName(sign, locale)
        ] })
      ] });
      title = /* @__PURE__ */ u4(S, { children: showsEnglishInterpretation && selection.angle === "asc" ? /* @__PURE__ */ u4(AstroTerm, { term: "ascendant", label: "ASC", surface: "chart-inspector" }) : showsEnglishInterpretation && selection.angle === "mc" ? /* @__PURE__ */ u4(AstroTerm, { term: "midheaven", label: "MC", surface: "chart-inspector" }) : angleLabel });
      body = showsEnglishInterpretation ? /* @__PURE__ */ u4(S, { children: [
        /* @__PURE__ */ u4("div", { class: "insp__story", children: [
          /* @__PURE__ */ u4(Insight, { label: "What it represents", children: angle.what }),
          /* @__PURE__ */ u4(Insight, { label: "How the sign shapes it", children: [
            "In ",
            sign.name,
            ", this angle takes on this style: ",
            signEssence(sign)
          ] }),
          /* @__PURE__ */ u4(Insight, { label: "Where it shows up", children: t(locale, KEY[selection.angle]) }),
          /* @__PURE__ */ u4(Insight, { label: "Why it matters here", children: angle.why })
        ] }),
        /* @__PURE__ */ u4(Related, { children: signButton(sign.slug, signName(sign, locale)) }),
        /* @__PURE__ */ u4(ExactData, { children: exact }),
        selection.angle === "asc" && learn(localizePath(locale, "/rising-sign/"), `${signName(sign, locale)} ${t(locale, "rising").toLowerCase()}`, false)
      ] }) : /* @__PURE__ */ u4(S, { children: [
        exact,
        /* @__PURE__ */ u4("p", { class: "insp__read", children: t(locale, KEY[selection.angle]) }),
        selection.angle === "asc" && learn(localizePath(locale, "/rising-sign/"), `${signName(sign, locale)} ${t(locale, "rising").toLowerCase()}`, false)
      ] });
      break;
    }
  }
  const onHandlePointerDown = (event) => {
    if (activePointer.current != null) return;
    activePointer.current = event.pointerId;
    dragFrom.current = event.clientY;
    event.currentTarget.setPointerCapture(event.pointerId);
  };
  const onHandlePointerUp = (event) => {
    if (activePointer.current !== event.pointerId || dragFrom.current == null) return;
    const deltaY = event.clientY - dragFrom.current;
    activePointer.current = null;
    dragFrom.current = null;
    suppressHandleClick.current = Math.abs(deltaY) > 5;
    if (deltaY < -40) setDetent("full");
    else if (deltaY > 40) detent === "full" ? setDetent("half") : onSelect(null);
  };
  const onHandlePointerCancel = (event) => {
    if (activePointer.current !== event.pointerId) return;
    activePointer.current = null;
    dragFrom.current = null;
    suppressHandleClick.current = false;
  };
  return /* @__PURE__ */ u4(
    "div",
    {
      class: `insp insp--card insp--${detent}${instantSwap.current ? " insp--instant-swap" : ""}`,
      "data-explorer-inspector": true,
      onKeyDown: (event) => {
        if (event.key === "Escape") {
          event.stopPropagation();
          onSelect(null);
        }
      },
      children: [
        /* @__PURE__ */ u4(
          "button",
          {
            type: "button",
            class: "insp__handle",
            onPointerDown: onHandlePointerDown,
            onPointerUp: onHandlePointerUp,
            onPointerCancel: onHandlePointerCancel,
            onClick: () => {
              if (suppressHandleClick.current) {
                suppressHandleClick.current = false;
                return;
              }
              setDetent((current) => current === "half" ? "full" : "half");
            },
            "aria-label": detent === "half" ? DETENT_LABELS[locale].expand : DETENT_LABELS[locale].collapse,
            "aria-expanded": detent === "full"
          }
        ),
        banner,
        /* @__PURE__ */ u4("div", { class: "insp__head", children: [
          /* @__PURE__ */ u4("h3", { class: "insp__title", tabIndex: -1, ref: headingRef, "data-inspector-heading": true, children: title }),
          /* @__PURE__ */ u4("button", { class: "insp__close", type: "button", onClick: () => onSelect(null), "aria-label": t(locale, "inspectorClose"), children: "\xD7" })
        ] }),
        /* @__PURE__ */ u4("div", { class: "insp__body", children: body }, selectionKey)
      ]
    }
  );
}

// site/src/lib/account-v2/profile-access-reader.ts
function browserProfileAccessReader() {
  if (typeof window === "undefined") return null;
  try {
    const reader = Reflect.get(window, "zodiacsProfileAccess");
    if (!reader || typeof reader !== "object") return null;
    return typeof Reflect.get(reader, "canRead") === "function" ? reader : null;
  } catch {
    return null;
  }
}
function accountProfileAccessEnabled() {
  if (typeof document === "undefined") return false;
  try {
    return document.documentElement.hasAttribute("data-account-sync-v2");
  } catch {
    return true;
  }
}
function profileAccessAllowed(reader = browserProfileAccessReader(), enabled = accountProfileAccessEnabled()) {
  if (!enabled) return true;
  try {
    return reader?.canRead() === true;
  } catch {
    return false;
  }
}

// site/src/lib/profile/schema.ts
var PROFILE_KEY = "zodiacs.profile.v1";
var EMPTY_PROFILE = {
  version: 1,
  settings: { houseSystem: "whole" },
  charts: []
};

// site/src/lib/profile/polar-repair.ts
var LEGACY_ENGINE_VERSION = "0.1.0";
var POLAR_REPAIR_VERSION = "0.1.0+polar-asc.1";
function repairLegacyPolarChart(chart) {
  if (!chart || typeof chart !== "object") return chart;
  const { birth, summary } = chart;
  const latitude = birth?.place?.lat;
  const angles = summary?.angles;
  if (summary?.engineVersion !== LEGACY_ENGINE_VERSION || birth?.timeKnown !== true || typeof birth.time !== "string" || !/^(?:[01]\d|2[0-3]):[0-5]\d$/.test(birth.time) || !Array.isArray(summary.flags) || summary.houseSystem !== "whole" && summary.houseSystem !== "placidus" || typeof latitude !== "number" || !Number.isFinite(latitude) || Math.abs(latitude) <= 66 || Math.abs(latitude) > 90 || !angles || !Number.isFinite(angles.asc) || !Number.isFinite(angles.mc) || angles.asc < 0 || angles.asc >= 360 || angles.mc < 0 || angles.mc >= 360) return chart;
  const separation2 = (angles.asc - angles.mc + 360) % 360;
  if (separation2 < 180) return chart;
  return {
    ...chart,
    summary: {
      ...summary,
      engineVersion: POLAR_REPAIR_VERSION,
      angles: { ...angles, asc: (angles.asc + 180) % 360 },
      houseSystem: "whole",
      flags: summary.houseSystem === "placidus" && !summary.flags.includes("polar-fallback") ? [...summary.flags, "polar-fallback"] : summary.flags
    }
  };
}

// site/src/lib/profile/read-store.ts
function loadProfile() {
  if (!profileAccessAllowed()) return structuredClone(EMPTY_PROFILE);
  try {
    const raw = localStorage.getItem(PROFILE_KEY);
    if (!raw) return structuredClone(EMPTY_PROFILE);
    const parsed = JSON.parse(raw);
    if (parsed?.version !== 1 || !Array.isArray(parsed.charts)) {
      return structuredClone(EMPTY_PROFILE);
    }
    const profile = parsed;
    return { ...profile, charts: profile.charts.map(repairLegacyPolarChart) };
  } catch {
    return structuredClone(EMPTY_PROFILE);
  }
}

// site/src/lib/learning-input-identity.ts
function learningInputIdentity(input) {
  return JSON.stringify([
    input.date,
    input.timeKnown,
    input.timeKnown ? input.time : "12:00",
    input.city.lat,
    input.city.lon,
    input.city.tz,
    input.houseSystem
  ]);
}

// site/src/lib/learning-source.ts
var UUID = /^[0-9a-f]{8}-[0-9a-f]{4}-[1-8][0-9a-f]{3}-[89ab][0-9a-f]{3}-[0-9a-f]{12}$/i;
var object = (value) => !!value && typeof value === "object" && !Array.isArray(value);
var finite = (value) => typeof value === "number" && Number.isFinite(value);
function projectLearningSource(value) {
  try {
    if (!object(value) || typeof value.id !== "string" || !UUID.test(value.id) || typeof value.name !== "string" || !object(value.birth) || !object(value.summary)) return null;
    const b3 = value.birth;
    const s4 = value.summary;
    const p4 = b3.place;
    if (typeof b3.date !== "string" || !/^\d{4}-\d{2}-\d{2}$/.test(b3.date) || b3.date < "1800-01-01" || b3.date > "2199-12-31" || typeof b3.timeKnown !== "boolean" || b3.timeKnown && (typeof b3.time !== "string" || !/^(?:[01]\d|2[0-3]):[0-5]\d$/.test(b3.time)) || !object(p4) || !finite(p4.lat) || Math.abs(p4.lat) > 90 || !finite(p4.lon) || Math.abs(p4.lon) > 180 || typeof p4.tz !== "string" || !p4.tz.trim() || !["name", "admin1", "country"].every((key) => typeof p4[key] === "string") || s4.houseSystem !== "whole" && s4.houseSystem !== "placidus" || typeof s4.engineVersion !== "string" || typeof s4.utcISO !== "string" || !Array.isArray(s4.bodies) || !Array.isArray(s4.flags) || !s4.flags.every((flag) => typeof flag === "string") || !s4.bodies.every((body) => object(body) && typeof body.body === "string" && finite(body.lon) && typeof body.retrograde === "boolean") || s4.angles !== null && (!object(s4.angles) || !finite(s4.angles.asc) || !finite(s4.angles.mc))) return null;
    const day = /* @__PURE__ */ new Date(`${b3.date}T12:00:00Z`);
    if (!Number.isFinite(day.getTime()) || day.toISOString().slice(0, 10) !== b3.date) return null;
    const time = b3.timeKnown ? b3.time : "12:00";
    if (!Number.isFinite(resolveLocalToUtc(b3.date, time, p4.tz).utc.getTime())) return null;
    const input = {
      date: b3.date,
      time,
      timeKnown: b3.timeKnown,
      city: {
        name: p4.name,
        admin1: p4.admin1,
        country: p4.country,
        lat: p4.lat,
        lon: p4.lon,
        tz: p4.tz,
        pop: 0
      },
      houseSystem: s4.houseSystem,
      subjectMode: value.relationship === "self" ? "self" : "other"
    };
    return { id: value.id, label: value.name, input, identity: learningInputIdentity(input) };
  } catch {
    return null;
  }
}
function readLearningSources() {
  if (!profileAccessAllowed()) return [];
  const sources = loadProfile().charts.map(projectLearningSource).filter((source) => source !== null);
  return sources.filter((source) => sources.filter((other) => other.id === source.id).length === 1);
}
function learningSourceCurrent(source) {
  return profileAccessAllowed() && readLearningSources().some((current) => current.id === source.id && current.identity === source.identity);
}

// site/src/lib/use-learning-sources.ts
function useLearningSources() {
  const [sources, setSources] = d3([]);
  const accessGeneration = A3(0);
  h3(() => {
    const refresh = () => setSources(readLearningSources());
    const access = () => {
      accessGeneration.current += 1;
      refresh();
    };
    const storage = (event) => {
      if (event.key === null || event.key === PROFILE_KEY) refresh();
    };
    refresh();
    window.addEventListener("zodiacs:profile", refresh);
    window.addEventListener("zodiacs:profile-synced", refresh);
    window.addEventListener("zodiacs:profile-access", access);
    window.addEventListener("storage", storage);
    window.addEventListener("pageshow", refresh);
    return () => {
      window.removeEventListener("zodiacs:profile", refresh);
      window.removeEventListener("zodiacs:profile-synced", refresh);
      window.removeEventListener("zodiacs:profile-access", access);
      window.removeEventListener("storage", storage);
      window.removeEventListener("pageshow", refresh);
    };
  }, []);
  return { sources, accessGeneration };
}

// site/src/lib/learning-progress.ts
var LEARNING_STEP_IDS = ["big-three", "planets-houses", "aspects", "whole-chart", "follow-sky"];
function normalizeLearningProgress(value) {
  if (!Array.isArray(value)) return [];
  const requested = new Set(value.filter((id) => typeof id === "string"));
  return LEARNING_STEP_IDS.filter((id) => requested.has(id));
}
function normalizeLearningState(value) {
  if (Array.isArray(value)) return { started: normalizeLearningProgress(value), completed: [] };
  if (!value || typeof value !== "object" || !("version" in value) || value.version !== 2) {
    return { started: [], completed: [] };
  }
  const record2 = value;
  const started = normalizeLearningProgress(record2.started);
  return {
    started,
    completed: normalizeLearningProgress(record2.completed).filter((id) => started.includes(id))
  };
}
function updateLearningProgress(progress, action, id) {
  if (action === "start") {
    return { ...progress, started: normalizeLearningProgress([...progress.started, id]) };
  }
  if (!progress.started.includes(id)) return progress;
  return { ...progress, completed: normalizeLearningProgress([...progress.completed, id]) };
}
var LEARNING_STORAGE_KEY = "zodiacs:learning-path:v2";
var LEGACY_LEARNING_KEY = "zodiacs:learning-path:v1";
var LEARNING_LOCK = "zodiacs:learning-path:v2:write";
var LEARNING_SAVE_BOUND_MS = 1500;
var PAGE_ONLY_COPY = "Changes on this page cannot be saved. Returning may show your last saved progress.";
function createLearningProgressOwner(env) {
  let state = { started: [], completed: [], pageOnly: false };
  let generation = 0;
  const listeners = /* @__PURE__ */ new Set();
  const snapshot = () => ({ ...state, started: [...state.started], completed: [...state.completed] });
  const notify = () => listeners.forEach((listener) => {
    try {
      listener();
    } catch {
    }
  });
  const read = () => normalizeLearningState(JSON.parse(env.read(LEARNING_STORAGE_KEY) ?? env.read(LEGACY_LEARNING_KEY) ?? "null"));
  function refresh() {
    if (state.pageOnly) return;
    try {
      state = { ...read(), pageOnly: false };
    } catch {
      state = { ...state, pageOnly: true };
    }
    notify();
  }
  function act(action, current = () => true) {
    const requestGeneration = generation;
    const allowed = () => {
      try {
        return requestGeneration === generation && current();
      } catch {
        return false;
      }
    };
    const apply = (progress) => action.type === "restart" ? { started: [], completed: [] } : updateLearningProgress(progress, action.type, action.id);
    const admissible = (progress) => action.type !== "complete" || progress.started.includes(action.id);
    function publish(next, pageOnly) {
      if (action.type === "restart") generation += 1;
      state = { ...next, pageOnly };
      notify();
    }
    function fallback() {
      state = { ...state, pageOnly: true };
      if (!allowed() || !admissible(state)) {
        notify();
        return false;
      }
      publish(apply(state), true);
      return true;
    }
    if (!allowed()) return Promise.resolve(false);
    if (state.pageOnly || !env.lock) return Promise.resolve(fallback());
    return new Promise((resolve) => {
      const controller = new AbortController();
      let finished = false;
      const finish = (accepted) => {
        finished = true;
        clearTimeout(timer);
        resolve(accepted);
      };
      const fail2 = () => {
        if (finished) return;
        finished = true;
        controller.abort();
        clearTimeout(timer);
        resolve(fallback());
      };
      const timer = setTimeout(fail2, LEARNING_SAVE_BOUND_MS);
      try {
        Promise.resolve(env.lock(LEARNING_LOCK, controller.signal, () => {
          if (finished) return;
          if (!allowed()) {
            finish(false);
            return;
          }
          if (state.pageOnly) {
            finish(fallback());
            return;
          }
          try {
            const latest = read();
            state = { ...latest, pageOnly: false };
            if (!admissible(latest)) {
              notify();
              finish(false);
              return;
            }
            const next = apply(latest);
            env.write(LEARNING_STORAGE_KEY, JSON.stringify({ version: 2, ...next }));
            publish(next, false);
            finish(true);
          } catch {
            fail2();
          }
        })).catch(fail2);
      } catch {
        fail2();
      }
    });
  }
  refresh();
  return {
    snapshot,
    refresh,
    act,
    restartGeneration: () => generation,
    subscribe(listener) {
      listeners.add(listener);
      return () => {
        listeners.delete(listener);
      };
    }
  };
}
var documentOwner;
function learningProgressOwner() {
  if (typeof window === "undefined") throw new Error("Learning progress is browser-owned");
  if (!documentOwner) {
    let lock;
    try {
      if (typeof navigator.locks?.request === "function") {
        lock = (name, signal, transaction) => navigator.locks.request(name, { mode: "exclusive", signal }, transaction);
      }
    } catch {
    }
    documentOwner = createLearningProgressOwner({
      read: (key) => window.localStorage.getItem(key),
      write: (key, value) => window.localStorage.setItem(key, value),
      lock
    });
    window.addEventListener("storage", (event) => {
      if (event.key === null || event.key === LEARNING_STORAGE_KEY || event.key === LEGACY_LEARNING_KEY) documentOwner.refresh();
    });
    window.addEventListener("pageshow", () => documentOwner.refresh());
  }
  return documentOwner;
}

// site/src/lib/use-learning-progress.ts
function useLearningProgress() {
  const lifetime = A3(false);
  const [ready2, setReady] = d3(false);
  const [resetRevision, setResetRevision] = d3(0);
  const [progress, setProgress] = d3({ started: [], completed: [], pageOnly: false });
  h3(() => {
    lifetime.current = true;
    const owner = learningProgressOwner();
    const update = () => {
      setProgress(owner.snapshot());
      setResetRevision(owner.restartGeneration());
    };
    const unsubscribe = owner.subscribe(update);
    update();
    setReady(true);
    return () => {
      lifetime.current = false;
      unsubscribe();
    };
  }, []);
  const act = async (action, current = () => true) => {
    const accepted = await learningProgressOwner().act(action, () => lifetime.current && current());
    return accepted && lifetime.current && current();
  };
  return { progress, ready: ready2, act, resetRevision };
}

// site/src/islands/explorer/learning-exercises.ts
function learningExercises(input, focus = "Sun") {
  const signs = SIGNS.map((sign2) => signName(sign2));
  let sign = null;
  let entity = focus === "Rising" ? { kind: "angle", angle: "asc" } : { kind: "body", body: focus };
  const point = input.placements.find((p4) => p4.body === focus);
  if (focus === "Rising") {
    if (input.timeKnown && input.housesKnown && input.risingLon !== null && Number.isFinite(input.risingLon)) sign = signName(signForLongitude(input.risingLon));
  } else if (focus === "Moon" && !input.timeKnown) {
    const candidates = input.moonSignCandidates;
    if (Array.isArray(candidates) && candidates.length === 1) {
      const known2 = SIGNS.find((s4) => s4.slug === candidates[0]);
      if (known2) {
        sign = signName(known2);
        entity = { kind: "sign", sign: known2.slug };
      }
    }
  } else if (point && Number.isFinite(point.lon)) sign = signName(signForLongitude(point.lon));
  const bigThree = sign ? {
    id: "big-three",
    question: `Which sign holds your ${focus === "Rising" ? "rising point" : focus}?`,
    answer: sign,
    choices: signs,
    entity,
    explanation: `${focus} is in ${sign}.${focus === "Moon" && !input.timeKnown ? " This settles its sign across the day, not an exact birth degree or aspect." : ""}`,
    reflection: `I can describe one way this ${focus} placement relates to my experience.`
  } : null;
  const housed = input.timeKnown && input.housesKnown && input.effectiveHouseSystem ? input.placements.find((p4) => p4.body === "Sun" && Number.isInteger(p4.house) && p4.house >= 1 && p4.house <= 12) : void 0;
  const system = input.effectiveHouseSystem === "placidus" ? "Placidus" : "whole-sign";
  const provenance = input.polarFallback ? " A polar fallback is recorded for this result." : "";
  const requested = input.requestedHouseSystem === null ? " The saved record does not retain an earlier requested system." : "";
  const houses = housed ? {
    id: "planets-houses",
    question: "In which house is your Sun in this result?",
    answer: `House ${housed.house}`,
    choices: Array.from({ length: 12 }, (_4, i4) => `House ${i4 + 1}`),
    entity: { kind: "house", house: housed.house },
    explanation: `Your Sun occupies House ${housed.house} in the ${system} result.${provenance}${requested}`,
    reflection: "I can connect this house to one area of my life."
  } : null;
  const aspect = input.topAspects.find((a4) => (input.timeKnown || a4.a !== "Moon" && a4.b !== "Moon") && Number.isFinite(a4.orb) && a4.orb >= 0 && ["conjunction", "sextile", "square", "trine", "opposition"].includes(a4.type));
  const aspects = aspect ? {
    id: "aspects",
    question: `Which aspect connects ${aspect.a} and ${aspect.b} in this reading?`,
    answer: aspect.type,
    choices: ["conjunction", "sextile", "square", "trine", "opposition"],
    entity: { kind: "aspect", a: aspect.a, b: aspect.b, type: aspect.type },
    explanation: natalAspectLine(aspect.a, aspect.type, aspect.b),
    reflection: "I can describe how these two planets work together in this aspect."
  } : null;
  return { "big-three": bigThree, "planets-houses": houses, aspects };
}

// site/src/islands/explorer/LearningPractice.tsx
function LearningPractice({ source, onShow, ...input }) {
  const { sources, accessGeneration } = useLearningSources();
  const { progress, act, resetRevision } = useLearningProgress();
  const [id, setId] = d3("big-three");
  const [focus, setFocus] = d3("Sun");
  const [answer, setAnswer] = d3("");
  const [feedback, setFeedback] = d3("");
  const [correct, setCorrect] = d3(false);
  const [reflection, setReflection] = d3(false);
  const [active, setActive] = d3(false);
  const [, refreshToken] = d3(0);
  const token = A3(0);
  const mounted = A3(true);
  const captured = T2(() => ({ ...source, access: accessGeneration.current }), [source.id, source.identity, source.run, source.inputRevision]);
  const valid = () => mounted.current && source.isCurrent(captured.run, captured.inputRevision) && captured.access === accessGeneration.current && learningSourceCurrent(captured);
  const current = valid();
  _3(() => {
    token.current += 1;
    refreshToken(token.current);
    setActive(false);
    setAnswer("");
    setFeedback("");
    setCorrect(false);
    setReflection(false);
  }, [captured, current, resetRevision]);
  _3(() => () => {
    mounted.current = false;
    token.current += 1;
  }, []);
  const available = current && sources.some((candidate) => candidate.id === captured.id && candidate.identity === captured.identity);
  const exercise = learningExercises(input, focus)[id];
  const renderedToken = token.current;
  const interactionCurrent = () => valid() && token.current === renderedToken;
  const reset = () => {
    token.current += 1;
    setActive(false);
    setAnswer("");
    setFeedback("");
    setCorrect(false);
    setReflection(false);
  };
  function start() {
    if (!exercise || !interactionCurrent()) return;
    const attempt = ++token.current;
    setAnswer("");
    setFeedback("");
    setCorrect(false);
    setReflection(false);
    void act({ type: "start", id }, () => valid() && token.current === attempt).then((accepted) => {
      if (accepted && valid() && token.current === attempt) setActive(true);
    });
  }
  return /* @__PURE__ */ u4("section", { class: "learning-practice", "aria-labelledby": "learning-practice-title", children: [
    /* @__PURE__ */ u4("h3", { id: "learning-practice-title", children: "Try it with your chart" }),
    /* @__PURE__ */ u4("p", { children: "Look, answer, then reflect. A correct answer is a starting point; you decide when the lesson feels understood." }),
    !available ? /* @__PURE__ */ u4("p", { role: "status", children: "This practice no longer matches an available saved chart. Open your saved chart again to begin a fresh attempt." }) : /* @__PURE__ */ u4(S, { children: [
      /* @__PURE__ */ u4("label", { children: [
        "Practice",
        /* @__PURE__ */ u4("select", { "aria-label": "Practice", value: id, onChange: (event) => {
          reset();
          setId(event.currentTarget.value);
        }, children: [
          /* @__PURE__ */ u4("option", { value: "big-three", children: "Your big three" }),
          /* @__PURE__ */ u4("option", { value: "planets-houses", children: "Planets and houses" }),
          /* @__PURE__ */ u4("option", { value: "aspects", children: "A connection between planets" })
        ] })
      ] }),
      id === "big-three" && /* @__PURE__ */ u4("label", { children: [
        "Choose a reference point",
        /* @__PURE__ */ u4("select", { "aria-label": "Choose a reference point", value: focus, onChange: (event) => {
          reset();
          setFocus(event.currentTarget.value);
        }, children: [
          /* @__PURE__ */ u4("option", { children: "Sun" }),
          /* @__PURE__ */ u4("option", { children: "Moon" }),
          /* @__PURE__ */ u4("option", { children: "Rising" })
        ] })
      ] }),
      !exercise ? /* @__PURE__ */ u4("p", { children: "This result does not establish the facts needed for this exercise. Continue with the lesson and reflection; no answer is required." }) : /* @__PURE__ */ u4(S, { children: !active ? /* @__PURE__ */ u4("div", { class: "learning-practice__actions", children: /* @__PURE__ */ u4("button", { type: "button", class: "btn btn--ghost", onClick: start, children: "Begin this exercise" }) }) : /* @__PURE__ */ u4(S, { children: [
        /* @__PURE__ */ u4("fieldset", { children: [
          /* @__PURE__ */ u4("legend", { children: exercise.question }),
          /* @__PURE__ */ u4("div", { class: "learning-practice__options", children: exercise.choices.map((choice2) => /* @__PURE__ */ u4("label", { children: [
            /* @__PURE__ */ u4(
              "input",
              {
                type: "radio",
                name: `practice-${id}`,
                value: choice2,
                checked: answer === choice2,
                onChange: () => {
                  if (!interactionCurrent()) return;
                  token.current += 1;
                  setAnswer(choice2);
                  setCorrect(false);
                  setReflection(false);
                  setFeedback("");
                }
              }
            ),
            choice2
          ] }, choice2)) })
        ] }),
        /* @__PURE__ */ u4("div", { class: "learning-practice__actions", children: [
          /* @__PURE__ */ u4("button", { type: "button", class: "btn btn--ghost", disabled: !answer, onClick: () => {
            if (!interactionCurrent()) return;
            token.current += 1;
            const matches = answer === exercise.answer;
            setCorrect(matches);
            setReflection(false);
            setFeedback(matches ? exercise.explanation : "Have another look at the reading or highlight it on the wheel, then try again.");
          }, children: "Check my answer" }),
          /* @__PURE__ */ u4("button", { type: "button", class: "btn btn--ghost", onClick: () => {
            if (interactionCurrent()) onShow(exercise.entity, "instant");
          }, children: "Show on chart" })
        ] }),
        /* @__PURE__ */ u4("p", { class: "learning-practice__status", role: "status", children: feedback }),
        correct && /* @__PURE__ */ u4(S, { children: [
          /* @__PURE__ */ u4("label", { children: [
            /* @__PURE__ */ u4("input", { type: "checkbox", checked: reflection, onChange: (event) => {
              if (interactionCurrent()) {
                token.current += 1;
                setReflection(event.currentTarget.checked);
              }
            } }),
            exercise.reflection
          ] }),
          /* @__PURE__ */ u4("div", { class: "learning-practice__actions", children: /* @__PURE__ */ u4("button", { type: "button", class: "btn btn--ghost", disabled: !reflection, onClick: () => {
            if (!interactionCurrent()) return;
            const attempt = token.current;
            void act({ type: "complete", id }, () => valid() && attempt === token.current && reflection && correct).then((accepted) => {
              if (accepted && valid() && attempt === token.current) setFeedback("Lesson marked complete. You can return and practice again whenever you like.");
            });
          }, children: "Mark this lesson complete" }) })
        ] })
      ] }) })
    ] }),
    progress.completed.includes(id) && /* @__PURE__ */ u4("p", { children: "Previously marked complete. You can practice again without changing that progress." }),
    progress.pageOnly && /* @__PURE__ */ u4("p", { role: "status", children: PAGE_ONLY_COPY }),
    /* @__PURE__ */ u4("a", { class: "btn btn--ghost", href: "/learn/#learning-path-title", children: "Return to the five-step path" })
  ] });
}

// site/src/islands/explorer/ReadingPath.tsx
var ELEMENTS = [
  ["fire", "Fire"],
  ["earth", "Earth"],
  ["air", "Air"],
  ["water", "Water"]
];
var MODALITIES = [
  ["cardinal", "Cardinal"],
  ["fixed", "Fixed"],
  ["mutable", "Mutable"]
];
var BIG_THREE_ROLE = {
  Sun: "The part of you that chooses a direction",
  Moon: "What you need in order to feel steady",
  Rising: "How people first meet you"
};
function readingScrollBehavior(clickDetail, reducedMotion) {
  return clickDetail > 0 && !reducedMotion ? "smooth" : "instant";
}
function prefersReducedMotion() {
  return typeof window !== "undefined" && typeof window.matchMedia === "function" && window.matchMedia("(prefers-reduced-motion: reduce)").matches;
}
function selected(selection, ref) {
  return selection != null && entityId(selection) === entityId(ref);
}
function cap(value) {
  return value.charAt(0).toUpperCase() + value.slice(1);
}
function ShowButton({ entity, subject, selection, onShow }) {
  const isSelected = selected(selection, entity);
  const action = entity.kind === "aspect" ? "Trace this aspect" : entity.kind === "angle" ? "Spotlight rising" : entity.kind === "body" ? `Spotlight ${entity.body}` : entity.kind === "house" ? "Spotlight this house" : "Spotlight this sign";
  return /* @__PURE__ */ u4(
    "button",
    {
      class: "reading-path__show",
      type: "button",
      "aria-label": `Show on chart: ${subject}`,
      "aria-pressed": isSelected,
      "data-selected": isSelected ? "true" : void 0,
      onClick: (event) => onShow(
        entity,
        readingScrollBehavior(event.detail, prefersReducedMotion())
      ),
      children: [
        /* @__PURE__ */ u4("span", { children: isSelected ? "Highlighted on chart" : action }),
        /* @__PURE__ */ u4("span", { class: "reading-path__show-icon", "aria-hidden": "true", children: isSelected ? "\u2713" : "\u2191" })
      ]
    }
  );
}
function StoryCard({ number: number2, slug, title, intro, children }) {
  return /* @__PURE__ */ u4("li", { class: "reading-path__step", "data-reading-card": slug, "data-reading-reveal": true, children: /* @__PURE__ */ u4("article", { class: "reading-path__card", children: [
    /* @__PURE__ */ u4("header", { class: "reading-path__card-head", children: [
      /* @__PURE__ */ u4("span", { class: "reading-path__number", "aria-hidden": "true", children: number2 }),
      /* @__PURE__ */ u4("h3", { children: title }),
      /* @__PURE__ */ u4("p", { children: intro })
    ] }),
    /* @__PURE__ */ u4("div", { class: "reading-path__card-body", children })
  ] }) });
}
function BigThreeTile({ label, lon, entity, selection, onShow, moonSignCandidates }) {
  if (label === "Moon" && moonSignCandidates?.length !== 1) {
    return /* @__PURE__ */ u4("li", { class: "reading-path__big-tile reading-path__big-tile--missing", "data-moon-uncertain": true, children: [
      /* @__PURE__ */ u4("span", { class: "reading-path__big-label", children: "Moon" }),
      /* @__PURE__ */ u4("span", { class: "reading-path__sign-disc reading-path__sign-disc--missing", "aria-hidden": "true", children: "?" }),
      /* @__PURE__ */ u4("strong", { children: moonLabel({ bodies: [], moonSignCandidates: moonSignCandidates ?? [] }) }),
      /* @__PURE__ */ u4("p", { children: "A birth time is needed to settle your Moon sign." }),
      entity && /* @__PURE__ */ u4(ShowButton, { entity, subject: "Moon at the reference time", selection, onShow })
    ] });
  }
  if (lon == null || entity == null) {
    return /* @__PURE__ */ u4("li", { class: "reading-path__big-tile reading-path__big-tile--missing", children: [
      /* @__PURE__ */ u4("span", { class: "reading-path__big-label", children: label }),
      /* @__PURE__ */ u4("span", { class: "reading-path__sign-disc reading-path__sign-disc--missing", "aria-hidden": "true", children: "?" }),
      /* @__PURE__ */ u4("strong", { children: "Birth time needed" }),
      /* @__PURE__ */ u4("p", { children: BIG_THREE_ROLE[label] })
    ] });
  }
  const sign = signForLongitude(lon);
  const isSelected = selected(selection, entity);
  return /* @__PURE__ */ u4(
    "li",
    {
      class: "reading-path__big-tile",
      style: `--sign:${sign.hue}`,
      "data-selected": isSelected ? "true" : void 0,
      children: [
        /* @__PURE__ */ u4("span", { class: "reading-path__big-label", children: label }),
        /* @__PURE__ */ u4("picture", { class: "reading-path__sign-disc", "aria-hidden": "true", children: [
          /* @__PURE__ */ u4("source", { srcset: `/assets/zodiac-icons/48/${sign.slug}.avif`, type: "image/avif" }),
          /* @__PURE__ */ u4(
            "img",
            {
              src: `/assets/zodiac-icons/48/${sign.slug}.webp`,
              width: "40",
              height: "40",
              alt: "",
              loading: "lazy",
              decoding: "async"
            }
          )
        ] }),
        /* @__PURE__ */ u4("strong", { children: signName(sign) }),
        /* @__PURE__ */ u4("p", { children: [
          BIG_THREE_ROLE[label],
          "."
        ] }),
        /* @__PURE__ */ u4(
          ShowButton,
          {
            entity,
            subject: `${label} in ${signName(sign)}`,
            selection,
            onShow
          }
        )
      ]
    }
  );
}
function PlacementList({ placements, housesKnown, selection, onShow, moonSignCandidates }) {
  return /* @__PURE__ */ u4("details", { class: "reading-path__placements", children: [
    /* @__PURE__ */ u4("summary", { children: [
      /* @__PURE__ */ u4("span", { children: "See all placements" }),
      /* @__PURE__ */ u4("span", { class: "reading-path__details-icon", "aria-hidden": "true" })
    ] }),
    /* @__PURE__ */ u4("ul", { children: placements.map((placement) => {
      const sign = signForLongitude(placement.lon);
      const entity = { kind: "body", body: placement.body };
      const uncertainMoon = placement.body === "Moon" && moonSignCandidates?.length !== 1;
      const place = uncertainMoon ? `${moonLabel({ bodies: [], moonSignCandidates: moonSignCandidates ?? [] })} \xB7 Birth time needed` : housesKnown && placement.house != null ? `${signName(sign)} \xB7 House ${placement.house}` : signName(sign);
      return /* @__PURE__ */ u4(
        "li",
        {
          "data-selected": selected(selection, entity) ? "true" : void 0,
          children: [
            /* @__PURE__ */ u4("span", { class: "reading-path__placement-identity", children: [
              /* @__PURE__ */ u4(PlanetGlyph, { body: placement.body, size: 18 }),
              /* @__PURE__ */ u4("span", { children: [
                /* @__PURE__ */ u4("strong", { children: placement.body }),
                /* @__PURE__ */ u4("small", { children: place })
              ] })
            ] }),
            /* @__PURE__ */ u4(
              ShowButton,
              {
                entity,
                subject: uncertainMoon ? "Moon at the reference time" : `${placement.body} in ${signName(sign)}`,
                selection,
                onShow
              }
            )
          ]
        },
        placement.body
      );
    }) })
  ] });
}
function HouseMap({ placements, housesKnown, selection, onShow, moonSignCandidates }) {
  if (!housesKnown) {
    return /* @__PURE__ */ u4(S, { children: [
      /* @__PURE__ */ u4("p", { class: "reading-path__no-time", children: "Birth time is unknown, so houses are not shown. This sign view still shows where your planets gather; add a birth time later to see the life areas they occupy." }),
      /* @__PURE__ */ u4("ul", { class: "reading-path__room-map reading-path__room-map--signs", "aria-label": "Planets grouped by sign", children: SIGNS.map((sign) => {
        const occupants = placements.filter((placement) => !(placement.body === "Moon" && moonSignCandidates?.length !== 1) && signForLongitude(placement.lon).slug === sign.slug);
        const entity = { kind: "sign", sign: sign.slug };
        const hasSelectedBody = selection?.kind === "body" && occupants.some((placement) => placement.body === selection.body);
        const entitySelected = selected(selection, entity);
        const isHighlighted = entitySelected || hasSelectedBody;
        return /* @__PURE__ */ u4("li", { "data-reading-sign": sign.slug, children: /* @__PURE__ */ u4(
          "button",
          {
            type: "button",
            style: `--sign:${sign.hue}`,
            "aria-label": `Show ${signName(sign)} on chart${occupants.length ? `: ${occupants.map((p4) => p4.body).join(", ")}` : ""}`,
            "aria-pressed": entitySelected,
            "data-selected": isHighlighted ? "true" : void 0,
            onClick: (event) => onShow(
              entity,
              readingScrollBehavior(event.detail, prefersReducedMotion())
            ),
            children: [
              /* @__PURE__ */ u4("span", { class: "reading-path__room-title", children: [
                /* @__PURE__ */ u4("span", { "aria-hidden": "true", children: sign.glyph }),
                signName(sign)
              ] }),
              /* @__PURE__ */ u4("span", { class: "reading-path__room-bodies", "aria-hidden": "true", children: occupants.map((placement) => /* @__PURE__ */ u4(PlanetGlyph, { body: placement.body, size: 17 }, placement.body)) })
            ]
          }
        ) }, sign.slug);
      }) }),
      /* @__PURE__ */ u4(
        PlacementList,
        {
          placements,
          moonSignCandidates,
          housesKnown,
          selection,
          onShow
        }
      )
    ] });
  }
  return /* @__PURE__ */ u4(S, { children: [
    /* @__PURE__ */ u4("ul", { class: "reading-path__room-map", "aria-label": "The twelve houses and their planets", children: Array.from({ length: 12 }, (_4, index) => index + 1).map((house) => {
      const occupants = placements.filter((placement) => placement.house === house);
      const entity = { kind: "house", house };
      const hasSelectedBody = selection?.kind === "body" && occupants.some((placement) => placement.body === selection.body);
      const entitySelected = selected(selection, entity);
      const isHighlighted = entitySelected || hasSelectedBody;
      return /* @__PURE__ */ u4("li", { "data-reading-house": house, children: /* @__PURE__ */ u4(
        "button",
        {
          type: "button",
          "aria-label": `Show House ${house} on chart${occupants.length ? `: ${occupants.map((p4) => p4.body).join(", ")}` : ""}`,
          "aria-pressed": entitySelected,
          "data-selected": isHighlighted ? "true" : void 0,
          onClick: (event) => onShow(
            entity,
            readingScrollBehavior(event.detail, prefersReducedMotion())
          ),
          children: [
            /* @__PURE__ */ u4("span", { class: "reading-path__room-title", children: [
              "House ",
              house
            ] }),
            /* @__PURE__ */ u4("span", { class: "reading-path__room-bodies", "aria-hidden": "true", children: occupants.map((placement) => {
              const sign = signForLongitude(placement.lon);
              return /* @__PURE__ */ u4("span", { style: `--sign:${sign.hue}`, children: /* @__PURE__ */ u4(PlanetGlyph, { body: placement.body, size: 17 }) }, placement.body);
            }) })
          ]
        }
      ) }, house);
    }) }),
    /* @__PURE__ */ u4(
      PlacementList,
      {
        placements,
        moonSignCandidates,
        housesKnown,
        selection,
        onShow
      }
    )
  ] });
}
function AspectCards({ aspects, selection, onShow }) {
  if (aspects.length === 0) {
    return /* @__PURE__ */ u4("p", { class: "reading-path__empty", children: "There are no major aspects to lead with in this chart." });
  }
  return /* @__PURE__ */ u4("ul", { class: "reading-path__aspect-list", children: aspects.map((aspect, index) => {
    const entity = {
      kind: "aspect",
      a: aspect.a,
      b: aspect.b,
      type: aspect.type
    };
    const title = `${aspect.a} ${aspect.type} ${aspect.b}`;
    return /* @__PURE__ */ u4(
      "li",
      {
        style: `--item-delay:${index * 40}ms`,
        "data-selected": selected(selection, entity) ? "true" : void 0,
        children: [
          /* @__PURE__ */ u4("div", { class: "reading-path__connection", "aria-hidden": "true", children: [
            /* @__PURE__ */ u4("span", { class: "reading-path__planet-node", children: [
              /* @__PURE__ */ u4(PlanetGlyph, { body: aspect.a, size: 19 }),
              /* @__PURE__ */ u4("span", { children: aspect.a })
            ] }),
            /* @__PURE__ */ u4("span", { class: "reading-path__connection-line", children: [
              /* @__PURE__ */ u4("span", { class: "reading-path__line" }),
              /* @__PURE__ */ u4("span", { class: "reading-path__aspect-node", children: /* @__PURE__ */ u4(AspectGlyph, { type: aspect.type, size: 17 }) }),
              /* @__PURE__ */ u4("span", { class: "reading-path__line reading-path__line--end" })
            ] }),
            /* @__PURE__ */ u4("span", { class: "reading-path__planet-node", children: [
              /* @__PURE__ */ u4(PlanetGlyph, { body: aspect.b, size: 19 }),
              /* @__PURE__ */ u4("span", { children: aspect.b })
            ] })
          ] }),
          /* @__PURE__ */ u4("h4", { children: title }),
          /* @__PURE__ */ u4("p", { children: natalAspectLine(aspect.a, aspect.type, aspect.b) }),
          /* @__PURE__ */ u4("span", { class: "reading-path__orb", children: [
            cap(aspect.type),
            " \xB7 ",
            aspect.orb.toFixed(1),
            "\xB0 orb"
          ] }),
          /* @__PURE__ */ u4(
            ShowButton,
            {
              entity,
              subject: title,
              selection,
              onShow
            }
          )
        ]
      },
      `${aspect.a}-${aspect.type}-${aspect.b}`
    );
  }) });
}
function BalanceGroup({ label, values }) {
  return /* @__PURE__ */ u4("section", { class: "reading-path__balance-group", "aria-label": label, children: [
    /* @__PURE__ */ u4("h4", { children: label }),
    /* @__PURE__ */ u4("ul", { children: values.map(([key, name, count], index) => {
      const value = Math.max(0, Math.min(1, count / 10));
      return /* @__PURE__ */ u4("li", { "data-pattern-key": key, style: `--bar-delay:${index * 40}ms`, children: [
        /* @__PURE__ */ u4("span", { class: "reading-path__bar-label", children: [
          /* @__PURE__ */ u4("span", { children: name }),
          /* @__PURE__ */ u4("strong", { children: count })
        ] }),
        /* @__PURE__ */ u4("span", { class: "reading-path__bar-track", "aria-hidden": "true", children: /* @__PURE__ */ u4("span", { class: "reading-path__bar-fill", style: `--bar-value:${value.toFixed(2)}` }) })
      ] }, key);
    }) })
  ] });
}
function ReadingPath({
  placements,
  topAspects,
  weather,
  risingLon,
  housesKnown,
  moonSignCandidates,
  selection = null,
  onShowOnChart,
  practiceSource = null,
  timeKnown = false,
  effectiveHouseSystem = null,
  polarFallback = false
}) {
  const rootRef = A3(null);
  const sun = placements.find((placement) => placement.body === "Sun") ?? null;
  const moon = placements.find((placement) => placement.body === "Moon") ?? null;
  const possibleMoonSigns = moonCandidates({ bodies: placements, angles: housesKnown ? {} : null, moonSignCandidates });
  const uncertainMoon = possibleMoonSigns.length !== 1;
  const settledPlacements = placements.filter((placement) => placement.body !== "Moon");
  const shownElements = uncertainMoon ? Object.fromEntries(ELEMENTS.map(([key]) => [key, settledPlacements.filter((placement) => signForLongitude(placement.lon).element === key).length])) : weather.elements;
  const shownModalities = uncertainMoon ? Object.fromEntries(MODALITIES.map(([key]) => [key, settledPlacements.filter((placement) => signForLongitude(placement.lon).modality === key).length])) : weather.modalities;
  h3(() => {
    const root = rootRef.current;
    if (!root) return;
    const cards = Array.from(root.querySelectorAll("[data-reading-reveal]"));
    const reveal = (card) => {
      card.dataset.visible = "true";
    };
    if (prefersReducedMotion() || typeof IntersectionObserver === "undefined") {
      cards.forEach(reveal);
      return;
    }
    const observer = new IntersectionObserver((entries) => {
      entries.forEach((entry) => {
        if (!entry.isIntersecting) return;
        const card = entry.target;
        reveal(card);
        observer.unobserve(card);
      });
    }, { rootMargin: "0px 0px -10% 0px", threshold: 0.08 });
    cards.forEach((card) => observer.observe(card));
    return () => observer.disconnect();
  }, []);
  return /* @__PURE__ */ u4("section", { class: "reading-path", "aria-labelledby": "reading-path-title", ref: rootRef, children: [
    /* @__PURE__ */ u4("header", { class: "reading-path__head", children: [
      /* @__PURE__ */ u4("h2", { id: "reading-path-title", children: "Read your chart, one step at a time." }),
      /* @__PURE__ */ u4("p", { children: "Locate your big three, explore where your planets gather, then read the connections between them. Each highlight takes you back to the wheel." })
    ] }),
    /* @__PURE__ */ u4("ol", { class: "reading-path__steps", children: [
      /* @__PURE__ */ u4(
        StoryCard,
        {
          number: "01",
          slug: "big-three",
          title: "Locate your big three",
          intro: "Use these three reference points to find your way around the wheel.",
          children: [
            /* @__PURE__ */ u4("ul", { class: "reading-path__big-three", children: [
              /* @__PURE__ */ u4(
                BigThreeTile,
                {
                  label: "Sun",
                  lon: sun?.lon ?? null,
                  entity: sun ? { kind: "body", body: "Sun" } : null,
                  selection,
                  onShow: onShowOnChart
                }
              ),
              /* @__PURE__ */ u4(
                BigThreeTile,
                {
                  label: "Moon",
                  moonSignCandidates: possibleMoonSigns,
                  lon: moon?.lon ?? null,
                  entity: moon ? { kind: "body", body: "Moon" } : null,
                  selection,
                  onShow: onShowOnChart
                }
              ),
              /* @__PURE__ */ u4(
                BigThreeTile,
                {
                  label: "Rising",
                  lon: risingLon,
                  entity: risingLon != null ? { kind: "angle", angle: "asc" } : null,
                  selection,
                  onShow: onShowOnChart
                }
              )
            ] }),
            possibleMoonSigns.map((slug) => /* @__PURE__ */ u4("a", { class: "reading-path__placement-link", href: `/learn/placements/moon-in-${slug}/`, children: [
              "Read Moon in ",
              signName(SIGNS.find((sign) => sign.slug === slug)),
              " \u2192"
            ] }, slug))
          ]
        }
      ),
      /* @__PURE__ */ u4(
        StoryCard,
        {
          number: "02",
          slug: "places",
          title: "See where life happens",
          intro: housesKnown ? "Houses are the life areas where each planet gets expressed. Filled rooms carry more of the story." : "Without a birth time, signs still show which energies gather together.",
          children: /* @__PURE__ */ u4(
            HouseMap,
            {
              placements,
              moonSignCandidates: possibleMoonSigns,
              housesKnown,
              selection,
              onShow: onShowOnChart
            }
          )
        }
      ),
      /* @__PURE__ */ u4(
        StoryCard,
        {
          number: "03",
          slug: "aspects",
          title: "Find your strongest push-pulls",
          intro: "Aspects are conversations between planets. The tightest ones tend to speak the loudest.",
          children: [
            uncertainMoon && /* @__PURE__ */ u4("p", { class: "reading-path__no-time", children: "Moon aspects need a birth time and are left out of this reading." }),
            /* @__PURE__ */ u4(AspectCards, { aspects: topAspects.filter((aspect) => !uncertainMoon || aspect.a !== "Moon" && aspect.b !== "Moon"), selection, onShow: onShowOnChart })
          ]
        }
      ),
      /* @__PURE__ */ u4(
        StoryCard,
        {
          number: "04",
          slug: "pattern",
          title: "Read your overall pattern",
          intro: "Elements show your natural fuel. Modalities show how you start, sustain, and adapt.",
          children: [
            /* @__PURE__ */ u4("div", { class: "reading-path__balance", children: [
              /* @__PURE__ */ u4(
                BalanceGroup,
                {
                  label: "Elements",
                  values: ELEMENTS.map(([key, label]) => [key, label, shownElements[key]])
                }
              ),
              /* @__PURE__ */ u4(
                BalanceGroup,
                {
                  label: "Ways of moving",
                  values: MODALITIES.map(([key, label]) => [key, label, shownModalities[key]])
                }
              )
            ] }),
            uncertainMoon && /* @__PURE__ */ u4("p", { class: "reading-path__no-time", children: "The Moon is left out of these totals until its sign is settled." }),
            !uncertainMoon && weather.lines.length > 0 && /* @__PURE__ */ u4("ul", { class: "reading-path__weather", children: weather.lines.slice(0, 2).map((line) => /* @__PURE__ */ u4("li", { children: line }, line)) })
          ]
        }
      )
    ] }),
    practiceSource && /* @__PURE__ */ u4(
      LearningPractice,
      {
        source: practiceSource,
        placements,
        topAspects,
        timeKnown,
        risingLon,
        housesKnown,
        moonSignCandidates,
        effectiveHouseSystem,
        requestedHouseSystem: null,
        polarFallback,
        onShow: onShowOnChart
      },
      `${practiceSource.id}:${practiceSource.run}:${practiceSource.inputRevision}`
    )
  ] });
}

// site/src/lib/share-positions.ts
var POSITION_BODY_ORDER = [
  "Sun",
  "Moon",
  "Mercury",
  "Venus",
  "Mars",
  "Jupiter",
  "Saturn",
  "Uranus",
  "Neptune",
  "Pluto",
  "North Node",
  "South Node"
];
var POSITIONS_VERSION_PREFIX = "2.";
var POSITION_DECIMAL_FACTOR = 1e3;
var POSITIONS_TOKEN_MAX_LENGTH = 256;
var ENGINE_VERSION_MAX_LENGTH = 32;
var ENGINE_VERSION_RE = /^[A-Za-z0-9][A-Za-z0-9._+-]{0,31}$/;
var POSITION_BODY_SET = new Set(POSITION_BODY_ORDER);
function toBase64Url(bytes) {
  let bin = "";
  for (let i4 = 0; i4 < bytes.length; i4 += 1) bin += String.fromCharCode(bytes[i4]);
  return btoa(bin).replace(/\+/g, "-").replace(/\//g, "_").replace(/=+$/, "");
}
function fromBase64Url(value) {
  if (!/^[A-Za-z0-9_-]+$/.test(value)) return null;
  const b64 = value.replace(/-/g, "+").replace(/_/g, "/");
  try {
    const bin = atob(b64.padEnd(b64.length + (4 - b64.length % 4) % 4, "="));
    const bytes = new Uint8Array(bin.length);
    for (let i4 = 0; i4 < bin.length; i4 += 1) bytes[i4] = bin.charCodeAt(i4);
    return bytes;
  } catch {
    return null;
  }
}
function validLongitude(value) {
  return typeof value === "number" && Number.isFinite(value) && value >= 0 && value < 360;
}
function roundLongitude(value) {
  const rounded = Math.round(value * POSITION_DECIMAL_FACTOR) / POSITION_DECIMAL_FACTOR;
  if (rounded >= 360 || Object.is(rounded, -0)) return 0;
  return rounded;
}
function validEngineVersion(value) {
  return typeof value === "string" && value.length <= ENGINE_VERSION_MAX_LENGTH && ENGINE_VERSION_RE.test(value);
}
function canonicalLongitudes(bodies) {
  if (!Array.isArray(bodies) || bodies.length !== POSITION_BODY_ORDER.length) return null;
  const byBody = /* @__PURE__ */ new Map();
  for (const position2 of bodies) {
    if (typeof position2 !== "object" || position2 === null) return null;
    if (!POSITION_BODY_SET.has(position2.body) || byBody.has(position2.body)) return null;
    if (!validLongitude(position2.lon)) return null;
    byBody.set(position2.body, roundLongitude(position2.lon));
  }
  const ordered = [];
  for (const body of POSITION_BODY_ORDER) {
    const longitude2 = byBody.get(body);
    if (longitude2 === void 0) return null;
    ordered.push(longitude2);
  }
  return ordered;
}
function encodePositionsLink(input) {
  if (typeof input !== "object" || input === null) return null;
  const longitudes = canonicalLongitudes(input.bodies);
  if (!longitudes || !validEngineVersion(input.engineVersion)) return null;
  if (input.houseSystem !== "whole" && input.houseSystem !== "placidus") return null;
  const wire = {
    b: longitudes,
    h: input.houseSystem === "whole" ? "w" : "p",
    v: input.engineVersion
  };
  if (input.angles !== null) {
    if (typeof input.angles !== "object" || !validLongitude(input.angles.asc) || !validLongitude(input.angles.mc)) return null;
    wire.a = [roundLongitude(input.angles.asc), roundLongitude(input.angles.mc)];
  }
  const token = POSITIONS_VERSION_PREFIX + toBase64Url(new TextEncoder().encode(JSON.stringify(wire)));
  return token.length <= POSITIONS_TOKEN_MAX_LENGTH ? token : null;
}
var POSITIONS_WIRE_KEYS = /* @__PURE__ */ new Set(["b", "a", "h", "v"]);
function hasExactPositionsKeys(wire) {
  const keys = Object.keys(wire);
  const expectedCount = Object.prototype.hasOwnProperty.call(wire, "a") ? 4 : 3;
  return keys.length === expectedCount && Object.prototype.hasOwnProperty.call(wire, "b") && Object.prototype.hasOwnProperty.call(wire, "h") && Object.prototype.hasOwnProperty.call(wire, "v") && keys.every((key) => POSITIONS_WIRE_KEYS.has(key));
}
function decodePositionsLink(token) {
  try {
    if (typeof token !== "string" || token.length > POSITIONS_TOKEN_MAX_LENGTH || !token.startsWith(POSITIONS_VERSION_PREFIX)) return null;
    const payload = token.slice(POSITIONS_VERSION_PREFIX.length);
    const bytes = fromBase64Url(payload);
    if (!bytes || toBase64Url(bytes) !== payload) return null;
    const json = new TextDecoder("utf-8", { fatal: true }).decode(bytes);
    const parsed = JSON.parse(json);
    if (JSON.stringify(parsed) !== json) return null;
    if (typeof parsed !== "object" || parsed === null || Array.isArray(parsed)) return null;
    const wire = parsed;
    if (!hasExactPositionsKeys(wire)) return null;
    if (!Array.isArray(wire.b) || wire.b.length !== POSITION_BODY_ORDER.length || !wire.b.every(validLongitude)) return null;
    if (wire.h !== "w" && wire.h !== "p") return null;
    if (!validEngineVersion(wire.v)) return null;
    let angles = null;
    if (Object.prototype.hasOwnProperty.call(wire, "a")) {
      if (!Array.isArray(wire.a) || wire.a.length !== 2 || !wire.a.every(validLongitude)) return null;
      angles = { asc: wire.a[0], mc: wire.a[1] };
    }
    return {
      bodies: POSITION_BODY_ORDER.map((body, index) => ({
        body,
        lon: wire.b[index]
      })),
      angles,
      houseSystem: wire.h === "w" ? "whole" : "placidus",
      engineVersion: wire.v
    };
  } catch {
    return null;
  }
}

// site/src/lib/scene/emphasis.ts
function emphasisOpacity(emphasis, id) {
  if (emphasis.highlight.size === 0) return 1;
  if (emphasis.highlight.has(id)) return 1;
  if (emphasis.soft.has(id)) return 0.7;
  return 0.35;
}

// site/src/lib/wheel/body-leader.ts
function bodyLeaderPath(lon, drawLon, outerRadius, innerRadius, point) {
  const delta = ((drawLon - lon) % 360 + 540) % 360 - 180;
  if (Math.abs(delta) < 1e-7) return null;
  return Array.from({ length: 9 }, (_4, index) => {
    const progress = index / 8;
    const p4 = point(lon + delta * progress, outerRadius + (innerRadius - outerRadius) * progress);
    return `${index ? "L" : "M"} ${p4.x.toFixed(2)} ${p4.y.toFixed(2)}`;
  }).join(" ");
}

// site/src/lib/wheel/Wheel.tsx
var ASPECT_COLOR = {
  conjunction: "rgba(238,241,247,0.5)",
  sextile: "rgba(169,212,196,0.55)",
  trine: "rgba(182,212,228,0.6)",
  square: "rgba(222,142,121,0.6)",
  opposition: "rgba(224,169,180,0.6)"
};
var ASPECT_FOCUS_COLOR = {
  conjunction: "rgba(238,241,247,0.92)",
  sextile: "rgba(169,212,196,0.92)",
  trine: "rgba(182,212,228,0.94)",
  square: "rgba(222,142,121,0.94)",
  opposition: "rgba(224,169,180,0.94)"
};
var ASPECT_STROKE = [0.9, 1.3, 1.8];
function Wheel({
  bodies,
  asc = null,
  mc = null,
  cusps = null,
  aspects = [],
  size = 420,
  animate = false,
  interactive,
  preview = false,
  deferIcons = false,
  renderOverlay,
  ariaLabel = "Birth chart wheel"
}) {
  const cx = size / 2;
  const cy = size / 2;
  const rSigns = size * 0.475;
  const rSignsIn = size * 0.395;
  const rBodies = size * 0.31;
  const rAspects = size * 0.235;
  const anchor = interactive ? interactive.scene.anchor.lon : asc ?? 0;
  const ix = interactive ?? null;
  const opacityOf = (id) => ix ? emphasisOpacity(ix.emphasis, id) : 1;
  const toggleSelect = (e3) => {
    ix?.onSelect(ix.selection && entityId(ix.selection) === entityId(e3) ? null : e3);
  };
  const select = (e3) => (ev) => {
    ev.stopPropagation();
    toggleSelect(e3);
  };
  const mark = (e3) => ix ? {
    "data-entity": entityId(e3),
    "data-selected": ix.selection && entityId(ix.selection) === entityId(e3) ? "true" : void 0
  } : {};
  const selectedId = ix?.selection ? entityId(ix.selection) : null;
  const isSelected = (id) => selectedId === id;
  const isSpotlight = (id) => ix?.spotlight?.id === id;
  const spotlightKey = (id) => `${id}:${isSpotlight(id) ? ix?.spotlight?.run ?? 0 : "stable"}`;
  const spotlightMark = (id, kind) => ({
    class: `wheel__focus-mark${isSpotlight(id) ? " wheel__focus-mark--arrival" : ""}`,
    "data-spotlight-target": isSpotlight(id) ? id : void 0,
    "data-spotlight-kind": isSpotlight(id) ? kind : void 0
  });
  const pt2 = (lon, r4) => {
    const phi = (180 + (lon - anchor)) * Math.PI / 180;
    return { x: cx + r4 * Math.cos(phi), y: cy - r4 * Math.sin(phi) };
  };
  const resolveClick = ix ? (ev) => {
    const svg = ev.currentTarget;
    const rect = svg.getBoundingClientRect();
    if (!rect.width) return;
    const scale = (size + pad * 2) / rect.width;
    const x3 = (ev.clientX - rect.left) * scale - pad;
    const y4 = (ev.clientY - rect.top) * scale - pad;
    const dx = x3 - cx;
    const dy = y4 - cy;
    const r4 = Math.hypot(dx, dy);
    const phi = Math.atan2(-dy, dx) * 180 / Math.PI;
    const lon = ((anchor + phi - 180) % 360 + 360) % 360;
    const houseAt = (l4) => ix.scene.houses?.find((hs) => {
      const into = ((l4 - hs.cuspLon) % 360 + 360) % 360;
      return into < hs.spanDeg;
    });
    if (r4 >= rSignsIn && r4 <= rSigns + 2) {
      toggleSelect({ kind: "sign", sign: ix.scene.signs[Math.floor(lon / 30)].slug });
      return;
    }
    if (Math.abs(r4 - rBodies) <= size * 0.055) {
      let best = null;
      for (const b3 of ix.scene.bodies) {
        const d4 = Math.abs(((b3.drawLon - lon) % 360 + 540) % 360 - 180);
        if (!best || d4 < best.dist) best = { body: b3.body, dist: d4 };
      }
      if (best && best.dist <= 10) {
        toggleSelect({ kind: "body", body: best.body });
        return;
      }
      const hs = cusps ? houseAt(lon) : void 0;
      if (hs) {
        toggleSelect({ kind: "house", house: hs.index });
        return;
      }
      ix.onSelect(null);
      return;
    }
    if (r4 > rAspects + 2 && r4 < rSignsIn && cusps) {
      const hs = houseAt(lon);
      if (hs) {
        toggleSelect({ kind: "house", house: hs.index });
        return;
      }
    }
    ix.onSelect(null);
  } : void 0;
  const arcPath = (from, to, r4) => {
    const a4 = pt2(from, r4);
    const b3 = pt2(to, r4);
    return `M ${a4.x.toFixed(2)} ${a4.y.toFixed(2)} A ${r4} ${r4} 0 0 0 ${b3.x.toFixed(2)} ${b3.y.toFixed(2)}`;
  };
  const annularSectorPath = (from, span, inner, outer) => {
    const safeSpan = Math.max(0.1, Math.min(359.9, span));
    const to = from + safeSpan;
    const outerA = pt2(from, outer);
    const outerB = pt2(to, outer);
    const innerB = pt2(to, inner);
    const innerA = pt2(from, inner);
    const large = safeSpan > 180 ? 1 : 0;
    return [
      `M ${outerA.x.toFixed(2)} ${outerA.y.toFixed(2)}`,
      `A ${outer} ${outer} 0 ${large} 0 ${outerB.x.toFixed(2)} ${outerB.y.toFixed(2)}`,
      `L ${innerB.x.toFixed(2)} ${innerB.y.toFixed(2)}`,
      `A ${inner} ${inner} 0 ${large} 1 ${innerA.x.toFixed(2)} ${innerA.y.toFixed(2)}`,
      "Z"
    ].join(" ");
  };
  const drawLon = ix ? new Map(ix.scene.bodies.map((b3) => [b3.body, b3.drawLon])) : collisionNudge(bodies);
  const captureMarkerClick = ix && renderOverlay ? (ev) => {
    const svg = ev.currentTarget;
    const matrix = svg.getScreenCTM();
    if (!matrix) return;
    const point = new DOMPoint(ev.clientX, ev.clientY).matrixTransform(matrix.inverse());
    for (const body of ix.scene.bodies) {
      const marker = pt2(body.drawLon, rBodies);
      if (Math.hypot(point.x - marker.x, point.y - marker.y) <= size * 0.033) {
        ev.stopPropagation();
        toggleSelect({ kind: "body", body: body.body });
        return;
      }
    }
  } : void 0;
  const pad = size * (renderOverlay ? 0.115 : 0.05);
  const houseMid = (lon, i4) => ix?.scene.houses ? ix.scene.houses[i4].midLon : lon + 15;
  return /* @__PURE__ */ u4(
    "svg",
    {
      viewBox: `${-pad} ${-pad} ${size + pad * 2} ${size + pad * 2}`,
      width: "100%",
      role: ix ? void 0 : "img",
      "aria-hidden": ix ? "true" : void 0,
      "aria-label": ix ? void 0 : ariaLabel,
      class: [
        animate ? "wheel wheel--animate" : "wheel",
        ix ? "wheel--interactive" : ""
      ].filter(Boolean).join(" "),
      onClick: resolveClick,
      onClickCapture: captureMarkerClick,
      children: [
        /* @__PURE__ */ u4("circle", { cx, cy, r: rSigns, fill: "none", stroke: "rgba(198,204,218,0.16)", "stroke-width": "1" }),
        /* @__PURE__ */ u4("circle", { cx, cy, r: rSignsIn, fill: "none", stroke: "rgba(198,204,218,0.16)", "stroke-width": "1" }),
        /* @__PURE__ */ u4("circle", { cx, cy, r: rAspects, fill: "none", stroke: "rgba(198,204,218,0.08)", "stroke-width": "1" }),
        SIGNS.map((s4, i4) => {
          const from = i4 * 30;
          const mid = from + 15;
          const c4 = pt2(mid, (rSigns + rSignsIn) / 2);
          const disc = size * 0.068;
          const signRef = { kind: "sign", sign: s4.slug };
          const signId = entityId(signRef);
          return /* @__PURE__ */ u4("g", { ...ix ? { opacity: opacityOf(`sign:${s4.slug}`), ...mark(signRef) } : {}, children: [
            /* @__PURE__ */ u4(
              "path",
              {
                d: arcPath(from + 1.5, from + 28.5, (rSigns + rSignsIn) / 2),
                fill: "none",
                stroke: s4.hue,
                "stroke-opacity": "0.12",
                "stroke-width": rSigns - rSignsIn - 6
              }
            ),
            /* @__PURE__ */ u4(
              "path",
              {
                d: arcPath(from + 1.5, from + 28.5, rSigns - 1),
                fill: "none",
                stroke: s4.hue,
                "stroke-opacity": "0.8",
                "stroke-width": "2",
                "stroke-linecap": "round"
              }
            ),
            /* @__PURE__ */ u4(
              "image",
              {
                ...deferIcons ? { "data-href": `/assets/zodiac-icons/128/${s4.slug}.webp` } : { href: `/assets/zodiac-icons/128/${s4.slug}.webp` },
                x: (c4.x - disc / 2).toFixed(2),
                y: (c4.y - disc / 2).toFixed(2),
                width: disc.toFixed(2),
                height: disc.toFixed(2),
                children: /* @__PURE__ */ u4("title", { children: s4.name })
              }
            ),
            isSelected(signId) && /* @__PURE__ */ u4("g", { ...spotlightMark(signId, "sign"), children: /* @__PURE__ */ u4(
              "path",
              {
                d: arcPath(from + 2, from + 28, rSigns - size * 0.012),
                fill: "none",
                stroke: s4.hue,
                "stroke-opacity": "0.95",
                "stroke-width": size * 0.011,
                "stroke-linecap": "round",
                "pointer-events": "none"
              }
            ) }, spotlightKey(signId))
          ] }, s4.slug);
        }),
        SIGNS.map((_4, i4) => {
          const a4 = pt2(i4 * 30, rSignsIn);
          const b3 = pt2(i4 * 30, rSigns);
          return /* @__PURE__ */ u4("line", { x1: a4.x, y1: a4.y, x2: b3.x, y2: b3.y, stroke: "rgba(198,204,218,0.22)", "stroke-width": "1" }, i4);
        }),
        cusps?.map((lon, i4) => {
          const a4 = pt2(lon, rAspects);
          const b3 = pt2(lon, rSignsIn);
          const isAngle = i4 === 0 || i4 === 3 || i4 === 6 || i4 === 9;
          const num = pt2(houseMid(lon, i4), (rAspects + rBodies) / 2 - size * 0.02);
          const houseRef = { kind: "house", house: i4 + 1 };
          const houseId = entityId(houseRef);
          const sceneHouse = ix?.scene.houses?.[i4];
          return /* @__PURE__ */ u4("g", { class: preview ? "wheel__house" : void 0, ...ix ? { opacity: opacityOf(`house:${i4 + 1}`), ...mark(houseRef) } : {}, children: [
            isSelected(houseId) && sceneHouse && /* @__PURE__ */ u4("g", { ...spotlightMark(houseId, "house"), children: /* @__PURE__ */ u4(
              "path",
              {
                d: annularSectorPath(
                  sceneHouse.cuspLon + 0.6,
                  Math.max(0.1, sceneHouse.spanDeg - 1.2),
                  rAspects + size * 0.012,
                  rSignsIn - size * 0.012
                ),
                class: "wheel__focus-house",
                "pointer-events": "none"
              }
            ) }, spotlightKey(houseId)),
            /* @__PURE__ */ u4(
              "line",
              {
                x1: a4.x,
                y1: a4.y,
                x2: b3.x,
                y2: b3.y,
                stroke: isAngle ? "rgba(238,241,247,0.4)" : "rgba(198,204,218,0.14)",
                "stroke-width": isAngle ? 1.4 : 1
              }
            ),
            /* @__PURE__ */ u4("text", { x: num.x, y: num.y, "text-anchor": "middle", "dominant-baseline": "central", "font-size": size * 0.021, fill: "rgba(95,103,121,0.9)", children: i4 + 1 })
          ] }, i4);
        }),
        asc !== null && (() => {
          const p4 = pt2(asc, rSigns + size * 0.012);
          if (!ix) return /* @__PURE__ */ u4("text", { x: p4.x - size * 0.012, y: p4.y, "text-anchor": "end", "dominant-baseline": "central", "font-size": size * 0.026, fill: "rgba(238,241,247,0.75)", "font-family": "var(--font-mono)", children: "ASC" });
          const ref = { kind: "angle", angle: "asc" };
          const id = entityId(ref);
          const axisStart = pt2(asc, rAspects);
          const axisEnd = pt2(asc, rSigns + size * 6e-3);
          return /* @__PURE__ */ u4("g", { ...mark(ref), onClick: select(ref), class: "wheel__hit", opacity: opacityOf(id), children: [
            isSelected(id) && /* @__PURE__ */ u4("g", { ...spotlightMark(id, "angle"), children: [
              /* @__PURE__ */ u4(
                "line",
                {
                  x1: axisStart.x,
                  y1: axisStart.y,
                  x2: axisEnd.x,
                  y2: axisEnd.y,
                  class: "wheel__focus-angle",
                  "pointer-events": "none"
                }
              ),
              /* @__PURE__ */ u4(
                "circle",
                {
                  cx: p4.x - size * 0.02,
                  cy: p4.y,
                  r: size * 0.034,
                  class: "wheel__focus-angle-node",
                  "pointer-events": "none"
                }
              )
            ] }, spotlightKey(id)),
            /* @__PURE__ */ u4("text", { x: p4.x - size * 0.012, y: p4.y, "text-anchor": "end", "dominant-baseline": "central", "font-size": size * 0.026, fill: "rgba(238,241,247,0.75)", "font-family": "var(--font-mono)", children: "ASC" })
          ] });
        })(),
        mc !== null && mc !== void 0 && (() => {
          const p4 = pt2(mc, rSigns + size * 0.028);
          if (!ix) return /* @__PURE__ */ u4("text", { x: p4.x, y: p4.y, "text-anchor": "middle", "dominant-baseline": "central", "font-size": size * 0.026, fill: "rgba(238,241,247,0.6)", "font-family": "var(--font-mono)", children: "MC" });
          const ref = { kind: "angle", angle: "mc" };
          const id = entityId(ref);
          const axisStart = pt2(mc, rAspects);
          const axisEnd = pt2(mc, rSigns + size * 0.012);
          return /* @__PURE__ */ u4("g", { ...mark(ref), onClick: select(ref), class: "wheel__hit", opacity: opacityOf(id), children: [
            isSelected(id) && /* @__PURE__ */ u4("g", { ...spotlightMark(id, "angle"), children: [
              /* @__PURE__ */ u4(
                "line",
                {
                  x1: axisStart.x,
                  y1: axisStart.y,
                  x2: axisEnd.x,
                  y2: axisEnd.y,
                  class: "wheel__focus-angle",
                  "pointer-events": "none"
                }
              ),
              /* @__PURE__ */ u4(
                "circle",
                {
                  cx: p4.x,
                  cy: p4.y - size * 6e-3,
                  r: size * 0.034,
                  class: "wheel__focus-angle-node",
                  "pointer-events": "none"
                }
              )
            ] }, spotlightKey(id)),
            /* @__PURE__ */ u4("text", { x: p4.x, y: p4.y, "text-anchor": "middle", "dominant-baseline": "central", "font-size": size * 0.026, fill: "rgba(238,241,247,0.6)", "font-family": "var(--font-mono)", children: "MC" })
          ] });
        })(),
        aspects.map((a4, i4) => {
          const A4 = bodies.find((b3) => b3.body === a4.a);
          const B4 = bodies.find((b3) => b3.body === a4.b);
          if (!A4 || !B4) return null;
          const p1 = pt2(A4.lon, rAspects);
          const p22 = pt2(B4.lon, rAspects);
          if (!ix) {
            return /* @__PURE__ */ u4(
              "line",
              {
                x1: p1.x,
                y1: p1.y,
                x2: p22.x,
                y2: p22.y,
                stroke: ASPECT_COLOR[a4.type] ?? "rgba(198,204,218,0.3)",
                "stroke-width": "1",
                class: preview ? "wheel__aspect" : void 0
              },
              i4
            );
          }
          const sceneAspect = ix.scene.aspects.find((sa) => sa.a === a4.a && sa.b === a4.b && sa.type === a4.type);
          const aspectRef = { kind: "aspect", a: a4.a, b: a4.b, type: a4.type };
          const id = entityId(aspectRef);
          return /* @__PURE__ */ u4("g", { opacity: opacityOf(id), ...mark(aspectRef), children: [
            /* @__PURE__ */ u4(
              "line",
              {
                x1: p1.x,
                y1: p1.y,
                x2: p22.x,
                y2: p22.y,
                stroke: ASPECT_COLOR[a4.type] ?? "rgba(198,204,218,0.3)",
                "stroke-width": ASPECT_STROKE[sceneAspect?.weight ?? 0],
                "stroke-dasharray": sceneAspect && !sceneAspect.applying ? "3 3" : void 0,
                "pointer-events": "none"
              }
            ),
            isSelected(id) && /* @__PURE__ */ u4("g", { ...spotlightMark(id, "aspect"), children: [
              /* @__PURE__ */ u4(
                "line",
                {
                  x1: p1.x,
                  y1: p1.y,
                  x2: p22.x,
                  y2: p22.y,
                  stroke: ASPECT_FOCUS_COLOR[a4.type] ?? "rgba(238,241,247,0.9)",
                  "stroke-width": ASPECT_STROKE[sceneAspect?.weight ?? 0] + 2.2,
                  "stroke-linecap": "round",
                  class: "wheel__focus-aspect",
                  "pointer-events": "none"
                }
              ),
              /* @__PURE__ */ u4("circle", { cx: p1.x, cy: p1.y, r: size * 0.018, class: "wheel__focus-aspect-node", "pointer-events": "none" }),
              /* @__PURE__ */ u4("circle", { cx: p22.x, cy: p22.y, r: size * 0.018, class: "wheel__focus-aspect-node", "pointer-events": "none" })
            ] }, spotlightKey(id)),
            /* @__PURE__ */ u4(
              "line",
              {
                x1: p1.x,
                y1: p1.y,
                x2: p22.x,
                y2: p22.y,
                stroke: "transparent",
                "stroke-width": size * 0.028,
                onClick: select(aspectRef),
                class: "wheel__hit"
              }
            )
          ] }, i4);
        }),
        bodies.map((b3) => {
          const lonDraw = drawLon.get(b3.body) ?? b3.lon;
          const p4 = pt2(lonDraw, rBodies);
          const tick1 = pt2(b3.lon, rSignsIn);
          const tick2 = pt2(b3.lon, rSignsIn - size * 0.014);
          const sign = SIGNS[Math.floor((b3.lon % 360 + 360) % 360 / 30)];
          const bodyRef = { kind: "body", body: b3.body };
          const id = `body:${b3.body}`;
          const selected2 = ix?.selection && entityId(ix.selection) === id;
          const leader = ix ? bodyLeaderPath(b3.lon, lonDraw, rSignsIn - size * 0.014, rBodies + size * 0.033, pt2) : null;
          const insetRx = ix && b3.retrograde;
          const glyphSize = size * (insetRx ? 0.042 : 0.05);
          return /* @__PURE__ */ u4(
            "g",
            {
              class: preview ? "wheel__body wheel__planet" : "wheel__body",
              "data-preview-body": preview ? b3.body : void 0,
              ...ix ? { opacity: opacityOf(id), ...mark(bodyRef) } : {},
              children: [
                /* @__PURE__ */ u4("line", { x1: tick1.x, y1: tick1.y, x2: tick2.x, y2: tick2.y, stroke: sign.hue, "stroke-width": "1.4" }),
                leader && /* @__PURE__ */ u4("path", { "data-body-leader": b3.body, d: leader, fill: "none", stroke: sign.hue, "stroke-opacity": "0.6", "stroke-width": "1", "pointer-events": "none" }),
                selected2 && /* @__PURE__ */ u4("g", { ...spotlightMark(id, "body"), children: [
                  /* @__PURE__ */ u4(
                    "circle",
                    {
                      cx: p4.x,
                      cy: p4.y,
                      r: size * 0.055,
                      fill: sign.hue,
                      "fill-opacity": "0.12",
                      stroke: "none",
                      class: "wheel__focus-body-halo",
                      "pointer-events": "none"
                    }
                  ),
                  /* @__PURE__ */ u4(
                    "circle",
                    {
                      cx: p4.x,
                      cy: p4.y,
                      r: size * 0.044,
                      fill: "none",
                      stroke: sign.hue,
                      "stroke-width": "1.8",
                      class: "wheel__sel-ring",
                      "pointer-events": "none"
                    }
                  )
                ] }, spotlightKey(id)),
                /* @__PURE__ */ u4("circle", { "data-body-marker": ix ? b3.body : void 0, cx: p4.x, cy: p4.y, r: size * 0.033, fill: "rgba(15,18,26,0.92)", stroke: sign.hue, "stroke-opacity": "0.55", "stroke-width": "1" }),
                /* @__PURE__ */ u4(
                  "g",
                  {
                    "data-body-glyph": ix ? b3.body : void 0,
                    transform: `translate(${p4.x} ${insetRx ? p4.y - size * 0.011 : p4.y}) scale(${glyphSize / 24}) translate(-12 -12)`,
                    fill: "none",
                    stroke: "#EEF1F7",
                    "stroke-width": 1.4 * 24 / glyphSize,
                    "stroke-linecap": "round",
                    "stroke-linejoin": "round",
                    style: "color:#EEF1F7",
                    dangerouslySetInnerHTML: { __html: PLANET_GLYPH[b3.body] ?? "" }
                  }
                ),
                b3.retrograde && /* @__PURE__ */ u4("text", { "data-body-retrograde": ix ? b3.body : void 0, x: insetRx ? p4.x : p4.x + size * 0.032, y: p4.y + size * (insetRx ? 0.022 : 0.028), "text-anchor": "middle", "font-size": size * (insetRx ? 0.015 : 0.017), fill: ix ? sign.hue : "rgba(224,176,128,0.9)", "font-family": "var(--font-mono)", children: "Rx" })
              ]
            },
            b3.body
          );
        }),
        renderOverlay?.({
          cx,
          cy,
          size,
          anchor,
          rSigns,
          rSignsIn,
          rBodies,
          rAspects,
          rOuter: size * 0.55,
          rOuterSeat: size * 0.5,
          pt: pt2
        })
      ]
    }
  );
}

// site/src/lib/wheel/TechnicalWheel.tsx
var ASPECT_COLOR2 = {
  conjunction: "rgba(238,241,247,0.58)",
  sextile: "rgba(169,212,196,0.66)",
  trine: "rgba(182,212,228,0.7)",
  square: "rgba(222,142,121,0.7)",
  opposition: "rgba(224,169,180,0.7)"
};
var norm2 = (longitude2) => (longitude2 % 360 + 360) % 360;
function TechnicalWheel({
  bodies,
  asc = null,
  mc = null,
  dsc = null,
  ic = null,
  cusps = null,
  aspects = [],
  size = 420,
  signImageHrefs
}) {
  const cx = size / 2;
  const cy = size / 2;
  const rSigns = size * 0.475;
  const rSignsIn = size * 0.395;
  const rBodies = size * 0.31;
  const rAspects = size * 0.235;
  const bodyRadius = size * 0.029;
  const anchor = asc ?? 0;
  const drawLon = technicalCollisionFan(bodies);
  const pad = size * 0.055;
  const pt2 = (longitude2, radius) => {
    const phi = (180 + (longitude2 - anchor)) * Math.PI / 180;
    return {
      x: cx + radius * Math.cos(phi),
      y: cy - radius * Math.sin(phi)
    };
  };
  const arcPath = (from, to, radius) => {
    const a4 = pt2(from, radius);
    const b3 = pt2(to, radius);
    return `M ${a4.x.toFixed(2)} ${a4.y.toFixed(2)} A ${radius} ${radius} 0 0 0 ${b3.x.toFixed(2)} ${b3.y.toFixed(2)}`;
  };
  const angleLabel = (longitude2, label) => {
    if (longitude2 == null) return null;
    const vertical = label === "MC" || label === "IC";
    const point = pt2(longitude2, rSigns + size * (vertical ? 0.028 : 0.012));
    const x3 = label === "ASC" ? point.x - size * 0.012 : label === "DSC" ? point.x + size * 0.012 : point.x;
    const anchorMode = label === "ASC" ? "end" : label === "DSC" ? "start" : "middle";
    return /* @__PURE__ */ u4(
      "text",
      {
        x: x3,
        y: point.y,
        "text-anchor": anchorMode,
        "dominant-baseline": "central",
        "font-size": size * 0.026,
        fill: vertical ? "rgba(238,241,247,0.66)" : "rgba(238,241,247,0.82)",
        "font-family": "var(--font-mono)",
        "data-angle-label": label,
        children: label
      },
      label
    );
  };
  return /* @__PURE__ */ u4(
    "svg",
    {
      viewBox: `${-pad} ${-pad} ${size + pad * 2} ${size + pad * 2}`,
      width: "100%",
      role: "img",
      "aria-label": "Technical birth chart wheel",
      class: "wheel wheel--technical",
      children: [
        /* @__PURE__ */ u4("circle", { cx, cy, r: rSigns, fill: "none", stroke: "rgba(198,204,218,0.24)", "stroke-width": "1.4" }),
        /* @__PURE__ */ u4("circle", { cx, cy, r: rSignsIn, fill: "none", stroke: "rgba(198,204,218,0.24)", "stroke-width": "1.4" }),
        /* @__PURE__ */ u4("circle", { cx, cy, r: rAspects, fill: "none", stroke: "rgba(198,204,218,0.12)", "stroke-width": "1" }),
        SIGNS.map((sign, index) => {
          const from = index * 30;
          const center = pt2(from + 15, (rSigns + rSignsIn) / 2);
          const disc = size * 0.068;
          return /* @__PURE__ */ u4("g", { children: [
            /* @__PURE__ */ u4(
              "path",
              {
                d: arcPath(from + 1.5, from + 28.5, (rSigns + rSignsIn) / 2),
                fill: "none",
                stroke: sign.hue,
                "stroke-opacity": "0.14",
                "stroke-width": rSigns - rSignsIn - 6
              }
            ),
            /* @__PURE__ */ u4(
              "path",
              {
                d: arcPath(from + 1.5, from + 28.5, rSigns - 1),
                fill: "none",
                stroke: sign.hue,
                "stroke-opacity": "0.9",
                "stroke-width": "2",
                "stroke-linecap": "round"
              }
            ),
            /* @__PURE__ */ u4(
              "image",
              {
                href: signImageHrefs?.[sign.slug] ?? `/assets/zodiac-icons/128/${sign.slug}.webp`,
                x: (center.x - disc / 2).toFixed(2),
                y: (center.y - disc / 2).toFixed(2),
                width: disc.toFixed(2),
                height: disc.toFixed(2),
                children: /* @__PURE__ */ u4("title", { children: sign.name })
              }
            )
          ] }, sign.slug);
        }),
        SIGNS.map((_4, index) => {
          const inner = pt2(index * 30, rSignsIn);
          const outer = pt2(index * 30, rSigns);
          return /* @__PURE__ */ u4("line", { x1: inner.x, y1: inner.y, x2: outer.x, y2: outer.y, stroke: "rgba(198,204,218,0.28)", "stroke-width": "1" }, `sign-${index}`);
        }),
        Array.from({ length: 360 }, (_4, degree) => {
          const major = degree % 5 === 0;
          const outer = pt2(degree, rSignsIn - size * 3e-3);
          const inner = pt2(degree, rSignsIn - size * (major ? 0.018 : 0.01));
          return /* @__PURE__ */ u4(
            "line",
            {
              x1: outer.x,
              y1: outer.y,
              x2: inner.x,
              y2: inner.y,
              stroke: major ? "rgba(198,204,218,0.38)" : "rgba(198,204,218,0.2)",
              "stroke-width": major ? 1 : 0.65,
              "data-degree-tick": degree
            },
            `degree-${degree}`
          );
        }),
        cusps?.map((longitude2, index) => {
          const inner = pt2(longitude2, rAspects);
          const outer = pt2(longitude2, rSignsIn);
          const next = cusps[(index + 1) % cusps.length];
          const span = norm2(next - longitude2) || 360;
          const number2 = pt2(longitude2 + span / 2, (rAspects + rBodies) / 2 - size * 0.02);
          const angular = index === 0 || index === 3 || index === 6 || index === 9;
          return /* @__PURE__ */ u4("g", { children: [
            /* @__PURE__ */ u4(
              "line",
              {
                x1: inner.x,
                y1: inner.y,
                x2: outer.x,
                y2: outer.y,
                stroke: angular ? "rgba(238,241,247,0.62)" : "rgba(198,204,218,0.18)",
                "stroke-width": angular ? 2 : 1
              }
            ),
            /* @__PURE__ */ u4(
              "text",
              {
                x: number2.x,
                y: number2.y,
                "text-anchor": "middle",
                "dominant-baseline": "central",
                "font-size": size * 0.024,
                fill: "rgba(142,150,171,0.92)",
                children: index + 1
              }
            )
          ] }, `house-${index}`);
        }),
        angleLabel(asc, "ASC"),
        angleLabel(dsc, "DSC"),
        angleLabel(mc, "MC"),
        angleLabel(ic, "IC"),
        aspects.map((aspect, index) => {
          const a4 = bodies.find((body) => body.body === aspect.a);
          const b3 = bodies.find((body) => body.body === aspect.b);
          if (!a4 || !b3) return null;
          const from = pt2(a4.lon, rAspects);
          const to = pt2(b3.lon, rAspects);
          return /* @__PURE__ */ u4(
            "line",
            {
              x1: from.x,
              y1: from.y,
              x2: to.x,
              y2: to.y,
              stroke: ASPECT_COLOR2[aspect.type] ?? "rgba(198,204,218,0.35)",
              "stroke-width": "1.35"
            },
            `aspect-${index}`
          );
        }),
        bodies.map((body) => {
          const longitude2 = drawLon.get(body.body) ?? body.lon;
          const marker = pt2(longitude2, rBodies);
          const tickOuter = pt2(body.lon, rSignsIn);
          const tickInner = pt2(body.lon, rSignsIn - size * 0.028);
          const leaderEnd = pt2(longitude2, rBodies + bodyRadius);
          const sign = SIGNS[Math.floor(norm2(body.lon) / 30)];
          return /* @__PURE__ */ u4("g", { "data-technical-body": body.body, children: [
            /* @__PURE__ */ u4(
              "line",
              {
                x1: tickOuter.x,
                y1: tickOuter.y,
                x2: tickInner.x,
                y2: tickInner.y,
                stroke: sign.hue,
                "stroke-width": "2"
              }
            ),
            /* @__PURE__ */ u4(
              "line",
              {
                x1: tickInner.x,
                y1: tickInner.y,
                x2: leaderEnd.x,
                y2: leaderEnd.y,
                stroke: sign.hue,
                "stroke-opacity": "0.42",
                "stroke-width": "1.15",
                "data-body-leader": body.body
              }
            ),
            /* @__PURE__ */ u4(
              "circle",
              {
                cx: marker.x,
                cy: marker.y,
                r: bodyRadius,
                fill: "rgba(15,18,26,0.94)",
                stroke: sign.hue,
                "stroke-opacity": "0.72",
                "stroke-width": "1.25"
              }
            ),
            /* @__PURE__ */ u4(
              "g",
              {
                transform: `translate(${marker.x} ${marker.y}) scale(${size * 0.046 / 24}) translate(-12 -12)`,
                fill: "none",
                stroke: "#EEF1F7",
                "stroke-width": 1.4 * 24 / (size * 0.046),
                "stroke-linecap": "round",
                "stroke-linejoin": "round",
                style: "color:#EEF1F7",
                dangerouslySetInnerHTML: { __html: PLANET_GLYPH[body.body] ?? "" }
              }
            ),
            body.retrograde && /* @__PURE__ */ u4(
              "text",
              {
                x: marker.x + size * 0.03,
                y: marker.y + size * 0.026,
                "text-anchor": "middle",
                "font-size": size * 0.017,
                fill: "rgba(224,176,128,0.9)",
                "font-family": "var(--font-mono)",
                children: "Rx"
              }
            )
          ] }, body.body);
        })
      ]
    }
  );
}

// site/src/lib/share-card-copy.ts
var SHARE_CARD_EN = {
  bigThreeTitle: "Your big three",
  fullChartTitle: "A birth chart",
  signatureTitle: "My chart signature",
  signatureKicker: "Standout in my chart",
  approachTitle: "How to approach me",
  approachKicker: "FIRST CONTACT \xB7 TRUST \xB7 FRICTION",
  compatibilityTitle: "Compatibility",
  sun: "Sun",
  moon: "Moon",
  rising: "Rising",
  sunDescriptor: "Core identity and direction",
  moonDescriptor: "Instinct and emotional life",
  risingDescriptor: "First impression and chart horizon",
  dominant: "Dominant {element} \xB7 {modality}",
  balanced: "Balanced",
  compatibilityFlow: "Flow, with useful friction",
  compatibilityCharge: "Chemistry that asks for attention",
  compatibilityBalance: "An even exchange of ease and charge",
  tightestContacts: "Tightest contacts",
  engineReceipt: "Engine {version}",
  bigThreeAction: "Share the big three",
  fullChartAction: "Share the full chart",
  signatureAction: "Share my chart signature",
  approachAction: "Share how to approach me",
  referenceTimeNote: "12:00 reference \xB7 Birth time unknown",
  approachBirthTimeNote: "Birth time would add my Rising sign.",
  approachMoonTimeNote: "My Moon may change signs without an exact birth time.",
  compatibilityAction: "Share this compatibility",
  compatibilityBusy: "Rendering compatibility card\u2026",
  compatibilitySaved: "Compatibility card saved.",
  compatibilityError: "Couldn't draw this card in your browser."
};
var SHARE_CARD_COPY = {
  en: SHARE_CARD_EN,
  es: {
    bigThreeTitle: "Tus tres grandes",
    fullChartTitle: "Una carta natal",
    signatureTitle: "La firma de mi carta",
    signatureKicker: "Lo que destaca en mi carta",
    approachTitle: "C\xF3mo acercarte a m\xED",
    approachKicker: "PRIMER CONTACTO \xB7 CONFIANZA \xB7 FRICCI\xD3N",
    compatibilityTitle: "Compatibilidad",
    sun: "Sol",
    moon: "Luna",
    rising: "Ascendente",
    sunDescriptor: "Identidad central y direcci\xF3n",
    moonDescriptor: "Instinto y vida emocional",
    risingDescriptor: "Primera impresi\xF3n y horizonte de la carta",
    dominant: "{element} dominante \xB7 {modality}",
    balanced: "Equilibrado",
    compatibilityFlow: "Fluidez, con una fricci\xF3n \xFAtil",
    compatibilityCharge: "Qu\xEDmica que pide atenci\xF3n",
    compatibilityBalance: "Un intercambio parejo de facilidad y tensi\xF3n",
    tightestContacts: "Contactos m\xE1s exactos",
    engineReceipt: "Motor {version}",
    bigThreeAction: "Compartir los tres grandes",
    fullChartAction: "Compartir la carta completa",
    signatureAction: "Compartir la firma de mi carta",
    approachAction: "Compartir c\xF3mo acercarte a m\xED",
    referenceTimeNote: "Referencia de las 12:00 \xB7 Hora de nacimiento desconocida",
    approachBirthTimeNote: "La hora de nacimiento a\xF1adir\xEDa mi Ascendente.",
    approachMoonTimeNote: "Mi Luna puede cambiar de signo sin una hora de nacimiento exacta.",
    compatibilityAction: "Compartir esta compatibilidad",
    compatibilityBusy: "Creando tarjeta de compatibilidad\u2026",
    compatibilitySaved: "Tarjeta de compatibilidad guardada.",
    compatibilityError: "No se pudo crear esta tarjeta en tu navegador."
  },
  pt: {
    bigThreeTitle: "Seu trio principal",
    fullChartTitle: "Um mapa astral",
    signatureTitle: "A assinatura do meu mapa",
    signatureKicker: "O destaque do meu mapa",
    approachTitle: "Como chegar at\xE9 mim",
    approachKicker: "PRIMEIRO CONTATO \xB7 CONFIAN\xC7A \xB7 ATRITO",
    compatibilityTitle: "Compatibilidade",
    sun: "Sol",
    moon: "Lua",
    rising: "Ascendente",
    sunDescriptor: "Identidade central e dire\xE7\xE3o",
    moonDescriptor: "Instinto e vida emocional",
    risingDescriptor: "Primeira impress\xE3o e horizonte do mapa",
    dominant: "Elemento dominante: {element} \xB7 {modality}",
    balanced: "Equilibrado",
    compatibilityFlow: "Fluidez, com um atrito \xFAtil",
    compatibilityCharge: "Qu\xEDmica que pede aten\xE7\xE3o",
    compatibilityBalance: "Uma troca equilibrada entre fluidez e intensidade",
    tightestContacts: "Contatos mais exatos",
    engineReceipt: "Motor {version}",
    bigThreeAction: "Compartilhar o trio principal",
    fullChartAction: "Compartilhar o mapa completo",
    signatureAction: "Compartilhar a assinatura do meu mapa",
    approachAction: "Compartilhar como chegar at\xE9 mim",
    referenceTimeNote: "Refer\xEAncia das 12:00 \xB7 Hora de nascimento desconhecida",
    approachBirthTimeNote: "A hora de nascimento acrescentaria meu Ascendente.",
    approachMoonTimeNote: "Minha Lua pode mudar de signo sem uma hora exata de nascimento.",
    compatibilityAction: "Compartilhar esta compatibilidade",
    compatibilityBusy: "Criando o cart\xE3o de compatibilidade\u2026",
    compatibilitySaved: "Cart\xE3o de compatibilidade salvo.",
    compatibilityError: "N\xE3o foi poss\xEDvel criar este cart\xE3o no seu navegador."
  },
  fr: {
    bigThreeTitle: "Tes trois piliers",
    fullChartTitle: "Un th\xE8me astral",
    signatureTitle: "La signature de mon th\xE8me",
    signatureKicker: "Ce qui ressort de mon th\xE8me",
    approachTitle: "Comment m\u2019aborder",
    approachKicker: "PREMIER CONTACT \xB7 CONFIANCE \xB7 TENSION",
    compatibilityTitle: "Compatibilit\xE9",
    sun: "Soleil",
    moon: "Lune",
    rising: "Ascendant",
    sunDescriptor: "Identit\xE9 profonde et direction",
    moonDescriptor: "Instinct et vie \xE9motionnelle",
    risingDescriptor: "Premi\xE8re impression et horizon du th\xE8me",
    dominant: "Dominance\u202F: {element} \xB7 {modality}",
    balanced: "\xC9quilibr\xE9",
    compatibilityFlow: "De la fluidit\xE9, avec une tension utile",
    compatibilityCharge: "Une alchimie qui demande de l\u2019attention",
    compatibilityBalance: "Un \xE9quilibre entre fluidit\xE9 et tension",
    tightestContacts: "Contacts les plus serr\xE9s",
    engineReceipt: "Moteur {version}",
    bigThreeAction: "Partager les trois piliers",
    fullChartAction: "Partager le th\xE8me complet",
    signatureAction: "Partager la signature de mon th\xE8me",
    approachAction: "Partager comment m\u2019aborder",
    referenceTimeNote: "R\xE9f\xE9rence \xE0 12 h 00 \xB7 Heure de naissance inconnue",
    approachBirthTimeNote: "L\u2019heure de naissance ajouterait mon Ascendant.",
    approachMoonTimeNote: "Ma Lune peut changer de signe sans heure de naissance pr\xE9cise.",
    compatibilityAction: "Partager cette compatibilit\xE9",
    compatibilityBusy: "Cr\xE9ation de la carte de compatibilit\xE9\u2026",
    compatibilitySaved: "Carte de compatibilit\xE9 enregistr\xE9e.",
    compatibilityError: "Impossible de cr\xE9er cette carte dans ton navigateur."
  },
  it: {
    bigThreeTitle: "I tuoi tre pilastri",
    fullChartTitle: "Un tema natale",
    signatureTitle: "La firma del mio tema",
    signatureKicker: "Ci\xF2 che spicca nel mio tema",
    approachTitle: "Come avvicinarti a me",
    approachKicker: "PRIMO CONTATTO \xB7 FIDUCIA \xB7 ATTRITO",
    compatibilityTitle: "Compatibilit\xE0",
    sun: "Sole",
    moon: "Luna",
    rising: "Ascendente",
    sunDescriptor: "Identit\xE0 centrale e direzione",
    moonDescriptor: "Istinto e vita emotiva",
    risingDescriptor: "Prima impressione e orizzonte del tema",
    dominant: "Elemento dominante: {element} \xB7 {modality}",
    balanced: "Equilibrato",
    compatibilityFlow: "Fluidit\xE0, con un attrito utile",
    compatibilityCharge: "Un\u2019intesa che richiede attenzione",
    compatibilityBalance: "Uno scambio equilibrato fra armonia e intensit\xE0",
    tightestContacts: "Contatti pi\xF9 esatti",
    engineReceipt: "Motore {version}",
    bigThreeAction: "Condividi i tre pilastri",
    fullChartAction: "Condividi il tema completo",
    signatureAction: "Condividi la firma del mio tema",
    approachAction: "Condividi come avvicinarti a me",
    referenceTimeNote: "Riferimento alle 12:00 \xB7 Ora di nascita sconosciuta",
    approachBirthTimeNote: "L\u2019ora di nascita aggiungerebbe il mio Ascendente.",
    approachMoonTimeNote: "La mia Luna pu\xF2 cambiare segno senza un\u2019ora di nascita precisa.",
    compatibilityAction: "Condividi questa compatibilit\xE0",
    compatibilityBusy: "Creazione dell\u2019immagine di compatibilit\xE0\u2026",
    compatibilitySaved: "Immagine di compatibilit\xE0 salvata.",
    compatibilityError: "Non \xE8 stato possibile creare questa immagine nel tuo browser."
  },
  ru: {
    bigThreeTitle: "\u0412\u0430\u0448\u0430 \u0431\u043E\u043B\u044C\u0448\u0430\u044F \u0442\u0440\u043E\u0439\u043A\u0430",
    fullChartTitle: "\u041D\u0430\u0442\u0430\u043B\u044C\u043D\u0430\u044F \u043A\u0430\u0440\u0442\u0430",
    signatureTitle: "\u0425\u0430\u0440\u0430\u043A\u0442\u0435\u0440\u043D\u044B\u0439 \u0440\u0438\u0441\u0443\u043D\u043E\u043A \u043C\u043E\u0435\u0439 \u043A\u0430\u0440\u0442\u044B",
    signatureKicker: "\u0427\u0442\u043E \u0432\u044B\u0434\u0435\u043B\u044F\u0435\u0442\u0441\u044F \u0432 \u043C\u043E\u0435\u0439 \u043A\u0430\u0440\u0442\u0435",
    approachTitle: "\u041A\u0430\u043A \u043A\u043E \u043C\u043D\u0435 \u043F\u043E\u0434\u043E\u0439\u0442\u0438",
    approachKicker: "\u041F\u0415\u0420\u0412\u042B\u0419 \u041A\u041E\u041D\u0422\u0410\u041A\u0422 \xB7 \u0414\u041E\u0412\u0415\u0420\u0418\u0415 \xB7 \u0422\u0420\u0415\u041D\u0418\u0415",
    compatibilityTitle: "\u0421\u043E\u0432\u043C\u0435\u0441\u0442\u0438\u043C\u043E\u0441\u0442\u044C",
    sun: "\u0421\u043E\u043B\u043D\u0446\u0435",
    moon: "\u041B\u0443\u043D\u0430",
    rising: "\u0410\u0441\u0446\u0435\u043D\u0434\u0435\u043D\u0442",
    sunDescriptor: "\u0413\u043B\u0430\u0432\u043D\u0430\u044F \u0438\u0434\u0435\u043D\u0442\u0438\u0447\u043D\u043E\u0441\u0442\u044C \u0438 \u043D\u0430\u043F\u0440\u0430\u0432\u043B\u0435\u043D\u0438\u0435",
    moonDescriptor: "\u0418\u043D\u0441\u0442\u0438\u043D\u043A\u0442 \u0438 \u044D\u043C\u043E\u0446\u0438\u043E\u043D\u0430\u043B\u044C\u043D\u0430\u044F \u0436\u0438\u0437\u043D\u044C",
    risingDescriptor: "\u041F\u0435\u0440\u0432\u043E\u0435 \u0432\u043F\u0435\u0447\u0430\u0442\u043B\u0435\u043D\u0438\u0435 \u0438 \u0433\u043E\u0440\u0438\u0437\u043E\u043D\u0442 \u043A\u0430\u0440\u0442\u044B",
    dominant: "\u041F\u0440\u0435\u043E\u0431\u043B\u0430\u0434\u0430\u0435\u0442: {element} \xB7 {modality}",
    balanced: "\u0420\u0430\u0432\u043D\u043E\u0432\u0435\u0441\u0438\u0435",
    compatibilityFlow: "\u041B\u0451\u0433\u043A\u043E\u0441\u0442\u044C \u0441 \u043F\u043E\u043B\u0435\u0437\u043D\u044B\u043C \u0442\u0440\u0435\u043D\u0438\u0435\u043C",
    compatibilityCharge: "\u0425\u0438\u043C\u0438\u044F, \u043A\u043E\u0442\u043E\u0440\u0430\u044F \u043F\u0440\u043E\u0441\u0438\u0442 \u0432\u043D\u0438\u043C\u0430\u043D\u0438\u044F",
    compatibilityBalance: "\u0420\u0430\u0432\u043D\u044B\u0439 \u043E\u0431\u043C\u0435\u043D \u043B\u0451\u0433\u043A\u043E\u0441\u0442\u044C\u044E \u0438 \u043D\u0430\u043F\u0440\u044F\u0436\u0435\u043D\u0438\u0435\u043C",
    tightestContacts: "\u0421\u0430\u043C\u044B\u0435 \u0442\u043E\u0447\u043D\u044B\u0435 \u043A\u043E\u043D\u0442\u0430\u043A\u0442\u044B",
    engineReceipt: "\u0414\u0432\u0438\u0436\u043E\u043A {version}",
    bigThreeAction: "\u041F\u043E\u0434\u0435\u043B\u0438\u0442\u044C\u0441\u044F \u0431\u043E\u043B\u044C\u0448\u043E\u0439 \u0442\u0440\u043E\u0439\u043A\u043E\u0439",
    fullChartAction: "\u041F\u043E\u0434\u0435\u043B\u0438\u0442\u044C\u0441\u044F \u043F\u043E\u043B\u043D\u043E\u0439 \u043A\u0430\u0440\u0442\u043E\u0439",
    signatureAction: "\u041F\u043E\u0434\u0435\u043B\u0438\u0442\u044C\u0441\u044F \u0445\u0430\u0440\u0430\u043A\u0442\u0435\u0440\u043D\u044B\u043C \u0440\u0438\u0441\u0443\u043D\u043A\u043E\u043C \u043A\u0430\u0440\u0442\u044B",
    approachAction: "\u041F\u043E\u0434\u0435\u043B\u0438\u0442\u044C\u0441\u044F \u0447\u0442\u0435\u043D\u0438\u0435\u043C \xAB\u041A\u0430\u043A \u043A\u043E \u043C\u043D\u0435 \u043F\u043E\u0434\u043E\u0439\u0442\u0438\xBB",
    referenceTimeNote: "\u0420\u0430\u0441\u0447\u0451\u0442 \u043D\u0430 12:00 \xB7 \u0412\u0440\u0435\u043C\u044F \u0440\u043E\u0436\u0434\u0435\u043D\u0438\u044F \u043D\u0435\u0438\u0437\u0432\u0435\u0441\u0442\u043D\u043E",
    approachBirthTimeNote: "\u0412\u0440\u0435\u043C\u044F \u0440\u043E\u0436\u0434\u0435\u043D\u0438\u044F \u0434\u043E\u0431\u0430\u0432\u0438\u043B\u043E \u0431\u044B \u043C\u043E\u0439 \u0430\u0441\u0446\u0435\u043D\u0434\u0435\u043D\u0442.",
    approachMoonTimeNote: "\u0411\u0435\u0437 \u0442\u043E\u0447\u043D\u043E\u0433\u043E \u0432\u0440\u0435\u043C\u0435\u043D\u0438 \u0440\u043E\u0436\u0434\u0435\u043D\u0438\u044F \u043C\u043E\u044F \u041B\u0443\u043D\u0430 \u043C\u043E\u0436\u0435\u0442 \u043E\u043A\u0430\u0437\u0430\u0442\u044C\u0441\u044F \u0432 \u0441\u043E\u0441\u0435\u0434\u043D\u0435\u043C \u0437\u043D\u0430\u043A\u0435.",
    compatibilityAction: "\u041F\u043E\u0434\u0435\u043B\u0438\u0442\u044C\u0441\u044F \u0441\u043E\u0432\u043C\u0435\u0441\u0442\u0438\u043C\u043E\u0441\u0442\u044C\u044E",
    compatibilityBusy: "\u0420\u0438\u0441\u0443\u0435\u043C \u043A\u0430\u0440\u0442\u043E\u0447\u043A\u0443 \u0441\u043E\u0432\u043C\u0435\u0441\u0442\u0438\u043C\u043E\u0441\u0442\u0438\u2026",
    compatibilitySaved: "\u041A\u0430\u0440\u0442\u043E\u0447\u043A\u0430 \u0441\u043E\u0432\u043C\u0435\u0441\u0442\u0438\u043C\u043E\u0441\u0442\u0438 \u0441\u043E\u0445\u0440\u0430\u043D\u0435\u043D\u0430.",
    compatibilityError: "\u041D\u0435 \u0443\u0434\u0430\u043B\u043E\u0441\u044C \u043D\u0430\u0440\u0438\u0441\u043E\u0432\u0430\u0442\u044C \u044D\u0442\u0443 \u043A\u0430\u0440\u0442\u043E\u0447\u043A\u0443 \u0432 \u0432\u0430\u0448\u0435\u043C \u0431\u0440\u0430\u0443\u0437\u0435\u0440\u0435."
  }
};
function shareCardText(locale, key) {
  return SHARE_CARD_COPY[locale][key];
}
function shareCardFormat(locale, key, values) {
  return shareCardText(locale, key).replace(/\{(\w+)\}/g, (_token, name) => String(values[name] ?? ""));
}

// site/src/lib/interpretations.ts
var MOON = {
  aries: "Feelings arrive as action impulses \u2014 anger before sadness, movement before words. You process by doing; hard conversations land better after a run.",
  taurus: "You settle yourself through the senses: food, comfort, routine, one unhurried evening. Emotional safety means knowing nothing important will change without warning.",
  gemini: "You metabolize feelings by naming them \u2014 talking, texting, journaling them into shape. Restlessness is usually a signal you need new input, not a new life.",
  cancer: "The Moon rules Cancer, and it shows: tidal moods, elephant memory, fierce protectiveness. Home is not a place so much as a feeling you can carry and recreate.",
  leo: "You need to be someone\u2019s favorite \u2014 not everyone\u2019s, someone\u2019s. Appreciation is oxygen; give it as freely as you need it and your relationships thrive.",
  virgo: "Anxiety is how your care sounds from the inside. You soothe yourself by making order \u2014 lists, plans, a clean kitchen \u2014 and love others through useful details.",
  libra: "Conflict sits in your body like static; you feel best when things are fair and aesthetically calm. The practice: disagreeing early, before the resentment invoices arrive.",
  scorpio: "You feel everything at full depth and show almost none of it on purpose. Intimacy for you is letting one person watch the water level change.",
  sagittarius: "Your moods need mileage \u2014 literal or intellectual. When feelings close in, you widen the frame: the joke, the trip, the bigger picture that makes it survivable.",
  capricorn: "You were the emotionally competent one early, and it stuck. Feelings get processed privately, on a schedule. Letting someone witness the process is the intimacy upgrade.",
  aquarius: "You observe your own emotions from a small distance before joining them. That delay is not coldness \u2014 it is analysis. Naming it out loud keeps loved ones from guessing.",
  pisces: "You are the room\u2019s emotional weather station, receiving everything, including what nobody said. Solitude is not withdrawal \u2014 it is how you find out which feelings were yours."
};

// site/src/lib/communication.ts
var MERCURY_SIGN = {
  aries: "You think out loud and fast \u2014 the first draft arrives already spoken. Your best ideas come mid-sentence; your apologies, occasionally, come right after.",
  taurus: "You think slowly and mean it permanently \u2014 words get weighed before they're spent. People learn that when you finally say a thing, it was true last month and will be true next month.",
  gemini: "Language is your native element: you think by talking, learn by asking, and can argue either side for sport. The skill to guard is finishing one thread before opening four.",
  cancer: "You remember tone longer than content \u2014 how a thing was said IS what was said, in your ledger. It makes you a careful speaker and an unusually good listener, with a long memory for both.",
  leo: "You communicate like a performance with an audience of one \u2014 warm, committed, a story where a sentence would do. It works because you mean it; flattery without conviction reads as static to you.",
  virgo: "Precision is how you show respect: the right word, the actual number, the caveat that keeps it honest. The edit is love; not everyone reads it that way, so say the warm part out loud too.",
  libra: "You phrase things so the other person can hear them \u2014 softening, balancing, finding the version that lands. The cost is that people sometimes get the diplomatic draft when they needed the real one.",
  scorpio: "You say less than you know, always. Conversations with you have a floor most people never see, and when you do open it, the other person understands it's a vault door, not small talk.",
  sagittarius: "You aim for the big true thing and skip the paperwork \u2014 blunt, funny, allergic to euphemism. The occasional casualty is nuance; the reliable gift is that nobody wonders what you meant.",
  capricorn: "You speak in conclusions \u2014 brief, structured, already three steps into the plan. Small talk feels like overhead, but your dry aside at minute forty is usually the best line in the meeting.",
  aquarius: 'You argue from orbit: principles first, particulars later, feelings filed under "data, interesting." People come to you for the take nobody else will say; warmth arrives once the idea is settled.',
  pisces: "You communicate in impressions \u2014 metaphor, tone, the thing adjacent to the thing. It makes you a natural translator of feelings, and occasionally a mystery to people who wanted a bullet list."
};
var MARS_SIGN = {
  aries: "Conflict arrives fast and leaves fast \u2014 you flare, say it, and genuinely forget it by dinner. The people who love you learn the storm is weather, not climate.",
  taurus: "You don't argue so much as outlast. Provocation bounces off for months \u2014 until the line gets crossed, and then the answer is final and the door is heavy.",
  gemini: "You argue with words, quickly and well, sometimes too well \u2014 winning the exchange can cost the point. A pause before the clever reply is your highest-return habit.",
  cancer: "Friction goes inward first: you retreat, tend the bruise, and come back sideways. Naming the hurt directly \u2014 earlier than feels safe \u2014 shortens every conflict you'll ever have.",
  leo: "What angers you is rarely the issue; it's the disrespect wrapped around it. Restore the dignity and the argument mostly resolves itself.",
  virgo: "Your anger comes out as critique \u2014 smaller, sharper, more frequent than a fight. The upgrade is asking for the change you want instead of auditing the failure you got.",
  libra: "You'll bend a long way to avoid the fight, then argue the principle instead of the grievance. The fair fight you keep postponing is almost always smaller than the resentment that replaces it.",
  scorpio: "You run cold, not hot \u2014 anger becomes strategy, patience, and a perfect memory. Mercy to yourself: not every slight deserves the full institution you're capable of building around it.",
  sagittarius: "You fight honest and loud, and you're over it before the other person has finished being shocked. The bluntness heals fast for you; check that it does for them.",
  capricorn: "Anger gets processed like everything else \u2014 privately, on a schedule, converted into distance or doubled workload. The people close to you would rather have the sentence than the silence.",
  aquarius: "You go cool and reasonable precisely when things get hot \u2014 infuriatingly calm, genuinely fair. Just remember the other person may need their feelings acknowledged before your excellent framework.",
  pisces: 'You absorb friction until you evaporate \u2014 agreeable in the room, gone in the follow-through. A small early "no" is kinder than a vanished "yes."'
};
var MERCURY_ADDENDA = {
  retrograde: "Mercury was retrograde when you were born \u2014 the tradition reads this as thinking that runs inward before it runs outward: you draft internally, and your second telling of an idea is always better than your first.",
  domicile: "Mercury is in its own sign here, which the tradition reads as language operating at full strength \u2014 this placement speaks with the grain.",
  detriment: "Mercury is in its detriment here \u2014 the tradition's word for a style that works against the sign's grain. Read it as texture, not deficiency: the friction is where the originality comes from.",
  exaltation: "Mercury is exalted in Virgo \u2014 the tradition's highest rating for this placement. Precision this natural is rare; trust it.",
  fall: "Mercury is in its fall here \u2014 the tradition's way of saying the sign asks language to do what language does worst. That's exactly why this placement produces poets."
};
var MERCURY_ASPECT = {
  Moon: {
    soft: "Head and heart share a desk \u2014 you can usually say what you feel while you're still feeling it.",
    hard: "The thought and the feeling file separate reports; give yourself a beat to reconcile them before the important conversations."
  },
  Mars: {
    soft: "Your words carry natural torque \u2014 direct, energizing, built for the honest version. People know where they stand with you.",
    hard: "The sentence leaves before the edit arrives. Your directness is an asset with a safety off; the pause is the safety."
  },
  Saturn: {
    soft: "You speak with a builder's economy \u2014 measured, reliable, quoted back at you years later.",
    hard: "An inner editor grades everything before you say it \u2014 which makes you precise, and sometimes slower to speak than you deserve to be. The words that survive the editor are worth the wait."
  },
  Jupiter: {
    soft: "You make ideas bigger and rooms more optimistic just by talking \u2014 a genuine gift for teaching and framing.",
    hard: "The story improves in the telling \u2014 watch the exchange rate between enthusiasm and accuracy."
  },
  Uranus: {
    soft: "Your mind takes the exit nobody saw \u2014 quick, lateral, allergic to the obvious. Meetings need you at minute five, not minute fifty.",
    hard: "The insight arrives as interruption. It's usually right and always early; the timing, not the thought, is the work."
  },
  Neptune: {
    soft: "You hear what people mean under what they say \u2014 a translator's ear for subtext and mood.",
    hard: "Meaning blurs at the edges \u2014 you're easy to misquote and easy to over-read. Writing things down is your friend."
  },
  Pluto: {
    soft: "Your words go deeper than their size \u2014 people leave conversations with you having said more than they planned.",
    hard: "You can't do shallow \u2014 every real conversation tilts toward the root system. Powerful; ration it in company that came for the weather."
  }
};
var SIGNS3 = Object.keys(MERCURY_SIGN);
var ASPECT_TARGETS = new Set(Object.keys(MERCURY_ASPECT));
function signForLongitude3(longitude2) {
  const normalized = (longitude2 % 360 + 360) % 360;
  return SIGNS3[Math.floor(normalized / 30)];
}
function mercuryAddendum(sign, retrograde) {
  const lines = [];
  if (sign === "virgo") lines.push(MERCURY_ADDENDA.exaltation);
  else if (sign === "gemini") lines.push(MERCURY_ADDENDA.domicile);
  else if (sign === "pisces") lines.push(MERCURY_ADDENDA.fall);
  else if (sign === "sagittarius") lines.push(MERCURY_ADDENDA.detriment);
  if (retrograde) lines.push(MERCURY_ADDENDA.retrograde);
  return lines.length > 0 ? lines.join(" ") : null;
}
function aspectTone(type) {
  return type === "square" || type === "opposition" ? "hard" : "soft";
}
function communicationRead(chart) {
  const mercury = chart.bodies.find((body) => body.body === "Mercury");
  const moon = chart.bodies.find((body) => body.body === "Moon");
  const mars = chart.bodies.find((body) => body.body === "Mars");
  const mercurySign = mercury ? signForLongitude3(mercury.lon) : null;
  const uncertainMoon = moonIsUncertain(chart);
  const moonSign = moon && !uncertainMoon ? signForLongitude3(moon.lon) : null;
  const marsSign = mars ? signForLongitude3(mars.lon) : null;
  const aspects = mercury ? chart.aspects.map((aspect) => {
    const target = aspect.a === "Mercury" ? aspect.b : aspect.b === "Mercury" ? aspect.a : null;
    return target && !(target === "Moon" && uncertainMoon) && ASPECT_TARGETS.has(target) ? { ...aspect, target } : null;
  }).filter((aspect) => aspect !== null).sort((a4, b3) => a4.orb - b3.orb).slice(0, 3).map((aspect) => ({
    target: aspect.target,
    type: aspect.type,
    orb: aspect.orb,
    text: MERCURY_ASPECT[aspect.target][aspectTone(aspect.type)]
  })) : [];
  return {
    mercury: mercurySign ? MERCURY_SIGN[mercurySign] : "",
    mercurySign,
    mercuryAddendum: mercurySign && mercury ? mercuryAddendum(mercurySign, mercury.retrograde) : null,
    aspects,
    moon: moonSign ? MOON[moonSign] : moon ? `${moonLabel(chart)} \xB7 A birth time is needed to settle the Moon reading.` : "",
    moonSign,
    mars: marsSign ? MARS_SIGN[marsSign] : "",
    marsSign
  };
}

// site/src/lib/approach.ts
var APPROACH_RISING = {
  aries: "Lead with the point and keep pace. A confident, direct opening earns attention faster than a long preamble.",
  taurus: "Arrive calmly and do not rush familiarity. Consistency makes a better first impression than intensity.",
  gemini: "Start with a real question, a sharp observation, or something genuinely interesting. Conversation is the doorway.",
  cancer: "Approach gently and read the room. Warmth and respect for privacy matter before depth.",
  leo: "Be warm, present, and specific. Genuine recognition opens the door; generic flattery does not.",
  virgo: "Be clear, considerate, and prepared. Small signs of competence register immediately.",
  libra: "Use tact and good faith. A balanced opening lands better than pressure or provocation.",
  scorpio: "Be honest without prying. Trust grows when you mean what you say and leave room for privacy.",
  sagittarius: "Be candid, upbeat, and willing to go somewhere interesting. Over-managing the interaction will flatten it.",
  capricorn: "Respect their time and arrive with substance. Reliability makes the strongest introduction.",
  aquarius: "Bring an original thought and skip the script. Interest grows through ideas, not forced familiarity.",
  pisces: "Lead with kindness and a little softness. They notice atmosphere before agenda."
};
var APPROACH_MERCURY = {
  aries: "Say the main thing first. Clear, active language will land better than caveats stacked before the point.",
  taurus: "Give the idea time and make it concrete. Pressure to answer instantly is more likely to harden the answer.",
  gemini: "Make it a conversation, not a monologue. Questions, examples, and room to riff keep the exchange alive.",
  cancer: "Mind the tone as much as the words. Context and care decide whether the message feels safe enough to hear.",
  leo: "Speak with conviction and make the human stakes visible. A lifeless delivery can make a good idea feel smaller than it is.",
  virgo: "Be precise and bring the useful details. They will trust a careful explanation more than a sweeping promise.",
  libra: "Frame the point fairly and acknowledge the other side. Diplomacy helps the honest version get through.",
  scorpio: "Say what you actually mean and leave out the performance. They will notice the missing layer before the polished one.",
  sagittarius: "Give the big picture, then the truth in plain language. Too much hedging reads as distance from the point.",
  capricorn: "Lead with the conclusion, the reason, and the next step. Structure is a form of respect here.",
  aquarius: "Bring the principle behind the point. An independent mind responds better to a strong idea than social pressure.",
  pisces: "Use examples, images, and emotional context. A message can be exact without being rigid."
};
var APPROACH_MOON = {
  aries: "Let feelings move instead of pinning them down immediately. A little space for action makes honesty easier.",
  taurus: "Be steady, follow through, and avoid surprise reversals. Trust grows through a pattern they can feel in the body.",
  gemini: "Let them talk the feeling into focus. Curiosity will help more than demanding one final emotional answer.",
  cancer: "Remember the details and protect what was shared in confidence. Care becomes believable through continuity.",
  leo: "Notice the effort specifically and say so. Feeling genuinely valued is what makes the guard come down.",
  virgo: "Offer practical care without making the feeling into a flaw to fix. Small, useful support speaks loudly.",
  libra: "Keep the exchange fair and name tension before it becomes atmosphere. Calm honesty is safer than delayed resentment.",
  scorpio: "Treat vulnerability as confidential information. Depth is welcome; casual intrusion is not.",
  sagittarius: "Leave room for humor, perspective, and a change of scenery. Space helps the feeling become speakable.",
  capricorn: "Respect the composed exterior and stay for the slower second answer. Reliability makes emotion less expensive.",
  aquarius: "Give them a moment to understand the feeling before asking them to perform it. Space is part of the processing.",
  pisces: "Lower the emotional volume and be clear about what belongs to whom. Gentleness works best with clean boundaries."
};
var APPROACH_MARS = {
  aries: "Do not turn a fast flare-up into a permanent verdict. Address the issue directly, then let the temperature fall.",
  taurus: "Do not confuse patience with unlimited tolerance. Repeated pressure can turn a movable question into a final no.",
  gemini: "Do not make the disagreement a contest for the cleverest line. Slow the exchange enough for the real point to survive.",
  cancer: "Do not dismiss a sideways reaction as nothing. Naming the hurt gently is more useful than cornering it.",
  leo: "Do not lead with humiliation or disrespect. Restore dignity first and the actual disagreement becomes workable.",
  virgo: "Do not answer critique with a character indictment. Stay specific about what needs to change.",
  libra: "Do not reward avoidance by pretending everything is fine. A fair, early disagreement is kinder than accumulated static.",
  scorpio: "Do not test trust, threaten exposure, or play for leverage. Clean honesty is the only useful route through.",
  sagittarius: "Do not match bluntness with a grudge. Say what landed badly while the moment is still small enough to repair.",
  capricorn: "Do not force an emotional answer on demand. Ask for a time to return to the issue, then hold them to it.",
  aquarius: "Do not mistake calm analysis for lack of feeling. Name the human impact before debating the framework.",
  pisces: "Do not accept a vague yes when the energy says no. Make refusal safe enough to happen before disappearance."
};
var SIGNS4 = new Set(Object.keys(APPROACH_RISING));
function signSlug(longitude2) {
  const slug = signForLongitude(longitude2).slug;
  if (!SIGNS4.has(slug)) throw new Error(`Unknown approach sign: ${slug}`);
  return slug;
}
function bodyPart(chart, body, role, corpus) {
  const placement = chart.bodies.find((candidate) => candidate.body === body);
  if (!placement) return null;
  const sign = signSlug(placement.lon);
  return { body, role, sign, reading: corpus[sign] };
}
function approachRead(chart, options = {}) {
  const moonAmbiguous = options.moonAmbiguous === true || moonIsUncertain(chart);
  const rising = chart.angles ? (() => {
    const sign = signSlug(chart.angles.asc);
    return {
      body: "Rising",
      role: "How to open",
      sign,
      reading: APPROACH_RISING[sign]
    };
  })() : null;
  const limitations = [];
  if (!rising) limitations.push("A birth time is needed to know how you first come across.");
  if (moonAmbiguous) limitations.push("The Moon may change signs on this birth date, so exact birth time could change the trust advice.");
  return {
    rising,
    mercury: bodyPart(chart, "Mercury", "How to say it", APPROACH_MERCURY),
    moon: moonAmbiguous ? null : bodyPart(chart, "Moon", "What builds trust", APPROACH_MOON),
    avoid: bodyPart(chart, "Mars", "What to avoid under pressure", APPROACH_MARS),
    moonAmbiguous,
    limitations
  };
}

// site/src/lib/chart-signature.ts
var PLANET_ORDER = [
  "Sun",
  "Moon",
  "Mercury",
  "Venus",
  "Mars",
  "Jupiter",
  "Saturn",
  "Uranus",
  "Neptune",
  "Pluto"
];
var PLANET_SET = new Set(PLANET_ORDER);
var PERSONAL = /* @__PURE__ */ new Set(["Sun", "Moon", "Mercury", "Venus", "Mars"]);
var POSITIVE_DIGNITIES = /* @__PURE__ */ new Set(["exaltation", "domicile"]);
var POSITIVE_CONJUNCTIONS = /* @__PURE__ */ new Set([
  "Moon|Sun",
  "Mars|Venus",
  "Mercury|Sun"
]);
var POSITIVE_CONJUNCTION_ORDER = {
  "Moon|Sun": ["Sun", "Moon"],
  "Mars|Venus": ["Venus", "Mars"],
  "Mercury|Sun": ["Sun", "Mercury"]
};
var DIGNITY_STRENGTH = {
  Sun: "Identity and direction have a clear channel here.",
  Moon: "Emotional instinct and self-trust have a strong native rhythm here.",
  Mercury: "Precision, pattern recognition, and language have a strong channel here.",
  Venus: "Taste, connection, and social intelligence have a strong channel here.",
  Mars: "Drive, courage, and follow-through have a strong channel here.",
  Jupiter: "Perspective, growth, and generosity have a strong channel here.",
  Saturn: "Discipline, standards, and long-game thinking have a strong channel here."
};
var ELEMENT_STRENGTH = {
  fire: "Initiative is one of this chart\u2019s clearest resources: it knows how to begin and create momentum.",
  earth: "Practical follow-through is one of this chart\u2019s clearest resources: ideas become tangible and durable.",
  air: "Pattern recognition is one of this chart\u2019s clearest resources: language and perspective keep things moving.",
  water: "Emotional perception is one of this chart\u2019s clearest resources: it notices the room before the memo."
};
var MODALITY_STRENGTH = {
  cardinal: "Starting is one of this chart\u2019s clearest strengths: it creates movement before consensus arrives.",
  fixed: "Staying power is one of this chart\u2019s clearest strengths: commitment becomes difficult to dislodge.",
  mutable: "Adaptability is one of this chart\u2019s clearest strengths: it can change shape without losing the thread."
};
function planets(chart) {
  return chart.bodies.filter((body) => PLANET_SET.has(body.body));
}
function bodyByName(chart, body) {
  return chart.bodies.find((candidate) => candidate.body === body) ?? null;
}
function signSlugForBody(chart, body) {
  const placement = bodyByName(chart, body);
  return placement ? signForLongitude(placement.lon).slug : null;
}
function uniqueWinner(counts) {
  const entries = Object.entries(counts);
  const max = Math.max(...entries.map(([, count]) => count));
  const winners = entries.filter(([, count]) => count === max);
  return winners.length === 1 ? winners[0] : null;
}
function dignitySignature(chart, locale) {
  const ranked = planets(chart).flatMap((body) => {
    const sign = signForLongitude(body.lon);
    const dignity = dignityFor(body.body, sign.slug);
    if (!dignity || !POSITIVE_DIGNITIES.has(dignity)) return [];
    const dignityRank = dignity === "exaltation" ? 100 : 60;
    const bodyRank = Math.max(0, PLANET_ORDER.length - PLANET_ORDER.indexOf(body.body));
    return [{ body, sign, dignity, score: dignityRank + bodyRank }];
  }).sort((a4, b3) => b3.score - a4.score);
  const winner = ranked[0];
  if (!winner) return null;
  const standing = winner.dignity === "exaltation" ? "Tradition calls it exalted: an honored-guest placement working with unusual support." : "Tradition calls it domicile: the planet is in one of its home signs and works with the grain.";
  return {
    kind: "dignity",
    eyebrow: "Standout in your chart",
    title: `${winner.body.body} in ${signName(winner.sign, locale)}`,
    summary: `${DIGNITY_STRENGTH[winner.body.body] ?? "This placement has a strong channel here."} ${standing}`,
    detail: winner.dignity,
    signSlugs: [winner.sign.slug],
    bodies: [winner.body.body]
  };
}
function aspectSignature(chart) {
  const isPositiveConjunction = (aspect) => aspect.type === "conjunction" && POSITIVE_CONJUNCTIONS.has([aspect.a, aspect.b].sort().join("|"));
  const supported = chart.aspects.filter((aspect) => (aspect.type === "trine" || aspect.type === "sextile" || isPositiveConjunction(aspect)) && aspect.orb <= 2 && PLANET_SET.has(aspect.a) && PLANET_SET.has(aspect.b) && (PERSONAL.has(aspect.a) || PERSONAL.has(aspect.b))).sort((a5, b4) => {
    const luminaryA = a5.a === "Sun" || a5.a === "Moon" || a5.b === "Sun" || a5.b === "Moon";
    const luminaryB = b4.a === "Sun" || b4.a === "Moon" || b4.b === "Sun" || b4.b === "Moon";
    const scoreA = a5.orb - (luminaryA ? 1.5 : 0);
    const scoreB = b4.orb - (luminaryB ? 1.5 : 0);
    return scoreA - scoreB;
  });
  const winner = supported[0];
  if (!winner) return null;
  const conjunctionKey = [winner.a, winner.b].sort().join("|");
  const [a4, b3] = winner.type === "conjunction" ? POSITIVE_CONJUNCTION_ORDER[conjunctionKey] ?? [winner.a, winner.b] : [winner.a, winner.b];
  const signSlugs = [
    signSlugForBody(chart, a4),
    signSlugForBody(chart, b3)
  ].filter((slug) => slug != null);
  return {
    kind: "aspect",
    eyebrow: "Standout in your chart",
    title: `${a4} ${winner.type} ${b3}`,
    summary: natalAspectLine(a4, winner.type, b3),
    detail: `${winner.orb.toFixed(1)}\xB0 orb`,
    signSlugs: [...new Set(signSlugs)],
    bodies: [a4, b3]
  };
}
function stelliumSignature(chart, locale) {
  const groups = /* @__PURE__ */ new Map();
  for (const body of planets(chart)) {
    const slug2 = signForLongitude(body.lon).slug;
    groups.set(slug2, [...groups.get(slug2) ?? [], body]);
  }
  const winner = [...groups.entries()].filter(([, members2]) => members2.length >= 3).sort((a4, b3) => b3[1].length - a4[1].length || signForLongitude(a4[1][0].lon).house - signForLongitude(b3[1][0].lon).house)[0];
  if (!winner) return null;
  const [slug, members] = winner;
  const sign = signForLongitude(members[0].lon);
  return {
    kind: "stellium",
    eyebrow: "Standout in your chart",
    title: `${members.length}-planet ${signName(sign, locale)} stellium`,
    summary: `${members.map(({ body }) => body).join(", ")} all sit in ${signName(sign, locale)} \u2014 that sign\u2019s agenda gets ${members.length} votes in this chart.`,
    detail: "Three or more planets concentrated in one sign",
    signSlugs: [slug],
    bodies: members.map(({ body }) => body)
  };
}
function balanceSignature(chart, locale) {
  const elementCounts = { fire: 0, earth: 0, air: 0, water: 0 };
  const modalityCounts = { cardinal: 0, fixed: 0, mutable: 0 };
  for (const body of planets(chart)) {
    const sign = signForLongitude(body.lon);
    elementCounts[sign.element] += 1;
    modalityCounts[sign.modality] += 1;
  }
  const element = uniqueWinner(elementCounts);
  if (element && element[1] >= 4) {
    const bodies = planets(chart).filter((body) => signForLongitude(body.lon).element === element[0]);
    return {
      kind: "element",
      eyebrow: "Standout in your chart",
      title: `${elementLabel(element[0], locale)} leads the chart`,
      summary: ELEMENT_STRENGTH[element[0]],
      detail: `${element[1]} of 10 planets`,
      signSlugs: [...new Set(bodies.map((body) => signForLongitude(body.lon).slug))].slice(0, 3),
      bodies: bodies.map(({ body }) => body)
    };
  }
  const modality = uniqueWinner(modalityCounts);
  if (modality && modality[1] >= 5) {
    const bodies = planets(chart).filter((body) => signForLongitude(body.lon).modality === modality[0]);
    return {
      kind: "modality",
      eyebrow: "Standout in your chart",
      title: `${modalityLabel(modality[0], locale)} energy leads`,
      summary: MODALITY_STRENGTH[modality[0]],
      detail: `${modality[1]} of 10 planets`,
      signSlugs: [...new Set(bodies.map((body) => signForLongitude(body.lon).slug))].slice(0, 3),
      bodies: bodies.map(({ body }) => body)
    };
  }
  return null;
}
function bigThreeSignature(chart, locale) {
  const rows2 = [
    { body: "Sun", placement: bodyByName(chart, "Sun"), suffix: "Sun" },
    { body: "Moon", placement: bodyByName(chart, "Moon"), suffix: "Moon" }
  ];
  const uncertainMoon = moonIsUncertain(chart);
  const titles = rows2.flatMap(({ placement, suffix }) => placement ? [`${suffix === "Moon" ? moonLabel(chart, locale) : signName(signForLongitude(placement.lon), locale)} ${suffix}`] : []);
  const slugs = rows2.flatMap(({ placement, body }) => placement ? body === "Moon" ? [...moonCandidates(chart)] : [signForLongitude(placement.lon).slug] : []);
  const bodies = rows2.flatMap(({ placement, body }) => placement ? [body] : []);
  if (chart.angles) {
    const rising = signForLongitude(chart.angles.asc);
    titles.push(`${signName(rising, locale)} Rising`);
    slugs.push(rising.slug);
  }
  return {
    kind: "big-three",
    eyebrow: "Standout in your chart",
    title: titles.join(" \xB7 ") || "A chart all its own",
    summary: "Your core direction, emotional needs, and first impression form a chart fingerprint no single Sun-sign label can explain.",
    detail: uncertainMoon ? chart.angles ? "Moon sign needs a birth time" : "Moon sign and Rising need a birth time" : chart.angles ? "Your Big Three" : "Sun and Moon \xB7 Rising needs a birth time",
    signSlugs: [...new Set(slugs)],
    bodies
  };
}
function chartSignature(chart, locale = "en") {
  const uncertainMoon = moonIsUncertain(chart);
  const settled = uncertainMoon ? {
    ...chart,
    bodies: chart.bodies.filter((body) => body.body !== "Moon"),
    aspects: chart.aspects.filter((aspect) => aspect.a !== "Moon" && aspect.b !== "Moon")
  } : chart;
  return aspectSignature(settled) ?? dignitySignature(settled, locale) ?? stelliumSignature(settled, locale) ?? (uncertainMoon ? null : balanceSignature(chart, locale)) ?? bigThreeSignature(chart, locale);
}

// site/src/lib/brand-icons.mjs
var BRAND_ICON_VERSION = "v3";
var BRAND_ICON_BASE = `/assets/app-icons/${BRAND_ICON_VERSION}`;
var BRAND_ICON_PATHS = Object.freeze({
  faviconSvg: `${BRAND_ICON_BASE}/favicon.svg`,
  favicon16: `${BRAND_ICON_BASE}/favicon-16.png`,
  favicon32: `${BRAND_ICON_BASE}/favicon-32.png`,
  favicon: `${BRAND_ICON_BASE}/favicon-96.png`,
  appleTouch: `${BRAND_ICON_BASE}/apple-touch-icon.png`,
  icon192: `${BRAND_ICON_BASE}/icon-192.png`,
  icon512: `${BRAND_ICON_BASE}/icon-512.png`,
  maskable512: `${BRAND_ICON_BASE}/maskable-512.png`
});

// site/src/lib/share-card-brand.ts
var SHARE_CARD_BRAND_INK = "#8E96AB";
var SHARE_CARD_BRAND_WORDMARK = "zodiacs.org";
var PORTRAIT_SHARE_CARD_BRAND_LAYOUT = Object.freeze({
  wordmarkX: 1014,
  centerY: 1290,
  iconSize: 44,
  fontSize: 22,
  gap: 0
});
async function imageElementFromBlob(blob) {
  if (typeof Image === "undefined") return null;
  const url = URL.createObjectURL(blob);
  try {
    return await new Promise((resolve, reject) => {
      const image = new Image();
      image.onload = () => resolve(image);
      image.onerror = () => reject(new Error("brand_icon_load_failed"));
      image.src = url;
    });
  } catch {
    return null;
  } finally {
    URL.revokeObjectURL(url);
  }
}
async function loadShareBrandIcon() {
  try {
    const response = await fetch(BRAND_ICON_PATHS.icon512);
    if (!response.ok) return null;
    const blob = await response.blob();
    if (typeof createImageBitmap === "function") {
      try {
        return await createImageBitmap(blob);
      } catch {
      }
    }
    return await imageElementFromBlob(blob);
  } catch {
    return null;
  }
}
async function withShareBrandIcon(render) {
  const icon = await loadShareBrandIcon();
  try {
    return await render(icon);
  } finally {
    icon?.close?.();
  }
}
function drawShareBrandLockup(context, icon, layout) {
  const wordmark = SHARE_CARD_BRAND_WORDMARK;
  const gap = layout.gap ?? 0;
  const serif = layout.serif ?? '"EB Garamond", Georgia, serif';
  context.save();
  try {
    context.textBaseline = "middle";
    context.textAlign = "right";
    context.fillStyle = SHARE_CARD_BRAND_INK;
    context.font = `500 ${layout.fontSize}px ${serif}`;
    if (icon) {
      const iconX = layout.wordmarkX - context.measureText(wordmark).width - gap - layout.iconSize;
      const iconY = layout.centerY - layout.iconSize / 2;
      context.imageSmoothingEnabled = true;
      context.imageSmoothingQuality = "high";
      context.drawImage(icon, iconX, iconY, layout.iconSize, layout.iconSize);
    }
    context.fillText(wordmark, layout.wordmarkX, layout.centerY);
  } finally {
    context.restore();
  }
}

// site/src/lib/share-card.ts
function primaryShareCardVariant(locale, hasAngles) {
  if (locale === "en") return "signature";
  return hasAngles ? "big-three" : "full";
}
function authoredSignatureForLocale(chart, locale) {
  return locale === "en" ? chartSignature(chart, locale) : null;
}
var SHARE_CARD_SCALE = 2;
var W2 = 540 * SHARE_CARD_SCALE;
var H3 = 675 * SHARE_CARD_SCALE;
var BG = "#060709";
var INK_0 = "#EEF1F7";
var INK_2 = "#8E96AB";
var HAIR = "rgba(198, 204, 218, 0.12)";
var SERIF = '"EB Garamond", Georgia, serif';
var MONO = '"JetBrains Mono", ui-monospace, Menlo, monospace';
var WHEEL_SIZE = 780;
var SHARE_CARD_WORDMARK = Object.freeze({
  x: PORTRAIT_SHARE_CARD_BRAND_LAYOUT.wordmarkX,
  y: PORTRAIT_SHARE_CARD_BRAND_LAYOUT.centerY,
  align: "right"
});
async function drawPortraitShareBrand(context) {
  await withShareBrandIcon((icon) => {
    drawShareBrandLockup(context, icon, {
      ...PORTRAIT_SHARE_CARD_BRAND_LAYOUT,
      serif: SERIF
    });
  });
}
async function wheelSvgString(chart, technical = false) {
  const host = document.createElement("div");
  R(technical ? k(TechnicalWheel, {
    bodies: chart.bodies,
    asc: chart.angles?.asc ?? null,
    mc: chart.angles?.mc ?? null,
    dsc: chart.angles?.dsc ?? null,
    ic: chart.angles?.ic ?? null,
    cusps: chart.houses?.cusps ?? null,
    aspects: chart.aspects
  }) : k(Wheel, {
    bodies: chart.bodies.filter((b3) => b3.body !== "South Node"),
    asc: chart.angles?.asc ?? null,
    mc: chart.angles?.mc ?? null,
    cusps: chart.houses?.cusps ?? null,
    aspects: chart.aspects.filter((a4) => a4.orb < 6)
  }), host);
  const svg = host.querySelector("svg");
  if (!svg) throw new Error("wheel render failed");
  svg.setAttribute("width", String(WHEEL_SIZE));
  svg.setAttribute("height", String(WHEEL_SIZE));
  svg.setAttribute("xmlns", "http://www.w3.org/2000/svg");
  svg.querySelectorAll("text").forEach((t4) => {
    t4.setAttribute("font-family", "ui-monospace, Menlo, Consolas, monospace");
  });
  Array.from(svg.querySelectorAll("image")).forEach((img) => {
    const href = img.getAttribute("href") ?? img.getAttribute("xlink:href");
    const slug = href?.match(/\/([^/]+)\.webp$/)?.[1];
    const sign = slug ? signBySlug(slug) : null;
    if (!sign) {
      img.remove();
      return;
    }
    const size = Number(img.getAttribute("width"));
    const text2 = document.createElementNS("http://www.w3.org/2000/svg", "text");
    text2.setAttribute("x", String(Number(img.getAttribute("x")) + size / 2));
    text2.setAttribute("y", String(Number(img.getAttribute("y")) + size / 2));
    text2.setAttribute("fill", sign.hue);
    text2.setAttribute("font-size", String(size * 0.72));
    text2.setAttribute("text-anchor", "middle");
    text2.setAttribute("dominant-baseline", "central");
    text2.textContent = sign.glyph;
    img.replaceWith(text2);
  });
  const xml = new XMLSerializer().serializeToString(svg);
  R(null, host);
  return xml;
}
function loadSvg(xml) {
  return new Promise((resolve, reject) => {
    const url = URL.createObjectURL(new Blob([xml], { type: "image/svg+xml" }));
    const img = new Image();
    img.onload = () => {
      URL.revokeObjectURL(url);
      resolve(img);
    };
    img.onerror = () => {
      URL.revokeObjectURL(url);
      reject(new Error("wheel raster failed"));
    };
    img.src = url;
  });
}
async function loadDisc(slug) {
  if (!slug) return null;
  try {
    const res = await fetch(`/assets/zodiac-icons/128/${slug}.webp`);
    if (!res.ok) return null;
    return await createImageBitmap(await res.blob());
  } catch {
    return null;
  }
}
function bigThreePlacements(chart, locale = "en") {
  const sun = chart.bodies.find((body) => body.body === "Sun");
  const moon = chart.bodies.find((body) => body.body === "Moon");
  if (!sun || !moon) throw new Error("chart missing luminaries");
  const rows2 = [
    { kind: "sun", lon: sun.lon },
    { kind: "moon", lon: moon.lon }
  ];
  if (chart.angles) rows2.push({ kind: "rising", lon: chart.angles.asc });
  return rows2.map(({ kind, lon }) => {
    const sign = signForLongitude(lon);
    if (kind === "moon" && moonIsUncertain(chart)) {
      return { kind, lon, slug: "", sign: moonLabel(chart, locale), degree: degreeInSign(lon), uncertain: true };
    }
    return { kind, lon, slug: sign.slug, sign: signName(sign, locale), degree: degreeInSign(lon) };
  });
}
function chartCardReceipt(chart, locale = "en") {
  return shareCardFormat(locale, "engineReceipt", { version: chart.engineVersion });
}
function chartCardFilename(options = {}) {
  if (options.variant === "sheet") return "zodiacs-chart-sheet.png";
  if (options.variant === "big-three") return "zodiacs-big-three.png";
  if (options.variant === "communication") return "zodiacs-communication.png";
  if (options.variant === "signature") return "zodiacs-chart-signature.png";
  if (options.variant === "approach") return "zodiacs-how-to-approach-me.png";
  return "zodiacs-chart.png";
}
function shareCardTimeNotes(locale, options = {}) {
  const notes = [];
  if (options.referenceTime) notes.push(shareCardText(locale, "referenceTimeNote"));
  if (options.moonAmbiguous) notes.push(shareCardText(locale, "approachMoonTimeNote"));
  return notes;
}
function fitText(ctx, text2, maxWidth, startPx, minPx, weight, family) {
  let px = startPx;
  while (px > minPx) {
    ctx.font = `${weight} ${px}px ${family}`;
    if (ctx.measureText(text2).width <= maxWidth) break;
    px -= 2;
  }
  return px;
}
var COMMUNICATION_ROLES = {
  Mercury: "How you phrase things",
  Moon: "What helps you feel heard",
  Mars: "How you handle friction"
};
function firstSentence(text2) {
  const match = /[.!?](?:[”"']?)(?=\s|$)/.exec(text2);
  return match ? text2.slice(0, match.index + match[0].length).trim() : text2.trim();
}
function communicationCardContent(chart, locale = "en") {
  const read = communicationRead(chart);
  const placements = [
    { body: "Mercury", slug: read.mercurySign, reading: read.mercury },
    { body: "Moon", slug: read.moonSign, reading: read.moon },
    { body: "Mars", slug: read.marsSign, reading: read.mars }
  ];
  const rows2 = placements.flatMap((placement) => {
    if (placement.body === "Moon" && moonIsUncertain(chart)) {
      return [{ body: placement.body, role: COMMUNICATION_ROLES.Moon, slug: "", sign: moonLabel(chart, locale), reading: t(locale, "needsBirthTime") }];
    }
    if (!placement.slug || !placement.reading) return [];
    const sign = signBySlug(placement.slug);
    return [{
      body: placement.body,
      role: COMMUNICATION_ROLES[placement.body],
      slug: placement.slug,
      sign: signName(sign, locale),
      reading: firstSentence(placement.reading)
    }];
  });
  const tightest = read.aspects[0];
  const aspect = tightest ? `Mercury ${tightest.type} ${tightest.target} \xB7 ${firstSentence(tightest.text)}` : null;
  return {
    title: "How I communicate",
    rows: rows2,
    aspect,
    receipt: chartCardReceipt(chart, locale)
  };
}
function signatureCardContent(chart, locale = "en", moonAmbiguous = false) {
  if (moonAmbiguous && chart.moonSignCandidates === void 0) chart = { ...chart, moonSignCandidates: [] };
  return {
    title: shareCardText(locale, "signatureTitle"),
    kicker: shareCardText(locale, "signatureKicker"),
    signature: authoredSignatureForLocale(chart, locale),
    bigThree: bigThreePlacements(chart, locale),
    notes: shareCardTimeNotes(locale, {
      referenceTime: !chart.input.timeKnown,
      moonAmbiguous: moonAmbiguous || moonIsUncertain(chart)
    }),
    receipt: chartCardReceipt(chart, locale)
  };
}
function approachCardContent(chart, options = {}) {
  const locale = options.locale ?? "en";
  if (options.moonAmbiguous && chart.moonSignCandidates === void 0) chart = { ...chart, moonSignCandidates: [] };
  const read = approachRead(chart, { moonAmbiguous: options.moonAmbiguous });
  const rows2 = [read.rising, read.mercury, read.moon].flatMap((part) => {
    if (!part || part.body === "Mars") return [];
    const sign = signBySlug(part.sign);
    return [{
      body: part.body,
      role: part.role,
      slug: part.sign,
      sign: signName(sign, locale),
      reading: firstSentence(part.reading)
    }];
  });
  if (!read.moon && read.moonAmbiguous) {
    rows2.push({ body: "Moon", role: "What builds trust", slug: "", sign: moonLabel(chart, locale), reading: t(locale, "needsBirthTime") });
  }
  const avoid = read.avoid ? {
    body: "Mars",
    role: read.avoid.role,
    slug: read.avoid.sign,
    sign: signName(signBySlug(read.avoid.sign), locale),
    reading: firstSentence(read.avoid.reading)
  } : null;
  const notes = [];
  if (!read.rising) notes.push(shareCardText(locale, "approachBirthTimeNote"));
  if (read.moonAmbiguous) notes.push(shareCardText(locale, "approachMoonTimeNote"));
  return {
    title: shareCardText(locale, "approachTitle"),
    kicker: shareCardText(locale, "approachKicker"),
    rows: rows2,
    avoid,
    notes,
    receipt: chartCardReceipt(chart, locale)
  };
}
function wrappedLines(ctx, text2, maxWidth, maxLines) {
  const words = text2.split(/\s+/).filter(Boolean);
  const lines = [];
  let line = "";
  for (const word of words) {
    const candidate = line ? `${line} ${word}` : word;
    if (ctx.measureText(candidate).width <= maxWidth || !line) {
      line = candidate;
      continue;
    }
    lines.push(line);
    line = word;
    if (lines.length === maxLines - 1) break;
  }
  if (line && lines.length < maxLines) {
    const consumed = lines.join(" ").split(/\s+/).filter(Boolean).length;
    const remaining = words.slice(consumed).join(" ");
    let finalLine = remaining || line;
    while (ctx.measureText(finalLine).width > maxWidth && finalLine.length > 1) {
      finalLine = finalLine.slice(0, -1).trimEnd();
    }
    if (finalLine !== remaining) finalLine = `${finalLine.replace(/[.,;:!?\s]+$/, "")}\u2026`;
    lines.push(finalLine);
  }
  return lines;
}
function drawWrappedText(ctx, text2, x3, y4, maxWidth, lineHeight, maxLines) {
  wrappedLines(ctx, text2, maxWidth, maxLines).forEach((line, index) => {
    ctx.fillText(line, x3, y4 + index * lineHeight);
  });
}
async function drawFullChartCard(chart, options = {}) {
  const locale = options.locale ?? "en";
  const timeNotes = shareCardTimeNotes(locale, {
    referenceTime: options.referenceTime ?? !chart.input.timeKnown,
    moonAmbiguous: options.moonAmbiguous || moonIsUncertain(chart)
  });
  const placements = bigThreePlacements(chart, locale);
  const trio = placements.map((placement) => ({
    label: shareCardText(locale, placement.kind),
    slug: placement.slug,
    name: placement.sign
  }));
  await document.fonts.ready;
  await Promise.all([
    document.fonts.load(`500 52px ${SERIF}`),
    document.fonts.load(`italic 400 34px ${SERIF}`),
    document.fonts.load(`400 26px ${MONO}`)
  ]).catch(() => {
  });
  const [wheelImg, discs] = await Promise.all([
    wheelSvgString(chart).then(loadSvg),
    Promise.all(trio.map((t4) => loadDisc(t4.slug)))
  ]);
  const canvas = document.createElement("canvas");
  canvas.width = W2;
  canvas.height = H3;
  const ctx = canvas.getContext("2d");
  if (!ctx) throw new Error("canvas unavailable");
  ctx.fillStyle = BG;
  ctx.fillRect(0, 0, W2, H3);
  if (typeof ctx.roundRect === "function") {
    ctx.strokeStyle = HAIR;
    ctx.lineWidth = 1;
    ctx.beginPath();
    ctx.roundRect(28.5, 28.5, W2 - 57, H3 - 57, 26);
    ctx.stroke();
  }
  ctx.textAlign = "center";
  ctx.textBaseline = "middle";
  ctx.fillStyle = INK_2;
  ctx.font = `italic 400 34px ${SERIF}`;
  ctx.fillText(shareCardText(locale, "fullChartTitle"), W2 / 2, 118);
  ctx.drawImage(wheelImg, (W2 - WHEEL_SIZE) / 2, 158, WHEEL_SIZE, WHEEL_SIZE);
  const DISC = 84;
  const GAP = 40;
  const rowW = trio.length * DISC + (trio.length - 1) * GAP;
  let x3 = (W2 - rowW) / 2;
  const discY = 992;
  for (const bitmap of discs) {
    if (bitmap) ctx.drawImage(bitmap, x3, discY, DISC, DISC);
    x3 += DISC + GAP;
  }
  const line = trio.map((t4) => `${t4.name} ${t4.label}`).join(" \xB7 ");
  const px = fitText(ctx, line, W2 - 140, 52, 34, 500, SERIF);
  ctx.fillStyle = INK_0;
  ctx.font = `500 ${px}px ${SERIF}`;
  ctx.fillText(line, W2 / 2, 1138);
  ctx.fillStyle = INK_2;
  ctx.font = `400 19px ${MONO}`;
  timeNotes.forEach((note, index) => ctx.fillText(note, W2 / 2, 1195 + index * 31));
  ctx.fillStyle = INK_2;
  ctx.font = `400 22px ${MONO}`;
  ctx.fillText(chartCardReceipt(chart, locale), W2 / 2, 1272);
  await drawPortraitShareBrand(ctx);
  const blob = await new Promise((resolve) => canvas.toBlob(resolve, "image/png"));
  if (!blob) throw new Error("png encode failed");
  return blob;
}
async function drawBigThreeCard(chart, options = {}) {
  if (options.moonAmbiguous && chart.moonSignCandidates === void 0) chart = { ...chart, moonSignCandidates: [] };
  const locale = options.locale ?? "en";
  const placements = bigThreePlacements(chart, locale);
  const timeNotes = shareCardTimeNotes(locale, { ...options, moonAmbiguous: options.moonAmbiguous || moonIsUncertain(chart) });
  await document.fonts.ready;
  await Promise.all([
    document.fonts.load(`500 58px ${SERIF}`),
    document.fonts.load(`400 30px ${MONO}`)
  ]).catch(() => {
  });
  const discs = await Promise.all(placements.map((placement) => loadDisc(placement.slug)));
  const canvas = document.createElement("canvas");
  canvas.width = W2;
  canvas.height = H3;
  const ctx = canvas.getContext("2d");
  if (!ctx) throw new Error("canvas unavailable");
  ctx.fillStyle = BG;
  ctx.fillRect(0, 0, W2, H3);
  if (typeof ctx.roundRect === "function") {
    ctx.strokeStyle = HAIR;
    ctx.lineWidth = 1;
    ctx.beginPath();
    ctx.roundRect(28.5, 28.5, W2 - 57, H3 - 57, 26);
    ctx.stroke();
  }
  ctx.textAlign = "center";
  ctx.textBaseline = "middle";
  ctx.fillStyle = INK_2;
  ctx.font = `italic 400 34px ${SERIF}`;
  ctx.fillText(shareCardText(locale, "bigThreeTitle"), W2 / 2, 112);
  const gap = placements.length === 3 ? 292 : 370;
  const firstY = placements.length === 3 ? 245 : 305;
  placements.forEach((placement, index) => {
    const y4 = firstY + index * gap;
    const icon = discs[index];
    if (icon) ctx.drawImage(icon, 98, y4, 178, 178);
    const label = shareCardText(locale, placement.kind);
    ctx.textAlign = "left";
    ctx.fillStyle = INK_2;
    ctx.font = `400 26px ${MONO}`;
    ctx.fillText(placement.uncertain ? label : `${label} \xB7 ${placement.degree.toFixed(1)}\xB0`, 334, y4 + 25);
    ctx.fillStyle = INK_0;
    ctx.font = `500 58px ${SERIF}`;
    ctx.fillText(placement.sign, 334, y4 + 84, W2 - 400);
    const descriptorKey = `${placement.kind}Descriptor`;
    ctx.fillStyle = INK_2;
    ctx.font = `400 28px ${SERIF}`;
    ctx.fillText(placement.uncertain ? t(locale, "needsBirthTime") : shareCardText(locale, descriptorKey), 334, y4 + 137, W2 - 400);
  });
  ctx.textAlign = "center";
  ctx.fillStyle = INK_2;
  ctx.font = `400 20px ${MONO}`;
  timeNotes.forEach((note, index) => ctx.fillText(note, W2 / 2, 1150 + index * 34));
  ctx.font = `400 24px ${MONO}`;
  ctx.fillText(shareCardFormat(locale, "engineReceipt", { version: chart.engineVersion }), W2 / 2, 1238);
  await drawPortraitShareBrand(ctx);
  const blob = await new Promise((resolve) => canvas.toBlob(resolve, "image/png"));
  if (!blob) throw new Error("png encode failed");
  return blob;
}
async function drawCommunicationCard(chart, options = {}) {
  const locale = options.locale ?? "en";
  const content = communicationCardContent(chart, locale);
  await document.fonts.ready;
  await Promise.all([
    document.fonts.load(`500 68px ${SERIF}`),
    document.fonts.load(`500 48px ${SERIF}`),
    document.fonts.load(`400 28px ${SERIF}`),
    document.fonts.load(`400 24px ${MONO}`)
  ]).catch(() => {
  });
  const discs = await Promise.all(content.rows.map((row) => loadDisc(row.slug)));
  const canvas = document.createElement("canvas");
  canvas.width = W2;
  canvas.height = H3;
  const ctx = canvas.getContext("2d");
  if (!ctx) throw new Error("canvas unavailable");
  ctx.fillStyle = BG;
  ctx.fillRect(0, 0, W2, H3);
  if (typeof ctx.roundRect === "function") {
    ctx.strokeStyle = HAIR;
    ctx.lineWidth = 1;
    ctx.beginPath();
    ctx.roundRect(28.5, 28.5, W2 - 57, H3 - 57, 26);
    ctx.stroke();
  }
  ctx.textBaseline = "middle";
  ctx.textAlign = "left";
  ctx.fillStyle = INK_2;
  ctx.font = `400 24px ${MONO}`;
  ctx.fillText("MERCURY \xB7 MOON \xB7 MARS", 72, 92);
  ctx.fillStyle = INK_0;
  ctx.font = `500 68px ${SERIF}`;
  ctx.fillText(content.title, 72, 156);
  const rowTop = 255;
  const rowGap = 292;
  content.rows.forEach((row, index) => {
    const top = rowTop + index * rowGap;
    const icon = discs[index];
    if (icon) ctx.drawImage(icon, 72, top, 126, 126);
    ctx.fillStyle = INK_2;
    ctx.font = `400 23px ${MONO}`;
    ctx.fillText(`${row.body.toUpperCase()} \xB7 ${row.role.toUpperCase()}`, 236, top + 16);
    ctx.fillStyle = INK_0;
    ctx.font = `500 48px ${SERIF}`;
    ctx.fillText(row.sign, 236, top + 69, W2 - 310);
    ctx.fillStyle = INK_2;
    ctx.font = `400 28px ${SERIF}`;
    drawWrappedText(ctx, row.reading, 236, top + 126, W2 - 308, 35, 3);
    if (index < content.rows.length - 1) {
      ctx.strokeStyle = HAIR;
      ctx.beginPath();
      ctx.moveTo(72, top + 250.5);
      ctx.lineTo(W2 - 72, top + 250.5);
      ctx.stroke();
    }
  });
  if (content.aspect) {
    ctx.fillStyle = INK_2;
    ctx.font = `400 23px ${MONO}`;
    ctx.fillText("A STRONG MERCURY CONNECTION", 72, 1138);
    ctx.font = `400 27px ${SERIF}`;
    drawWrappedText(ctx, content.aspect, 72, 1183, W2 - 144, 33, 2);
  }
  ctx.fillStyle = INK_2;
  ctx.font = `400 24px ${MONO}`;
  ctx.textAlign = "left";
  ctx.fillText(content.receipt, 72, 1260);
  await drawPortraitShareBrand(ctx);
  const blob = await new Promise((resolve) => canvas.toBlob(resolve, "image/png"));
  if (!blob) throw new Error("png encode failed");
  return blob;
}
async function drawSignatureCard(chart, options = {}) {
  const locale = options.locale ?? "en";
  const content = signatureCardContent(chart, locale, Boolean(options.moonAmbiguous));
  if (!content.signature) {
    return drawBigThreeCard(chart, { ...options, variant: "big-three" });
  }
  await document.fonts.ready;
  await Promise.all([
    document.fonts.load(`500 68px ${SERIF}`),
    document.fonts.load(`500 56px ${SERIF}`),
    document.fonts.load(`400 30px ${SERIF}`),
    document.fonts.load(`400 24px ${MONO}`)
  ]).catch(() => {
  });
  const [signatureDiscs, bigThreeDiscs] = await Promise.all([
    Promise.all(content.signature.signSlugs.slice(0, 3).map(loadDisc)),
    Promise.all(content.bigThree.map((placement) => loadDisc(placement.slug)))
  ]);
  const canvas = document.createElement("canvas");
  canvas.width = W2;
  canvas.height = H3;
  const ctx = canvas.getContext("2d");
  if (!ctx) throw new Error("canvas unavailable");
  ctx.fillStyle = BG;
  ctx.fillRect(0, 0, W2, H3);
  if (typeof ctx.roundRect === "function") {
    ctx.strokeStyle = HAIR;
    ctx.lineWidth = 1;
    ctx.beginPath();
    ctx.roundRect(28.5, 28.5, W2 - 57, H3 - 57, 26);
    ctx.stroke();
  }
  ctx.textBaseline = "middle";
  ctx.textAlign = "left";
  ctx.fillStyle = INK_2;
  ctx.font = `400 24px ${MONO}`;
  ctx.font = `italic 400 30px ${SERIF}`;
  ctx.fillText(content.kicker, 72, 92);
  ctx.fillStyle = INK_0;
  ctx.font = `500 68px ${SERIF}`;
  ctx.fillText(content.title, 72, 158);
  if (typeof ctx.roundRect === "function") {
    ctx.fillStyle = "rgba(198, 204, 218, 0.035)";
    ctx.strokeStyle = HAIR;
    ctx.beginPath();
    ctx.roundRect(72.5, 220.5, W2 - 145, 570, 22);
    ctx.fill();
    ctx.stroke();
  }
  const shownDiscs = signatureDiscs.filter((disc) => disc != null);
  const signatureDiscSize = 154;
  const signatureGap = 24;
  const discRowWidth = shownDiscs.length * signatureDiscSize + Math.max(0, shownDiscs.length - 1) * signatureGap;
  let signatureX = (W2 - discRowWidth) / 2;
  for (const disc of shownDiscs) {
    ctx.drawImage(disc, signatureX, 260, signatureDiscSize, signatureDiscSize);
    signatureX += signatureDiscSize + signatureGap;
  }
  ctx.textAlign = "center";
  ctx.fillStyle = INK_2;
  ctx.font = `italic 400 28px ${SERIF}`;
  ctx.fillText(content.signature.eyebrow, W2 / 2, 465);
  const titlePx = fitText(ctx, content.signature.title, W2 - 220, 56, 38, 500, SERIF);
  ctx.fillStyle = INK_0;
  ctx.font = `500 ${titlePx}px ${SERIF}`;
  ctx.fillText(content.signature.title, W2 / 2, 528);
  ctx.textAlign = "left";
  ctx.fillStyle = INK_2;
  ctx.font = `400 30px ${SERIF}`;
  drawWrappedText(ctx, content.signature.summary, 140, 602, W2 - 280, 39, 4);
  if (content.signature.detail) {
    ctx.textAlign = "center";
    ctx.fillStyle = INK_2;
    const detailPx = fitText(ctx, content.signature.detail.toUpperCase(), W2 - 240, 22, 16, 400, MONO);
    ctx.font = `400 ${detailPx}px ${MONO}`;
    ctx.fillText(content.signature.detail.toUpperCase(), W2 / 2, 748);
  }
  ctx.textAlign = "left";
  ctx.fillStyle = INK_2;
  ctx.font = `400 22px ${MONO}`;
  ctx.font = `italic 400 28px ${SERIF}`;
  ctx.fillText("Chart fingerprint", 72, 856);
  const bigThreeCount = content.bigThree.length;
  const columnWidth = (W2 - 144) / Math.max(1, bigThreeCount);
  content.bigThree.forEach((placement, index) => {
    const center = 72 + columnWidth * index + columnWidth / 2;
    const disc = bigThreeDiscs[index];
    if (disc) ctx.drawImage(disc, center - 46, 900, 92, 92);
    ctx.textAlign = "center";
    ctx.fillStyle = INK_0;
    ctx.font = `500 34px ${SERIF}`;
    ctx.fillText(placement.sign, center, 1024, columnWidth - 24);
    ctx.fillStyle = INK_2;
    ctx.font = `400 20px ${MONO}`;
    ctx.fillText(shareCardText(locale, placement.kind).toUpperCase(), center, 1067);
  });
  ctx.textAlign = "left";
  ctx.fillStyle = INK_2;
  ctx.font = `400 20px ${MONO}`;
  content.notes.forEach((note, index) => ctx.fillText(note, 72, 1132 + index * 34));
  ctx.textAlign = "left";
  ctx.fillStyle = INK_2;
  ctx.font = `400 24px ${MONO}`;
  ctx.fillText(content.receipt, 72, 1260);
  await drawPortraitShareBrand(ctx);
  const blob = await new Promise((resolve) => canvas.toBlob(resolve, "image/png"));
  if (!blob) throw new Error("png encode failed");
  return blob;
}
async function drawApproachCard(chart, options = {}) {
  const content = approachCardContent(chart, options);
  await document.fonts.ready;
  await Promise.all([
    document.fonts.load(`500 68px ${SERIF}`),
    document.fonts.load(`500 44px ${SERIF}`),
    document.fonts.load(`400 28px ${SERIF}`),
    document.fonts.load(`400 23px ${MONO}`)
  ]).catch(() => {
  });
  const [rowDiscs, avoidDisc] = await Promise.all([
    Promise.all(content.rows.map((row) => loadDisc(row.slug))),
    content.avoid ? loadDisc(content.avoid.slug) : Promise.resolve(null)
  ]);
  const canvas = document.createElement("canvas");
  canvas.width = W2;
  canvas.height = H3;
  const ctx = canvas.getContext("2d");
  if (!ctx) throw new Error("canvas unavailable");
  ctx.fillStyle = BG;
  ctx.fillRect(0, 0, W2, H3);
  if (typeof ctx.roundRect === "function") {
    ctx.strokeStyle = HAIR;
    ctx.lineWidth = 1;
    ctx.beginPath();
    ctx.roundRect(28.5, 28.5, W2 - 57, H3 - 57, 26);
    ctx.stroke();
  }
  ctx.textBaseline = "middle";
  ctx.textAlign = "left";
  ctx.fillStyle = INK_2;
  ctx.font = `400 23px ${MONO}`;
  ctx.fillText(content.kicker, 72, 92);
  ctx.fillStyle = INK_0;
  ctx.font = `500 68px ${SERIF}`;
  ctx.fillText(content.title, 72, 158);
  const rowTop = 242;
  const rowGap = 248;
  content.rows.forEach((row, index) => {
    const top = rowTop + index * rowGap;
    const icon = rowDiscs[index];
    if (icon) ctx.drawImage(icon, 72, top, 112, 112);
    ctx.fillStyle = INK_2;
    ctx.font = `400 22px ${MONO}`;
    ctx.fillText(`${row.body.toUpperCase()} \xB7 ${row.role.toUpperCase()}`, 220, top + 13);
    ctx.fillStyle = INK_0;
    ctx.font = `500 44px ${SERIF}`;
    ctx.fillText(row.sign, 220, top + 64, W2 - 300);
    ctx.fillStyle = INK_2;
    ctx.font = `400 28px ${SERIF}`;
    drawWrappedText(ctx, row.reading, 220, top + 116, W2 - 292, 35, 2);
    ctx.strokeStyle = HAIR;
    ctx.beginPath();
    ctx.moveTo(72, top + 214.5);
    ctx.lineTo(W2 - 72, top + 214.5);
    ctx.stroke();
  });
  let cursor = rowTop + content.rows.length * rowGap;
  if (content.avoid) {
    const avoid = content.avoid;
    if (typeof ctx.roundRect === "function") {
      ctx.fillStyle = "rgba(198, 204, 218, 0.035)";
      ctx.strokeStyle = HAIR;
      ctx.beginPath();
      ctx.roundRect(72.5, cursor - 8.5, W2 - 145, 158, 18);
      ctx.fill();
      ctx.stroke();
    }
    if (avoidDisc) ctx.drawImage(avoidDisc, 92, cursor + 17, 92, 92);
    ctx.fillStyle = INK_2;
    ctx.font = `400 21px ${MONO}`;
    ctx.fillText(`${avoid.body.toUpperCase()} \xB7 ${avoid.role.toUpperCase()} \xB7 ${avoid.sign.toUpperCase()}`, 218, cursor + 18);
    ctx.font = `400 27px ${SERIF}`;
    drawWrappedText(ctx, avoid.reading, 218, cursor + 65, W2 - 306, 33, 2);
    cursor += 174;
  }
  ctx.fillStyle = INK_2;
  ctx.font = `400 20px ${MONO}`;
  content.notes.forEach((note, index) => {
    ctx.fillText(note, 72, cursor + index * 29);
  });
  ctx.fillStyle = INK_2;
  ctx.font = `400 24px ${MONO}`;
  ctx.fillText(content.receipt, 72, 1260);
  await drawPortraitShareBrand(ctx);
  const blob = await new Promise((resolve) => canvas.toBlob(resolve, "image/png"));
  if (!blob) throw new Error("png encode failed");
  return blob;
}
var SHEET_W = 1800;
var SHEET_H = 2400;
var CHART_SHEET_LAYOUT = Object.freeze({
  wheelX: 340,
  wheelY: 156,
  wheelSize: 1120,
  sectionTitleY: 1305,
  tableTop: 1375,
  tableRowHeight: 52,
  aspectGridX: 1020,
  aspectGridY: 1590,
  aspectCellSize: 66,
  footerY: 2310,
  brandIconSize: 88,
  brandGap: 0,
  brandFontSize: 44,
  brandWordmarkY: 104
});
var SHEET_BODIES = [
  "Sun",
  "Moon",
  "Mercury",
  "Venus",
  "Mars",
  "Jupiter",
  "Saturn",
  "Uranus",
  "Neptune",
  "Pluto"
];
var BODY_GLYPH = {
  Sun: "\u2609",
  Moon: "\u263D",
  Mercury: "\u263F",
  Venus: "\u2640",
  Mars: "\u2642",
  Jupiter: "\u2643",
  Saturn: "\u2644",
  Uranus: "\u2645",
  Neptune: "\u2646",
  Pluto: "\u2647",
  "North Node": "\u260A",
  "South Node": "\u260B"
};
var BODY_SHORT = {
  Sun: "Sun",
  Moon: "Moon",
  Mercury: "Merc",
  Venus: "Venus",
  Mars: "Mars",
  Jupiter: "Jup",
  Saturn: "Sat",
  Uranus: "Ura",
  Neptune: "Nep",
  Pluto: "Plu",
  "North Node": "T.Node",
  "South Node": "S.Node"
};
var ASPECT_GLYPH2 = {
  conjunction: "\u260C",
  sextile: "\u26B9",
  square: "\u25A1",
  trine: "\u25B3",
  opposition: "\u260D"
};
function chartPreviewPlacement(longitude2) {
  const normalized = (longitude2 % 360 + 360) % 360;
  const totalMinutes = Math.round(normalized * 60) % (360 * 60);
  const signIndex = Math.floor(totalMinutes / (30 * 60));
  const withinSign = totalMinutes % (30 * 60);
  return {
    longitude: totalMinutes / 60,
    signIndex,
    signSlug: SIGNS[signIndex].slug,
    signGlyph: SIGNS[signIndex].glyph,
    degree: Math.floor(withinSign / 60),
    minute: withinSign % 60
  };
}
function chartSheetSettings(chart) {
  const houses = chart.houses ? `${chart.houses.system === "whole" ? "Whole sign" : "Placidus"} houses` : "No houses";
  const reference = chart.input?.timeKnown === false ? "12:00 reference \xB7 " : "";
  return `${reference}Apparent geocentric \xB7 Tropical of date \xB7 ${houses} \xB7 True Node`;
}
var CHART_SHEET_ASPECT_SCOPE = "Major aspects \xB7 Sun\u2013Pluto \xB7 Nodes & angles excluded";
var CHART_SHEET_ASPECT_LEGEND = "Orb \xB7 A applying \xB7 S separating";
function chartSheetOrbLimits() {
  const limits = new Map(ASPECTS2.map((aspect) => [aspect.type, aspect]));
  const pair = (type) => {
    const aspect = limits.get(type);
    return `${ASPECT_GLYPH2[type]} ${aspect.orbLuminary}/${aspect.orb}`;
  };
  return [
    `Max orb (lum./other) \xB7 ${pair("conjunction")} \xB7 ${pair("sextile")} \xB7 ${pair("square")}`,
    `${pair("trine")} \xB7 ${pair("opposition")}`
  ];
}
function uniquePlace(details) {
  return [details.city, details.admin1, details.country].map((part) => part?.trim()).filter((part, index, parts) => Boolean(part) && parts.indexOf(part) === index).join(", ");
}
function coordinate(value, positive, negative) {
  if (value == null || !Number.isFinite(value)) return null;
  return `${Math.abs(value).toFixed(4)}\xB0${value < 0 ? negative : positive}`;
}
function utcReceipt(utc) {
  const iso = utc.toISOString();
  return `${iso.slice(0, 10)} ${iso.slice(11, utc.getUTCSeconds() ? 19 : 16)} UTC`;
}
function chartFlagReceipt(chart) {
  const notes = [
    chart.flags.includes("dst-gap") ? "DST gap adjusted forward" : null,
    chart.flags.includes("dst-fold") ? "DST fold \xB7 earlier occurrence used" : null,
    chart.flags.includes("lmt") ? "Historical local mean time" : null,
    chart.flags.includes("polar-fallback") ? "Polar fallback \xB7 whole sign houses used" : null
  ].filter(Boolean);
  return notes.length ? notes.join(" \xB7 ") : null;
}
function chartSheetProvenanceLines(chart, details, hideBirthDetails = true) {
  if (hideBirthDetails || !details) return ["Birth details hidden"];
  const latitude = coordinate(chart.input.latitude, "N", "S");
  const longitude2 = coordinate(chart.input.longitude, "E", "W");
  const coordinates = [latitude, longitude2].filter(Boolean).join(" \xB7 ");
  const timeLine = details.timeKnown ? `${details.date} \xB7 ${details.time} local` : `${details.date} \xB7 Birth time unknown \xB7 12:00 local reference`;
  const utcLabel = details.timeKnown ? "Resolved UTC" : "Reference UTC";
  return [
    timeLine,
    uniquePlace(details),
    [coordinates, details.timezone].filter(Boolean).join(" \xB7 "),
    `${utcLabel} \xB7 ${utcReceipt(chart.input.utc)}`,
    chartFlagReceipt(chart)
  ].filter((line) => Boolean(line));
}
function chartSheetAspectOrb(orb, applying) {
  const totalMinutes = Math.round(Math.max(0, orb) * 60);
  return `${Math.floor(totalMinutes / 60)}\xB0${String(totalMinutes % 60).padStart(2, "0")}\u2032${applying ? "A" : "S"}`;
}
function sheetPositionText(longitude2, locale) {
  const value = chartPreviewPlacement(longitude2);
  return `${signName(SIGNS[value.signIndex], locale)} ${String(value.degree).padStart(2, "0")}\xB0${String(value.minute).padStart(2, "0")}\u2032`;
}
function drawSheetLabel(ctx, body, x3, y4, compact = false) {
  const glyph = body === "ASC" ? "A" : body === "MC" ? "M" : body === "DSC" ? "D" : body === "IC" ? "I" : BODY_GLYPH[body];
  const short = ["ASC", "MC", "DSC", "IC"].includes(body) ? body : BODY_SHORT[body];
  ctx.fillStyle = INK_0;
  ctx.font = `500 ${compact ? 29 : 32}px ${SERIF}`;
  ctx.fillText(glyph, x3, y4);
  ctx.fillStyle = INK_2;
  ctx.font = `400 ${compact ? 20 : 23}px ${MONO}`;
  ctx.fillText(short, x3 + (compact ? 38 : 44), y4);
}
async function drawChartSheet(chart, options = {}) {
  const locale = options.locale ?? "en";
  await document.fonts.ready;
  await Promise.all([
    document.fonts.load(`500 40px ${SERIF}`),
    document.fonts.load(`italic 400 32px ${SERIF}`),
    document.fonts.load(`400 27px ${MONO}`)
  ]).catch(() => {
  });
  const wheel = await wheelSvgString(chart, true).then(loadSvg);
  const canvas = document.createElement("canvas");
  canvas.width = SHEET_W;
  canvas.height = SHEET_H;
  const ctx = canvas.getContext("2d");
  if (!ctx) throw new Error("canvas unavailable");
  ctx.fillStyle = BG;
  ctx.fillRect(0, 0, SHEET_W, SHEET_H);
  ctx.strokeStyle = HAIR;
  ctx.lineWidth = 2;
  if (typeof ctx.roundRect === "function") {
    ctx.beginPath();
    ctx.roundRect(38, 38, SHEET_W - 76, SHEET_H - 76, 30);
    ctx.stroke();
  }
  await withShareBrandIcon((brandIcon) => {
    drawShareBrandLockup(ctx, brandIcon, {
      wordmarkX: SHEET_W - 92,
      centerY: CHART_SHEET_LAYOUT.brandWordmarkY,
      iconSize: CHART_SHEET_LAYOUT.brandIconSize,
      fontSize: CHART_SHEET_LAYOUT.brandFontSize,
      gap: CHART_SHEET_LAYOUT.brandGap,
      serif: SERIF
    });
  });
  ctx.textAlign = "left";
  ctx.fillStyle = INK_0;
  ctx.font = `500 40px ${SERIF}`;
  ctx.fillText("Birth chart", 92, 104);
  ctx.fillStyle = INK_2;
  ctx.font = `400 23px ${MONO}`;
  let provenanceY = 158;
  chartSheetProvenanceLines(chart, options.birthDetails, options.hideBirthDetails !== false).forEach((receiptLine) => {
    const lines = wrappedLines(ctx, receiptLine, 500, 2);
    lines.forEach((line) => {
      ctx.fillText(line, 92, provenanceY);
      provenanceY += 30;
    });
  });
  ctx.drawImage(
    wheel,
    CHART_SHEET_LAYOUT.wheelX,
    CHART_SHEET_LAYOUT.wheelY,
    CHART_SHEET_LAYOUT.wheelSize,
    CHART_SHEET_LAYOUT.wheelSize
  );
  const rows2 = chart.bodies.map((body) => ({
    body: body.body,
    lon: body.lon,
    retrograde: body.retrograde
  }));
  if (chart.angles) {
    rows2.push(
      { body: "ASC", lon: chart.angles.asc },
      { body: "DSC", lon: chart.angles.dsc },
      { body: "MC", lon: chart.angles.mc },
      { body: "IC", lon: chart.angles.ic }
    );
  }
  const tableX = 92;
  const tableTop = CHART_SHEET_LAYOUT.tableTop;
  const rowHeight = CHART_SHEET_LAYOUT.tableRowHeight;
  ctx.textAlign = "left";
  ctx.fillStyle = INK_2;
  ctx.font = `italic 400 32px ${SERIF}`;
  ctx.fillText("Positions", tableX, CHART_SHEET_LAYOUT.sectionTitleY);
  rows2.forEach((row, index) => {
    const y4 = tableTop + index * rowHeight;
    drawSheetLabel(ctx, row.body, tableX, y4);
    ctx.fillStyle = INK_0;
    ctx.font = `400 27px ${MONO}`;
    const uncertainMoon = row.body === "Moon" && moonIsUncertain(chart);
    ctx.fillText(uncertainMoon ? moonLabel(chart, locale) : sheetPositionText(row.lon, locale), tableX + 168, y4, 580);
    if (chart.houses) {
      ctx.fillStyle = INK_2;
      ctx.font = `400 24px ${MONO}`;
      ctx.fillText(`H${houseOf2(row.lon, chart.houses.cusps)}`, tableX + 650, y4);
    }
    if (row.retrograde) {
      ctx.fillStyle = "rgba(224,176,128,0.9)";
      ctx.font = `400 20px ${MONO}`;
      ctx.fillText("Rx", tableX + 740, y4);
    }
    ctx.strokeStyle = HAIR;
    ctx.beginPath();
    ctx.moveTo(tableX, y4 + 25);
    ctx.lineTo(860, y4 + 25);
    ctx.stroke();
  });
  const gridX = CHART_SHEET_LAYOUT.aspectGridX;
  const gridY = CHART_SHEET_LAYOUT.aspectGridY;
  const cell = CHART_SHEET_LAYOUT.aspectCellSize;
  const byPair = new Map(chart.aspects.map((aspect) => {
    const key = [aspect.a, aspect.b].sort().join("|");
    return [key, aspect];
  }));
  ctx.textAlign = "left";
  ctx.fillStyle = INK_2;
  ctx.font = `italic 400 32px ${SERIF}`;
  ctx.fillText("Aspect grid", gridX, CHART_SHEET_LAYOUT.sectionTitleY);
  ctx.font = `400 20px ${MONO}`;
  ctx.fillText(CHART_SHEET_ASPECT_SCOPE, gridX, 1350);
  ctx.font = `400 17px ${MONO}`;
  ctx.fillText(CHART_SHEET_ASPECT_LEGEND, gridX, 1382);
  chartSheetOrbLimits().forEach((line, index) => {
    ctx.fillText(line, gridX, 1412 + index * 28);
  });
  SHEET_BODIES.forEach((body, index) => {
    ctx.save();
    ctx.translate(gridX + index * cell + 35, gridY - 22);
    ctx.rotate(-Math.PI / 2);
    drawSheetLabel(ctx, body, 0, 0, true);
    ctx.restore();
    drawSheetLabel(ctx, body, gridX - 132, gridY + index * cell + cell / 2, true);
  });
  for (let row = 0; row < SHEET_BODIES.length; row += 1) {
    for (let column = 0; column < SHEET_BODIES.length; column += 1) {
      const x3 = gridX + column * cell;
      const y4 = gridY + row * cell;
      ctx.strokeStyle = HAIR;
      ctx.strokeRect(x3, y4, cell, cell);
      if (column >= row) continue;
      const aspect = byPair.get([SHEET_BODIES[row], SHEET_BODIES[column]].sort().join("|"));
      if (!aspect) continue;
      ctx.textAlign = "center";
      ctx.fillStyle = INK_0;
      ctx.font = `400 26px ${SERIF}`;
      ctx.fillText(ASPECT_GLYPH2[aspect.type], x3 + cell / 2, y4 + 21);
      ctx.fillStyle = INK_2;
      ctx.font = `400 14px ${MONO}`;
      ctx.fillText(chartSheetAspectOrb(aspect.orb, aspect.applying), x3 + cell / 2, y4 + 48);
    }
  }
  if (options.moonAmbiguous || moonIsUncertain(chart)) {
    ctx.textAlign = "left";
    ctx.fillStyle = INK_2;
    ctx.font = `400 18px ${MONO}`;
    ctx.fillText(`${shareCardText(locale, "moon")}: ${moonLabel(chart, locale)} \xB7 ${t(locale, "needsBirthTime")}`, 92, 2278, 1180);
  }
  ctx.textAlign = "left";
  ctx.fillStyle = INK_2;
  ctx.font = `400 22px ${MONO}`;
  ctx.fillText(chartSheetSettings(chart), 92, CHART_SHEET_LAYOUT.footerY, 1260);
  ctx.textAlign = "right";
  ctx.fillText(`Engine ${chart.engineVersion}`, SHEET_W - 92, CHART_SHEET_LAYOUT.footerY);
  const blob = await new Promise((resolve) => canvas.toBlob(resolve, "image/png"));
  if (!blob) throw new Error("png encode failed");
  return blob;
}
async function drawPlacementCard(chart, placement, options = {}) {
  if (options.moonAmbiguous && chart.moonSignCandidates === void 0) chart = { ...chart, moonSignCandidates: [] };
  const locale = options.locale ?? "en";
  const timeNotes = shareCardTimeNotes(locale, options);
  const source = placement === "moon" ? chart.bodies.find((body) => body.body === "Moon")?.lon : chart.angles?.asc;
  if (source == null) throw new Error(`chart missing ${placement}`);
  const sign = signForLongitude(source);
  const uncertainMoon = placement === "moon" && moonIsUncertain(chart);
  await document.fonts.ready;
  const disc = await loadDisc(uncertainMoon ? "" : sign.slug);
  const canvas = document.createElement("canvas");
  canvas.width = W2;
  canvas.height = H3;
  const ctx = canvas.getContext("2d");
  if (!ctx) throw new Error("canvas unavailable");
  ctx.fillStyle = BG;
  ctx.fillRect(0, 0, W2, H3);
  if (typeof ctx.roundRect === "function") {
    ctx.strokeStyle = HAIR;
    ctx.beginPath();
    ctx.roundRect(28.5, 28.5, W2 - 57, H3 - 57, 26);
    ctx.stroke();
  }
  if (disc) ctx.drawImage(disc, (W2 - 300) / 2, 270, 300, 300);
  ctx.textAlign = "center";
  ctx.textBaseline = "middle";
  ctx.fillStyle = INK_2;
  ctx.font = `italic 400 34px ${SERIF}`;
  ctx.fillText(shareCardText(locale, placement), W2 / 2, 150);
  ctx.fillStyle = INK_0;
  ctx.font = `500 76px ${SERIF}`;
  ctx.fillText(uncertainMoon ? moonLabel(chart, locale) : signName(sign, locale), W2 / 2, 690, W2 - 140);
  ctx.fillStyle = INK_2;
  ctx.font = `400 30px ${MONO}`;
  ctx.fillText(uncertainMoon ? t(locale, "needsBirthTime") : `${degreeInSign(source).toFixed(1)}\xB0`, W2 / 2, 770, W2 - 140);
  ctx.font = `400 28px ${SERIF}`;
  ctx.fillText(shareCardText(locale, placement === "moon" ? "moonDescriptor" : "risingDescriptor"), W2 / 2, 850);
  ctx.font = `400 20px ${MONO}`;
  timeNotes.forEach((note, index) => ctx.fillText(note, W2 / 2, 1090 + index * 34));
  ctx.font = `400 24px ${MONO}`;
  ctx.fillText(shareCardFormat(locale, "engineReceipt", { version: chart.engineVersion }), W2 / 2, 1238);
  await drawPortraitShareBrand(ctx);
  const blob = await new Promise((resolve) => canvas.toBlob(resolve, "image/png"));
  if (!blob) throw new Error("png encode failed");
  return blob;
}
async function drawCard(chart, options = {}) {
  if (options.moonAmbiguous && chart.moonSignCandidates === void 0) chart = { ...chart, moonSignCandidates: [] };
  if (options.variant === "sheet") return drawChartSheet(chart, options);
  if (options.variant === "big-three") return drawBigThreeCard(chart, options);
  if (options.variant === "communication") return drawCommunicationCard(chart, options);
  if (options.variant === "signature") return drawSignatureCard(chart, options);
  if (options.variant === "approach") return drawApproachCard(chart, options);
  return drawFullChartCard(chart, options);
}
async function prepareBigThreeCard(chart, locale = "en", options = {}) {
  return {
    blob: await drawBigThreeCard(chart, { ...options, variant: "big-three", locale }),
    filename: chartCardFilename({ variant: "big-three", locale })
  };
}
async function preparePlacementCard(chart, placement, locale = "en", options = {}) {
  return {
    blob: await drawPlacementCard(chart, placement, { ...options, locale }),
    filename: placement === "moon" ? "zodiacs-moon-sign.png" : "zodiacs-rising-sign.png"
  };
}
async function prepareChartSheet(chart, options = {}) {
  if (options.moonAmbiguous && chart.moonSignCandidates === void 0) chart = { ...chart, moonSignCandidates: [] };
  const sheetOptions = { ...options, variant: "sheet" };
  return {
    blob: await drawChartSheet(chart, sheetOptions),
    filename: chartCardFilename(sheetOptions)
  };
}
async function prepareChartCard(chart, options = {}) {
  return {
    blob: await drawCard(chart, options),
    filename: chartCardFilename(options)
  };
}
function savePreparedChartCard(prepared) {
  return savePngBlob(prepared.blob, prepared.filename);
}
function downloadPreparedChartCard(prepared) {
  const url = URL.createObjectURL(prepared.blob);
  const a4 = document.createElement("a");
  a4.href = url;
  a4.download = prepared.filename;
  try {
    document.body.appendChild(a4);
    a4.click();
  } finally {
    a4.remove();
    setTimeout(() => URL.revokeObjectURL(url), 0);
  }
  return "downloaded";
}
async function savePngBlob(blob, filename) {
  const file = new File([blob], filename, { type: "image/png" });
  try {
    if (navigator.canShare?.({ files: [file] })) {
      await navigator.share({ files: [file] });
      return "shared";
    }
  } catch (err) {
    if (err?.name === "AbortError") return "cancelled";
  }
  return downloadPreparedChartCard({ blob, filename: file.name });
}

// site/src/lib/share-card-pastel-icons.ts
var ICON_PATH_RE = /\/assets\/zodiac-icons\/128\/([a-z-]+)\.webp(?:[?#].*)?$/u;
var EXPECTED_SLUGS = new Set(SIGNS.map((sign) => sign.slug));
var iconDataUris = /* @__PURE__ */ new Map();
var ready = null;
var installed = false;
async function blobToDataUri(blob) {
  const bytes = new Uint8Array(await blob.arrayBuffer());
  let binary = "";
  for (const byte of bytes) binary += String.fromCharCode(byte);
  return `data:${blob.type || "image/webp"};base64,${btoa(binary)}`;
}
async function loadIcon(slug) {
  const response = await fetch(`/assets/zodiac-icons/128/${slug}.webp`, {
    credentials: "same-origin",
    cache: "force-cache"
  });
  if (!response.ok) throw new Error(`Pastel zodiac icon unavailable: ${slug}`);
  return [slug, await blobToDataUri(await response.blob())];
}
function installEmbeddingHook() {
  if (installed) return;
  if (typeof Element === "undefined" || typeof SVGElement === "undefined") {
    throw new Error("Pastel zodiac icon embedding requires a browser DOM.");
  }
  const originalReplaceWith = Element.prototype.replaceWith;
  Element.prototype.replaceWith = function replaceWithPastelZodiacIcon(...nodes) {
    const href = this.tagName.toLowerCase() === "image" ? this.getAttribute("href") ?? this.getAttribute("xlink:href") : null;
    const slug = href?.match(ICON_PATH_RE)?.[1];
    const replacement = nodes.length === 1 ? nodes[0] : null;
    const isGlyphReplacement = replacement instanceof SVGElement && replacement.tagName.toLowerCase() === "text";
    const dataUri = slug && EXPECTED_SLUGS.has(slug) ? iconDataUris.get(slug) : null;
    if (dataUri && isGlyphReplacement) {
      this.setAttribute("href", dataUri);
      this.removeAttribute("xlink:href");
      this.setAttribute("data-pastel-zodiac-icon", slug);
      return;
    }
    originalReplaceWith.call(this, ...nodes);
  };
  installed = true;
}
function ensurePastelZodiacIconEmbedding() {
  if (ready) return ready;
  ready = Promise.all(SIGNS.map((sign) => loadIcon(sign.slug))).then((entries) => {
    iconDataUris.clear();
    for (const [slug, dataUri] of entries) iconDataUris.set(slug, dataUri);
    installEmbeddingHook();
  }).catch((error) => {
    ready = null;
    throw error;
  });
  return ready;
}

// site/src/islands/CopyLinkButton.tsx
function CopyLinkButton({
  url,
  state,
  onStateChange,
  idleLabel,
  copiedLabel,
  ariaLabel,
  buttonClass,
  dataHook,
  onCopied,
  children
}) {
  async function copy() {
    try {
      await navigator.clipboard.writeText(url);
      onStateChange("copied");
      onCopied?.();
    } catch {
      onStateChange("manual");
    }
  }
  return /* @__PURE__ */ u4(S, { children: [
    /* @__PURE__ */ u4("div", { class: "calc__actions", children: /* @__PURE__ */ u4(
      "button",
      {
        class: buttonClass,
        type: "button",
        onClick: copy,
        "data-share-link": dataHook === "share" ? true : void 0,
        "data-invite-link": dataHook === "invite" ? true : void 0,
        "data-positions-link": dataHook === "positions" ? true : void 0,
        "data-preview-link": dataHook === "preview" ? true : void 0,
        "data-details-link": dataHook === "details" ? true : void 0,
        children: [
          /* @__PURE__ */ u4("span", { children: state === "copied" ? copiedLabel : idleLabel }),
          /* @__PURE__ */ u4("span", { class: "orb", children: state === "copied" ? "\u2713" : "\u29C9" })
        ]
      }
    ) }),
    state === "manual" && /* @__PURE__ */ u4(
      "input",
      {
        class: "field__input calc__share-url",
        type: "text",
        readOnly: true,
        value: url,
        "aria-label": ariaLabel,
        onFocus: (e3) => e3.target.select()
      }
    ),
    children
  ] });
}

// site/src/islands/PositionsShareSurface.tsx
init_analytics();

// site/src/lib/share-positions-reading.ts
var scoreAspect = (aspect) => aspect.orb - (aspect.a === "Sun" || aspect.a === "Moon" || aspect.b === "Sun" || aspect.b === "Moon" ? 1.5 : 0);
function positionsReading(chart) {
  const aspectBodies = chart.bodies.filter((body) => ASPECT_BODIES.has(body.body));
  const aspects = [];
  for (let i4 = 0; i4 < aspectBodies.length; i4 += 1) {
    for (let j3 = i4 + 1; j3 < aspectBodies.length; j3 += 1) {
      const a4 = aspectBodies[i4];
      const b3 = aspectBodies[j3];
      const match = matchAspect2(a4.body, a4.lon, b3.body, b3.lon);
      if (match) aspects.push({ a: a4.body, b: b3.body, type: match.def.type, orb: match.orb });
    }
  }
  const cusps = chart.angles ? wholeSignCusps(chart.angles.asc) : null;
  const houses = /* @__PURE__ */ new Map();
  if (cusps) {
    for (const body of chart.bodies) houses.set(body.body, houseOf2(body.lon, cusps));
    houses.set("ASC", houseOf2(chart.angles.asc, cusps));
    houses.set("MC", houseOf2(chart.angles.mc, cusps));
  }
  return {
    cusps,
    houses,
    aspects,
    topAspects: aspects.filter((aspect) => !moonIsUncertain(chart) || aspect.a !== "Moon" && aspect.b !== "Moon").sort((a4, b3) => scoreAspect(a4) - scoreAspect(b3)).slice(0, 4),
    reconstructedWholeSign: chart.angles !== null
  };
}

// site/src/islands/SignChip.tsx
function SignChip({ lon, locale: rawLocale = "en" }) {
  const locale = normalizeCatalogLocale(rawLocale);
  const s4 = signForLongitude(lon);
  return /* @__PURE__ */ u4("a", { class: "chip", href: localizePath(locale, `/${s4.slug}/`), style: `--sign:${s4.hue}`, children: [
    /* @__PURE__ */ u4("picture", { class: "chip__icon", children: [
      /* @__PURE__ */ u4("source", { srcset: `/assets/zodiac-icons/48/${s4.slug}.avif`, type: "image/avif" }),
      /* @__PURE__ */ u4("img", { src: `/assets/zodiac-icons/48/${s4.slug}.webp`, width: "18", height: "18", alt: "", loading: "lazy", decoding: "async" })
    ] }),
    signName(s4, locale)
  ] });
}

// site/src/islands/PositionsShareSurface.tsx
var SHARE_POSITIONS_EN = {
  shareOptionsTitle: "Share this chart",
  closeShare: "Close sharing options",
  hideBirthDetails: "Hide birth details",
  copyPositionsLink: "Copy positions-only link",
  positionsShareNote: "The link omits your birth date, time, and place; the chart sheet replaces that receipt with calculation settings. Planetary positions can still be identifying; this is not anonymous.",
  positionsOnlyTitle: "Shared chart positions",
  positionsOnlyNotice: "Positions only \u2014 birth details not included.",
  positionsOnlyPrivacy: "This link omits the birth date, time, and place. Planetary positions can still be identifying; it is not anonymous.",
  reconstructedHouses: "Houses are reconstructed as whole sign from the shared Ascendant. The original house calculation cannot be rebuilt from positions alone.",
  sharedAspects: "Major aspects",
  positionsLinkInvalid: "That positions-only link is invalid or incomplete.",
  shareLinkAmbiguous: "This link contains two chart formats, so neither one was opened.",
  positionsShareUnavailable: "Couldn't create a positions-only link for this chart.",
  preparingImage: "Preparing image\u2026",
  shareThisImage: "Share this image",
  moreWaysToShare: "More ways to share",
  chartImagePrivacy: "The image includes chart positions and calculation settings, but not a name, birth date, time, place, coordinates, or chart link.",
  chartImagePrivacyDetails: "This image includes the birth date, local time, place, coordinates, time zone, and resolved UTC. It does not include a name or chart link.",
  moonCardTitle: "Moon sign card",
  risingCardTitle: "Rising sign card",
  moonCardAction: "Share my Moon sign",
  risingCardAction: "Share my Rising sign"
};
var SHARE_COPY = {
  en: SHARE_POSITIONS_EN,
  es: {
    shareOptionsTitle: "Compartir esta carta",
    closeShare: "Cerrar opciones para compartir",
    hideBirthDetails: "Ocultar datos de nacimiento",
    copyPositionsLink: "Copiar enlace solo con posiciones",
    positionsShareNote: "El enlace omite tu fecha, hora y lugar de nacimiento; la hoja de la carta reemplaza esos datos con los ajustes de c\xE1lculo. Las posiciones planetarias a\xFAn pueden identificarte; no es an\xF3nimo.",
    positionsOnlyTitle: "Posiciones compartidas de la carta",
    positionsOnlyNotice: "Solo posiciones \u2014 no se incluyen datos de nacimiento.",
    positionsOnlyPrivacy: "Este c\xF3digo omite la fecha, hora y lugar de nacimiento. Las posiciones planetarias a\xFAn pueden identificarte; no es an\xF3nimo.",
    reconstructedHouses: "Las casas se reconstruyen por signo entero desde el Ascendente compartido. El c\xE1lculo original no puede reconstruirse solo con las posiciones.",
    sharedAspects: "Aspectos mayores",
    positionsLinkInvalid: "Ese enlace solo con posiciones no es v\xE1lido o est\xE1 incompleto.",
    shareLinkAmbiguous: "Este enlace contiene dos formatos de carta, por lo que no se abri\xF3 ninguno.",
    positionsShareUnavailable: "No se pudo crear un enlace solo con posiciones para esta carta.",
    preparingImage: "Preparando imagen\u2026",
    shareThisImage: "Compartir esta imagen",
    moreWaysToShare: "M\xE1s formas de compartir",
    chartImagePrivacy: "La imagen incluye las posiciones de la carta y los ajustes de c\xE1lculo, pero no el nombre, la fecha, la hora ni el lugar de nacimiento, las coordenadas o un enlace a la carta.",
    chartImagePrivacyDetails: "Esta imagen incluye la fecha, la hora local, el lugar, las coordenadas, la zona horaria y la hora UTC calculada. No incluye el nombre ni un enlace a la carta.",
    moonCardTitle: "Tarjeta del signo lunar",
    risingCardTitle: "Tarjeta del ascendente",
    moonCardAction: "Compartir mi signo lunar",
    risingCardAction: "Compartir mi ascendente"
  },
  pt: {
    shareOptionsTitle: "Compartilhar este mapa",
    closeShare: "Fechar op\xE7\xF5es de compartilhamento",
    hideBirthDetails: "Ocultar dados de nascimento",
    copyPositionsLink: "Copiar link apenas com posi\xE7\xF5es",
    positionsShareNote: "O link omite sua data, hora e local de nascimento; a folha do mapa substitui esses dados pelas configura\xE7\xF5es de c\xE1lculo. As posi\xE7\xF5es planet\xE1rias ainda podem identificar voc\xEA; isso n\xE3o \xE9 an\xF4nimo.",
    positionsOnlyTitle: "Posi\xE7\xF5es compartilhadas do mapa",
    positionsOnlyNotice: "Apenas posi\xE7\xF5es \u2014 os dados de nascimento n\xE3o est\xE3o inclu\xEDdos.",
    positionsOnlyPrivacy: "Este c\xF3digo omite a data, a hora e o local de nascimento. As posi\xE7\xF5es planet\xE1rias ainda podem identificar voc\xEA; isto n\xE3o \xE9 an\xF4nimo.",
    reconstructedHouses: "As casas s\xE3o reconstru\xEDdas por signo inteiro a partir do Ascendente compartilhado. O c\xE1lculo original n\xE3o pode ser refeito apenas com as posi\xE7\xF5es.",
    sharedAspects: "Aspectos principais",
    positionsLinkInvalid: "Esse link apenas com posi\xE7\xF5es \xE9 inv\xE1lido ou est\xE1 incompleto.",
    shareLinkAmbiguous: "Este link cont\xE9m dois formatos de mapa, por isso nenhum deles foi aberto.",
    positionsShareUnavailable: "N\xE3o foi poss\xEDvel criar um link apenas com posi\xE7\xF5es para este mapa.",
    preparingImage: "Preparando imagem\u2026",
    shareThisImage: "Compartilhar esta imagem",
    moreWaysToShare: "Mais formas de compartilhar",
    chartImagePrivacy: "A imagem inclui as posi\xE7\xF5es do mapa e as configura\xE7\xF5es de c\xE1lculo, mas n\xE3o inclui nome, data, hora ou local de nascimento, coordenadas nem link do mapa.",
    chartImagePrivacyDetails: "Esta imagem inclui a data, a hora local, o local, as coordenadas, o fuso hor\xE1rio e o UTC calculado. N\xE3o inclui nome nem link do mapa.",
    moonCardTitle: "Cart\xE3o do signo lunar",
    risingCardTitle: "Cart\xE3o do ascendente",
    moonCardAction: "Compartilhar meu signo lunar",
    risingCardAction: "Compartilhar meu ascendente"
  },
  fr: {
    shareOptionsTitle: "Partager ce th\xE8me",
    closeShare: "Fermer les options de partage",
    hideBirthDetails: "Masquer les donn\xE9es de naissance",
    copyPositionsLink: "Copier le lien avec les positions uniquement",
    positionsShareNote: "Le lien omet ta date, ton heure et ton lieu de naissance\xA0; la feuille du th\xE8me remplace ces donn\xE9es par les r\xE9glages de calcul. Les positions plan\xE9taires peuvent tout de m\xEAme permettre de t\u2019identifier\xA0: ce partage n\u2019est pas anonyme.",
    positionsOnlyTitle: "Positions partag\xE9es du th\xE8me",
    positionsOnlyNotice: "Positions uniquement \u2014 donn\xE9es de naissance non incluses.",
    positionsOnlyPrivacy: "Ce code omet la date, l\u2019heure et le lieu de naissance. Les positions plan\xE9taires peuvent tout de m\xEAme permettre de t\u2019identifier\xA0: ce partage n\u2019est pas anonyme.",
    reconstructedHouses: "Les maisons sont reconstruites en signes entiers \xE0 partir de l\u2019Ascendant partag\xE9. Le calcul d\u2019origine ne peut pas \xEAtre retrouv\xE9 \xE0 partir des seules positions.",
    sharedAspects: "Aspects majeurs",
    positionsLinkInvalid: "Ce lien avec les positions uniquement est incorrect ou incomplet.",
    shareLinkAmbiguous: "Ce lien contient deux formats de th\xE8me\xA0: aucun des deux n\u2019a donc \xE9t\xE9 ouvert.",
    positionsShareUnavailable: "Impossible de cr\xE9er un lien avec les positions uniquement pour ce th\xE8me.",
    preparingImage: "Pr\xE9paration de l\u2019image\u2026",
    shareThisImage: "Partager cette image",
    moreWaysToShare: "Autres fa\xE7ons de partager",
    chartImagePrivacy: "L\u2019image inclut les positions du th\xE8me et les r\xE9glages de calcul, mais aucun nom, date, heure ou lieu de naissance, coordonn\xE9es ou lien vers le th\xE8me.",
    chartImagePrivacyDetails: "Cette image inclut la date, l\u2019heure locale, le lieu, les coordonn\xE9es, le fuseau horaire et l\u2019UTC calcul\xE9. Elle n\u2019inclut ni nom ni lien vers le th\xE8me.",
    moonCardTitle: "Carte du signe lunaire",
    risingCardTitle: "Carte de l\u2019Ascendant",
    moonCardAction: "Partager mon signe lunaire",
    risingCardAction: "Partager mon Ascendant"
  },
  it: {
    shareOptionsTitle: "Condividi questo tema",
    closeShare: "Chiudi le opzioni di condivisione",
    hideBirthDetails: "Nascondi i dati di nascita",
    copyPositionsLink: "Copia il link con le sole posizioni",
    positionsShareNote: "Il link omette data, ora e luogo di nascita; il foglio del tema sostituisce questi dati con le impostazioni di calcolo. Le posizioni planetarie possono comunque identificarti: questa condivisione non \xE8 anonima.",
    positionsOnlyTitle: "Posizioni condivise del tema",
    positionsOnlyNotice: "Solo posizioni \u2014 dati di nascita non inclusi.",
    positionsOnlyPrivacy: "Questo codice omette data, ora e luogo di nascita. Le posizioni planetarie possono comunque identificarti: non \xE8 anonimo.",
    reconstructedHouses: "Le case sono ricostruite a segno intero dall\u2019Ascendente condiviso. Il calcolo originale non pu\xF2 essere ricavato dalle sole posizioni.",
    sharedAspects: "Aspetti maggiori",
    positionsLinkInvalid: "Questo link con le sole posizioni non \xE8 valido o \xE8 incompleto.",
    shareLinkAmbiguous: "Questo link contiene due formati diversi per il tema, quindi non ne \xE8 stato aperto nessuno.",
    positionsShareUnavailable: "Non \xE8 stato possibile creare un link con le sole posizioni per questo tema.",
    preparingImage: "Preparazione immagine\u2026",
    shareThisImage: "Condividi questa immagine",
    moreWaysToShare: "Altri modi per condividere",
    chartImagePrivacy: "L\u2019immagine include le posizioni del tema e le impostazioni di calcolo, ma non nome, data, ora o luogo di nascita, coordinate o link al tema.",
    chartImagePrivacyDetails: "Questa immagine include data, ora locale, luogo, coordinate, fuso orario e UTC calcolato. Non include nome n\xE9 un link al tema.",
    moonCardTitle: "Carta del segno lunare",
    risingCardTitle: "Carta dell\u2019Ascendente",
    moonCardAction: "Condividi il mio segno lunare",
    risingCardAction: "Condividi il mio Ascendente"
  },
  ru: {
    shareOptionsTitle: "\u041F\u043E\u0434\u0435\u043B\u0438\u0442\u044C\u0441\u044F \u044D\u0442\u043E\u0439 \u043A\u0430\u0440\u0442\u043E\u0439",
    closeShare: "\u0417\u0430\u043A\u0440\u044B\u0442\u044C \u0432\u0430\u0440\u0438\u0430\u043D\u0442\u044B \u043E\u0442\u043F\u0440\u0430\u0432\u043A\u0438",
    hideBirthDetails: "\u0421\u043A\u0440\u044B\u0442\u044C \u0434\u0430\u043D\u043D\u044B\u0435 \u0440\u043E\u0436\u0434\u0435\u043D\u0438\u044F",
    copyPositionsLink: "\u0421\u043A\u043E\u043F\u0438\u0440\u043E\u0432\u0430\u0442\u044C \u0441\u0441\u044B\u043B\u043A\u0443 \u0442\u043E\u043B\u044C\u043A\u043E \u0441 \u043F\u043E\u043B\u043E\u0436\u0435\u043D\u0438\u044F\u043C\u0438",
    positionsShareNote: "\u0412 \u0441\u0441\u044B\u043B\u043A\u0435 \u043D\u0435\u0442 \u0434\u0430\u0442\u044B, \u0432\u0440\u0435\u043C\u0435\u043D\u0438 \u0438 \u043C\u0435\u0441\u0442\u0430 \u0440\u043E\u0436\u0434\u0435\u043D\u0438\u044F; \u043D\u0430 \u043B\u0438\u0441\u0442\u0435 \u043A\u0430\u0440\u0442\u044B \u0432\u043C\u0435\u0441\u0442\u043E \u043D\u0438\u0445 \u0443\u043A\u0430\u0437\u0430\u043D\u044B \u043D\u0430\u0441\u0442\u0440\u043E\u0439\u043A\u0438 \u0440\u0430\u0441\u0447\u0451\u0442\u0430. \u041F\u043E\u043B\u043E\u0436\u0435\u043D\u0438\u044F \u043F\u043B\u0430\u043D\u0435\u0442 \u0432\u0441\u0451 \u0440\u0430\u0432\u043D\u043E \u043C\u043E\u0433\u0443\u0442 \u0432\u0430\u0441 \u0438\u0434\u0435\u043D\u0442\u0438\u0444\u0438\u0446\u0438\u0440\u043E\u0432\u0430\u0442\u044C \u2014 \u044D\u0442\u043E \u043D\u0435 \u0430\u043D\u043E\u043D\u0438\u043C\u043D\u0430\u044F \u0441\u0441\u044B\u043B\u043A\u0430.",
    positionsOnlyTitle: "\u041F\u043E\u043B\u043E\u0436\u0435\u043D\u0438\u044F \u0438\u0437 \u043F\u0440\u0438\u0441\u043B\u0430\u043D\u043D\u043E\u0439 \u043A\u0430\u0440\u0442\u044B",
    positionsOnlyNotice: "\u0422\u043E\u043B\u044C\u043A\u043E \u043F\u043E\u043B\u043E\u0436\u0435\u043D\u0438\u044F \u2014 \u0431\u0435\u0437 \u0434\u0430\u043D\u043D\u044B\u0445 \u0440\u043E\u0436\u0434\u0435\u043D\u0438\u044F.",
    positionsOnlyPrivacy: "\u0412 \u044D\u0442\u043E\u043C \u043A\u043E\u0434\u0435 \u043D\u0435\u0442 \u0434\u0430\u0442\u044B, \u0432\u0440\u0435\u043C\u0435\u043D\u0438 \u0438 \u043C\u0435\u0441\u0442\u0430 \u0440\u043E\u0436\u0434\u0435\u043D\u0438\u044F. \u041F\u043E\u043B\u043E\u0436\u0435\u043D\u0438\u044F \u043F\u043B\u0430\u043D\u0435\u0442 \u0432\u0441\u0451 \u0440\u0430\u0432\u043D\u043E \u043C\u043E\u0433\u0443\u0442 \u0432\u0430\u0441 \u0438\u0434\u0435\u043D\u0442\u0438\u0444\u0438\u0446\u0438\u0440\u043E\u0432\u0430\u0442\u044C; \u044D\u0442\u043E \u043D\u0435 \u0430\u043D\u043E\u043D\u0438\u043C\u043D\u043E.",
    reconstructedHouses: "\u0414\u043E\u043C\u0430 \u0432\u043E\u0441\u0441\u0442\u0430\u043D\u043E\u0432\u043B\u0435\u043D\u044B \u043A\u0430\u043A \u0446\u0435\u043B\u044B\u0435 \u0437\u043D\u0430\u043A\u0438 \u043E\u0442 \u043F\u0435\u0440\u0435\u0434\u0430\u043D\u043D\u043E\u0433\u043E \u0410\u0441\u0446\u0435\u043D\u0434\u0435\u043D\u0442\u0430. \u0418\u0441\u0445\u043E\u0434\u043D\u044B\u0439 \u0440\u0430\u0441\u0447\u0451\u0442 \u0434\u043E\u043C\u043E\u0432 \u043D\u0435\u043B\u044C\u0437\u044F \u0432\u043E\u0441\u0441\u0442\u0430\u043D\u043E\u0432\u0438\u0442\u044C \u0442\u043E\u043B\u044C\u043A\u043E \u043F\u043E \u043F\u043E\u043B\u043E\u0436\u0435\u043D\u0438\u044F\u043C.",
    sharedAspects: "\u041C\u0430\u0436\u043E\u0440\u043D\u044B\u0435 \u0430\u0441\u043F\u0435\u043A\u0442\u044B",
    positionsLinkInvalid: "\u0421\u0441\u044B\u043B\u043A\u0430 \u0442\u043E\u043B\u044C\u043A\u043E \u0441 \u043F\u043E\u043B\u043E\u0436\u0435\u043D\u0438\u044F\u043C\u0438 \u043D\u0435\u0434\u0435\u0439\u0441\u0442\u0432\u0438\u0442\u0435\u043B\u044C\u043D\u0430 \u0438\u043B\u0438 \u043D\u0435\u043F\u043E\u043B\u043D\u0430.",
    shareLinkAmbiguous: "\u0412 \u0441\u0441\u044B\u043B\u043A\u0435 \u0435\u0441\u0442\u044C \u0434\u0432\u0430 \u0444\u043E\u0440\u043C\u0430\u0442\u0430 \u043A\u0430\u0440\u0442\u044B, \u043F\u043E\u044D\u0442\u043E\u043C\u0443 \u043D\u0438 \u043E\u0434\u0438\u043D \u043D\u0435 \u0431\u044B\u043B \u043E\u0442\u043A\u0440\u044B\u0442.",
    positionsShareUnavailable: "\u041D\u0435 \u0443\u0434\u0430\u043B\u043E\u0441\u044C \u0441\u043E\u0437\u0434\u0430\u0442\u044C \u0441\u0441\u044B\u043B\u043A\u0443 \u0442\u043E\u043B\u044C\u043A\u043E \u0441 \u043F\u043E\u043B\u043E\u0436\u0435\u043D\u0438\u044F\u043C\u0438 \u0434\u043B\u044F \u044D\u0442\u043E\u0439 \u043A\u0430\u0440\u0442\u044B.",
    preparingImage: "\u0413\u043E\u0442\u043E\u0432\u0438\u043C \u0438\u0437\u043E\u0431\u0440\u0430\u0436\u0435\u043D\u0438\u0435\u2026",
    shareThisImage: "\u041F\u043E\u0434\u0435\u043B\u0438\u0442\u044C\u0441\u044F \u0438\u0437\u043E\u0431\u0440\u0430\u0436\u0435\u043D\u0438\u0435\u043C",
    moreWaysToShare: "\u0414\u0440\u0443\u0433\u0438\u0435 \u0441\u043F\u043E\u0441\u043E\u0431\u044B \u043F\u043E\u0434\u0435\u043B\u0438\u0442\u044C\u0441\u044F",
    chartImagePrivacy: "\u041D\u0430 \u0438\u0437\u043E\u0431\u0440\u0430\u0436\u0435\u043D\u0438\u0438 \u0435\u0441\u0442\u044C \u043F\u043E\u043B\u043E\u0436\u0435\u043D\u0438\u044F \u043A\u0430\u0440\u0442\u044B \u0438 \u043D\u0430\u0441\u0442\u0440\u043E\u0439\u043A\u0438 \u0440\u0430\u0441\u0447\u0451\u0442\u0430, \u043D\u043E \u043D\u0435\u0442 \u0438\u043C\u0435\u043D\u0438, \u0434\u0430\u0442\u044B, \u0432\u0440\u0435\u043C\u0435\u043D\u0438 \u0438 \u043C\u0435\u0441\u0442\u0430 \u0440\u043E\u0436\u0434\u0435\u043D\u0438\u044F, \u043A\u043E\u043E\u0440\u0434\u0438\u043D\u0430\u0442 \u0438\u043B\u0438 \u0441\u0441\u044B\u043B\u043A\u0438 \u043D\u0430 \u043A\u0430\u0440\u0442\u0443.",
    chartImagePrivacyDetails: "\u041D\u0430 \u044D\u0442\u043E\u043C \u0438\u0437\u043E\u0431\u0440\u0430\u0436\u0435\u043D\u0438\u0438 \u0435\u0441\u0442\u044C \u0434\u0430\u0442\u0430, \u043C\u0435\u0441\u0442\u043D\u043E\u0435 \u0432\u0440\u0435\u043C\u044F, \u043C\u0435\u0441\u0442\u043E, \u043A\u043E\u043E\u0440\u0434\u0438\u043D\u0430\u0442\u044B, \u0447\u0430\u0441\u043E\u0432\u043E\u0439 \u043F\u043E\u044F\u0441 \u0438 \u0440\u0430\u0441\u0441\u0447\u0438\u0442\u0430\u043D\u043D\u043E\u0435 UTC. \u0418\u043C\u044F \u0438 \u0441\u0441\u044B\u043B\u043A\u0430 \u043D\u0430 \u043A\u0430\u0440\u0442\u0443 \u043D\u0435 \u0432\u043A\u043B\u044E\u0447\u0435\u043D\u044B.",
    moonCardTitle: "\u041A\u0430\u0440\u0442\u043E\u0447\u043A\u0430 \u0437\u043D\u0430\u043A\u0430 \u041B\u0443\u043D\u044B",
    risingCardTitle: "\u041A\u0430\u0440\u0442\u043E\u0447\u043A\u0430 \u0430\u0441\u0446\u0435\u043D\u0434\u0435\u043D\u0442\u0430",
    moonCardAction: "\u041F\u043E\u0434\u0435\u043B\u0438\u0442\u044C\u0441\u044F \u0437\u043D\u0430\u043A\u043E\u043C \u041B\u0443\u043D\u044B",
    risingCardAction: "\u041F\u043E\u0434\u0435\u043B\u0438\u0442\u044C\u0441\u044F \u0430\u0441\u0446\u0435\u043D\u0434\u0435\u043D\u0442\u043E\u043C"
  }
};
function shareText(locale, key) {
  return SHARE_COPY[locale][key];
}
function PositionsOnlyResult({ chart, locale }) {
  const rootRef = A3(null);
  const headingRef = A3(null);
  h3(() => {
    requestAnimationFrame(() => {
      const reducedMotion = window.matchMedia("(prefers-reduced-motion: reduce)").matches;
      rootRef.current?.scrollIntoView({ behavior: reducedMotion ? "auto" : "smooth", block: "start" });
      headingRef.current?.focus();
    });
  }, []);
  const rows2 = chart.angles ? [
    ...chart.bodies.map((body) => ({ key: body.body, label: planetLabel(locale, body.body), lon: body.lon, body: body.body })),
    { key: "asc", label: "ASC", lon: chart.angles.asc, body: null },
    { key: "mc", label: "MC", lon: chart.angles.mc, body: null }
  ] : chart.bodies.map((body) => ({ key: body.body, label: planetLabel(locale, body.body), lon: body.lon, body: body.body }));
  const reading = positionsReading(chart);
  return /* @__PURE__ */ u4("section", { class: "calc__result calc__positions-only", ref: rootRef, "data-positions-only": true, children: [
    /* @__PURE__ */ u4("h2", { class: "calc__positions-title", tabIndex: -1, ref: headingRef, children: shareText(locale, "positionsOnlyTitle") }),
    /* @__PURE__ */ u4("p", { class: "notice", role: "status", children: shareText(locale, "positionsOnlyNotice") }),
    moonIsUncertain(chart) && /* @__PURE__ */ u4("p", { class: "notice", "data-moon-uncertain": true, children: [
      t(locale, "moon"),
      " \xB7 ",
      t(locale, "needsBirthTime")
    ] }),
    /* @__PURE__ */ u4("p", { class: "calc__positions-privacy", children: shareText(locale, "positionsOnlyPrivacy") }),
    /* @__PURE__ */ u4("div", { class: "calc__wheel shell", children: /* @__PURE__ */ u4("div", { class: "core calc__wheel-core", children: [
      /* @__PURE__ */ u4("div", { "aria-hidden": "true", children: /* @__PURE__ */ u4(
        Wheel,
        {
          bodies: chart.bodies.filter((body) => body.body !== "South Node"),
          asc: chart.angles?.asc ?? null,
          mc: chart.angles?.mc ?? null,
          cusps: reading.cusps,
          aspects: reading.aspects
        }
      ) }),
      /* @__PURE__ */ u4("p", { class: "calc__receipt mono", children: [
        t(locale, "engine"),
        chart.engineVersion
      ] })
    ] }) }),
    /* @__PURE__ */ u4("div", { class: "calc__table-wrap", children: /* @__PURE__ */ u4("table", { class: "calc__table", children: [
      /* @__PURE__ */ u4("thead", { children: /* @__PURE__ */ u4("tr", { children: [
        /* @__PURE__ */ u4("th", { children: t(locale, "body") }),
        /* @__PURE__ */ u4("th", { children: t(locale, "position") }),
        /* @__PURE__ */ u4("th", { children: t(locale, "sign") }),
        reading.cusps && /* @__PURE__ */ u4("th", { children: t(locale, "house") })
      ] }) }),
      /* @__PURE__ */ u4("tbody", { children: rows2.map((row) => /* @__PURE__ */ u4("tr", { children: [
        /* @__PURE__ */ u4("td", { children: [
          row.body && /* @__PURE__ */ u4("span", { class: "calc__glyph", children: /* @__PURE__ */ u4(PlanetGlyph, { body: row.body, size: 15 }) }),
          row.label
        ] }),
        /* @__PURE__ */ u4("td", { class: "mono", children: formatLongitude(row.lon, locale).split(" ")[0] }),
        /* @__PURE__ */ u4("td", { children: row.body === "Moon" && moonIsUncertain(chart) ? t(locale, "needsBirthTime") : /* @__PURE__ */ u4(SignChip, { lon: row.lon, locale }) }),
        reading.cusps && /* @__PURE__ */ u4("td", { class: "mono", children: reading.houses.get(row.body ?? (row.key === "asc" ? "ASC" : "MC")) })
      ] }, row.key)) })
    ] }) }),
    reading.reconstructedWholeSign && /* @__PURE__ */ u4("p", { class: "calc__positions-privacy", "data-reconstructed-houses": true, children: shareText(locale, "reconstructedHouses") }),
    reading.topAspects.length > 0 && /* @__PURE__ */ u4("section", { class: "calc__aspects calc__positions-aspects", "aria-labelledby": "shared-aspects-title", children: [
      /* @__PURE__ */ u4("h3", { id: "shared-aspects-title", children: shareText(locale, "sharedAspects") }),
      /* @__PURE__ */ u4("ul", { children: reading.topAspects.map((aspect) => /* @__PURE__ */ u4("li", { children: [
        /* @__PURE__ */ u4("p", { class: "mono", children: [
          /* @__PURE__ */ u4(PlanetGlyph, { body: aspect.a, size: 13 }),
          " ",
          planetLabel(locale, aspect.a),
          " ",
          /* @__PURE__ */ u4(AspectGlyph, { type: aspect.type, size: 13 }),
          " ",
          aspectLabel(locale, aspect.type),
          " ",
          /* @__PURE__ */ u4(PlanetGlyph, { body: aspect.b, size: 13 }),
          " ",
          planetLabel(locale, aspect.b),
          " \xB7 ",
          t(locale, "orb"),
          " ",
          aspect.orb.toFixed(1),
          "\xB0"
        ] }),
        locale === "en" && /* @__PURE__ */ u4("p", { children: natalAspectLine(aspect.a, aspect.type, aspect.b) })
      ] }, `${aspect.a}-${aspect.type}-${aspect.b}`)) })
    ] })
  ] });
}

// site/src/islands/ChartShareDialog.tsx
var LINK_COPY = {
  en: {
    copied: "Link copied",
    preview: "Copy link with preview",
    details: "Copy link with birth details",
    detailsNote: "Includes your birth details.",
    previewNote: "The private link keeps positions in your browser; the preview link sends positions \u2014 never birth details \u2014 to the preview service.",
    sheet: "Share chart sheet"
  },
  es: { copied: "Enlace copiado", preview: "Copiar enlace con vista previa", details: "Copiar enlace con datos de nacimiento", detailsNote: "Incluye tus datos de nacimiento.", previewNote: "El enlace privado mantiene las posiciones en tu navegador; el enlace con vista previa env\xEDa posiciones, nunca datos de nacimiento, al servicio de vista previa.", sheet: "Compartir hoja de la carta" },
  pt: { copied: "Link copiado", preview: "Copiar link com pr\xE9via", details: "Copiar link com dados de nascimento", detailsNote: "Inclui seus dados de nascimento.", previewNote: "O link privado mant\xE9m as posi\xE7\xF5es no navegador; o link com pr\xE9via envia posi\xE7\xF5es, nunca dados de nascimento, ao servi\xE7o de pr\xE9via.", sheet: "Compartilhar folha do mapa" },
  fr: { copied: "Lien copi\xE9", preview: "Copier le lien avec aper\xE7u", details: "Copier le lien avec donn\xE9es de naissance", detailsNote: "Inclut tes donn\xE9es de naissance.", previewNote: "Le lien priv\xE9 garde les positions dans ton navigateur ; le lien avec aper\xE7u envoie les positions, jamais les donn\xE9es de naissance, au service d\u2019aper\xE7u.", sheet: "Partager la feuille du th\xE8me" },
  it: { copied: "Link copiato", preview: "Copia il link con anteprima", details: "Copia il link con dati di nascita", detailsNote: "Include i tuoi dati di nascita.", previewNote: "Il link privato mantiene le posizioni nel browser; il link con anteprima invia posizioni, mai dati di nascita, al servizio di anteprima.", sheet: "Condividi il foglio del tema" },
  ru: { copied: "\u0421\u0441\u044B\u043B\u043A\u0430 \u0441\u043A\u043E\u043F\u0438\u0440\u043E\u0432\u0430\u043D\u0430", preview: "\u0421\u043A\u043E\u043F\u0438\u0440\u043E\u0432\u0430\u0442\u044C \u0441\u0441\u044B\u043B\u043A\u0443 \u0441 \u043F\u0440\u0435\u0432\u044C\u044E", details: "\u0421\u043A\u043E\u043F\u0438\u0440\u043E\u0432\u0430\u0442\u044C \u0441\u0441\u044B\u043B\u043A\u0443 \u0441 \u0434\u0430\u043D\u043D\u044B\u043C\u0438 \u0440\u043E\u0436\u0434\u0435\u043D\u0438\u044F", detailsNote: "\u0412\u043A\u043B\u044E\u0447\u0430\u0435\u0442 \u0432\u0430\u0448\u0438 \u0434\u0430\u043D\u043D\u044B\u0435 \u0440\u043E\u0436\u0434\u0435\u043D\u0438\u044F.", previewNote: "\u041F\u0440\u0438\u0432\u0430\u0442\u043D\u0430\u044F \u0441\u0441\u044B\u043B\u043A\u0430 \u0445\u0440\u0430\u043D\u0438\u0442 \u043F\u043E\u043B\u043E\u0436\u0435\u043D\u0438\u044F \u0432 \u0431\u0440\u0430\u0443\u0437\u0435\u0440\u0435; \u0441\u0441\u044B\u043B\u043A\u0430 \u0441 \u043F\u0440\u0435\u0432\u044C\u044E \u043E\u0442\u043F\u0440\u0430\u0432\u043B\u044F\u0435\u0442 \u0441\u0435\u0440\u0432\u0438\u0441\u0443 \u043F\u0440\u0435\u0432\u044C\u044E \u043F\u043E\u043B\u043E\u0436\u0435\u043D\u0438\u044F, \u043D\u043E \u043D\u0435 \u0434\u0430\u043D\u043D\u044B\u0435 \u0440\u043E\u0436\u0434\u0435\u043D\u0438\u044F.", sheet: "\u041F\u043E\u0434\u0435\u043B\u0438\u0442\u044C\u0441\u044F \u043B\u0438\u0441\u0442\u043E\u043C \u043A\u0430\u0440\u0442\u044B" }
};
function trackShare(variant) {
  const analytics = window.zodiacsAnalytics;
  analytics?.track?.("chart_share", { variant });
}
function ChartShareDialog({
  chart,
  locale,
  mode = "full",
  card,
  onCardStateChange,
  onClose,
  detailsUrl = "",
  receiverPath = "/birth-chart/",
  birthDetails,
  preparedPrimary = null,
  moonAmbiguous = false
}) {
  const copy = LINK_COPY[locale];
  const dialogRef = A3(null);
  const hideRef = A3(true);
  const generationRef = A3({
    sheet: 0,
    signature: 0,
    "big-three": 0,
    full: 0,
    placement: 0
  });
  const preparationRef = A3(/* @__PURE__ */ new Map());
  const [hideBirthDetails, setHideBirthDetails] = d3(true);
  const [links, setLinks] = d3(null);
  const [linkState, setLinkState] = d3({
    positions: "idle",
    preview: "idle",
    details: "idle"
  });
  const [prepared, setPrepared] = d3({});
  const [states, setStates] = d3({
    sheet: "idle",
    signature: "idle",
    "big-three": "idle",
    full: "idle",
    placement: "idle"
  });
  const primaryChoice = mode === "full" ? "sheet" : "placement";
  const primaryAlternative = primaryShareCardVariant(locale, Boolean(chart.angles));
  const primaryTitle = mode === "full" ? copy.sheet : shareText(locale, mode === "moon" ? "moonCardTitle" : "risingCardTitle");
  const placementLongitude = mode === "moon" ? chart.bodies.find((body) => body.body === "Moon")?.lon : mode === "rising" ? chart.angles?.asc : void 0;
  const placementChart = moonAmbiguous && chart.moonSignCandidates === void 0 ? { ...chart, moonSignCandidates: [] } : chart;
  const uncertainMoon = mode === "moon" && moonIsUncertain(placementChart);
  const placementSign = uncertainMoon || placementLongitude == null ? null : signForLongitude(placementLongitude);
  h3(() => {
    const dialog = dialogRef.current;
    if (dialog && !dialog.open) dialog.showModal();
    return () => {
      if (dialog?.open) dialog.close();
    };
  }, []);
  h3(() => {
    const token = encodePositionsLink({
      bodies: chart.bodies,
      angles: chart.angles ? { asc: chart.angles.asc, mc: chart.angles.mc } : null,
      houseSystem: chart.houses?.system ?? "whole",
      engineVersion: chart.engineVersion
    });
    if (!token) return;
    const positions = `${window.location.origin}${receiverPath}#p=${token}`;
    const preview = `${window.location.origin}/api/og/chart?p=${encodeURIComponent(token)}`;
    setLinks({ positions, preview });
  }, [chart, receiverPath]);
  h3(() => {
    if (!preparedPrimary) return;
    if (primaryChoice === "sheet" && !hideRef.current) return;
    setPrepared((current) => ({ ...current, [primaryChoice]: preparedPrimary }));
    setStates((current) => ({ ...current, [primaryChoice]: "ready" }));
  }, [preparedPrimary, primaryChoice]);
  h3(() => {
    if (preparedPrimary) return;
    void prepareChoice(primaryChoice, hideRef.current);
  }, [preparedPrimary, primaryChoice]);
  h3(() => {
    if (mode !== "full") return;
    void prepareChoice(primaryAlternative);
  }, [mode, primaryAlternative]);
  async function buildChoice(choice2, hidden) {
    const timeOptions = { referenceTime: !chart.input.timeKnown, moonAmbiguous };
    if (choice2 === "sheet") {
      await ensurePastelZodiacIconEmbedding();
      return prepareChartSheet(chart, {
        locale,
        hideBirthDetails: hidden,
        birthDetails,
        moonAmbiguous
      });
    }
    if (choice2 === "placement") {
      return preparePlacementCard(chart, mode === "rising" ? "rising" : "moon", locale, timeOptions);
    }
    if (choice2 === "signature") return prepareChartCard(chart, { variant: "signature", locale, ...timeOptions });
    if (choice2 === "big-three") return prepareBigThreeCard(chart, locale, timeOptions);
    return prepareChartCard(chart, { variant: "full", locale, ...timeOptions });
  }
  async function prepareChoice(choice2, hidden = hideRef.current) {
    const generation = generationRef.current[choice2];
    if (preparationRef.current.get(choice2) === generation) return;
    preparationRef.current.set(choice2, generation);
    setStates((current) => ({ ...current, [choice2]: "preparing" }));
    try {
      const result = await buildChoice(choice2, hidden);
      if (generation !== generationRef.current[choice2] || choice2 === "sheet" && hidden !== hideRef.current) return;
      setPrepared((current) => ({ ...current, [choice2]: result }));
      setStates((current) => ({ ...current, [choice2]: "ready" }));
    } catch (error) {
      console.error(error);
      if (generation === generationRef.current[choice2]) setStates((current) => ({ ...current, [choice2]: "error" }));
    } finally {
      if (preparationRef.current.get(choice2) === generation) preparationRef.current.delete(choice2);
    }
  }
  function changePrivacy(hidden) {
    generationRef.current.sheet += 1;
    hideRef.current = hidden;
    setHideBirthDetails(hidden);
    setPrepared((current) => {
      const next = { ...current };
      delete next.sheet;
      if (hidden && preparedPrimary) next.sheet = preparedPrimary;
      return next;
    });
    setStates((current) => ({ ...current, sheet: hidden && preparedPrimary ? "ready" : "idle" }));
    if (!hidden || !preparedPrimary) void prepareChoice("sheet", hidden);
  }
  function shareChoice(choice2) {
    const artifact = prepared[choice2];
    if (!artifact) {
      void prepareChoice(choice2);
      return;
    }
    if (states[choice2] === "busy") return;
    setStates((current) => ({ ...current, [choice2]: "busy" }));
    onCardStateChange("busy");
    void savePreparedChartCard(artifact).then((outcome) => {
      if (outcome === "cancelled") {
        setStates((current) => ({ ...current, [choice2]: "ready" }));
        onCardStateChange("idle");
        return;
      }
      const variant = choice2 === "signature" ? "signature_card" : choice2 === "big-three" || choice2 === "placement" ? "big_three_card" : "full_chart_card";
      trackShare(variant);
      window.zodiacsAnalytics?.track?.("share_card_downloaded", { variant });
      setStates((current) => ({ ...current, [choice2]: "saved" }));
      onCardStateChange("saved");
    }).catch((error) => {
      console.error(error);
      setStates((current) => ({ ...current, [choice2]: "error" }));
      onCardStateChange("error");
    });
  }
  const actionText = (choice2) => {
    if (states[choice2] === "preparing") return shareText(locale, "preparingImage");
    if (states[choice2] === "busy") return t(locale, "rendering");
    if (choice2 === "sheet") return copy.sheet;
    if (choice2 === "signature") return shareCardText(locale, "signatureAction");
    if (choice2 === "placement") {
      return shareText(locale, mode === "moon" ? "moonCardAction" : "risingCardAction");
    }
    if (choice2 === "big-three") return shareCardText(locale, "bigThreeAction");
    return shareCardText(locale, "fullChartAction");
  };
  return /* @__PURE__ */ u4(
    "dialog",
    {
      class: "calc-share-dialog",
      ref: dialogRef,
      onClose,
      onClick: (event) => {
        if (event.target === event.currentTarget) dialogRef.current?.close();
      },
      "data-share-dialog": true,
      "data-share-mode": mode,
      "aria-labelledby": "chart-share-title",
      children: /* @__PURE__ */ u4("div", { class: "calc-share-dialog__surface", children: [
        /* @__PURE__ */ u4("header", { class: "calc-share-dialog__head", children: [
          /* @__PURE__ */ u4("h2", { id: "chart-share-title", children: shareText(locale, "shareOptionsTitle") }),
          /* @__PURE__ */ u4("button", { class: "calc-share-dialog__close", type: "button", "aria-label": shareText(locale, "closeShare"), onClick: () => dialogRef.current?.close(), children: "\xD7" })
        ] }),
        links && /* @__PURE__ */ u4("section", { class: "calc-share-dialog__links", "aria-label": shareText(locale, "shareOptionsTitle"), children: [
          /* @__PURE__ */ u4(
            CopyLinkButton,
            {
              url: links.positions,
              state: linkState.positions,
              onStateChange: (state) => setLinkState((current) => ({ ...current, positions: state })),
              idleLabel: shareText(locale, "copyPositionsLink"),
              copiedLabel: copy.copied,
              ariaLabel: shareText(locale, "copyPositionsLink"),
              buttonClass: "btn btn--primary",
              dataHook: "positions",
              onCopied: () => trackShare("positions_link")
            }
          ),
          /* @__PURE__ */ u4("p", { class: "calc-share-dialog__note", children: shareText(locale, "positionsShareNote") }),
          /* @__PURE__ */ u4(
            CopyLinkButton,
            {
              url: links.preview,
              state: linkState.preview,
              onStateChange: (state) => setLinkState((current) => ({ ...current, preview: state })),
              idleLabel: copy.preview,
              copiedLabel: copy.copied,
              ariaLabel: copy.preview,
              buttonClass: "btn btn--ghost",
              dataHook: "preview",
              onCopied: () => trackShare("positions_link"),
              children: /* @__PURE__ */ u4("p", { class: "calc-share-dialog__note", children: copy.previewNote })
            }
          ),
          mode === "full" && detailsUrl && /* @__PURE__ */ u4(
            CopyLinkButton,
            {
              url: detailsUrl,
              state: linkState.details,
              onStateChange: (state) => setLinkState((current) => ({ ...current, details: state })),
              idleLabel: copy.details,
              copiedLabel: copy.copied,
              ariaLabel: copy.details,
              buttonClass: "btn btn--ghost",
              dataHook: "details",
              onCopied: () => trackShare("details_link"),
              children: /* @__PURE__ */ u4("p", { class: "calc-share-dialog__note", children: copy.detailsNote })
            }
          )
        ] }),
        /* @__PURE__ */ u4("section", { class: "calc-share-dialog__chart", "aria-label": primaryTitle, "data-share-primary": mode === "full" ? "sheet" : "placement", children: [
          mode === "full" ? /* @__PURE__ */ u4("div", { class: "calc-share-dialog__chart-wheel", "aria-hidden": "true", children: /* @__PURE__ */ u4(
            Wheel,
            {
              bodies: chart.bodies.filter((body) => body.body !== "South Node"),
              asc: chart.angles?.asc ?? null,
              mc: chart.angles?.mc ?? null,
              cusps: chart.houses?.cusps ?? null,
              aspects: chart.aspects.filter((aspect) => aspect.orb < 6)
            }
          ) }) : uncertainMoon ? /* @__PURE__ */ u4("div", { class: "calc-share-dialog__placement", "data-share-placement-preview": true, children: /* @__PURE__ */ u4("span", { children: moonLabel(placementChart, locale) }) }) : placementSign ? /* @__PURE__ */ u4("div", { class: "calc-share-dialog__placement", style: `--sign:${placementSign.hue}`, "aria-hidden": "true", "data-share-placement-preview": true, children: [
            /* @__PURE__ */ u4("span", { class: "calc-share-dialog__placement-glyph", children: placementSign.glyph }),
            /* @__PURE__ */ u4("span", { children: signName(placementSign, locale) })
          ] }) : null,
          /* @__PURE__ */ u4("div", { class: "calc-share-dialog__chart-copy", children: /* @__PURE__ */ u4("h3", { children: primaryTitle }) })
        ] }),
        mode === "full" && /* @__PURE__ */ u4("label", { class: "calc-share-dialog__privacy", children: [
          /* @__PURE__ */ u4("input", { type: "checkbox", checked: hideBirthDetails, onChange: (event) => changePrivacy(event.currentTarget.checked), "data-hide-birth-details": true }),
          /* @__PURE__ */ u4("span", { children: shareText(locale, "hideBirthDetails") })
        ] }),
        /* @__PURE__ */ u4("div", { class: "calc-share-dialog__cards", role: "group", "aria-label": shareText(locale, "moreWaysToShare"), children: [
          /* @__PURE__ */ u4(
            "button",
            {
              class: "btn btn--primary calc-share-dialog__card",
              type: "button",
              onClick: () => shareChoice(primaryChoice),
              disabled: card === "busy" || !prepared[primaryChoice] || states[primaryChoice] === "preparing" || states[primaryChoice] === "busy",
              "data-share-card-action": primaryChoice,
              children: [
                /* @__PURE__ */ u4("span", { children: actionText(primaryChoice) }),
                /* @__PURE__ */ u4("span", { class: "orb", children: states[primaryChoice] === "saved" ? "\u2713" : "\u2197" })
              ]
            }
          ),
          mode === "full" && /* @__PURE__ */ u4(
            "button",
            {
              class: "btn btn--ghost calc-share-dialog__card",
              type: "button",
              onClick: () => shareChoice(primaryAlternative),
              disabled: card === "busy" || !prepared[primaryAlternative] || states[primaryAlternative] === "preparing" || states[primaryAlternative] === "busy",
              "data-share-card-action": primaryAlternative,
              children: [
                /* @__PURE__ */ u4("span", { children: actionText(primaryAlternative) }),
                /* @__PURE__ */ u4("span", { class: "orb", children: states[primaryAlternative] === "saved" ? "\u2713" : states[primaryAlternative] === "ready" ? "\u2197" : "+" })
              ]
            }
          )
        ] }),
        /* @__PURE__ */ u4("p", { class: "calc-share-dialog__note", "data-chart-image-privacy": true, children: shareText(locale, hideBirthDetails ? "chartImagePrivacy" : "chartImagePrivacyDetails") }),
        (card === "error" || Object.values(states).includes("error")) && /* @__PURE__ */ u4("p", { class: "calc__error", role: "alert", children: t(locale, "cardError") })
      ] })
    }
  );
}

// probe.ts
var import_node_crypto = require("node:crypto");

// ../../zodiacs-platform-local-date-catalog-count-independent-review/site/node_modules/@zodiacs/engine/dist/chunk-CPALRSPC.js
var ISO_INSTANT = /^(\d{4}|[+-]\d{6})-(\d{2})-(\d{2})(?:T(\d{2}):(\d{2})(?::(\d{2})(?:\.(\d{1,3}))?)?(Z|[+-](\d{2}):(\d{2})))?$/;
function validIsoInput(input) {
  const match = ISO_INSTANT.exec(input);
  if (!match || match[0] !== input || match[1] === "-000000") return false;
  const year = Number(match[1]);
  const month = Number(match[2]);
  const day = Number(match[3]);
  if (month < 1 || month > 12) return false;
  const leap = year % 4 === 0 && (year % 100 !== 0 || year % 400 === 0);
  const monthDays = [31, leap ? 29 : 28, 31, 30, 31, 30, 31, 31, 30, 31, 30, 31];
  if (day < 1 || day > monthDays[month - 1]) return false;
  return Number(match[4] ?? 0) <= 23 && Number(match[5] ?? 0) <= 59 && Number(match[6] ?? 0) <= 59 && Number(match[9] ?? 0) <= 23 && Number(match[10] ?? 0) <= 59;
}
function dateFrom(input, label) {
  const invalid = () => new RangeError(
    `${label} must be a valid Date, finite epoch-millisecond timestamp, or ISO calendar date/date-time with an explicit UTC offset.`
  );
  let date;
  if (input instanceof Date) {
    date = new Date(Date.prototype.getTime.call(input));
  } else if (typeof input === "number" && Number.isFinite(input)) {
    date = new Date(input);
  } else if (typeof input === "string" && validIsoInput(input)) {
    date = new Date(input);
  } else {
    throw invalid();
  }
  if (!Number.isFinite(date.getTime())) throw invalid();
  return date;
}

// ../../zodiacs-platform-local-date-catalog-count-independent-review/site/node_modules/@zodiacs/engine/dist/receipt.js
var NATAL_ENVELOPE_SCHEMA = "zodiacs.natal-envelope.draft-v1";
var NATAL_RECEIPT_SCHEMA = "zodiacs.calculation-receipt.draft-v1";
var NATAL_ENVELOPE_LIMITS = Object.freeze({ bytes: 65536, depth: 12, nodes: 4096 });
var ERROR_CODES = /* @__PURE__ */ new Set([
  "invalid_json",
  "invalid_shape",
  "invalid_value",
  "inconsistent_result",
  "invalid_context",
  "size_limit",
  "complexity_limit",
  "unsupported_version",
  "unsupported_feature"
]);
var ERROR_BRAND = /* @__PURE__ */ new WeakMap();
var NatalEnvelopeError = class extends Error {
  code;
  constructor(code) {
    const fixed = ERROR_CODES.has(code) ? code : "invalid_shape";
    super(`Natal envelope rejected: ${fixed}.`);
    this.code = fixed;
    this.name = "NatalEnvelopeError";
    ERROR_BRAND.set(this, fixed);
  }
};
var CONVENTIONS = Object.freeze({
  calendar: "proleptic-gregorian",
  zodiac: "tropical",
  planetPositions: "apparent-geocentric-ecliptic-of-date",
  moonPosition: "astronomy-engine-ecliptic-geo-moon",
  moonNodes: "instantaneous-geocentric-moon-orbit-plane",
  angles: "gast-and-mean-obliquity",
  longitudeUnit: "degrees-[0,360)",
  speed: "degrees-per-day;central-difference-plus-minus-0.25-day",
  aspects: "major-aspects;sun-moon-eight-planets;no-nodes"
});
var COVERAGE = Object.freeze({
  assessment: "finite-reference-cases-only",
  broadDateRange: "not-certified",
  angleExclusions: "exact-geographic-poles-and-ecliptic-horizon-coincidence",
  inputSyntax: "not-an-astronomical-accuracy-guarantee"
});
var BODIES = [
  "Sun",
  "Moon",
  "Mercury",
  "Venus",
  "Mars",
  "Jupiter",
  "Saturn",
  "Uranus",
  "Neptune",
  "Pluto",
  "North Node",
  "South Node"
];
var FLAGS = ["dst-gap", "dst-fold", "lmt", "no-time", "polar-fallback"];
var TIME_FLAGS = ["dst-gap", "dst-fold", "lmt"];
var HOUSE_SYSTEMS2 = ["whole", "placidus"];
var HOSTILE_KEYS = /* @__PURE__ */ new Set(["__proto__", "prototype", "constructor"]);
function fail(code) {
  throw new NatalEnvelopeError(code);
}
function guarded(action) {
  try {
    return action();
  } catch (error) {
    return fail(errorCode(error));
  }
}
function errorCode(error) {
  return (error !== null && typeof error === "object" ? ERROR_BRAND.get(error) : void 0) ?? "invalid_shape";
}
function cloneData(value, allowDates = false) {
  const seen = /* @__PURE__ */ new Set();
  let nodes = 0;
  let stringBytes = 0;
  const countString = (text2) => {
    if (text2.length > NATAL_ENVELOPE_LIMITS.bytes) fail("size_limit");
    stringBytes += new TextEncoder().encode(text2).length;
    if (stringBytes > NATAL_ENVELOPE_LIMITS.bytes) fail("size_limit");
  };
  const visit = (item, depth) => {
    if (++nodes > NATAL_ENVELOPE_LIMITS.nodes || depth > NATAL_ENVELOPE_LIMITS.depth)
      fail("complexity_limit");
    if (item === null || typeof item === "boolean") return item;
    if (typeof item === "string") {
      countString(item);
      return item;
    }
    if (typeof item === "number") {
      if (!Number.isFinite(item)) fail("invalid_value");
      return Object.is(item, -0) ? 0 : item;
    }
    if (typeof item !== "object") fail("invalid_shape");
    if (seen.has(item)) fail("invalid_shape");
    const prototype = Object.getPrototypeOf(item);
    const keys = Reflect.ownKeys(item);
    if (keys.length > NATAL_ENVELOPE_LIMITS.nodes) fail("complexity_limit");
    if (allowDates && prototype === Date.prototype) {
      if (keys.length !== 0) fail("invalid_shape");
      const ms = Date.prototype.getTime.call(item);
      if (!Number.isFinite(ms)) fail("invalid_value");
      return new Date(ms);
    }
    const array = Array.isArray(item);
    if (prototype !== (array ? Array.prototype : Object.prototype) && !(prototype === null && !array))
      fail("invalid_shape");
    seen.add(item);
    const out = array ? [] : {};
    const length = array ? Object.getOwnPropertyDescriptor(item, "length")?.value : 0;
    if (array && (length > NATAL_ENVELOPE_LIMITS.nodes || keys.length !== length + 1))
      fail("invalid_shape");
    if (keys.some((key) => typeof key !== "string" || HOSTILE_KEYS.has(key))) fail("invalid_shape");
    for (const key of keys.sort()) {
      if (array && key === "length") continue;
      if (array && (!/^(0|[1-9]\d*)$/.test(key) || Number(key) >= length)) fail("invalid_shape");
      const descriptor = Object.getOwnPropertyDescriptor(item, key);
      if (!descriptor || !("value" in descriptor) || !descriptor.enumerable) fail("invalid_shape");
      countString(key);
      Object.defineProperty(out, key, {
        value: visit(descriptor.value, depth + 1),
        enumerable: true,
        writable: true,
        configurable: true
      });
    }
    seen.delete(item);
    return out;
  };
  return visit(value, 0);
}
function record(value) {
  if (!value || typeof value !== "object" || Array.isArray(value) || value instanceof Date)
    fail("invalid_shape");
  return value;
}
function fields(value, required, optional = []) {
  if (required.some((key) => !Object.hasOwn(value, key)) || Object.keys(value).some((key) => !required.includes(key) && !optional.includes(key)))
    fail("invalid_shape");
}
function choice(value, choices) {
  if (typeof value !== "string" || !choices.includes(value)) fail("invalid_value");
  return value;
}
function number(value, min, max, exclusiveMax = false) {
  if (typeof value !== "number" || !Number.isFinite(value) || value < min || (exclusiveMax ? value >= max : value > max))
    fail("invalid_value");
  return value;
}
function bool(value) {
  if (typeof value !== "boolean") fail("invalid_shape");
  return value;
}
function text(value, maximum = 128) {
  if (typeof value !== "string" || value.length === 0 || value.length > maximum || value.trim() !== value || /[\p{Cc}\p{Cf}]/u.test(value))
    fail("invalid_value");
  return value;
}
function version(value) {
  const parsed = text(value, 64);
  if (!/^\d+\.\d+\.\d+(?:-[A-Za-z0-9.-]+)?(?:\+[A-Za-z0-9.-]+)?$/.test(parsed))
    fail("invalid_value");
  return parsed;
}
function canonicalInstant(value) {
  if (typeof value !== "string" || value.length > 32) fail("invalid_value");
  try {
    if (dateFrom(value, "instant").toISOString() !== value) fail("invalid_value");
  } catch {
    fail("invalid_value");
  }
  return value;
}
function flagList(value, allowed) {
  if (!Array.isArray(value) || value.length > allowed.length) fail("invalid_value");
  const flags = value.map((flag) => choice(flag, allowed));
  if (new Set(flags).size !== flags.length || flags.includes("dst-gap") && flags.includes("dst-fold"))
    fail("inconsistent_result");
  return flags;
}
function sameFlags(a4, b3) {
  return a4.length === b3.length && a4.every((flag) => b3.includes(flag));
}
function fixedFields(value, expected) {
  const actual = record(value);
  fields(actual, Object.keys(expected));
  if (Object.keys(expected).some((key) => actual[key] !== expected[key]))
    fail("unsupported_feature");
}
function longitude(value) {
  return number(value, 0, 360, true);
}
function close(a4, b3) {
  return Math.abs(a4 - b3) <= 1e-8;
}
function wrap(value) {
  return (value % 360 + 360) % 360;
}
function angularClose(a4, b3) {
  return Math.min(wrap(a4 - b3), wrap(b3 - a4)) <= 1e-8;
}
function validateResult(value) {
  const result = record(value);
  fields(result, ["bodies", "angles", "houses", "aspects"]);
  if (!Array.isArray(result.bodies) || result.bodies.length !== 12) fail("invalid_shape");
  const names = /* @__PURE__ */ new Set();
  const longitudes = /* @__PURE__ */ new Map();
  for (const item of result.bodies) {
    const body = record(item);
    fields(body, ["body", "lon", "lat", "speed", "retrograde", "sign", "degree"]);
    const name = choice(body.body, BODIES);
    if (names.has(name)) fail("invalid_value");
    names.add(name);
    const lon = longitude(body.lon);
    longitudes.set(name, lon);
    number(body.lat, -90, 90);
    const speed = number(body.speed, -Number.MAX_VALUE, Number.MAX_VALUE);
    const degree = number(body.degree, 0, 30, true);
    if (bool(body.retrograde) !== speed < 0 || body.sign !== SIGNS2[Math.floor(lon / 30)]?.slug || !close(degree, lon % 30))
      fail("inconsistent_result");
  }
  if (result.angles === null !== (result.houses === null)) fail("inconsistent_result");
  if (result.angles !== null) {
    const angles = record(result.angles);
    fields(angles, ["asc", "mc", "dsc", "ic"]);
    for (const angle of Object.values(angles)) longitude(angle);
    if (!angularClose(angles.dsc, angles.asc + 180) || !angularClose(angles.ic, angles.mc + 180))
      fail("inconsistent_result");
    const houses = record(result.houses);
    fields(houses, ["system", "cusps"]);
    choice(houses.system, HOUSE_SYSTEMS2);
    if (!Array.isArray(houses.cusps) || houses.cusps.length !== 12) fail("invalid_shape");
    const cusps = houses.cusps.map(longitude);
    if (new Set(cusps).size !== 12) fail("inconsistent_result");
    if (houses.system === "whole") {
      const first = Math.floor(angles.asc / 30) * 30;
      if (cusps.some((cusp, index) => !angularClose(cusp, first + index * 30)))
        fail("inconsistent_result");
    } else if (!angularClose(cusps[0], angles.asc) || !angularClose(cusps[9], angles.mc) || cusps.slice(0, 6).some((cusp, index) => !angularClose(cusps[index + 6], cusp + 180)))
      fail("inconsistent_result");
  }
  if (!Array.isArray(result.aspects) || result.aspects.length > 45) fail("invalid_shape");
  const pairs = /* @__PURE__ */ new Set();
  for (const item of result.aspects) {
    const aspect = record(item);
    fields(aspect, ["a", "b", "type", "orb", "applying"]);
    const a4 = choice(
      aspect.a,
      BODIES.filter((body) => ASPECT_BODIES.has(body))
    );
    const b3 = choice(
      aspect.b,
      BODIES.filter((body) => ASPECT_BODIES.has(body))
    );
    const key = [a4, b3].sort().join("/");
    if (a4 === b3 || pairs.has(key)) fail("inconsistent_result");
    pairs.add(key);
    const type = choice(aspect.type, ASPECT_TYPES);
    const definition = ASPECTS.find((aspect2) => aspect2.type === type);
    const luminary = a4 === "Sun" || a4 === "Moon" || b3 === "Sun" || b3 === "Moon";
    const orb = number(aspect.orb, 0, luminary ? definition.luminaryOrb : definition.orb);
    const distance = Math.abs(longitudes.get(a4) - longitudes.get(b3));
    if (!close(orb, Math.abs(Math.min(distance, 360 - distance) - definition.angle)))
      fail("inconsistent_result");
    bool(aspect.applying);
  }
  return result;
}
function validateLocal(value, receipt) {
  if (value === null) {
    if (receipt.reference === "local-noon") fail("invalid_context");
    return;
  }
  const local = record(value);
  fields(local, ["date", "time", "timeZone", "offsetMinutes", "gapShiftMinutes", "policy"]);
  const date = text(local.date, 10), time = text(local.time, 5);
  if (!/^\d{4}-\d{2}-\d{2}$/.test(date) || !/^(?:[01]\d|2[0-3]):[0-5]\d$/.test(time))
    fail("invalid_context");
  let wall;
  try {
    wall = dateFrom(`${date}T${time}:00Z`, "wall").getTime();
  } catch {
    fail("invalid_context");
  }
  const zone = text(local.timeZone, 128);
  if (!/^[A-Za-z][A-Za-z0-9._+-]*(?:\/[A-Za-z0-9._+-]+){0,3}$/.test(zone)) fail("invalid_context");
  const offset = number(local.offsetMinutes, -1440, 1440);
  const shift = number(local.gapShiftMinutes, 0, 2880);
  const offsetMs = offset * 6e4, shiftMs = shift * 6e4;
  if (Math.abs(offsetMs - Math.round(offsetMs)) > 1e-6 || Math.abs(shiftMs - Math.round(shiftMs)) > 1e-6)
    fail("invalid_context");
  if (wall + Math.round(shiftMs) - Math.round(offsetMs) !== dateFrom(receipt.instant, "instant").getTime())
    fail("invalid_context");
  fixedFields(local.policy, { fold: "earlier", gap: "shift-forward" });
  if (receipt.inputFlags.includes("dst-gap") !== shift > 0 || receipt.inputFlags.includes("lmt") !== Math.abs(offset % 1) > 1e-9)
    fail("invalid_context");
  if (receipt.reference === "local-noon" && time !== "12:00") fail("invalid_context");
}
function repository(value) {
  const input = text(value, 256);
  let url;
  try {
    url = new URL(input);
  } catch {
    return fail("invalid_value");
  }
  if (url.protocol !== "https:" || !url.hostname || url.username || url.password || url.search || url.hash)
    fail("invalid_value");
}
function commit(value) {
  if (typeof value !== "string" || !/^(?:[a-f0-9]{40}|[a-f0-9]{64})$/.test(value))
    fail("invalid_value");
}
function validateProvenance(value, engineVersion) {
  if (value === null) return;
  const facts = record(value);
  fields(facts, ["status"], ["source", "artifact", "runtime", "ephemeris"]);
  if (facts.status !== "claimed" || Object.keys(facts).length === 1) fail("invalid_shape");
  if (facts.source !== void 0) {
    const source = record(facts.source);
    fields(source, ["repository", "commit"]);
    repository(source.repository);
    commit(source.commit);
  }
  if (facts.artifact !== void 0) {
    const artifact = record(facts.artifact);
    fields(
      artifact,
      ["sha256", "packageVersion"],
      ["distributionRepository", "distributionCommit"]
    );
    if (typeof artifact.sha256 !== "string" || !/^[a-f0-9]{64}$/.test(artifact.sha256))
      fail("invalid_value");
    if (version(artifact.packageVersion) !== engineVersion) fail("invalid_context");
    if (artifact.distributionRepository === void 0 !== (artifact.distributionCommit === void 0))
      fail("invalid_context");
    if (artifact.distributionRepository !== void 0) {
      repository(artifact.distributionRepository);
      commit(artifact.distributionCommit);
    }
  }
  if (facts.runtime !== void 0) {
    const runtime = record(facts.runtime);
    fields(runtime, ["name"], ["version", "icuVersion", "tzdbVersion"]);
    for (const item of Object.values(runtime)) text(item, 64);
  }
  if (facts.ephemeris !== void 0) {
    const ephemeris = record(facts.ephemeris);
    fields(ephemeris, ["name", "version"]);
    if (ephemeris.name !== "astronomy-engine") fail("unsupported_feature");
    version(ephemeris.version);
  }
}
function validateEnvelope(input) {
  const envelope = record(input);
  if (envelope.schema !== NATAL_ENVELOPE_SCHEMA) fail("unsupported_version");
  fields(envelope, ["schema", "requiredFeatures", "receipt", "result"], ["extensions"]);
  if (!Array.isArray(envelope.requiredFeatures)) fail("invalid_shape");
  if (envelope.requiredFeatures.length !== 0) fail("unsupported_feature");
  const receipt = record(envelope.receipt);
  if (receipt.schema !== NATAL_RECEIPT_SCHEMA) fail("unsupported_version");
  fields(receipt, [
    "schema",
    "instant",
    "sourceInstant",
    "timeKnown",
    "reference",
    "localResolution",
    "coordinates",
    "houses",
    "inputFlags",
    "resultFlags",
    "engine",
    "provenance",
    "conventions",
    "coverage"
  ]);
  canonicalInstant(receipt.instant);
  if (receipt.sourceInstant !== null) {
    if (typeof receipt.sourceInstant !== "string" || receipt.sourceInstant.length > 40)
      fail("invalid_context");
    try {
      if (dateFrom(receipt.sourceInstant, "source").toISOString() !== receipt.instant)
        fail("invalid_context");
    } catch {
      fail("invalid_context");
    }
  }
  const timeKnown = bool(receipt.timeKnown);
  const reference = choice(receipt.reference, ["supplied-instant", "utc-noon", "local-noon"]);
  if (reference !== "supplied-instant" && timeKnown) fail("invalid_context");
  if (reference === "utc-noon" && !receipt.instant.endsWith("T12:00:00.000Z"))
    fail("invalid_context");
  if (receipt.coordinates !== null) {
    const coords = record(receipt.coordinates);
    fields(coords, ["latitude", "longitude"]);
    number(coords.latitude, -90, 90);
    number(coords.longitude, -180, 180);
    if (timeKnown && Math.abs(coords.latitude) === 90) fail("unsupported_feature");
  }
  const result = validateResult(envelope.result);
  const house = record(receipt.houses);
  fields(house, ["requested", "actual", "absenceReason"]);
  const requested = choice(house.requested, HOUSE_SYSTEMS2);
  const reason = !timeKnown ? "unknown-time" : receipt.coordinates === null ? "missing-location" : null;
  if (house.absenceReason !== reason || result.houses === null !== (reason !== null) || house.actual !== (result.houses?.system ?? null))
    fail("inconsistent_result");
  if (requested === "whole" && result.houses?.system === "placidus") fail("inconsistent_result");
  const inputFlags = flagList(receipt.inputFlags, TIME_FLAGS);
  const resultFlags = flagList(receipt.resultFlags, FLAGS);
  const expected = [...inputFlags];
  if (!timeKnown) expected.push("no-time");
  if (requested === "placidus" && result.houses?.system === "whole")
    expected.push("polar-fallback");
  if (!sameFlags(expected, resultFlags)) fail("inconsistent_result");
  const engine = record(receipt.engine);
  fields(engine, ["name", "version"]);
  if (engine.name !== "@zodiacs/engine") fail("unsupported_feature");
  const engineVersion = version(engine.version);
  validateProvenance(receipt.provenance, engineVersion);
  validateLocal(receipt.localResolution, receipt);
  fixedFields(receipt.conventions, CONVENTIONS);
  fixedFields(receipt.coverage, COVERAGE);
  if (envelope.extensions !== void 0) record(envelope.extensions);
  return envelope;
}
function encoded(envelope) {
  const json = JSON.stringify(envelope);
  if (new TextEncoder().encode(json).length > NATAL_ENVELOPE_LIMITS.bytes) fail("size_limit");
  return json;
}
function checked(input) {
  const envelope = validateEnvelope(cloneData(input));
  encoded(envelope);
  return envelope;
}
function createNatalEnvelope(chart, context = {}) {
  return guarded(() => {
    const source = record(cloneData(chart, true));
    fields(source, ["input", "bodies", "angles", "houses", "aspects", "flags", "engineVersion"]);
    const input = record(source.input);
    fields(input, ["utc", "houseSystem", "timeKnown"], ["latitude", "longitude", "flags"]);
    if (!(input.utc instanceof Date)) fail("invalid_value");
    const supplied = record(cloneData(context));
    fields(
      supplied,
      [],
      ["reference", "sourceInstant", "localResolution", "provenance", "extensions"]
    );
    if (supplied.provenance !== void 0)
      fields(record(supplied.provenance), [], ["source", "artifact", "runtime", "ephemeris"]);
    if (input.latitude === void 0 !== (input.longitude === void 0)) fail("invalid_value");
    const houses = source.houses === null ? null : record(source.houses);
    const envelope = {
      schema: NATAL_ENVELOPE_SCHEMA,
      requiredFeatures: [],
      receipt: {
        schema: NATAL_RECEIPT_SCHEMA,
        instant: Date.prototype.toISOString.call(input.utc),
        sourceInstant: supplied.sourceInstant === void 0 ? null : supplied.sourceInstant,
        timeKnown: input.timeKnown,
        reference: supplied.reference === void 0 ? "supplied-instant" : supplied.reference,
        localResolution: supplied.localResolution ?? null,
        coordinates: input.latitude === void 0 ? null : { latitude: input.latitude, longitude: input.longitude },
        houses: {
          requested: input.houseSystem,
          actual: houses?.system ?? null,
          absenceReason: !input.timeKnown ? "unknown-time" : input.latitude === void 0 ? "missing-location" : null
        },
        inputFlags: input.flags ?? [],
        resultFlags: source.flags,
        engine: { name: "@zodiacs/engine", version: source.engineVersion },
        provenance: supplied.provenance === void 0 ? null : { ...record(supplied.provenance), status: "claimed" },
        conventions: { ...CONVENTIONS },
        coverage: { ...COVERAGE }
      },
      result: {
        bodies: source.bodies,
        angles: source.angles,
        houses: source.houses,
        aspects: source.aspects
      },
      ...supplied.extensions === void 0 ? {} : { extensions: supplied.extensions }
    };
    return checked(envelope);
  });
}
function serializeNatalEnvelope(envelope) {
  return guarded(() => encoded(checked(envelope)));
}

// ../../zodiacs-platform-local-date-catalog-count-independent-review/site/node_modules/@zodiacs/engine/dist/chunk-K5MRTCWE.js
function validateBirthSettings(birth) {
  const { houseSystem, timeKnown, latitude, longitude: longitude2 } = birth;
  if (houseSystem !== void 0 && houseSystem !== "whole" && houseSystem !== "placidus") {
    throw new RangeError('houseSystem must be "whole" or "placidus".');
  }
  if (timeKnown !== void 0 && typeof timeKnown !== "boolean") {
    throw new RangeError("timeKnown must be a boolean.");
  }
  const hasLatitude = latitude !== void 0;
  const hasLongitude = longitude2 !== void 0;
  if (hasLatitude !== hasLongitude) {
    throw new RangeError("latitude and longitude must be supplied together.");
  }
  if (latitude !== void 0 && (!Number.isFinite(latitude) || latitude < -90 || latitude > 90)) {
    throw new RangeError("latitude must be between -90 and 90 degrees.");
  }
  if (longitude2 !== void 0 && (!Number.isFinite(longitude2) || longitude2 < -180 || longitude2 > 180)) {
    throw new RangeError("longitude must be between -180 and 180 degrees.");
  }
  return {
    ...houseSystem === void 0 ? {} : { houseSystem },
    ...timeKnown === void 0 ? {} : { timeKnown },
    ...latitude === void 0 ? {} : { latitude, longitude: longitude2 }
  };
}
var FLAGS2 = ["dst-gap", "dst-fold", "lmt", "no-time", "polar-fallback"];
function snapshotFlags(value) {
  const length = Array.isArray(value) ? Object.getOwnPropertyDescriptor(value, "length")?.value : void 0;
  if (typeof length !== "number" || !Number.isInteger(length) || length < 0 || length > 64) {
    throw new RangeError("flags must be an array of at most 64 supported chart flags.");
  }
  const values = [];
  for (let index = 0; index < length; index += 1) {
    const flag = Object.getOwnPropertyDescriptor(value, String(index))?.value;
    if (typeof flag !== "string" || !FLAGS2.includes(flag)) {
      throw new RangeError("flags must contain only supported chart flag strings.");
    }
    if (!values.includes(flag)) values.push(flag);
  }
  if (values.includes("dst-gap") && values.includes("dst-fold")) {
    throw new RangeError('flags cannot contain both "dst-gap" and "dst-fold".');
  }
  return { values, hasDuplicates: values.length !== length };
}
function timeFlags(flags) {
  return flags.filter((flag) => flag !== "no-time" && flag !== "polar-fallback");
}
function assertDerivedFlags(supplied, actual) {
  for (const flag of ["no-time", "polar-fallback"]) {
    if (supplied.includes(flag) && !actual.includes(flag)) {
      throw new RangeError("flags contradict the birth time or house result.");
    }
  }
}

// ../../zodiacs-platform-local-date-catalog-count-independent-review/site/node_modules/@zodiacs/engine/dist/index.js
function validateBirth(birth) {
  if (!birth || typeof birth !== "object" || Array.isArray(birth)) {
    throw new RangeError("birth must be an object containing a resolved utc instant.");
  }
  const settings = validateBirthSettings(birth);
  const supplied = birth.flags;
  const flags = supplied === void 0 ? void 0 : snapshotFlags(supplied);
  const possible = [];
  if (settings.timeKnown === false) possible.push("no-time");
  else if (settings.houseSystem === "placidus" && settings.latitude !== void 0) {
    possible.push("polar-fallback");
  }
  assertDerivedFlags(flags?.values ?? [], possible);
  const input = {
    utc: dateFrom(birth.utc, "birth.utc"),
    houseSystem: settings.houseSystem ?? "whole",
    timeKnown: settings.timeKnown ?? true,
    ...settings.latitude === void 0 ? {} : { latitude: settings.latitude, longitude: settings.longitude },
    ...flags === void 0 ? {} : { flags: timeFlags(flags.values) }
  };
  return { input, flags };
}
function computedBirth({ input, flags }) {
  const chart = computeChart(input);
  assertDerivedFlags(flags?.values ?? [], chart.flags);
  return chart;
}
function natalChart(birth) {
  return computedBirth(validateBirth(birth));
}

// site/src/lib/engine/portable.ts
var PortableChartError = class extends Error {
  code = "calculation_failed";
  constructor() {
    super("Unable to prepare a portable chart.");
    this.name = "PortableChartError";
  }
};
function freezeJson(value) {
  if (value !== null && typeof value === "object") {
    for (const child of Object.values(value)) freezeJson(child);
    Object.freeze(value);
  }
  return value;
}
function computePortableChart(input, context) {
  try {
    const nativeChart = natalChart(input);
    const envelope = createNatalEnvelope(nativeChart, context);
    const { receipt } = envelope;
    const inputSnapshot = freezeJson({
      utc: receipt.instant,
      houseSystem: receipt.houses.requested,
      timeKnown: receipt.timeKnown,
      flags: [...receipt.inputFlags],
      ...receipt.coordinates === null ? {} : { ...receipt.coordinates }
    });
    const chart = adaptChart(nativeChart, {
      ...inputSnapshot,
      utc: new Date(inputSnapshot.utc),
      flags: [...inputSnapshot.flags]
    });
    return { chart, envelope: freezeJson(envelope), inputSnapshot };
  } catch {
    throw new PortableChartError();
  }
}

// site/src/lib/engine/calculator-receipt.ts
function computeCalculatorReceipt(input, local) {
  try {
    if (/^[+-]/.test(local.timeZone)) return null;
    if (input.timeKnown !== false && input.latitude !== void 0 && Math.abs(input.latitude) === 90) return null;
    const date = parseCivilDate(local.date);
    const time = parseCivilTime(local.time);
    if (!date || !time) throw new PortableChartError();
    const wall = /* @__PURE__ */ new Date(0);
    wall.setUTCFullYear(date.year, date.month - 1, date.day);
    wall.setUTCHours(time.hour, time.minute, 0, 0);
    const instant = new Date(input.utc).getTime();
    const gapShiftMinutes = (instant + local.offsetMinutes * 6e4 - wall.getTime()) / 6e4;
    if (gapShiftMinutes < 0 || (input.flags?.includes("dst-gap") ?? false) !== gapShiftMinutes > 0) return null;
    const { chart, envelope } = computePortableChart(input, {
      reference: local.reference,
      localResolution: {
        date: local.date,
        time: local.time,
        timeZone: local.timeZone,
        offsetMinutes: local.offsetMinutes,
        gapShiftMinutes,
        policy: { fold: "earlier", gap: "shift-forward" }
      }
    });
    return { chart, envelopeJson: serializeNatalEnvelope(envelope) };
  } catch {
    throw new PortableChartError();
  }
}

// site/src/lib/chart-shape.ts
var CONTEXT_CONVENTION = "zodiacs-chart-context-v1";
var SHAPE_BODIES = ["Sun", "Moon", "Mercury", "Venus", "Mars", "Jupiter", "Saturn", "Uranus", "Neptune", "Pluto"];
var TURN = 36e4;
var rank = (body) => SHAPE_BODIES.indexOf(body);
var norm3 = (x3) => (x3 % 360 + 360) % 360;
var shapeGrid = (lon) => Math.round(norm3(lon) * 1e3) % TURN;
var clockwise = (a4, b3) => (b3 - a4 + TURN) % TURN;
var oppositionOffset = (a4, b3) => Math.abs(clockwise(a4, b3) - TURN / 2);
var gapsOf = (p4) => p4.map((point, i4) => i4 === p4.length - 1 ? p4[0].value + TURN - point.value : p4[i4 + 1].value - point.value);
var canonicalMembers = (p4) => p4.map((x3) => x3.body).sort((a4, b3) => rank(a4) - rank(b3));
function measureChartShape(input, timeKnown) {
  const result = {
    status: "unavailable",
    reason: "invalid-positions",
    kind: null,
    convention: CONTEXT_CONVENTION,
    grid: 1e-3,
    band: 2,
    points: [],
    gaps: [],
    largestGap: null,
    occupiedSpan: null,
    candidates: []
  };
  const eligible = input.filter((p5) => rank(p5.body) >= 0);
  if (eligible.length !== 10 || new Set(eligible.map((p5) => p5.body)).size !== 10 || eligible.some((p5) => !Number.isFinite(p5.lon))) return result;
  const p4 = eligible.map((x3) => ({ body: x3.body, value: shapeGrid(x3.lon), originalLongitude: x3.lon })).sort((a4, b3) => a4.value - b3.value || rank(a4.body) - rank(b3.body));
  const gaps = gapsOf(p4), largest = Math.max(...gaps), span = TURN - largest;
  result.points = p4.map((x3) => ({ body: x3.body, originalLongitude: x3.originalLongitude, longitude: x3.value / 1e3 }));
  result.gaps = gaps.map((x3) => x3 / 1e3);
  result.largestGap = largest / 1e3;
  result.occupiedSpan = span / 1e3;
  function candidates(margin) {
    const found = /* @__PURE__ */ new Map();
    const max = (x3, limit) => x3 <= limit - margin;
    const min = (x3, limit) => x3 >= limit + margin;
    const between = (x3, low, high) => min(x3, low) && max(x3, high);
    function add(kind, groups, spans, separatingGaps, handle, offset) {
      const orderedGroups = groups.map((group, i4) => ({ members: canonicalMembers(group), span: spans[i4] })).sort((a4, b3) => a4.members.join(",").localeCompare(b3.members.join(",")));
      const members = orderedGroups.map((g3) => g3.members);
      const id = `${kind}:${handle ?? members.map((g3) => g3.join(",")).join("|")}`;
      found.set(id, {
        id,
        kind,
        groups: members,
        spans: orderedGroups.map((x3) => x3.span / 1e3),
        separatingGaps: separatingGaps.map((x3) => x3 / 1e3),
        ...handle ? { handle } : {},
        ...offset !== void 0 ? { oppositionOffset: offset / 1e3 } : {}
      });
    }
    if (max(span, 12e4)) add("bundle", [p4], [span], [largest]);
    if (gaps.every((g3) => max(g3, 6e4))) add("splash", [p4], [span], []);
    for (let cut = 0; cut < 10; cut++) {
      const inner = gaps.filter((_4, i4) => i4 !== cut), occupied = TURN - gaps[cut];
      if (!inner.every((g3) => max(g3, 6e4))) continue;
      if (between(occupied, 15e4, 18e4)) add("bowl", [p4], [occupied], [gaps[cut]]);
      if (between(occupied, 225e3, 255e3)) add("locomotive", [p4], [occupied], [gaps[cut]]);
    }
    for (let h4 = 0; h4 < 10; h4++) {
      const cluster = [...p4.slice(h4 + 1), ...p4.slice(0, h4)];
      const first = cluster[0], last = cluster[8];
      const arc = clockwise(first.value, last.value);
      const inner = cluster.slice(0, -1).map((x3, i4) => clockwise(x3.value, cluster[i4 + 1].value));
      const separators = [gaps[(h4 + 9) % 10], gaps[h4]];
      const offset = oppositionOffset((first.value + arc / 2) % TURN, p4[h4].value);
      if (between(arc, 12e4, 18e4) && inner.every((g3) => max(g3, 6e4)) && separators.every((g3) => min(g3, 6e4)) && max(offset, 3e4))
        add("bucket", [cluster], [arc], separators, p4[h4].body, offset);
    }
    for (let a4 = 0; a4 < 10; a4++) for (let length = 3; length <= 7; length++) {
      const ordered = [...p4.slice(a4), ...p4.slice(0, a4)];
      const left = ordered.slice(0, length), right = ordered.slice(length);
      const leftSpan = clockwise(left[0].value, left.at(-1).value), rightSpan = clockwise(right[0].value, right.at(-1).value);
      const separators = [gaps[(a4 + 9) % 10], gaps[(a4 + length - 1) % 10]];
      const inner = [left, right].flatMap((c4) => c4.slice(0, -1).map((x3, i4) => clockwise(x3.value, c4[i4 + 1].value)));
      const offset = oppositionOffset((left[0].value + leftSpan / 2) % TURN, (right[0].value + rightSpan / 2) % TURN);
      if (max(leftSpan, 9e4) && max(rightSpan, 9e4) && separators.every((g3) => min(g3, 6e4)) && inner.every((g3) => max(g3, 6e4)) && max(offset, 3e4))
        add("seesaw", [left, right], [leftSpan, rightSpan], separators, void 0, offset);
    }
    return [...found.values()].sort((a4, b3) => a4.id.localeCompare(b3.id));
  }
  const strict = candidates(2e3), relaxed = candidates(-2e3);
  result.candidates = relaxed;
  if (!timeKnown) return { ...result, status: "reference-only", reason: "unknown-time" };
  if (strict.length === 1 && relaxed.length === 1 && strict[0].id === relaxed[0].id)
    return { ...result, status: "clear", reason: void 0, kind: strict[0].kind, candidates: strict };
  const ambiguous = relaxed.some((x3, i4) => relaxed.some((y4, j3) => j3 !== i4 && y4.kind === x3.kind && y4.id !== x3.id));
  return { ...result, status: "no-clear", reason: relaxed.length === 0 ? "outside-conventions" : ambiguous || strict.length > 1 ? "ambiguous-membership" : "near-threshold" };
}

// site/src/lib/chart-context.ts
var CLASSICAL_BODIES = ["Sun", "Moon", "Mercury", "Venus", "Mars", "Jupiter", "Saturn"];
var classical = (body) => CLASSICAL_BODIES.includes(body);
var normal = (x3) => (x3 % 360 + 360) % 360;
function classicalRuler(sign) {
  const row = SIGNS.find((s4) => s4.slug === sign);
  const ruler = row?.classicRuler ?? row?.ruler;
  return ruler && classical(ruler) ? ruler : null;
}
function usableCusps(input) {
  if (!input.timeKnown || !input.houses || !["whole", "placidus"].includes(input.houses.system)) return null;
  const cusps = input.houses.cusps;
  if (cusps.length !== 12 || cusps.some((x3) => !Number.isFinite(x3))) return null;
  const normalized = cusps.map(normal);
  const gaps = normalized.map((x3, i4) => normal(normalized[(i4 + 1) % 12] - x3));
  if (gaps.some((x3) => x3 <= 0) || Math.abs(gaps.reduce((a4, b3) => a4 + b3, 0) - 360) > 1e-8) return null;
  return normalized;
}
function buildChartContext(input) {
  const cusps = usableCusps(input);
  const names = [...CLASSICAL_BODIES, ...[...new Set(input.bodies.map((p4) => p4.body).filter((body) => !classical(body)))].sort()];
  const placements = names.map((body) => {
    const matches = input.bodies.filter((p4) => p4.body === body);
    const good = matches.length === 1 && Number.isFinite(matches[0].lon);
    const row = {
      body,
      status: good ? input.timeKnown ? "established" : "reference" : "invalid",
      longitude: good ? normal(matches[0].lon) : null,
      sign: good ? signForLongitude(matches[0].lon).slug : null,
      house: good && cusps ? houseOf2(matches[0].lon, cusps) : null,
      covered: classical(body),
      dignities: [],
      conditionalSigns: []
    };
    if (body === "Moon" && good) {
      const candidates = input.moonSignCandidates;
      const valid = Array.isArray(candidates) && candidates.length >= 1 && candidates.length <= 2 && new Set(candidates).size === candidates.length && candidates.every((s4) => SIGNS.some((sign) => sign.slug === s4)) && candidates.includes(row.sign);
      const singleton = valid && candidates.length === 1;
      if (input.timeKnown && candidates !== void 0 && !singleton || !input.timeKnown && !singleton) {
        row.status = "unresolved";
        row.conditionalSigns = valid ? [...candidates] : [];
        row.sign = null;
        row.house = null;
      } else if (!input.timeKnown) {
        row.status = "established";
      }
    }
    if (row.sign !== null) row.dignities = dignitiesFor(body, row.sign);
    return row;
  });
  const byBody = new Map(placements.map((p4) => [p4.body, p4]));
  function ruler(cusp, house) {
    const sign = signForLongitude(cusp).slug, body = classicalRuler(sign);
    return { cusp: normal(cusp), sign, ruler: body, placement: byBody.get(body), ...house !== void 0 ? { house } : {} };
  }
  const chartRuler = input.timeKnown && input.angles && Number.isFinite(input.angles.asc) ? ruler(input.angles.asc) : null;
  const edges = CLASSICAL_BODIES.flatMap((from) => {
    const point = byBody.get(from);
    const to = point.sign ? classicalRuler(point.sign) : null;
    return to ? [{ from, to }] : [];
  });
  const graph = new Map(edges.map((e3) => [e3.from, e3.to]));
  const terminals = /* @__PURE__ */ new Map();
  const chains = CLASSICAL_BODIES.map((body) => {
    const members = [];
    let current = body;
    while (members.length <= 7) {
      const seen = members.indexOf(current);
      if (seen !== -1) {
        const cycle = members.slice(seen);
        const first = cycle.reduce((a4, b3) => CLASSICAL_BODIES.indexOf(a4) < CLASSICAL_BODIES.indexOf(b3) ? a4 : b3);
        const cut = cycle.indexOf(first), canonical = [...cycle.slice(cut), ...cycle.slice(0, cut)];
        const id = canonical.join(">");
        terminals.set(id, { id, members: canonical, kind: canonical.length === 1 ? "self" : canonical.length === 2 ? "mutual" : "cycle" });
        return { body, members: [...members, current], status: cycle.length === 1 ? "terminal" : "cycle", endpoint: id, missing: null };
      }
      members.push(current);
      const next = graph.get(current);
      if (!next) return { body, members, status: "incomplete", endpoint: null, missing: current };
      current = next;
    }
    return { body, members, status: "incomplete", endpoint: null, missing: current };
  });
  const components = [...terminals.values()].sort((a4, b3) => a4.id.localeCompare(b3.id));
  const final = input.timeKnown && edges.length === 7 && components.length === 1 && components[0].kind === "self" && chains.every((c4) => c4.status === "terminal" && c4.endpoint === components[0].id) ? components[0].members[0] : null;
  const identity = JSON.stringify([
    CONTEXT_CONVENTION,
    [...input.bodies].sort((a4, b3) => a4.body.localeCompare(b3.body)),
    input.timeKnown,
    input.moonSignCandidates ?? null,
    input.angles,
    input.houses
  ]);
  const shape = measureChartShape(input.bodies, input.timeKnown);
  if (input.timeKnown && byBody.get("Moon")?.status === "unresolved") {
    shape.status = "unavailable";
    shape.reason = "invalid-positions";
    shape.kind = null;
  }
  return {
    convention: CONTEXT_CONVENTION,
    identity,
    timeKnown: input.timeKnown,
    shape,
    placements,
    rulers: { chart: chartRuler, houses: cusps ? cusps.map((c4, i4) => ruler(c4, i4 + 1)) : [], system: cusps ? input.houses.system : null },
    dispositors: { edges, chains, terminals: components, final, reference: !input.timeKnown }
  };
}

// site/src/lib/share.ts
var VERSION_PREFIX = "1.";
var NAME_MAX = 24;
var PLACE_MAX = 40;
var isControlChar = (code) => code < 32 || code === 127;
function clean(s4, max) {
  let kept = "";
  for (const ch of s4) {
    kept += isControlChar(ch.charCodeAt(0)) ? " " : ch;
  }
  return kept.replace(/\s+/g, " ").trim().slice(0, max);
}
function toBase64Url2(bytes) {
  let bin = "";
  for (let i4 = 0; i4 < bytes.length; i4 += 1) bin += String.fromCharCode(bytes[i4]);
  return btoa(bin).replace(/\+/g, "-").replace(/\//g, "_").replace(/=+$/, "");
}
function fromBase64Url2(s4) {
  if (!/^[A-Za-z0-9_-]+$/.test(s4)) return null;
  const b64 = s4.replace(/-/g, "+").replace(/_/g, "/");
  try {
    const bin = atob(b64.padEnd(b64.length + (4 - b64.length % 4) % 4, "="));
    const bytes = new Uint8Array(bin.length);
    for (let i4 = 0; i4 < bin.length; i4 += 1) bytes[i4] = bin.charCodeAt(i4);
    return bytes;
  } catch {
    return null;
  }
}
function encodeChartLink(input) {
  const wire = {
    d: input.date,
    z: input.tz,
    la: Math.round(input.lat * 1e4) / 1e4,
    lo: Math.round(input.lon * 1e4) / 1e4
  };
  if (input.timeKnown && input.time) wire.t = input.time;
  const name = input.name ? clean(input.name, NAME_MAX) : "";
  if (name) wire.n = name;
  const place = input.place ? clean(input.place, PLACE_MAX) : "";
  if (place) wire.p = place;
  if (input.houseSystem !== "whole") wire.h = input.houseSystem;
  return VERSION_PREFIX + toBase64Url2(new TextEncoder().encode(JSON.stringify(wire)));
}
function validTz(tz) {
  if (typeof tz !== "string" || tz.length === 0 || tz.length > 64) return false;
  try {
    new Intl.DateTimeFormat(TECHNICAL_OFFSET_LOCALE, { timeZone: tz });
    return true;
  } catch {
    return false;
  }
}
function decodeChartLink(token) {
  if (typeof token !== "string" || !token.startsWith(VERSION_PREFIX)) return null;
  const bytes = fromBase64Url2(token.slice(VERSION_PREFIX.length));
  if (!bytes) return null;
  let wire;
  try {
    wire = JSON.parse(new TextDecoder().decode(bytes));
  } catch {
    return null;
  }
  if (typeof wire !== "object" || wire === null || Array.isArray(wire)) return null;
  const w4 = wire;
  if (typeof w4.d !== "string") return null;
  const date = parseCivilDate(w4.d);
  if (!date || date.year < 1800 || date.year > 2199) return null;
  let time = null;
  if (w4.t !== void 0) {
    if (typeof w4.t !== "string" || !parseCivilTime(w4.t)) return null;
    time = w4.t;
  }
  if (typeof w4.z !== "string" || !validTz(w4.z)) return null;
  if (typeof w4.la !== "number" || !Number.isFinite(w4.la) || Math.abs(w4.la) > 90) return null;
  if (typeof w4.lo !== "number" || !Number.isFinite(w4.lo) || Math.abs(w4.lo) > 180) return null;
  let houseSystem = "whole";
  if (w4.h !== void 0) {
    if (w4.h !== "placidus") return null;
    houseSystem = "placidus";
  }
  const out = {
    date: w4.d,
    time,
    timeKnown: time !== null,
    lat: w4.la,
    lon: w4.lo,
    tz: w4.z,
    houseSystem
  };
  if (typeof w4.n === "string" && clean(w4.n, NAME_MAX)) out.name = clean(w4.n, NAME_MAX);
  if (typeof w4.p === "string" && clean(w4.p, PLACE_MAX)) out.place = clean(w4.p, PLACE_MAX);
  return out;
}

// probe.ts
(0, import_node_fs.mkdirSync)("/private/tmp/zodiacs-platform-reference-confidence-independent-review/freeze2/markup", { recursive: true });
var sha = (s4) => (0, import_node_crypto.createHash)("sha256").update(s4).digest("hex");
var numerical = (chart) => {
  const { moonSignCandidates, ...rest } = chart;
  return JSON.stringify(rest);
};
var fmt = (zone, instant) => new Intl.DateTimeFormat("en-GB-u-ca-gregory-nu-latn", { timeZone: zone, year: "numeric", month: "2-digit", day: "2-digit", hour: "2-digit", minute: "2-digit", second: "2-digit", fractionalSecondDigits: 3, hourCycle: "h23" }).format(instant);
var controls = [
  { name: "Toronto", date: "1919-03-31", zone: "America/Toronto", lat: 43.6532, lon: -79.3832, witness: "1919-03-31T04:30:00.000Z", previous: "1919-03-31T04:29:59.999Z", sign: "pisces", candidate: "aries" },
  { name: "Juneau", date: "1867-10-18", zone: "America/Juneau", lat: 58.3019, lon: -134.4197, witness: "1867-10-19T00:31:13.000Z", previous: "1867-10-19T00:31:12.999Z", sign: "cancer", candidate: "gemini" },
  { name: "Bangkok ordinary", date: "2000-01-01", zone: "Asia/Bangkok", lat: 13.7563, lon: 100.5018 },
  { name: "London two candidates", date: "1990-01-01", zone: "Europe/London", lat: 51.5074, lon: -0.1278 }
];
function consumers(chart) {
  const context = buildChartContext({ bodies: chart.bodies, timeKnown: chart.input.timeKnown, moonSignCandidates: chart.moonSignCandidates, angles: chart.angles, houses: chart.houses });
  return { candidates: moonCandidates(chart), uncertain: moonIsUncertain(chart), moonContext: context.placements.find((p4) => p4.body === "Moon"), approach: approachRead(chart), communication: communicationRead(chart), signature: chartSignature(chart), bigThree: bigThreePlacements(chart), signatureCard: signatureCardContent(chart), communicationCard: communicationCardContent(chart), approachCard: approachCardContent(chart) };
}
function renderConsumers(chart, name, candidates, verify = true) {
  const scene = buildSceneModel(chart);
  const token = encodePositionsLink({ bodies: chart.bodies, angles: chart.angles, houseSystem: "whole", engineVersion: chart.engineVersion });
  const received = decodePositionsLink(token);
  (0, import_strict.default)(received);
  const markup = {
    inspector: K2(k(Inspector, { scene, selection: { kind: "body", body: "Moon" }, onSelect: () => {
    }, locale: "en" })),
    shareDialog: K2(k(ChartShareDialog, { chart, locale: "en", mode: "moon", card: "idle", moonAmbiguous: moonIsUncertain(chart), onCardStateChange: () => {
    }, onClose: () => {
    } })),
    readingPath: K2(k(ReadingPath, { placements: chart.bodies.filter((b3) => !b3.body.includes("Node")).map((b3) => ({ ...b3, house: null })), topAspects: [{ a: "Sun", b: "Moon", type: "sextile", orb: 0.1, applying: false }], weather: { elements: { fire: 0, earth: 0, air: 0, water: 10 }, modalities: { cardinal: 10, fixed: 0, mutable: 0 }, lines: ["Unverified ten-planet claim"] }, risingLon: null, housesKnown: false, moonSignCandidates: candidates, onShowOnChart: () => {
    } })),
    positions: K2(k(PositionsOnlyResult, { chart: received, locale: "en" }))
  };
  if (verify) {
    (0, import_strict.default)(markup.inspector.includes("Needs a birth time"));
    (0, import_strict.default)(!markup.inspector.includes("How the sign shapes it"));
    (0, import_strict.default)(markup.shareDialog.includes("Needs a birth time"));
    (0, import_strict.default)(!markup.shareDialog.includes("calc-share-dialog__placement-glyph"));
    (0, import_strict.default)(markup.readingPath.includes("Needs a birth time"));
    (0, import_strict.default)(!markup.readingPath.includes("/learn/placements/moon-in-"));
    (0, import_strict.default)(!markup.readingPath.includes("Sun sextile Moon"));
    (0, import_strict.default)(!markup.readingPath.includes("Unverified ten-planet claim"));
    (0, import_strict.default)(markup.positions.includes("Needs a birth time"));
  }
  const record2 = {};
  for (const [surface, text2] of Object.entries(markup)) {
    const file = name.replaceAll(" ", "-") + "-" + surface + ".html";
    (0, import_node_fs.writeFileSync)("/private/tmp/zodiacs-platform-reference-confidence-independent-review/freeze2/markup/" + file, text2);
    record2[surface] = { file, sha256: sha(text2), bytes: Buffer.byteLength(text2) };
  }
  return record2;
}
var rows = [];
for (const input of controls) {
  const resolved = resolveLocalToUtc(input.date, "12:00", input.zone);
  (0, import_strict.default)(localDateContainsUtc(input.date, resolved.utc, input.zone));
  const portable = computeCalculatorReceipt({ utc: resolved.utc, latitude: input.lat, longitude: input.lon, houseSystem: "whole", timeKnown: false, flags: resolved.flags }, { date: input.date, time: "12:00", timeZone: input.zone, offsetMinutes: resolved.offsetMinutes, reference: "local-noon" });
  (0, import_strict.default)(portable);
  const chart = portable.chart, originalNumeric = numerical(chart), originalReceipt = portable.envelopeJson;
  const endpoints = localDateEndpointsUtc(input.date, input.zone), start = computeBodies2(endpoints.start), end = computeBodies2(endpoints.end);
  const baselineEvents = [], candidateEvents = [];
  const captured = { date: input.date, city: { tz: input.zone }, timeKnown: false };
  const baselineBranch = applyConfidence(chart, captured, "full", baselineEvents);
  (0, import_strict.default)(baselineBranch);
  const before = consumers(chart), policy = { ...chart }, candidateBranch = applyConfidence2(policy, captured, "full", candidateEvents), after = consumers(policy);
  (0, import_strict.default)(candidateBranch);
  import_strict.default.equal(candidateBranch.nextMoonAmbiguous, true);
  import_strict.default.equal(candidateBranch.nextRegistryRecordSlug, null);
  import_strict.default.equal(candidateEvents.length, 0);
  import_strict.default.equal(baselineEvents.length, 3);
  const markup = renderConsumers(policy, input.name, after.candidates);
  const baselineMarkup = renderConsumers(chart, input.name + " baseline", before.candidates, false);
  import_strict.default.equal(numerical(policy), originalNumeric);
  import_strict.default.equal(portable.envelopeJson, originalReceipt);
  import_strict.default.deepEqual(after.candidates, []);
  import_strict.default.equal(after.moonContext?.status, "unresolved");
  import_strict.default.equal(after.moonContext?.sign, null);
  import_strict.default.equal(after.approach.moon, null);
  import_strict.default.equal(after.communication.moonSign, null);
  (0, import_strict.default)(after.communication.aspects.every((x3) => x3.target !== "Moon"));
  import_strict.default.equal(after.bigThree.find((x3) => x3.kind === "moon")?.slug, "");
  import_strict.default.equal(after.communicationCard.rows.find((x3) => x3.body === "Moon")?.slug, "");
  import_strict.default.equal(after.approachCard.rows.find((x3) => x3.body === "Moon")?.slug, "");
  const pos = (c4) => encodePositionsLink({ bodies: c4.bodies, angles: c4.angles, houseSystem: "whole", engineVersion: c4.engineVersion });
  import_strict.default.equal(pos(chart), pos(policy));
  const decoded = decodePositionsLink(pos(policy));
  (0, import_strict.default)(decoded);
  (0, import_strict.default)(moonIsUncertain(decoded));
  (0, import_strict.default)(positionsReading(decoded).topAspects.every((a4) => a4.a !== "Moon" && a4.b !== "Moon"));
  const birth = { date: input.date, time: null, timeKnown: false, lat: input.lat, lon: input.lon, tz: input.zone, houseSystem: "whole" };
  const birthToken = encodeChartLink(birth);
  import_strict.default.equal(decodeChartLink(birthToken)?.timeKnown, false);
  const savedProjection = (c4) => JSON.stringify({ birth: { date: input.date, time: null, timeKnown: false, place: { lat: input.lat, lon: input.lon, tz: input.zone } }, summary: { engineVersion: c4.engineVersion, utcISO: c4.input.utc.toISOString(), houseSystem: c4.houses?.system ?? c4.input.houseSystem, bodies: c4.bodies.map((b3) => ({ body: b3.body, lon: b3.lon, retrograde: b3.retrograde })), angles: c4.angles ? { asc: c4.angles.asc, mc: c4.angles.mc } : null, flags: c4.flags } });
  import_strict.default.equal(savedProjection(chart), savedProjection(policy));
  let witness = null;
  if (input.witness) {
    const utc = new Date(input.witness), previous = new Date(input.previous);
    const longitude2 = bodyLongitude2("Moon", utc);
    (0, import_strict.default)(localDateContainsUtc(input.date, utc, input.zone));
    (0, import_strict.default)(!localDateContainsUtc(input.date, previous, input.zone));
    import_strict.default.equal(signForLongitude(longitude2).slug, input.sign);
    import_strict.default.deepEqual(before.candidates, [input.candidate]);
    (0, import_strict.default)(!before.candidates.includes(input.sign));
    witness = { utc: utc.toISOString(), local: fmt(input.zone, utc), member: true, moonLongitude: longitude2, sign: signForLongitude(longitude2).slug, previous: { utc: previous.toISOString(), local: fmt(input.zone, previous), member: false } };
  }
  rows.push({ input, confidenceBranches: { baseline: { nextMoonAmbiguous: baselineBranch.nextMoonAmbiguous, nextRegistryRecordSlug: baselineBranch.nextRegistryRecordSlug, events: baselineEvents }, candidate: { nextMoonAmbiguous: candidateBranch.nextMoonAmbiguous, nextRegistryRecordSlug: candidateBranch.nextRegistryRecordSlug, events: candidateEvents } }, markup, baselineMarkup, reference: { utc: resolved.utc.toISOString(), local: fmt(input.zone, resolved.utc), offsetMinutes: resolved.offsetMinutes, flags: resolved.flags }, endpoints: { start: endpoints.start.toISOString(), end: endpoints.end.toISOString(), startLocal: fmt(input.zone, endpoints.start), endLocal: fmt(input.zone, endpoints.end) }, witness, before, policy: after, unchanged: { numericalJsonSha256: sha(originalNumeric), receiptSha256: sha(originalReceipt), positionsTokenSha256: sha(pos(chart)), birthTokenSha256: sha(birthToken), savedProjectionSha256: sha(savedProjection(policy)) }, currentRegistrySun: { endpointSlug: stableBodySignSlug("Sun", start, end), referenceSlug: signForLongitude(chart.bodies.find((b3) => b3.body === "Sun").lon).slug }, policyRegistrySun: null });
}
var known = [];
for (const input of controls.slice(0, 2)) {
  const resolved = resolveLocalToUtc(input.date, "12:00", input.zone);
  const p4 = computeCalculatorReceipt({ utc: resolved.utc, latitude: input.lat, longitude: input.lon, houseSystem: "whole", timeKnown: true, flags: resolved.flags }, { date: input.date, time: "12:00", timeZone: input.zone, offsetMinutes: resolved.offsetMinutes, reference: "supplied-instant" });
  (0, import_strict.default)(p4);
  const original = JSON.stringify(p4.chart);
  const events = [];
  const branch = applyConfidence2(p4.chart, { date: input.date, city: { tz: input.zone }, timeKnown: true }, "full", events);
  (0, import_strict.default)(branch);
  import_strict.default.equal(JSON.stringify(p4.chart), original);
  import_strict.default.equal(branch.nextMoonAmbiguous, false);
  import_strict.default.equal(branch.nextRegistryRecordSlug, signForLongitude(p4.chart.bodies.find((b3) => b3.body === "Sun").lon).slug);
  import_strict.default.deepEqual(events, []);
  const c4 = consumers(p4.chart);
  (0, import_strict.default)(!c4.uncertain);
  import_strict.default.equal(c4.moonContext?.status, "established");
  known.push({ input, candidates: c4.candidates, moonStatus: c4.moonContext?.status, moonAdvicePresent: !!c4.approach.moon, numericalSha256: sha(numerical(p4.chart)), receiptSha256: sha(p4.envelopeJson) });
}
var skipped = resolveLocalToUtc("2011-12-30", "12:00", "Pacific/Apia");
(0, import_strict.default)(!localDateContainsUtc("2011-12-30", skipped.utc, "Pacific/Apia"));
console.log(JSON.stringify({ runtime: { node: process.version, versions: process.versions, temporalAvailable: typeof globalThis.Temporal !== "undefined" }, qualification: "Actual AST-bounded baseline/frozen confidence span execution in declared synchronous wrappers, actual unchanged consumer helpers and four actual Preact consumer SSR components. No full ChartCalculator/DOM/async ownership execution, no independent ephemeris oracle, no full-date completeness, no persistence or network calls. Coordinates are explicit finite fixture coordinates, not a city-data lookup. Prior preparation numerical/receipt projection assertions retained as additional limited checks, not browser save proof.", unknown: rows, known, skipped: { date: "2011-12-30", zone: "Pacific/Apia", reference: skipped.utc.toISOString(), member: false } }, null, 2));
/*! Bundled license information:

astronomy-engine/esm/astronomy.js:
  (**
      @preserve
  
      Astronomy library for JavaScript (browser and Node.js).
      https://github.com/cosinekitty/astronomy
  
      MIT License
  
      Copyright (c) 2019-2023 Don Cross <cosinekitty@gmail.com>
  
      Permission is hereby granted, free of charge, to any person obtaining a copy
      of this software and associated documentation files (the "Software"), to deal
      in the Software without restriction, including without limitation the rights
      to use, copy, modify, merge, publish, distribute, sublicense, and/or sell
      copies of the Software, and to permit persons to whom the Software is
      furnished to do so, subject to the following conditions:
  
      The above copyright notice and this permission notice shall be included in all
      copies or substantial portions of the Software.
  
      THE SOFTWARE IS PROVIDED "AS IS", WITHOUT WARRANTY OF ANY KIND, EXPRESS OR
      IMPLIED, INCLUDING BUT NOT LIMITED TO THE WARRANTIES OF MERCHANTABILITY,
      FITNESS FOR A PARTICULAR PURPOSE AND NONINFRINGEMENT. IN NO EVENT SHALL THE
      AUTHORS OR COPYRIGHT HOLDERS BE LIABLE FOR ANY CLAIM, DAMAGES OR OTHER
      LIABILITY, WHETHER IN AN ACTION OF CONTRACT, TORT OR OTHERWISE, ARISING FROM,
      OUT OF OR IN CONNECTION WITH THE SOFTWARE OR THE USE OR OTHER DEALINGS IN THE
      SOFTWARE.
  *)
  (**
   * @fileoverview Astronomy calculation library for browser scripting and Node.js.
   * @author Don Cross <cosinekitty@gmail.com>
   * @license MIT
   *)
*/
