{
  "timestamp": "2026-09-08T05:36:53.372Z",
  "node": "v22.23.2",
  "icu": "78.2",
  "tz": "2026a",
  "zoneCount": 356,
  "caseCount": 2136,
  "counts": {
    "compatible": 2136
  },
  "scope": "Host resolver to actual legacy and portable engine compatibility; no independent astronomical or historical timezone truth oracle. Synthetic coordinates51.5,0 for every zone.",
  "source": {
    "src/lib/engine/calculator-receipt.ts": "8b1f1a618905d2aef01d910c501184f5617abfaf99cbf5458136c23e932a5336",
    "src/lib/engine/portable.ts": "3da4a72f35d6e56ced6145d3bed19b48d0001abc29f28299cb8a645c7c22618f",
    "src/lib/time/localToUtc.ts": "bd7a3b494c9884928b8710940372a6bc4c44c2ed3adac4a8b531f41f901ecb64",
    "public/data/cities/index.json": "3efa920843be21788d47ed236109127a270025b1fc81aa2e3f6dae835c429dd6"
  },
  "outcomes": [
    {
      "zone": "Europe/Andorra",
      "date": "1800-01-01",
      "time": "00:00",
      "timeKnown": true,
      "status": "compatible",
      "utc": "1799-12-31T23:53:56.000Z",
      "offsetMinutes": 6.066666666666666,
      "flags": [
        "lmt"
      ],
      "gapShiftMinutes": 0
    },
    {
      "zone": "Europe/Andorra",
      "date": "1800-01-01",
      "time": "23:59",
      "timeKnown": true,
      "status": "compatible",
      "utc": "1800-01-01T23:52:56.000Z",
      "offsetMinutes": 6.066666666666666,
      "flags": [
        "lmt"
      ],
      "gapShiftMinutes": 0
    },
    {
      "zone": "Europe/Andorra",
      "date": "1800-01-01",
      "time": "12:00",
      "timeKnown": false,
      "status": "compatible",
      "utc": "1800-01-01T11:53:56.000Z",
      "offsetMinutes": 6.066666666666666,
      "flags": [
        "lmt"
      ],
      "gapShiftMinutes": 0
    },
    {
      "zone": "Europe/Andorra",
      "date": "2199-12-31",
      "time": "00:00",
      "timeKnown": true,
      "status": "compatible",
      "utc": "2199-12-30T23:00:00.000Z",
      "offsetMinutes": 60,
      "flags": [],
      "gapShiftMinutes": 0
    },
    {
      "zone": "Europe/Andorra",
      "date": "2199-12-31",
      "time": "23:59",
      "timeKnown": true,
      "status": "compatible",
      "utc": "2199-12-31T22:59:00.000Z",
      "offsetMinutes": 60,
      "flags": [],
      "gapShiftMinutes": 0
    },
    {
      "zone": "Europe/Andorra",
      "date": "2199-12-31",
      "time": "12:00",
      "timeKnown": false,
      "status": "compatible",
      "utc": "2199-12-31T11:00:00.000Z",
      "offsetMinutes": 60,
      "flags": [],
      "gapShiftMinutes": 0
    },
    {
      "zone": "Asia/Dubai",
      "date": "1800-01-01",
      "time": "00:00",
      "timeKnown": true,
      "status": "compatible",
      "utc": "1799-12-31T20:18:48.000Z",
      "offsetMinutes": 221.2,
      "flags": [
        "lmt"
      ],
      "gapShiftMinutes": 0
    },
    {
      "zone": "Asia/Dubai",
      "date": "1800-01-01",
      "time": "23:59",
      "timeKnown": true,
      "status": "compatible",
      "utc": "1800-01-01T20:17:48.000Z",
      "offsetMinutes": 221.2,
      "flags": [
        "lmt"
      ],
      "gapShiftMinutes": 0
    },
    {
      "zone": "Asia/Dubai",
      "date": "1800-01-01",
      "time": "12:00",
      "timeKnown": false,
      "status": "compatible",
      "utc": "1800-01-01T08:18:48.000Z",
      "offsetMinutes": 221.2,
      "flags": [
        "lmt"
      ],
      "gapShiftMinutes": 0
    },
    {
      "zone": "Asia/Dubai",
      "date": "2199-12-31",
      "time": "00:00",
      "timeKnown": true,
      "status": "compatible",
      "utc": "2199-12-30T20:00:00.000Z",
      "offsetMinutes": 240,
      "flags": [],
      "gapShiftMinutes": 0
    },
    {
      "zone": "Asia/Dubai",
      "date": "2199-12-31",
      "time": "23:59",
      "timeKnown": true,
      "status": "compatible",
      "utc": "2199-12-31T19:59:00.000Z",
      "offsetMinutes": 240,
      "flags": [],
      "gapShiftMinutes": 0
    },
    {
      "zone": "Asia/Dubai",
      "date": "2199-12-31",
      "time": "12:00",
      "timeKnown": false,
      "status": "compatible",
      "utc": "2199-12-31T08:00:00.000Z",
      "offsetMinutes": 240,
      "flags": [],
      "gapShiftMinutes": 0
    },
    {
      "zone": "Asia/Kabul",
      "date": "1800-01-01",
      "time": "00:00",
      "timeKnown": true,
      "status": "compatible",
      "utc": "1799-12-31T19:23:12.000Z",
      "offsetMinutes": 276.8,
      "flags": [
        "lmt"
      ],
      "gapShiftMinutes": 0
    },
    {
      "zone": "Asia/Kabul",
      "date": "1800-01-01",
      "time": "23:59",
      "timeKnown": true,
      "status": "compatible",
      "utc": "1800-01-01T19:22:12.000Z",
      "offsetMinutes": 276.8,
      "flags": [
        "lmt"
      ],
      "gapShiftMinutes": 0
    },
    {
      "zone": "Asia/Kabul",
      "date": "1800-01-01",
      "time": "12:00",
      "timeKnown": false,
      "status": "compatible",
      "utc": "1800-01-01T07:23:12.000Z",
      "offsetMinutes": 276.8,
      "flags": [
        "lmt"
      ],
      "gapShiftMinutes": 0
    },
    {
      "zone": "Asia/Kabul",
      "date": "2199-12-31",
      "time": "00:00",
      "timeKnown": true,
      "status": "compatible",
      "utc": "2199-12-30T19:30:00.000Z",
      "offsetMinutes": 270,
      "flags": [],
      "gapShiftMinutes": 0
    },
    {
      "zone": "Asia/Kabul",
      "date": "2199-12-31",
      "time": "23:59",
      "timeKnown": true,
      "status": "compatible",
      "utc": "2199-12-31T19:29:00.000Z",
      "offsetMinutes": 270,
      "flags": [],
      "gapShiftMinutes": 0
    },
    {
      "zone": "Asia/Kabul",
      "date": "2199-12-31",
      "time": "12:00",
      "timeKnown": false,
      "status": "compatible",
      "utc": "2199-12-31T07:30:00.000Z",
      "offsetMinutes": 270,
      "flags": [],
      "gapShiftMinutes": 0
    },
    {
      "zone": "America/Antigua",
      "date": "1800-01-01",
      "time": "00:00",
      "timeKnown": true,
      "status": "compatible",
      "utc": "1800-01-01T04:24:25.000Z",
      "offsetMinutes": -264.4166666666667,
      "flags": [
        "lmt"
      ],
      "gapShiftMinutes": 0
    },
    {
      "zone": "America/Antigua",
      "date": "1800-01-01",
      "time": "23:59",
      "timeKnown": true,
      "status": "compatible",
      "utc": "1800-01-02T04:23:25.000Z",
      "offsetMinutes": -264.4166666666667,
      "flags": [
        "lmt"
      ],
      "gapShiftMinutes": 0
    },
    {
      "zone": "America/Antigua",
      "date": "1800-01-01",
      "time": "12:00",
      "timeKnown": false,
      "status": "compatible",
      "utc": "1800-01-01T16:24:25.000Z",
      "offsetMinutes": -264.4166666666667,
      "flags": [
        "lmt"
      ],
      "gapShiftMinutes": 0
    },
    {
      "zone": "America/Antigua",
      "date": "2199-12-31",
      "time": "00:00",
      "timeKnown": true,
      "status": "compatible",
      "utc": "2199-12-31T04:00:00.000Z",
      "offsetMinutes": -240,
      "flags": [],
      "gapShiftMinutes": 0
    },
    {
      "zone": "America/Antigua",
      "date": "2199-12-31",
      "time": "23:59",
      "timeKnown": true,
      "status": "compatible",
      "utc": "2200-01-01T03:59:00.000Z",
      "offsetMinutes": -240,
      "flags": [],
      "gapShiftMinutes": 0
    },
    {
      "zone": "America/Antigua",
      "date": "2199-12-31",
      "time": "12:00",
      "timeKnown": false,
      "status": "compatible",
      "utc": "2199-12-31T16:00:00.000Z",
      "offsetMinutes": -240,
      "flags": [],
      "gapShiftMinutes": 0
    },
    {
      "zone": "America/Anguilla",
      "date": "1800-01-01",
      "time": "00:00",
      "timeKnown": true,
      "status": "compatible",
      "utc": "1800-01-01T04:24:25.000Z",
      "offsetMinutes": -264.4166666666667,
      "flags": [
        "lmt"
      ],
      "gapShiftMinutes": 0
    },
    {
      "zone": "America/Anguilla",
      "date": "1800-01-01",
      "time": "23:59",
      "timeKnown": true,
      "status": "compatible",
      "utc": "1800-01-02T04:23:25.000Z",
      "offsetMinutes": -264.4166666666667,
      "flags": [
        "lmt"
      ],
      "gapShiftMinutes": 0
    },
    {
      "zone": "America/Anguilla",
      "date": "1800-01-01",
      "time": "12:00",
      "timeKnown": false,
      "status": "compatible",
      "utc": "1800-01-01T16:24:25.000Z",
      "offsetMinutes": -264.4166666666667,
      "flags": [
        "lmt"
      ],
      "gapShiftMinutes": 0
    },
    {
      "zone": "America/Anguilla",
      "date": "2199-12-31",
      "time": "00:00",
      "timeKnown": true,
      "status": "compatible",
      "utc": "2199-12-31T04:00:00.000Z",
      "offsetMinutes": -240,
      "flags": [],
      "gapShiftMinutes": 0
    },
    {
      "zone": "America/Anguilla",
      "date": "2199-12-31",
      "time": "23:59",
      "timeKnown": true,
      "status": "compatible",
      "utc": "2200-01-01T03:59:00.000Z",
      "offsetMinutes": -240,
      "flags": [],
      "gapShiftMinutes": 0
    },
    {
      "zone": "America/Anguilla",
      "date": "2199-12-31",
      "time": "12:00",
      "timeKnown": false,
      "status": "compatible",
      "utc": "2199-12-31T16:00:00.000Z",
      "offsetMinutes": -240,
      "flags": [],
      "gapShiftMinutes": 0
    },
    {
      "zone": "Europe/Tirane",
      "date": "1800-01-01",
      "time": "00:00",
      "timeKnown": true,
      "status": "compatible",
      "utc": "1799-12-31T22:40:40.000Z",
      "offsetMinutes": 79.33333333333333,
      "flags": [
        "lmt"
      ],
      "gapShiftMinutes": 0
    },
    {
      "zone": "Europe/Tirane",
      "date": "1800-01-01",
      "time": "23:59",
      "timeKnown": true,
      "status": "compatible",
      "utc": "1800-01-01T22:39:40.000Z",
      "offsetMinutes": 79.33333333333333,
      "flags": [
        "lmt"
      ],
      "gapShiftMinutes": 0
    },
    {
      "zone": "Europe/Tirane",
      "date": "1800-01-01",
      "time": "12:00",
      "timeKnown": false,
      "status": "compatible",
      "utc": "1800-01-01T10:40:40.000Z",
      "offsetMinutes": 79.33333333333333,
      "flags": [
        "lmt"
      ],
      "gapShiftMinutes": 0
    },
    {
      "zone": "Europe/Tirane",
      "date": "2199-12-31",
      "time": "00:00",
      "timeKnown": true,
      "status": "compatible",
      "utc": "2199-12-30T23:00:00.000Z",
      "offsetMinutes": 60,
      "flags": [],
      "gapShiftMinutes": 0
    },
    {
      "zone": "Europe/Tirane",
      "date": "2199-12-31",
      "time": "23:59",
      "timeKnown": true,
      "status": "compatible",
      "utc": "2199-12-31T22:59:00.000Z",
      "offsetMinutes": 60,
      "flags": [],
      "gapShiftMinutes": 0
    },
    {
      "zone": "Europe/Tirane",
      "date": "2199-12-31",
      "time": "12:00",
      "timeKnown": false,
      "status": "compatible",
      "utc": "2199-12-31T11:00:00.000Z",
      "offsetMinutes": 60,
      "flags": [],
      "gapShiftMinutes": 0
    },
    {
      "zone": "Asia/Yerevan",
      "date": "1800-01-01",
      "time": "00:00",
      "timeKnown": true,
      "status": "compatible",
      "utc": "1799-12-31T21:02:00.000Z",
      "offsetMinutes": 178,
      "flags": [],
      "gapShiftMinutes": 0
    },
    {
      "zone": "Asia/Yerevan",
      "date": "1800-01-01",
      "time": "23:59",
      "timeKnown": true,
      "status": "compatible",
      "utc": "1800-01-01T21:01:00.000Z",
      "offsetMinutes": 178,
      "flags": [],
      "gapShiftMinutes": 0
    },
    {
      "zone": "Asia/Yerevan",
      "date": "1800-01-01",
      "time": "12:00",
      "timeKnown": false,
      "status": "compatible",
      "utc": "1800-01-01T09:02:00.000Z",
      "offsetMinutes": 178,
      "flags": [],
      "gapShiftMinutes": 0
    },
    {
      "zone": "Asia/Yerevan",
      "date": "2199-12-31",
      "time": "00:00",
      "timeKnown": true,
      "status": "compatible",
      "utc": "2199-12-30T20:00:00.000Z",
      "offsetMinutes": 240,
      "flags": [],
      "gapShiftMinutes": 0
    },
    {
      "zone": "Asia/Yerevan",
      "date": "2199-12-31",
      "time": "23:59",
      "timeKnown": true,
      "status": "compatible",
      "utc": "2199-12-31T19:59:00.000Z",
      "offsetMinutes": 240,
      "flags": [],
      "gapShiftMinutes": 0
    },
    {
      "zone": "Asia/Yerevan",
      "date": "2199-12-31",
      "time": "12:00",
      "timeKnown": false,
      "status": "compatible",
      "utc": "2199-12-31T08:00:00.000Z",
      "offsetMinutes": 240,
      "flags": [],
      "gapShiftMinutes": 0
    },
    {
      "zone": "Africa/Luanda",
      "date": "1800-01-01",
      "time": "00:00",
      "timeKnown": true,
      "status": "compatible",
      "utc": "1799-12-31T23:46:25.000Z",
      "offsetMinutes": 13.583333333333334,
      "flags": [
        "lmt"
      ],
      "gapShiftMinutes": 0
    },
    {
      "zone": "Africa/Luanda",
      "date": "1800-01-01",
      "time": "23:59",
      "timeKnown": true,
      "status": "compatible",
      "utc": "1800-01-01T23:45:25.000Z",
      "offsetMinutes": 13.583333333333334,
      "flags": [
        "lmt"
      ],
      "gapShiftMinutes": 0
    },
    {
      "zone": "Africa/Luanda",
      "date": "1800-01-01",
      "time": "12:00",
      "timeKnown": false,
      "status": "compatible",
      "utc": "1800-01-01T11:46:25.000Z",
      "offsetMinutes": 13.583333333333334,
      "flags": [
        "lmt"
      ],
      "gapShiftMinutes": 0
    },
    {
      "zone": "Africa/Luanda",
      "date": "2199-12-31",
      "time": "00:00",
      "timeKnown": true,
      "status": "compatible",
      "utc": "2199-12-30T23:00:00.000Z",
      "offsetMinutes": 60,
      "flags": [],
      "gapShiftMinutes": 0
    },
    {
      "zone": "Africa/Luanda",
      "date": "2199-12-31",
      "time": "23:59",
      "timeKnown": true,
      "status": "compatible",
      "utc": "2199-12-31T22:59:00.000Z",
      "offsetMinutes": 60,
      "flags": [],
      "gapShiftMinutes": 0
    },
    {
      "zone": "Africa/Luanda",
      "date": "2199-12-31",
      "time": "12:00",
      "timeKnown": false,
      "status": "compatible",
      "utc": "2199-12-31T11:00:00.000Z",
      "offsetMinutes": 60,
      "flags": [],
      "gapShiftMinutes": 0
    },
    {
      "zone": "America/Argentina/Buenos_Aires",
      "date": "1800-01-01",
      "time": "00:00",
      "timeKnown": true,
      "status": "compatible",
      "utc": "1800-01-01T03:53:48.000Z",
      "offsetMinutes": -233.8,
      "flags": [
        "lmt"
      ],
      "gapShiftMinutes": 0
    },
    {
      "zone": "America/Argentina/Buenos_Aires",
      "date": "1800-01-01",
      "time": "23:59",
      "timeKnown": true,
      "status": "compatible",
      "utc": "1800-01-02T03:52:48.000Z",
      "offsetMinutes": -233.8,
      "flags": [
        "lmt"
      ],
      "gapShiftMinutes": 0
    },
    {
      "zone": "America/Argentina/Buenos_Aires",
      "date": "1800-01-01",
      "time": "12:00",
      "timeKnown": false,
      "status": "compatible",
      "utc": "1800-01-01T15:53:48.000Z",
      "offsetMinutes": -233.8,
      "flags": [
        "lmt"
      ],
      "gapShiftMinutes": 0
    },
    {
      "zone": "America/Argentina/Buenos_Aires",
      "date": "2199-12-31",
      "time": "00:00",
      "timeKnown": true,
      "status": "compatible",
      "utc": "2199-12-31T03:00:00.000Z",
      "offsetMinutes": -180,
      "flags": [],
      "gapShiftMinutes": 0
    },
    {
      "zone": "America/Argentina/Buenos_Aires",
      "date": "2199-12-31",
      "time": "23:59",
      "timeKnown": true,
      "status": "compatible",
      "utc": "2200-01-01T02:59:00.000Z",
      "offsetMinutes": -180,
      "flags": [],
      "gapShiftMinutes": 0
    },
    {
      "zone": "America/Argentina/Buenos_Aires",
      "date": "2199-12-31",
      "time": "12:00",
      "timeKnown": false,
      "status": "compatible",
      "utc": "2199-12-31T15:00:00.000Z",
      "offsetMinutes": -180,
      "flags": [],
      "gapShiftMinutes": 0
    },
    {
      "zone": "America/Argentina/Cordoba",
      "date": "1800-01-01",
      "time": "00:00",
      "timeKnown": true,
      "status": "compatible",
      "utc": "1800-01-01T04:16:48.000Z",
      "offsetMinutes": -256.8,
      "flags": [
        "lmt"
      ],
      "gapShiftMinutes": 0
    },
    {
      "zone": "America/Argentina/Cordoba",
      "date": "1800-01-01",
      "time": "23:59",
      "timeKnown": true,
      "status": "compatible",
      "utc": "1800-01-02T04:15:48.000Z",
      "offsetMinutes": -256.8,
      "flags": [
        "lmt"
      ],
      "gapShiftMinutes": 0
    },
    {
      "zone": "America/Argentina/Cordoba",
      "date": "1800-01-01",
      "time": "12:00",
      "timeKnown": false,
      "status": "compatible",
      "utc": "1800-01-01T16:16:48.000Z",
      "offsetMinutes": -256.8,
      "flags": [
        "lmt"
      ],
      "gapShiftMinutes": 0
    },
    {
      "zone": "America/Argentina/Cordoba",
      "date": "2199-12-31",
      "time": "00:00",
      "timeKnown": true,
      "status": "compatible",
      "utc": "2199-12-31T03:00:00.000Z",
      "offsetMinutes": -180,
      "flags": [],
      "gapShiftMinutes": 0
    },
    {
      "zone": "America/Argentina/Cordoba",
      "date": "2199-12-31",
      "time": "23:59",
      "timeKnown": true,
      "status": "compatible",
      "utc": "2200-01-01T02:59:00.000Z",
      "offsetMinutes": -180,
      "flags": [],
      "gapShiftMinutes": 0
    },
    {
      "zone": "America/Argentina/Cordoba",
      "date": "2199-12-31",
      "time": "12:00",
      "timeKnown": false,
      "status": "compatible",
      "utc": "2199-12-31T15:00:00.000Z",
      "offsetMinutes": -180,
      "flags": [],
      "gapShiftMinutes": 0
    },
    {
      "zone": "America/Argentina/Salta",
      "date": "1800-01-01",
      "time": "00:00",
      "timeKnown": true,
      "status": "compatible",
      "utc": "1800-01-01T04:21:40.000Z",
      "offsetMinutes": -261.6666666666667,
      "flags": [
        "lmt"
      ],
      "gapShiftMinutes": 0
    },
    {
      "zone": "America/Argentina/Salta",
      "date": "1800-01-01",
      "time": "23:59",
      "timeKnown": true,
      "status": "compatible",
      "utc": "1800-01-02T04:20:40.000Z",
      "offsetMinutes": -261.6666666666667,
      "flags": [
        "lmt"
      ],
      "gapShiftMinutes": 0
    },
    {
      "zone": "America/Argentina/Salta",
      "date": "1800-01-01",
      "time": "12:00",
      "timeKnown": false,
      "status": "compatible",
      "utc": "1800-01-01T16:21:40.000Z",
      "offsetMinutes": -261.6666666666667,
      "flags": [
        "lmt"
      ],
      "gapShiftMinutes": 0
    },
    {
      "zone": "America/Argentina/Salta",
      "date": "2199-12-31",
      "time": "00:00",
      "timeKnown": true,
      "status": "compatible",
      "utc": "2199-12-31T03:00:00.000Z",
      "offsetMinutes": -180,
      "flags": [],
      "gapShiftMinutes": 0
    },
    {
      "zone": "America/Argentina/Salta",
      "date": "2199-12-31",
      "time": "23:59",
      "timeKnown": true,
      "status": "compatible",
      "utc": "2200-01-01T02:59:00.000Z",
      "offsetMinutes": -180,
      "flags": [],
      "gapShiftMinutes": 0
    },
    {
      "zone": "America/Argentina/Salta",
      "date": "2199-12-31",
      "time": "12:00",
      "timeKnown": false,
      "status": "compatible",
      "utc": "2199-12-31T15:00:00.000Z",
      "offsetMinutes": -180,
      "flags": [],
      "gapShiftMinutes": 0
    },
    {
      "zone": "America/Argentina/Tucuman",
      "date": "1800-01-01",
      "time": "00:00",
      "timeKnown": true,
      "status": "compatible",
      "utc": "1800-01-01T04:20:52.000Z",
      "offsetMinutes": -260.8666666666667,
      "flags": [
        "lmt"
      ],
      "gapShiftMinutes": 0
    },
    {
      "zone": "America/Argentina/Tucuman",
      "date": "1800-01-01",
      "time": "23:59",
      "timeKnown": true,
      "status": "compatible",
      "utc": "1800-01-02T04:19:52.000Z",
      "offsetMinutes": -260.8666666666667,
      "flags": [
        "lmt"
      ],
      "gapShiftMinutes": 0
    },
    {
      "zone": "America/Argentina/Tucuman",
      "date": "1800-01-01",
      "time": "12:00",
      "timeKnown": false,
      "status": "compatible",
      "utc": "1800-01-01T16:20:52.000Z",
      "offsetMinutes": -260.8666666666667,
      "flags": [
        "lmt"
      ],
      "gapShiftMinutes": 0
    },
    {
      "zone": "America/Argentina/Tucuman",
      "date": "2199-12-31",
      "time": "00:00",
      "timeKnown": true,
      "status": "compatible",
      "utc": "2199-12-31T03:00:00.000Z",
      "offsetMinutes": -180,
      "flags": [],
      "gapShiftMinutes": 0
    },
    {
      "zone": "America/Argentina/Tucuman",
      "date": "2199-12-31",
      "time": "23:59",
      "timeKnown": true,
      "status": "compatible",
      "utc": "2200-01-01T02:59:00.000Z",
      "offsetMinutes": -180,
      "flags": [],
      "gapShiftMinutes": 0
    },
    {
      "zone": "America/Argentina/Tucuman",
      "date": "2199-12-31",
      "time": "12:00",
      "timeKnown": false,
      "status": "compatible",
      "utc": "2199-12-31T15:00:00.000Z",
      "offsetMinutes": -180,
      "flags": [],
      "gapShiftMinutes": 0
    },
    {
      "zone": "America/Argentina/San_Juan",
      "date": "1800-01-01",
      "time": "00:00",
      "timeKnown": true,
      "status": "compatible",
      "utc": "1800-01-01T04:34:04.000Z",
      "offsetMinutes": -274.06666666666666,
      "flags": [
        "lmt"
      ],
      "gapShiftMinutes": 0
    },
    {
      "zone": "America/Argentina/San_Juan",
      "date": "1800-01-01",
      "time": "23:59",
      "timeKnown": true,
      "status": "compatible",
      "utc": "1800-01-02T04:33:04.000Z",
      "offsetMinutes": -274.06666666666666,
      "flags": [
        "lmt"
      ],
      "gapShiftMinutes": 0
    },
    {
      "zone": "America/Argentina/San_Juan",
      "date": "1800-01-01",
      "time": "12:00",
      "timeKnown": false,
      "status": "compatible",
      "utc": "1800-01-01T16:34:04.000Z",
      "offsetMinutes": -274.06666666666666,
      "flags": [
        "lmt"
      ],
      "gapShiftMinutes": 0
    },
    {
      "zone": "America/Argentina/San_Juan",
      "date": "2199-12-31",
      "time": "00:00",
      "timeKnown": true,
      "status": "compatible",
      "utc": "2199-12-31T03:00:00.000Z",
      "offsetMinutes": -180,
      "flags": [],
      "gapShiftMinutes": 0
    },
    {
      "zone": "America/Argentina/San_Juan",
      "date": "2199-12-31",
      "time": "23:59",
      "timeKnown": true,
      "status": "compatible",
      "utc": "2200-01-01T02:59:00.000Z",
      "offsetMinutes": -180,
      "flags": [],
      "gapShiftMinutes": 0
    },
    {
      "zone": "America/Argentina/San_Juan",
      "date": "2199-12-31",
      "time": "12:00",
      "timeKnown": false,
      "status": "compatible",
      "utc": "2199-12-31T15:00:00.000Z",
      "offsetMinutes": -180,
      "flags": [],
      "gapShiftMinutes": 0
    },
    {
      "zone": "America/Argentina/Ushuaia",
      "date": "1800-01-01",
      "time": "00:00",
      "timeKnown": true,
      "status": "compatible",
      "utc": "1800-01-01T04:33:12.000Z",
      "offsetMinutes": -273.2,
      "flags": [
        "lmt"
      ],
      "gapShiftMinutes": 0
    },
    {
      "zone": "America/Argentina/Ushuaia",
      "date": "1800-01-01",
      "time": "23:59",
      "timeKnown": true,
      "status": "compatible",
      "utc": "1800-01-02T04:32:12.000Z",
      "offsetMinutes": -273.2,
      "flags": [
        "lmt"
      ],
      "gapShiftMinutes": 0
    },
    {
      "zone": "America/Argentina/Ushuaia",
      "date": "1800-01-01",
      "time": "12:00",
      "timeKnown": false,
      "status": "compatible",
      "utc": "1800-01-01T16:33:12.000Z",
      "offsetMinutes": -273.2,
      "flags": [
        "lmt"
      ],
      "gapShiftMinutes": 0
    },
    {
      "zone": "America/Argentina/Ushuaia",
      "date": "2199-12-31",
      "time": "00:00",
      "timeKnown": true,
      "status": "compatible",
      "utc": "2199-12-31T03:00:00.000Z",
      "offsetMinutes": -180,
      "flags": [],
      "gapShiftMinutes": 0
    },
    {
      "zone": "America/Argentina/Ushuaia",
      "date": "2199-12-31",
      "time": "23:59",
      "timeKnown": true,
      "status": "compatible",
      "utc": "2200-01-01T02:59:00.000Z",
      "offsetMinutes": -180,
      "flags": [],
      "gapShiftMinutes": 0
    },
    {
      "zone": "America/Argentina/Ushuaia",
      "date": "2199-12-31",
      "time": "12:00",
      "timeKnown": false,
      "status": "compatible",
      "utc": "2199-12-31T15:00:00.000Z",
      "offsetMinutes": -180,
      "flags": [],
      "gapShiftMinutes": 0
    },
    {
      "zone": "America/Argentina/Catamarca",
      "date": "1800-01-01",
      "time": "00:00",
      "timeKnown": true,
      "status": "compatible",
      "utc": "1800-01-01T04:23:08.000Z",
      "offsetMinutes": -263.1333333333333,
      "flags": [
        "lmt"
      ],
      "gapShiftMinutes": 0
    },
    {
      "zone": "America/Argentina/Catamarca",
      "date": "1800-01-01",
      "time": "23:59",
      "timeKnown": true,
      "status": "compatible",
      "utc": "1800-01-02T04:22:08.000Z",
      "offsetMinutes": -263.1333333333333,
      "flags": [
        "lmt"
      ],
      "gapShiftMinutes": 0
    },
    {
      "zone": "America/Argentina/Catamarca",
      "date": "1800-01-01",
      "time": "12:00",
      "timeKnown": false,
      "status": "compatible",
      "utc": "1800-01-01T16:23:08.000Z",
      "offsetMinutes": -263.1333333333333,
      "flags": [
        "lmt"
      ],
      "gapShiftMinutes": 0
    },
    {
      "zone": "America/Argentina/Catamarca",
      "date": "2199-12-31",
      "time": "00:00",
      "timeKnown": true,
      "status": "compatible",
      "utc": "2199-12-31T03:00:00.000Z",
      "offsetMinutes": -180,
      "flags": [],
      "gapShiftMinutes": 0
    },
    {
      "zone": "America/Argentina/Catamarca",
      "date": "2199-12-31",
      "time": "23:59",
      "timeKnown": true,
      "status": "compatible",
      "utc": "2200-01-01T02:59:00.000Z",
      "offsetMinutes": -180,
      "flags": [],
      "gapShiftMinutes": 0
    },
    {
      "zone": "America/Argentina/Catamarca",
      "date": "2199-12-31",
      "time": "12:00",
      "timeKnown": false,
      "status": "compatible",
      "utc": "2199-12-31T15:00:00.000Z",
      "offsetMinutes": -180,
      "flags": [],
      "gapShiftMinutes": 0
    },
    {
      "zone": "America/Argentina/Jujuy",
      "date": "1800-01-01",
      "time": "00:00",
      "timeKnown": true,
      "status": "compatible",
      "utc": "1800-01-01T04:21:12.000Z",
      "offsetMinutes": -261.2,
      "flags": [
        "lmt"
      ],
      "gapShiftMinutes": 0
    },
    {
      "zone": "America/Argentina/Jujuy",
      "date": "1800-01-01",
      "time": "23:59",
      "timeKnown": true,
      "status": "compatible",
      "utc": "1800-01-02T04:20:12.000Z",
      "offsetMinutes": -261.2,
      "flags": [
        "lmt"
      ],
      "gapShiftMinutes": 0
    },
    {
      "zone": "America/Argentina/Jujuy",
      "date": "1800-01-01",
      "time": "12:00",
      "timeKnown": false,
      "status": "compatible",
      "utc": "1800-01-01T16:21:12.000Z",
      "offsetMinutes": -261.2,
      "flags": [
        "lmt"
      ],
      "gapShiftMinutes": 0
    },
    {
      "zone": "America/Argentina/Jujuy",
      "date": "2199-12-31",
      "time": "00:00",
      "timeKnown": true,
      "status": "compatible",
      "utc": "2199-12-31T03:00:00.000Z",
      "offsetMinutes": -180,
      "flags": [],
      "gapShiftMinutes": 0
    },
    {
      "zone": "America/Argentina/Jujuy",
      "date": "2199-12-31",
      "time": "23:59",
      "timeKnown": true,
      "status": "compatible",
      "utc": "2200-01-01T02:59:00.000Z",
      "offsetMinutes": -180,
      "flags": [],
      "gapShiftMinutes": 0
    },
    {
      "zone": "America/Argentina/Jujuy",
      "date": "2199-12-31",
      "time": "12:00",
      "timeKnown": false,
      "status": "compatible",
      "utc": "2199-12-31T15:00:00.000Z",
      "offsetMinutes": -180,
      "flags": [],
      "gapShiftMinutes": 0
    },
    {
      "zone": "America/Argentina/Mendoza",
      "date": "1800-01-01",
      "time": "00:00",
      "timeKnown": true,
      "status": "compatible",
      "utc": "1800-01-01T04:35:16.000Z",
      "offsetMinutes": -275.26666666666665,
      "flags": [
        "lmt"
      ],
      "gapShiftMinutes": 0
    },
    {
      "zone": "America/Argentina/Mendoza",
      "date": "1800-01-01",
      "time": "23:59",
      "timeKnown": true,
      "status": "compatible",
      "utc": "1800-01-02T04:34:16.000Z",
      "offsetMinutes": -275.26666666666665,
      "flags": [
        "lmt"
      ],
      "gapShiftMinutes": 0
    },
    {
      "zone": "America/Argentina/Mendoza",
      "date": "1800-01-01",
      "time": "12:00",
      "timeKnown": false,
      "status": "compatible",
      "utc": "1800-01-01T16:35:16.000Z",
      "offsetMinutes": -275.26666666666665,
      "flags": [
        "lmt"
      ],
      "gapShiftMinutes": 0
    },
    {
      "zone": "America/Argentina/Mendoza",
      "date": "2199-12-31",
      "time": "00:00",
      "timeKnown": true,
      "status": "compatible",
      "utc": "2199-12-31T03:00:00.000Z",
      "offsetMinutes": -180,
      "flags": [],
      "gapShiftMinutes": 0
    },
    {
      "zone": "America/Argentina/Mendoza",
      "date": "2199-12-31",
      "time": "23:59",
      "timeKnown": true,
      "status": "compatible",
      "utc": "2200-01-01T02:59:00.000Z",
      "offsetMinutes": -180,
      "flags": [],
      "gapShiftMinutes": 0
    },
    {
      "zone": "America/Argentina/Mendoza",
      "date": "2199-12-31",
      "time": "12:00",
      "timeKnown": false,
      "status": "compatible",
      "utc": "2199-12-31T15:00:00.000Z",
      "offsetMinutes": -180,
      "flags": [],
      "gapShiftMinutes": 0
    },
    {
      "zone": "America/Argentina/San_Luis",
      "date": "1800-01-01",
      "time": "00:00",
      "timeKnown": true,
      "status": "compatible",
      "utc": "1800-01-01T04:25:24.000Z",
      "offsetMinutes": -265.4,
      "flags": [
        "lmt"
      ],
      "gapShiftMinutes": 0
    },
    {
      "zone": "America/Argentina/San_Luis",
      "date": "1800-01-01",
      "time": "23:59",
      "timeKnown": true,
      "status": "compatible",
      "utc": "1800-01-02T04:24:24.000Z",
      "offsetMinutes": -265.4,
      "flags": [
        "lmt"
      ],
      "gapShiftMinutes": 0
    },
    {
      "zone": "America/Argentina/San_Luis",
      "date": "1800-01-01",
      "time": "12:00",
      "timeKnown": false,
      "status": "compatible",
      "utc": "1800-01-01T16:25:24.000Z",
      "offsetMinutes": -265.4,
      "flags": [
        "lmt"
      ],
      "gapShiftMinutes": 0
    },
    {
      "zone": "America/Argentina/San_Luis",
      "date": "2199-12-31",
      "time": "00:00",
      "timeKnown": true,
      "status": "compatible",
      "utc": "2199-12-31T03:00:00.000Z",
      "offsetMinutes": -180,
      "flags": [],
      "gapShiftMinutes": 0
    },
    {
      "zone": "America/Argentina/San_Luis",
      "date": "2199-12-31",
      "time": "23:59",
      "timeKnown": true,
      "status": "compatible",
      "utc": "2200-01-01T02:59:00.000Z",
      "offsetMinutes": -180,
      "flags": [],
      "gapShiftMinutes": 0
    },
    {
      "zone": "America/Argentina/San_Luis",
      "date": "2199-12-31",
      "time": "12:00",
      "timeKnown": false,
      "status": "compatible",
      "utc": "2199-12-31T15:00:00.000Z",
      "offsetMinutes": -180,
      "flags": [],
      "gapShiftMinutes": 0
    },
    {
      "zone": "America/Argentina/Rio_Gallegos",
      "date": "1800-01-01",
      "time": "00:00",
      "timeKnown": true,
      "status": "compatible",
      "utc": "1800-01-01T04:36:52.000Z",
      "offsetMinutes": -276.8666666666667,
      "flags": [
        "lmt"
      ],
      "gapShiftMinutes": 0
    },
    {
      "zone": "America/Argentina/Rio_Gallegos",
      "date": "1800-01-01",
      "time": "23:59",
      "timeKnown": true,
      "status": "compatible",
      "utc": "1800-01-02T04:35:52.000Z",
      "offsetMinutes": -276.8666666666667,
      "flags": [
        "lmt"
      ],
      "gapShiftMinutes": 0
    },
    {
      "zone": "America/Argentina/Rio_Gallegos",
      "date": "1800-01-01",
      "time": "12:00",
      "timeKnown": false,
      "status": "compatible",
      "utc": "1800-01-01T16:36:52.000Z",
      "offsetMinutes": -276.8666666666667,
      "flags": [
        "lmt"
      ],
      "gapShiftMinutes": 0
    },
    {
      "zone": "America/Argentina/Rio_Gallegos",
      "date": "2199-12-31",
      "time": "00:00",
      "timeKnown": true,
      "status": "compatible",
      "utc": "2199-12-31T03:00:00.000Z",
      "offsetMinutes": -180,
      "flags": [],
      "gapShiftMinutes": 0
    },
    {
      "zone": "America/Argentina/Rio_Gallegos",
      "date": "2199-12-31",
      "time": "23:59",
      "timeKnown": true,
      "status": "compatible",
      "utc": "2200-01-01T02:59:00.000Z",
      "offsetMinutes": -180,
      "flags": [],
      "gapShiftMinutes": 0
    },
    {
      "zone": "America/Argentina/Rio_Gallegos",
      "date": "2199-12-31",
      "time": "12:00",
      "timeKnown": false,
      "status": "compatible",
      "utc": "2199-12-31T15:00:00.000Z",
      "offsetMinutes": -180,
      "flags": [],
      "gapShiftMinutes": 0
    },
    {
      "zone": "America/Argentina/La_Rioja",
      "date": "1800-01-01",
      "time": "00:00",
      "timeKnown": true,
      "status": "compatible",
      "utc": "1800-01-01T04:27:24.000Z",
      "offsetMinutes": -267.4,
      "flags": [
        "lmt"
      ],
      "gapShiftMinutes": 0
    },
    {
      "zone": "America/Argentina/La_Rioja",
      "date": "1800-01-01",
      "time": "23:59",
      "timeKnown": true,
      "status": "compatible",
      "utc": "1800-01-02T04:26:24.000Z",
      "offsetMinutes": -267.4,
      "flags": [
        "lmt"
      ],
      "gapShiftMinutes": 0
    },
    {
      "zone": "America/Argentina/La_Rioja",
      "date": "1800-01-01",
      "time": "12:00",
      "timeKnown": false,
      "status": "compatible",
      "utc": "1800-01-01T16:27:24.000Z",
      "offsetMinutes": -267.4,
      "flags": [
        "lmt"
      ],
      "gapShiftMinutes": 0
    },
    {
      "zone": "America/Argentina/La_Rioja",
      "date": "2199-12-31",
      "time": "00:00",
      "timeKnown": true,
      "status": "compatible",
      "utc": "2199-12-31T03:00:00.000Z",
      "offsetMinutes": -180,
      "flags": [],
      "gapShiftMinutes": 0
    },
    {
      "zone": "America/Argentina/La_Rioja",
      "date": "2199-12-31",
      "time": "23:59",
      "timeKnown": true,
      "status": "compatible",
      "utc": "2200-01-01T02:59:00.000Z",
      "offsetMinutes": -180,
      "flags": [],
      "gapShiftMinutes": 0
    },
    {
      "zone": "America/Argentina/La_Rioja",
      "date": "2199-12-31",
      "time": "12:00",
      "timeKnown": false,
      "status": "compatible",
      "utc": "2199-12-31T15:00:00.000Z",
      "offsetMinutes": -180,
      "flags": [],
      "gapShiftMinutes": 0
    },
    {
      "zone": "Pacific/Pago_Pago",
      "date": "1800-01-01",
      "time": "00:00",
      "timeKnown": true,
      "status": "compatible",
      "utc": "1799-12-31T11:22:48.000Z",
      "offsetMinutes": 757.2,
      "flags": [
        "lmt"
      ],
      "gapShiftMinutes": 0
    },
    {
      "zone": "Pacific/Pago_Pago",
      "date": "1800-01-01",
      "time": "23:59",
      "timeKnown": true,
      "status": "compatible",
      "utc": "1800-01-01T11:21:48.000Z",
      "offsetMinutes": 757.2,
      "flags": [
        "lmt"
      ],
      "gapShiftMinutes": 0
    },
    {
      "zone": "Pacific/Pago_Pago",
      "date": "1800-01-01",
      "time": "12:00",
      "timeKnown": false,
      "status": "compatible",
      "utc": "1799-12-31T23:22:48.000Z",
      "offsetMinutes": 757.2,
      "flags": [
        "lmt"
      ],
      "gapShiftMinutes": 0
    },
    {
      "zone": "Pacific/Pago_Pago",
      "date": "2199-12-31",
      "time": "00:00",
      "timeKnown": true,
      "status": "compatible",
      "utc": "2199-12-31T11:00:00.000Z",
      "offsetMinutes": -660,
      "flags": [],
      "gapShiftMinutes": 0
    },
    {
      "zone": "Pacific/Pago_Pago",
      "date": "2199-12-31",
      "time": "23:59",
      "timeKnown": true,
      "status": "compatible",
      "utc": "2200-01-01T10:59:00.000Z",
      "offsetMinutes": -660,
      "flags": [],
      "gapShiftMinutes": 0
    },
    {
      "zone": "Pacific/Pago_Pago",
      "date": "2199-12-31",
      "time": "12:00",
      "timeKnown": false,
      "status": "compatible",
      "utc": "2199-12-31T23:00:00.000Z",
      "offsetMinutes": -660,
      "flags": [],
      "gapShiftMinutes": 0
    },
    {
      "zone": "Europe/Vienna",
      "date": "1800-01-01",
      "time": "00:00",
      "timeKnown": true,
      "status": "compatible",
      "utc": "1799-12-31T22:54:39.000Z",
      "offsetMinutes": 65.35,
      "flags": [
        "lmt"
      ],
      "gapShiftMinutes": 0
    },
    {
      "zone": "Europe/Vienna",
      "date": "1800-01-01",
      "time": "23:59",
      "timeKnown": true,
      "status": "compatible",
      "utc": "1800-01-01T22:53:39.000Z",
      "offsetMinutes": 65.35,
      "flags": [
        "lmt"
      ],
      "gapShiftMinutes": 0
    },
    {
      "zone": "Europe/Vienna",
      "date": "1800-01-01",
      "time": "12:00",
      "timeKnown": false,
      "status": "compatible",
      "utc": "1800-01-01T10:54:39.000Z",
      "offsetMinutes": 65.35,
      "flags": [
        "lmt"
      ],
      "gapShiftMinutes": 0
    },
    {
      "zone": "Europe/Vienna",
      "date": "2199-12-31",
      "time": "00:00",
      "timeKnown": true,
      "status": "compatible",
      "utc": "2199-12-30T23:00:00.000Z",
      "offsetMinutes": 60,
      "flags": [],
      "gapShiftMinutes": 0
    },
    {
      "zone": "Europe/Vienna",
      "date": "2199-12-31",
      "time": "23:59",
      "timeKnown": true,
      "status": "compatible",
      "utc": "2199-12-31T22:59:00.000Z",
      "offsetMinutes": 60,
      "flags": [],
      "gapShiftMinutes": 0
    },
    {
      "zone": "Europe/Vienna",
      "date": "2199-12-31",
      "time": "12:00",
      "timeKnown": false,
      "status": "compatible",
      "utc": "2199-12-31T11:00:00.000Z",
      "offsetMinutes": 60,
      "flags": [],
      "gapShiftMinutes": 0
    },
    {
      "zone": "Australia/Adelaide",
      "date": "1800-01-01",
      "time": "00:00",
      "timeKnown": true,
      "status": "compatible",
      "utc": "1799-12-31T14:45:40.000Z",
      "offsetMinutes": 554.3333333333334,
      "flags": [
        "lmt"
      ],
      "gapShiftMinutes": 0
    },
    {
      "zone": "Australia/Adelaide",
      "date": "1800-01-01",
      "time": "23:59",
      "timeKnown": true,
      "status": "compatible",
      "utc": "1800-01-01T14:44:40.000Z",
      "offsetMinutes": 554.3333333333334,
      "flags": [
        "lmt"
      ],
      "gapShiftMinutes": 0
    },
    {
      "zone": "Australia/Adelaide",
      "date": "1800-01-01",
      "time": "12:00",
      "timeKnown": false,
      "status": "compatible",
      "utc": "1800-01-01T02:45:40.000Z",
      "offsetMinutes": 554.3333333333334,
      "flags": [
        "lmt"
      ],
      "gapShiftMinutes": 0
    },
    {
      "zone": "Australia/Adelaide",
      "date": "2199-12-31",
      "time": "00:00",
      "timeKnown": true,
      "status": "compatible",
      "utc": "2199-12-30T13:30:00.000Z",
      "offsetMinutes": 630,
      "flags": [],
      "gapShiftMinutes": 0
    },
    {
      "zone": "Australia/Adelaide",
      "date": "2199-12-31",
      "time": "23:59",
      "timeKnown": true,
      "status": "compatible",
      "utc": "2199-12-31T13:29:00.000Z",
      "offsetMinutes": 630,
      "flags": [],
      "gapShiftMinutes": 0
    },
    {
      "zone": "Australia/Adelaide",
      "date": "2199-12-31",
      "time": "12:00",
      "timeKnown": false,
      "status": "compatible",
      "utc": "2199-12-31T01:30:00.000Z",
      "offsetMinutes": 630,
      "flags": [],
      "gapShiftMinutes": 0
    },
    {
      "zone": "Australia/Perth",
      "date": "1800-01-01",
      "time": "00:00",
      "timeKnown": true,
      "status": "compatible",
      "utc": "1799-12-31T16:16:36.000Z",
      "offsetMinutes": 463.4,
      "flags": [
        "lmt"
      ],
      "gapShiftMinutes": 0
    },
    {
      "zone": "Australia/Perth",
      "date": "1800-01-01",
      "time": "23:59",
      "timeKnown": true,
      "status": "compatible",
      "utc": "1800-01-01T16:15:36.000Z",
      "offsetMinutes": 463.4,
      "flags": [
        "lmt"
      ],
      "gapShiftMinutes": 0
    },
    {
      "zone": "Australia/Perth",
      "date": "1800-01-01",
      "time": "12:00",
      "timeKnown": false,
      "status": "compatible",
      "utc": "1800-01-01T04:16:36.000Z",
      "offsetMinutes": 463.4,
      "flags": [
        "lmt"
      ],
      "gapShiftMinutes": 0
    },
    {
      "zone": "Australia/Perth",
      "date": "2199-12-31",
      "time": "00:00",
      "timeKnown": true,
      "status": "compatible",
      "utc": "2199-12-30T16:00:00.000Z",
      "offsetMinutes": 480,
      "flags": [],
      "gapShiftMinutes": 0
    },
    {
      "zone": "Australia/Perth",
      "date": "2199-12-31",
      "time": "23:59",
      "timeKnown": true,
      "status": "compatible",
      "utc": "2199-12-31T15:59:00.000Z",
      "offsetMinutes": 480,
      "flags": [],
      "gapShiftMinutes": 0
    },
    {
      "zone": "Australia/Perth",
      "date": "2199-12-31",
      "time": "12:00",
      "timeKnown": false,
      "status": "compatible",
      "utc": "2199-12-31T04:00:00.000Z",
      "offsetMinutes": 480,
      "flags": [],
      "gapShiftMinutes": 0
    },
    {
      "zone": "Australia/Brisbane",
      "date": "1800-01-01",
      "time": "00:00",
      "timeKnown": true,
      "status": "compatible",
      "utc": "1799-12-31T13:47:52.000Z",
      "offsetMinutes": 612.1333333333333,
      "flags": [
        "lmt"
      ],
      "gapShiftMinutes": 0
    },
    {
      "zone": "Australia/Brisbane",
      "date": "1800-01-01",
      "time": "23:59",
      "timeKnown": true,
      "status": "compatible",
      "utc": "1800-01-01T13:46:52.000Z",
      "offsetMinutes": 612.1333333333333,
      "flags": [
        "lmt"
      ],
      "gapShiftMinutes": 0
    },
    {
      "zone": "Australia/Brisbane",
      "date": "1800-01-01",
      "time": "12:00",
      "timeKnown": false,
      "status": "compatible",
      "utc": "1800-01-01T01:47:52.000Z",
      "offsetMinutes": 612.1333333333333,
      "flags": [
        "lmt"
      ],
      "gapShiftMinutes": 0
    },
    {
      "zone": "Australia/Brisbane",
      "date": "2199-12-31",
      "time": "00:00",
      "timeKnown": true,
      "status": "compatible",
      "utc": "2199-12-30T14:00:00.000Z",
      "offsetMinutes": 600,
      "flags": [],
      "gapShiftMinutes": 0
    },
    {
      "zone": "Australia/Brisbane",
      "date": "2199-12-31",
      "time": "23:59",
      "timeKnown": true,
      "status": "compatible",
      "utc": "2199-12-31T13:59:00.000Z",
      "offsetMinutes": 600,
      "flags": [],
      "gapShiftMinutes": 0
    },
    {
      "zone": "Australia/Brisbane",
      "date": "2199-12-31",
      "time": "12:00",
      "timeKnown": false,
      "status": "compatible",
      "utc": "2199-12-31T02:00:00.000Z",
      "offsetMinutes": 600,
      "flags": [],
      "gapShiftMinutes": 0
    },
    {
      "zone": "Australia/Darwin",
      "date": "1800-01-01",
      "time": "00:00",
      "timeKnown": true,
      "status": "compatible",
      "utc": "1799-12-31T15:16:40.000Z",
      "offsetMinutes": 523.3333333333334,
      "flags": [
        "lmt"
      ],
      "gapShiftMinutes": 0
    },
    {
      "zone": "Australia/Darwin",
      "date": "1800-01-01",
      "time": "23:59",
      "timeKnown": true,
      "status": "compatible",
      "utc": "1800-01-01T15:15:40.000Z",
      "offsetMinutes": 523.3333333333334,
      "flags": [
        "lmt"
      ],
      "gapShiftMinutes": 0
    },
    {
      "zone": "Australia/Darwin",
      "date": "1800-01-01",
      "time": "12:00",
      "timeKnown": false,
      "status": "compatible",
      "utc": "1800-01-01T03:16:40.000Z",
      "offsetMinutes": 523.3333333333334,
      "flags": [
        "lmt"
      ],
      "gapShiftMinutes": 0
    },
    {
      "zone": "Australia/Darwin",
      "date": "2199-12-31",
      "time": "00:00",
      "timeKnown": true,
      "status": "compatible",
      "utc": "2199-12-30T14:30:00.000Z",
      "offsetMinutes": 570,
      "flags": [],
      "gapShiftMinutes": 0
    },
    {
      "zone": "Australia/Darwin",
      "date": "2199-12-31",
      "time": "23:59",
      "timeKnown": true,
      "status": "compatible",
      "utc": "2199-12-31T14:29:00.000Z",
      "offsetMinutes": 570,
      "flags": [],
      "gapShiftMinutes": 0
    },
    {
      "zone": "Australia/Darwin",
      "date": "2199-12-31",
      "time": "12:00",
      "timeKnown": false,
      "status": "compatible",
      "utc": "2199-12-31T02:30:00.000Z",
      "offsetMinutes": 570,
      "flags": [],
      "gapShiftMinutes": 0
    },
    {
      "zone": "Australia/Melbourne",
      "date": "1800-01-01",
      "time": "00:00",
      "timeKnown": true,
      "status": "compatible",
      "utc": "1799-12-31T14:20:08.000Z",
      "offsetMinutes": 579.8666666666667,
      "flags": [
        "lmt"
      ],
      "gapShiftMinutes": 0
    },
    {
      "zone": "Australia/Melbourne",
      "date": "1800-01-01",
      "time": "23:59",
      "timeKnown": true,
      "status": "compatible",
      "utc": "1800-01-01T14:19:08.000Z",
      "offsetMinutes": 579.8666666666667,
      "flags": [
        "lmt"
      ],
      "gapShiftMinutes": 0
    },
    {
      "zone": "Australia/Melbourne",
      "date": "1800-01-01",
      "time": "12:00",
      "timeKnown": false,
      "status": "compatible",
      "utc": "1800-01-01T02:20:08.000Z",
      "offsetMinutes": 579.8666666666667,
      "flags": [
        "lmt"
      ],
      "gapShiftMinutes": 0
    },
    {
      "zone": "Australia/Melbourne",
      "date": "2199-12-31",
      "time": "00:00",
      "timeKnown": true,
      "status": "compatible",
      "utc": "2199-12-30T13:00:00.000Z",
      "offsetMinutes": 660,
      "flags": [],
      "gapShiftMinutes": 0
    },
    {
      "zone": "Australia/Melbourne",
      "date": "2199-12-31",
      "time": "23:59",
      "timeKnown": true,
      "status": "compatible",
      "utc": "2199-12-31T12:59:00.000Z",
      "offsetMinutes": 660,
      "flags": [],
      "gapShiftMinutes": 0
    },
    {
      "zone": "Australia/Melbourne",
      "date": "2199-12-31",
      "time": "12:00",
      "timeKnown": false,
      "status": "compatible",
      "utc": "2199-12-31T01:00:00.000Z",
      "offsetMinutes": 660,
      "flags": [],
      "gapShiftMinutes": 0
    },
    {
      "zone": "Australia/Sydney",
      "date": "1800-01-01",
      "time": "00:00",
      "timeKnown": true,
      "status": "compatible",
      "utc": "1799-12-31T13:55:08.000Z",
      "offsetMinutes": 604.8666666666667,
      "flags": [
        "lmt"
      ],
      "gapShiftMinutes": 0
    },
    {
      "zone": "Australia/Sydney",
      "date": "1800-01-01",
      "time": "23:59",
      "timeKnown": true,
      "status": "compatible",
      "utc": "1800-01-01T13:54:08.000Z",
      "offsetMinutes": 604.8666666666667,
      "flags": [
        "lmt"
      ],
      "gapShiftMinutes": 0
    },
    {
      "zone": "Australia/Sydney",
      "date": "1800-01-01",
      "time": "12:00",
      "timeKnown": false,
      "status": "compatible",
      "utc": "1800-01-01T01:55:08.000Z",
      "offsetMinutes": 604.8666666666667,
      "flags": [
        "lmt"
      ],
      "gapShiftMinutes": 0
    },
    {
      "zone": "Australia/Sydney",
      "date": "2199-12-31",
      "time": "00:00",
      "timeKnown": true,
      "status": "compatible",
      "utc": "2199-12-30T13:00:00.000Z",
      "offsetMinutes": 660,
      "flags": [],
      "gapShiftMinutes": 0
    },
    {
      "zone": "Australia/Sydney",
      "date": "2199-12-31",
      "time": "23:59",
      "timeKnown": true,
      "status": "compatible",
      "utc": "2199-12-31T12:59:00.000Z",
      "offsetMinutes": 660,
      "flags": [],
      "gapShiftMinutes": 0
    },
    {
      "zone": "Australia/Sydney",
      "date": "2199-12-31",
      "time": "12:00",
      "timeKnown": false,
      "status": "compatible",
      "utc": "2199-12-31T01:00:00.000Z",
      "offsetMinutes": 660,
      "flags": [],
      "gapShiftMinutes": 0
    },
    {
      "zone": "Australia/Hobart",
      "date": "1800-01-01",
      "time": "00:00",
      "timeKnown": true,
      "status": "compatible",
      "utc": "1799-12-31T14:10:44.000Z",
      "offsetMinutes": 589.2666666666667,
      "flags": [
        "lmt"
      ],
      "gapShiftMinutes": 0
    },
    {
      "zone": "Australia/Hobart",
      "date": "1800-01-01",
      "time": "23:59",
      "timeKnown": true,
      "status": "compatible",
      "utc": "1800-01-01T14:09:44.000Z",
      "offsetMinutes": 589.2666666666667,
      "flags": [
        "lmt"
      ],
      "gapShiftMinutes": 0
    },
    {
      "zone": "Australia/Hobart",
      "date": "1800-01-01",
      "time": "12:00",
      "timeKnown": false,
      "status": "compatible",
      "utc": "1800-01-01T02:10:44.000Z",
      "offsetMinutes": 589.2666666666667,
      "flags": [
        "lmt"
      ],
      "gapShiftMinutes": 0
    },
    {
      "zone": "Australia/Hobart",
      "date": "2199-12-31",
      "time": "00:00",
      "timeKnown": true,
      "status": "compatible",
      "utc": "2199-12-30T13:00:00.000Z",
      "offsetMinutes": 660,
      "flags": [],
      "gapShiftMinutes": 0
    },
    {
      "zone": "Australia/Hobart",
      "date": "2199-12-31",
      "time": "23:59",
      "timeKnown": true,
      "status": "compatible",
      "utc": "2199-12-31T12:59:00.000Z",
      "offsetMinutes": 660,
      "flags": [],
      "gapShiftMinutes": 0
    },
    {
      "zone": "Australia/Hobart",
      "date": "2199-12-31",
      "time": "12:00",
      "timeKnown": false,
      "status": "compatible",
      "utc": "2199-12-31T01:00:00.000Z",
      "offsetMinutes": 660,
      "flags": [],
      "gapShiftMinutes": 0
    },
    {
      "zone": "Australia/Broken_Hill",
      "date": "1800-01-01",
      "time": "00:00",
      "timeKnown": true,
      "status": "compatible",
      "utc": "1799-12-31T14:34:12.000Z",
      "offsetMinutes": 565.8,
      "flags": [
        "lmt"
      ],
      "gapShiftMinutes": 0
    },
    {
      "zone": "Australia/Broken_Hill",
      "date": "1800-01-01",
      "time": "23:59",
      "timeKnown": true,
      "status": "compatible",
      "utc": "1800-01-01T14:33:12.000Z",
      "offsetMinutes": 565.8,
      "flags": [
        "lmt"
      ],
      "gapShiftMinutes": 0
    },
    {
      "zone": "Australia/Broken_Hill",
      "date": "1800-01-01",
      "time": "12:00",
      "timeKnown": false,
      "status": "compatible",
      "utc": "1800-01-01T02:34:12.000Z",
      "offsetMinutes": 565.8,
      "flags": [
        "lmt"
      ],
      "gapShiftMinutes": 0
    },
    {
      "zone": "Australia/Broken_Hill",
      "date": "2199-12-31",
      "time": "00:00",
      "timeKnown": true,
      "status": "compatible",
      "utc": "2199-12-30T13:30:00.000Z",
      "offsetMinutes": 630,
      "flags": [],
      "gapShiftMinutes": 0
    },
    {
      "zone": "Australia/Broken_Hill",
      "date": "2199-12-31",
      "time": "23:59",
      "timeKnown": true,
      "status": "compatible",
      "utc": "2199-12-31T13:29:00.000Z",
      "offsetMinutes": 630,
      "flags": [],
      "gapShiftMinutes": 0
    },
    {
      "zone": "Australia/Broken_Hill",
      "date": "2199-12-31",
      "time": "12:00",
      "timeKnown": false,
      "status": "compatible",
      "utc": "2199-12-31T01:30:00.000Z",
      "offsetMinutes": 630,
      "flags": [],
      "gapShiftMinutes": 0
    },
    {
      "zone": "America/Aruba",
      "date": "1800-01-01",
      "time": "00:00",
      "timeKnown": true,
      "status": "compatible",
      "utc": "1800-01-01T04:24:25.000Z",
      "offsetMinutes": -264.4166666666667,
      "flags": [
        "lmt"
      ],
      "gapShiftMinutes": 0
    },
    {
      "zone": "America/Aruba",
      "date": "1800-01-01",
      "time": "23:59",
      "timeKnown": true,
      "status": "compatible",
      "utc": "1800-01-02T04:23:25.000Z",
      "offsetMinutes": -264.4166666666667,
      "flags": [
        "lmt"
      ],
      "gapShiftMinutes": 0
    },
    {
      "zone": "America/Aruba",
      "date": "1800-01-01",
      "time": "12:00",
      "timeKnown": false,
      "status": "compatible",
      "utc": "1800-01-01T16:24:25.000Z",
      "offsetMinutes": -264.4166666666667,
      "flags": [
        "lmt"
      ],
      "gapShiftMinutes": 0
    },
    {
      "zone": "America/Aruba",
      "date": "2199-12-31",
      "time": "00:00",
      "timeKnown": true,
      "status": "compatible",
      "utc": "2199-12-31T04:00:00.000Z",
      "offsetMinutes": -240,
      "flags": [],
      "gapShiftMinutes": 0
    },
    {
      "zone": "America/Aruba",
      "date": "2199-12-31",
      "time": "23:59",
      "timeKnown": true,
      "status": "compatible",
      "utc": "2200-01-01T03:59:00.000Z",
      "offsetMinutes": -240,
      "flags": [],
      "gapShiftMinutes": 0
    },
    {
      "zone": "America/Aruba",
      "date": "2199-12-31",
      "time": "12:00",
      "timeKnown": false,
      "status": "compatible",
      "utc": "2199-12-31T16:00:00.000Z",
      "offsetMinutes": -240,
      "flags": [],
      "gapShiftMinutes": 0
    },
    {
      "zone": "Europe/Mariehamn",
      "date": "1800-01-01",
      "time": "00:00",
      "timeKnown": true,
      "status": "compatible",
      "utc": "1799-12-31T22:20:11.000Z",
      "offsetMinutes": 99.81666666666666,
      "flags": [
        "lmt"
      ],
      "gapShiftMinutes": 0
    },
    {
      "zone": "Europe/Mariehamn",
      "date": "1800-01-01",
      "time": "23:59",
      "timeKnown": true,
      "status": "compatible",
      "utc": "1800-01-01T22:19:11.000Z",
      "offsetMinutes": 99.81666666666666,
      "flags": [
        "lmt"
      ],
      "gapShiftMinutes": 0
    },
    {
      "zone": "Europe/Mariehamn",
      "date": "1800-01-01",
      "time": "12:00",
      "timeKnown": false,
      "status": "compatible",
      "utc": "1800-01-01T10:20:11.000Z",
      "offsetMinutes": 99.81666666666666,
      "flags": [
        "lmt"
      ],
      "gapShiftMinutes": 0
    },
    {
      "zone": "Europe/Mariehamn",
      "date": "2199-12-31",
      "time": "00:00",
      "timeKnown": true,
      "status": "compatible",
      "utc": "2199-12-30T22:00:00.000Z",
      "offsetMinutes": 120,
      "flags": [],
      "gapShiftMinutes": 0
    },
    {
      "zone": "Europe/Mariehamn",
      "date": "2199-12-31",
      "time": "23:59",
      "timeKnown": true,
      "status": "compatible",
      "utc": "2199-12-31T21:59:00.000Z",
      "offsetMinutes": 120,
      "flags": [],
      "gapShiftMinutes": 0
    },
    {
      "zone": "Europe/Mariehamn",
      "date": "2199-12-31",
      "time": "12:00",
      "timeKnown": false,
      "status": "compatible",
      "utc": "2199-12-31T10:00:00.000Z",
      "offsetMinutes": 120,
      "flags": [],
      "gapShiftMinutes": 0
    },
    {
      "zone": "Asia/Baku",
      "date": "1800-01-01",
      "time": "00:00",
      "timeKnown": true,
      "status": "compatible",
      "utc": "1799-12-31T20:40:36.000Z",
      "offsetMinutes": 199.4,
      "flags": [
        "lmt"
      ],
      "gapShiftMinutes": 0
    },
    {
      "zone": "Asia/Baku",
      "date": "1800-01-01",
      "time": "23:59",
      "timeKnown": true,
      "status": "compatible",
      "utc": "1800-01-01T20:39:36.000Z",
      "offsetMinutes": 199.4,
      "flags": [
        "lmt"
      ],
      "gapShiftMinutes": 0
    },
    {
      "zone": "Asia/Baku",
      "date": "1800-01-01",
      "time": "12:00",
      "timeKnown": false,
      "status": "compatible",
      "utc": "1800-01-01T08:40:36.000Z",
      "offsetMinutes": 199.4,
      "flags": [
        "lmt"
      ],
      "gapShiftMinutes": 0
    },
    {
      "zone": "Asia/Baku",
      "date": "2199-12-31",
      "time": "00:00",
      "timeKnown": true,
      "status": "compatible",
      "utc": "2199-12-30T20:00:00.000Z",
      "offsetMinutes": 240,
      "flags": [],
      "gapShiftMinutes": 0
    },
    {
      "zone": "Asia/Baku",
      "date": "2199-12-31",
      "time": "23:59",
      "timeKnown": true,
      "status": "compatible",
      "utc": "2199-12-31T19:59:00.000Z",
      "offsetMinutes": 240,
      "flags": [],
      "gapShiftMinutes": 0
    },
    {
      "zone": "Asia/Baku",
      "date": "2199-12-31",
      "time": "12:00",
      "timeKnown": false,
      "status": "compatible",
      "utc": "2199-12-31T08:00:00.000Z",
      "offsetMinutes": 240,
      "flags": [],
      "gapShiftMinutes": 0
    },
    {
      "zone": "Europe/Sarajevo",
      "date": "1800-01-01",
      "time": "00:00",
      "timeKnown": true,
      "status": "compatible",
      "utc": "1799-12-31T22:38:00.000Z",
      "offsetMinutes": 82,
      "flags": [],
      "gapShiftMinutes": 0
    },
    {
      "zone": "Europe/Sarajevo",
      "date": "1800-01-01",
      "time": "23:59",
      "timeKnown": true,
      "status": "compatible",
      "utc": "1800-01-01T22:37:00.000Z",
      "offsetMinutes": 82,
      "flags": [],
      "gapShiftMinutes": 0
    },
    {
      "zone": "Europe/Sarajevo",
      "date": "1800-01-01",
      "time": "12:00",
      "timeKnown": false,
      "status": "compatible",
      "utc": "1800-01-01T10:38:00.000Z",
      "offsetMinutes": 82,
      "flags": [],
      "gapShiftMinutes": 0
    },
    {
      "zone": "Europe/Sarajevo",
      "date": "2199-12-31",
      "time": "00:00",
      "timeKnown": true,
      "status": "compatible",
      "utc": "2199-12-30T23:00:00.000Z",
      "offsetMinutes": 60,
      "flags": [],
      "gapShiftMinutes": 0
    },
    {
      "zone": "Europe/Sarajevo",
      "date": "2199-12-31",
      "time": "23:59",
      "timeKnown": true,
      "status": "compatible",
      "utc": "2199-12-31T22:59:00.000Z",
      "offsetMinutes": 60,
      "flags": [],
      "gapShiftMinutes": 0
    },
    {
      "zone": "Europe/Sarajevo",
      "date": "2199-12-31",
      "time": "12:00",
      "timeKnown": false,
      "status": "compatible",
      "utc": "2199-12-31T11:00:00.000Z",
      "offsetMinutes": 60,
      "flags": [],
      "gapShiftMinutes": 0
    },
    {
      "zone": "America/Barbados",
      "date": "1800-01-01",
      "time": "00:00",
      "timeKnown": true,
      "status": "compatible",
      "utc": "1800-01-01T03:58:29.000Z",
      "offsetMinutes": -238.48333333333332,
      "flags": [
        "lmt"
      ],
      "gapShiftMinutes": 0
    },
    {
      "zone": "America/Barbados",
      "date": "1800-01-01",
      "time": "23:59",
      "timeKnown": true,
      "status": "compatible",
      "utc": "1800-01-02T03:57:29.000Z",
      "offsetMinutes": -238.48333333333332,
      "flags": [
        "lmt"
      ],
      "gapShiftMinutes": 0
    },
    {
      "zone": "America/Barbados",
      "date": "1800-01-01",
      "time": "12:00",
      "timeKnown": false,
      "status": "compatible",
      "utc": "1800-01-01T15:58:29.000Z",
      "offsetMinutes": -238.48333333333332,
      "flags": [
        "lmt"
      ],
      "gapShiftMinutes": 0
    },
    {
      "zone": "America/Barbados",
      "date": "2199-12-31",
      "time": "00:00",
      "timeKnown": true,
      "status": "compatible",
      "utc": "2199-12-31T04:00:00.000Z",
      "offsetMinutes": -240,
      "flags": [],
      "gapShiftMinutes": 0
    },
    {
      "zone": "America/Barbados",
      "date": "2199-12-31",
      "time": "23:59",
      "timeKnown": true,
      "status": "compatible",
      "utc": "2200-01-01T03:59:00.000Z",
      "offsetMinutes": -240,
      "flags": [],
      "gapShiftMinutes": 0
    },
    {
      "zone": "America/Barbados",
      "date": "2199-12-31",
      "time": "12:00",
      "timeKnown": false,
      "status": "compatible",
      "utc": "2199-12-31T16:00:00.000Z",
      "offsetMinutes": -240,
      "flags": [],
      "gapShiftMinutes": 0
    },
    {
      "zone": "Asia/Dhaka",
      "date": "1800-01-01",
      "time": "00:00",
      "timeKnown": true,
      "status": "compatible",
      "utc": "1799-12-31T17:58:20.000Z",
      "offsetMinutes": 361.6666666666667,
      "flags": [
        "lmt"
      ],
      "gapShiftMinutes": 0
    },
    {
      "zone": "Asia/Dhaka",
      "date": "1800-01-01",
      "time": "23:59",
      "timeKnown": true,
      "status": "compatible",
      "utc": "1800-01-01T17:57:20.000Z",
      "offsetMinutes": 361.6666666666667,
      "flags": [
        "lmt"
      ],
      "gapShiftMinutes": 0
    },
    {
      "zone": "Asia/Dhaka",
      "date": "1800-01-01",
      "time": "12:00",
      "timeKnown": false,
      "status": "compatible",
      "utc": "1800-01-01T05:58:20.000Z",
      "offsetMinutes": 361.6666666666667,
      "flags": [
        "lmt"
      ],
      "gapShiftMinutes": 0
    },
    {
      "zone": "Asia/Dhaka",
      "date": "2199-12-31",
      "time": "00:00",
      "timeKnown": true,
      "status": "compatible",
      "utc": "2199-12-30T18:00:00.000Z",
      "offsetMinutes": 360,
      "flags": [],
      "gapShiftMinutes": 0
    },
    {
      "zone": "Asia/Dhaka",
      "date": "2199-12-31",
      "time": "23:59",
      "timeKnown": true,
      "status": "compatible",
      "utc": "2199-12-31T17:59:00.000Z",
      "offsetMinutes": 360,
      "flags": [],
      "gapShiftMinutes": 0
    },
    {
      "zone": "Asia/Dhaka",
      "date": "2199-12-31",
      "time": "12:00",
      "timeKnown": false,
      "status": "compatible",
      "utc": "2199-12-31T06:00:00.000Z",
      "offsetMinutes": 360,
      "flags": [],
      "gapShiftMinutes": 0
    },
    {
      "zone": "Europe/Brussels",
      "date": "1800-01-01",
      "time": "00:00",
      "timeKnown": true,
      "status": "compatible",
      "utc": "1799-12-31T23:42:30.000Z",
      "offsetMinutes": 17.5,
      "flags": [
        "lmt"
      ],
      "gapShiftMinutes": 0
    },
    {
      "zone": "Europe/Brussels",
      "date": "1800-01-01",
      "time": "23:59",
      "timeKnown": true,
      "status": "compatible",
      "utc": "1800-01-01T23:41:30.000Z",
      "offsetMinutes": 17.5,
      "flags": [
        "lmt"
      ],
      "gapShiftMinutes": 0
    },
    {
      "zone": "Europe/Brussels",
      "date": "1800-01-01",
      "time": "12:00",
      "timeKnown": false,
      "status": "compatible",
      "utc": "1800-01-01T11:42:30.000Z",
      "offsetMinutes": 17.5,
      "flags": [
        "lmt"
      ],
      "gapShiftMinutes": 0
    },
    {
      "zone": "Europe/Brussels",
      "date": "2199-12-31",
      "time": "00:00",
      "timeKnown": true,
      "status": "compatible",
      "utc": "2199-12-30T23:00:00.000Z",
      "offsetMinutes": 60,
      "flags": [],
      "gapShiftMinutes": 0
    },
    {
      "zone": "Europe/Brussels",
      "date": "2199-12-31",
      "time": "23:59",
      "timeKnown": true,
      "status": "compatible",
      "utc": "2199-12-31T22:59:00.000Z",
      "offsetMinutes": 60,
      "flags": [],
      "gapShiftMinutes": 0
    },
    {
      "zone": "Europe/Brussels",
      "date": "2199-12-31",
      "time": "12:00",
      "timeKnown": false,
      "status": "compatible",
      "utc": "2199-12-31T11:00:00.000Z",
      "offsetMinutes": 60,
      "flags": [],
      "gapShiftMinutes": 0
    },
    {
      "zone": "Africa/Ouagadougou",
      "date": "1800-01-01",
      "time": "00:00",
      "timeKnown": true,
      "status": "compatible",
      "utc": "1800-01-01T00:16:08.000Z",
      "offsetMinutes": -16.133333333333333,
      "flags": [
        "lmt"
      ],
      "gapShiftMinutes": 0
    },
    {
      "zone": "Africa/Ouagadougou",
      "date": "1800-01-01",
      "time": "23:59",
      "timeKnown": true,
      "status": "compatible",
      "utc": "1800-01-02T00:15:08.000Z",
      "offsetMinutes": -16.133333333333333,
      "flags": [
        "lmt"
      ],
      "gapShiftMinutes": 0
    },
    {
      "zone": "Africa/Ouagadougou",
      "date": "1800-01-01",
      "time": "12:00",
      "timeKnown": false,
      "status": "compatible",
      "utc": "1800-01-01T12:16:08.000Z",
      "offsetMinutes": -16.133333333333333,
      "flags": [
        "lmt"
      ],
      "gapShiftMinutes": 0
    },
    {
      "zone": "Africa/Ouagadougou",
      "date": "2199-12-31",
      "time": "00:00",
      "timeKnown": true,
      "status": "compatible",
      "utc": "2199-12-31T00:00:00.000Z",
      "offsetMinutes": 0,
      "flags": [],
      "gapShiftMinutes": 0
    },
    {
      "zone": "Africa/Ouagadougou",
      "date": "2199-12-31",
      "time": "23:59",
      "timeKnown": true,
      "status": "compatible",
      "utc": "2199-12-31T23:59:00.000Z",
      "offsetMinutes": 0,
      "flags": [],
      "gapShiftMinutes": 0
    },
    {
      "zone": "Africa/Ouagadougou",
      "date": "2199-12-31",
      "time": "12:00",
      "timeKnown": false,
      "status": "compatible",
      "utc": "2199-12-31T12:00:00.000Z",
      "offsetMinutes": 0,
      "flags": [],
      "gapShiftMinutes": 0
    },
    {
      "zone": "Europe/Sofia",
      "date": "1800-01-01",
      "time": "00:00",
      "timeKnown": true,
      "status": "compatible",
      "utc": "1799-12-31T22:26:44.000Z",
      "offsetMinutes": 93.26666666666667,
      "flags": [
        "lmt"
      ],
      "gapShiftMinutes": 0
    },
    {
      "zone": "Europe/Sofia",
      "date": "1800-01-01",
      "time": "23:59",
      "timeKnown": true,
      "status": "compatible",
      "utc": "1800-01-01T22:25:44.000Z",
      "offsetMinutes": 93.26666666666667,
      "flags": [
        "lmt"
      ],
      "gapShiftMinutes": 0
    },
    {
      "zone": "Europe/Sofia",
      "date": "1800-01-01",
      "time": "12:00",
      "timeKnown": false,
      "status": "compatible",
      "utc": "1800-01-01T10:26:44.000Z",
      "offsetMinutes": 93.26666666666667,
      "flags": [
        "lmt"
      ],
      "gapShiftMinutes": 0
    },
    {
      "zone": "Europe/Sofia",
      "date": "2199-12-31",
      "time": "00:00",
      "timeKnown": true,
      "status": "compatible",
      "utc": "2199-12-30T22:00:00.000Z",
      "offsetMinutes": 120,
      "flags": [],
      "gapShiftMinutes": 0
    },
    {
      "zone": "Europe/Sofia",
      "date": "2199-12-31",
      "time": "23:59",
      "timeKnown": true,
      "status": "compatible",
      "utc": "2199-12-31T21:59:00.000Z",
      "offsetMinutes": 120,
      "flags": [],
      "gapShiftMinutes": 0
    },
    {
      "zone": "Europe/Sofia",
      "date": "2199-12-31",
      "time": "12:00",
      "timeKnown": false,
      "status": "compatible",
      "utc": "2199-12-31T10:00:00.000Z",
      "offsetMinutes": 120,
      "flags": [],
      "gapShiftMinutes": 0
    },
    {
      "zone": "Asia/Bahrain",
      "date": "1800-01-01",
      "time": "00:00",
      "timeKnown": true,
      "status": "compatible",
      "utc": "1799-12-31T20:33:52.000Z",
      "offsetMinutes": 206.13333333333333,
      "flags": [
        "lmt"
      ],
      "gapShiftMinutes": 0
    },
    {
      "zone": "Asia/Bahrain",
      "date": "1800-01-01",
      "time": "23:59",
      "timeKnown": true,
      "status": "compatible",
      "utc": "1800-01-01T20:32:52.000Z",
      "offsetMinutes": 206.13333333333333,
      "flags": [
        "lmt"
      ],
      "gapShiftMinutes": 0
    },
    {
      "zone": "Asia/Bahrain",
      "date": "1800-01-01",
      "time": "12:00",
      "timeKnown": false,
      "status": "compatible",
      "utc": "1800-01-01T08:33:52.000Z",
      "offsetMinutes": 206.13333333333333,
      "flags": [
        "lmt"
      ],
      "gapShiftMinutes": 0
    },
    {
      "zone": "Asia/Bahrain",
      "date": "2199-12-31",
      "time": "00:00",
      "timeKnown": true,
      "status": "compatible",
      "utc": "2199-12-30T21:00:00.000Z",
      "offsetMinutes": 180,
      "flags": [],
      "gapShiftMinutes": 0
    },
    {
      "zone": "Asia/Bahrain",
      "date": "2199-12-31",
      "time": "23:59",
      "timeKnown": true,
      "status": "compatible",
      "utc": "2199-12-31T20:59:00.000Z",
      "offsetMinutes": 180,
      "flags": [],
      "gapShiftMinutes": 0
    },
    {
      "zone": "Asia/Bahrain",
      "date": "2199-12-31",
      "time": "12:00",
      "timeKnown": false,
      "status": "compatible",
      "utc": "2199-12-31T09:00:00.000Z",
      "offsetMinutes": 180,
      "flags": [],
      "gapShiftMinutes": 0
    },
    {
      "zone": "Africa/Bujumbura",
      "date": "1800-01-01",
      "time": "00:00",
      "timeKnown": true,
      "status": "compatible",
      "utc": "1799-12-31T21:49:42.000Z",
      "offsetMinutes": 130.3,
      "flags": [
        "lmt"
      ],
      "gapShiftMinutes": 0
    },
    {
      "zone": "Africa/Bujumbura",
      "date": "1800-01-01",
      "time": "23:59",
      "timeKnown": true,
      "status": "compatible",
      "utc": "1800-01-01T21:48:42.000Z",
      "offsetMinutes": 130.3,
      "flags": [
        "lmt"
      ],
      "gapShiftMinutes": 0
    },
    {
      "zone": "Africa/Bujumbura",
      "date": "1800-01-01",
      "time": "12:00",
      "timeKnown": false,
      "status": "compatible",
      "utc": "1800-01-01T09:49:42.000Z",
      "offsetMinutes": 130.3,
      "flags": [
        "lmt"
      ],
      "gapShiftMinutes": 0
    },
    {
      "zone": "Africa/Bujumbura",
      "date": "2199-12-31",
      "time": "00:00",
      "timeKnown": true,
      "status": "compatible",
      "utc": "2199-12-30T22:00:00.000Z",
      "offsetMinutes": 120,
      "flags": [],
      "gapShiftMinutes": 0
    },
    {
      "zone": "Africa/Bujumbura",
      "date": "2199-12-31",
      "time": "23:59",
      "timeKnown": true,
      "status": "compatible",
      "utc": "2199-12-31T21:59:00.000Z",
      "offsetMinutes": 120,
      "flags": [],
      "gapShiftMinutes": 0
    },
    {
      "zone": "Africa/Bujumbura",
      "date": "2199-12-31",
      "time": "12:00",
      "timeKnown": false,
      "status": "compatible",
      "utc": "2199-12-31T10:00:00.000Z",
      "offsetMinutes": 120,
      "flags": [],
      "gapShiftMinutes": 0
    },
    {
      "zone": "Africa/Porto-Novo",
      "date": "1800-01-01",
      "time": "00:00",
      "timeKnown": true,
      "status": "compatible",
      "utc": "1799-12-31T23:46:25.000Z",
      "offsetMinutes": 13.583333333333334,
      "flags": [
        "lmt"
      ],
      "gapShiftMinutes": 0
    },
    {
      "zone": "Africa/Porto-Novo",
      "date": "1800-01-01",
      "time": "23:59",
      "timeKnown": true,
      "status": "compatible",
      "utc": "1800-01-01T23:45:25.000Z",
      "offsetMinutes": 13.583333333333334,
      "flags": [
        "lmt"
      ],
      "gapShiftMinutes": 0
    },
    {
      "zone": "Africa/Porto-Novo",
      "date": "1800-01-01",
      "time": "12:00",
      "timeKnown": false,
      "status": "compatible",
      "utc": "1800-01-01T11:46:25.000Z",
      "offsetMinutes": 13.583333333333334,
      "flags": [
        "lmt"
      ],
      "gapShiftMinutes": 0
    },
    {
      "zone": "Africa/Porto-Novo",
      "date": "2199-12-31",
      "time": "00:00",
      "timeKnown": true,
      "status": "compatible",
      "utc": "2199-12-30T23:00:00.000Z",
      "offsetMinutes": 60,
      "flags": [],
      "gapShiftMinutes": 0
    },
    {
      "zone": "Africa/Porto-Novo",
      "date": "2199-12-31",
      "time": "23:59",
      "timeKnown": true,
      "status": "compatible",
      "utc": "2199-12-31T22:59:00.000Z",
      "offsetMinutes": 60,
      "flags": [],
      "gapShiftMinutes": 0
    },
    {
      "zone": "Africa/Porto-Novo",
      "date": "2199-12-31",
      "time": "12:00",
      "timeKnown": false,
      "status": "compatible",
      "utc": "2199-12-31T11:00:00.000Z",
      "offsetMinutes": 60,
      "flags": [],
      "gapShiftMinutes": 0
    },
    {
      "zone": "America/St_Barthelemy",
      "date": "1800-01-01",
      "time": "00:00",
      "timeKnown": true,
      "status": "compatible",
      "utc": "1800-01-01T04:24:25.000Z",
      "offsetMinutes": -264.4166666666667,
      "flags": [
        "lmt"
      ],
      "gapShiftMinutes": 0
    },
    {
      "zone": "America/St_Barthelemy",
      "date": "1800-01-01",
      "time": "23:59",
      "timeKnown": true,
      "status": "compatible",
      "utc": "1800-01-02T04:23:25.000Z",
      "offsetMinutes": -264.4166666666667,
      "flags": [
        "lmt"
      ],
      "gapShiftMinutes": 0
    },
    {
      "zone": "America/St_Barthelemy",
      "date": "1800-01-01",
      "time": "12:00",
      "timeKnown": false,
      "status": "compatible",
      "utc": "1800-01-01T16:24:25.000Z",
      "offsetMinutes": -264.4166666666667,
      "flags": [
        "lmt"
      ],
      "gapShiftMinutes": 0
    },
    {
      "zone": "America/St_Barthelemy",
      "date": "2199-12-31",
      "time": "00:00",
      "timeKnown": true,
      "status": "compatible",
      "utc": "2199-12-31T04:00:00.000Z",
      "offsetMinutes": -240,
      "flags": [],
      "gapShiftMinutes": 0
    },
    {
      "zone": "America/St_Barthelemy",
      "date": "2199-12-31",
      "time": "23:59",
      "timeKnown": true,
      "status": "compatible",
      "utc": "2200-01-01T03:59:00.000Z",
      "offsetMinutes": -240,
      "flags": [],
      "gapShiftMinutes": 0
    },
    {
      "zone": "America/St_Barthelemy",
      "date": "2199-12-31",
      "time": "12:00",
      "timeKnown": false,
      "status": "compatible",
      "utc": "2199-12-31T16:00:00.000Z",
      "offsetMinutes": -240,
      "flags": [],
      "gapShiftMinutes": 0
    },
    {
      "zone": "Atlantic/Bermuda",
      "date": "1800-01-01",
      "time": "00:00",
      "timeKnown": true,
      "status": "compatible",
      "utc": "1800-01-01T04:19:18.000Z",
      "offsetMinutes": -259.3,
      "flags": [
        "lmt"
      ],
      "gapShiftMinutes": 0
    },
    {
      "zone": "Atlantic/Bermuda",
      "date": "1800-01-01",
      "time": "23:59",
      "timeKnown": true,
      "status": "compatible",
      "utc": "1800-01-02T04:18:18.000Z",
      "offsetMinutes": -259.3,
      "flags": [
        "lmt"
      ],
      "gapShiftMinutes": 0
    },
    {
      "zone": "Atlantic/Bermuda",
      "date": "1800-01-01",
      "time": "12:00",
      "timeKnown": false,
      "status": "compatible",
      "utc": "1800-01-01T16:19:18.000Z",
      "offsetMinutes": -259.3,
      "flags": [
        "lmt"
      ],
      "gapShiftMinutes": 0
    },
    {
      "zone": "Atlantic/Bermuda",
      "date": "2199-12-31",
      "time": "00:00",
      "timeKnown": true,
      "status": "compatible",
      "utc": "2199-12-31T04:00:00.000Z",
      "offsetMinutes": -240,
      "flags": [],
      "gapShiftMinutes": 0
    },
    {
      "zone": "Atlantic/Bermuda",
      "date": "2199-12-31",
      "time": "23:59",
      "timeKnown": true,
      "status": "compatible",
      "utc": "2200-01-01T03:59:00.000Z",
      "offsetMinutes": -240,
      "flags": [],
      "gapShiftMinutes": 0
    },
    {
      "zone": "Atlantic/Bermuda",
      "date": "2199-12-31",
      "time": "12:00",
      "timeKnown": false,
      "status": "compatible",
      "utc": "2199-12-31T16:00:00.000Z",
      "offsetMinutes": -240,
      "flags": [],
      "gapShiftMinutes": 0
    },
    {
      "zone": "Asia/Brunei",
      "date": "1800-01-01",
      "time": "00:00",
      "timeKnown": true,
      "status": "compatible",
      "utc": "1799-12-31T16:38:40.000Z",
      "offsetMinutes": 441.3333333333333,
      "flags": [
        "lmt"
      ],
      "gapShiftMinutes": 0
    },
    {
      "zone": "Asia/Brunei",
      "date": "1800-01-01",
      "time": "23:59",
      "timeKnown": true,
      "status": "compatible",
      "utc": "1800-01-01T16:37:40.000Z",
      "offsetMinutes": 441.3333333333333,
      "flags": [
        "lmt"
      ],
      "gapShiftMinutes": 0
    },
    {
      "zone": "Asia/Brunei",
      "date": "1800-01-01",
      "time": "12:00",
      "timeKnown": false,
      "status": "compatible",
      "utc": "1800-01-01T04:38:40.000Z",
      "offsetMinutes": 441.3333333333333,
      "flags": [
        "lmt"
      ],
      "gapShiftMinutes": 0
    },
    {
      "zone": "Asia/Brunei",
      "date": "2199-12-31",
      "time": "00:00",
      "timeKnown": true,
      "status": "compatible",
      "utc": "2199-12-30T16:00:00.000Z",
      "offsetMinutes": 480,
      "flags": [],
      "gapShiftMinutes": 0
    },
    {
      "zone": "Asia/Brunei",
      "date": "2199-12-31",
      "time": "23:59",
      "timeKnown": true,
      "status": "compatible",
      "utc": "2199-12-31T15:59:00.000Z",
      "offsetMinutes": 480,
      "flags": [],
      "gapShiftMinutes": 0
    },
    {
      "zone": "Asia/Brunei",
      "date": "2199-12-31",
      "time": "12:00",
      "timeKnown": false,
      "status": "compatible",
      "utc": "2199-12-31T04:00:00.000Z",
      "offsetMinutes": 480,
      "flags": [],
      "gapShiftMinutes": 0
    },
    {
      "zone": "America/La_Paz",
      "date": "1800-01-01",
      "time": "00:00",
      "timeKnown": true,
      "status": "compatible",
      "utc": "1800-01-01T04:32:36.000Z",
      "offsetMinutes": -272.6,
      "flags": [
        "lmt"
      ],
      "gapShiftMinutes": 0
    },
    {
      "zone": "America/La_Paz",
      "date": "1800-01-01",
      "time": "23:59",
      "timeKnown": true,
      "status": "compatible",
      "utc": "1800-01-02T04:31:36.000Z",
      "offsetMinutes": -272.6,
      "flags": [
        "lmt"
      ],
      "gapShiftMinutes": 0
    },
    {
      "zone": "America/La_Paz",
      "date": "1800-01-01",
      "time": "12:00",
      "timeKnown": false,
      "status": "compatible",
      "utc": "1800-01-01T16:32:36.000Z",
      "offsetMinutes": -272.6,
      "flags": [
        "lmt"
      ],
      "gapShiftMinutes": 0
    },
    {
      "zone": "America/La_Paz",
      "date": "2199-12-31",
      "time": "00:00",
      "timeKnown": true,
      "status": "compatible",
      "utc": "2199-12-31T04:00:00.000Z",
      "offsetMinutes": -240,
      "flags": [],
      "gapShiftMinutes": 0
    },
    {
      "zone": "America/La_Paz",
      "date": "2199-12-31",
      "time": "23:59",
      "timeKnown": true,
      "status": "compatible",
      "utc": "2200-01-01T03:59:00.000Z",
      "offsetMinutes": -240,
      "flags": [],
      "gapShiftMinutes": 0
    },
    {
      "zone": "America/La_Paz",
      "date": "2199-12-31",
      "time": "12:00",
      "timeKnown": false,
      "status": "compatible",
      "utc": "2199-12-31T16:00:00.000Z",
      "offsetMinutes": -240,
      "flags": [],
      "gapShiftMinutes": 0
    },
    {
      "zone": "America/Kralendijk",
      "date": "1800-01-01",
      "time": "00:00",
      "timeKnown": true,
      "status": "compatible",
      "utc": "1800-01-01T04:24:25.000Z",
      "offsetMinutes": -264.4166666666667,
      "flags": [
        "lmt"
      ],
      "gapShiftMinutes": 0
    },
    {
      "zone": "America/Kralendijk",
      "date": "1800-01-01",
      "time": "23:59",
      "timeKnown": true,
      "status": "compatible",
      "utc": "1800-01-02T04:23:25.000Z",
      "offsetMinutes": -264.4166666666667,
      "flags": [
        "lmt"
      ],
      "gapShiftMinutes": 0
    },
    {
      "zone": "America/Kralendijk",
      "date": "1800-01-01",
      "time": "12:00",
      "timeKnown": false,
      "status": "compatible",
      "utc": "1800-01-01T16:24:25.000Z",
      "offsetMinutes": -264.4166666666667,
      "flags": [
        "lmt"
      ],
      "gapShiftMinutes": 0
    },
    {
      "zone": "America/Kralendijk",
      "date": "2199-12-31",
      "time": "00:00",
      "timeKnown": true,
      "status": "compatible",
      "utc": "2199-12-31T04:00:00.000Z",
      "offsetMinutes": -240,
      "flags": [],
      "gapShiftMinutes": 0
    },
    {
      "zone": "America/Kralendijk",
      "date": "2199-12-31",
      "time": "23:59",
      "timeKnown": true,
      "status": "compatible",
      "utc": "2200-01-01T03:59:00.000Z",
      "offsetMinutes": -240,
      "flags": [],
      "gapShiftMinutes": 0
    },
    {
      "zone": "America/Kralendijk",
      "date": "2199-12-31",
      "time": "12:00",
      "timeKnown": false,
      "status": "compatible",
      "utc": "2199-12-31T16:00:00.000Z",
      "offsetMinutes": -240,
      "flags": [],
      "gapShiftMinutes": 0
    },
    {
      "zone": "America/Fortaleza",
      "date": "1800-01-01",
      "time": "00:00",
      "timeKnown": true,
      "status": "compatible",
      "utc": "1800-01-01T02:34:00.000Z",
      "offsetMinutes": -154,
      "flags": [],
      "gapShiftMinutes": 0
    },
    {
      "zone": "America/Fortaleza",
      "date": "1800-01-01",
      "time": "23:59",
      "timeKnown": true,
      "status": "compatible",
      "utc": "1800-01-02T02:33:00.000Z",
      "offsetMinutes": -154,
      "flags": [],
      "gapShiftMinutes": 0
    },
    {
      "zone": "America/Fortaleza",
      "date": "1800-01-01",
      "time": "12:00",
      "timeKnown": false,
      "status": "compatible",
      "utc": "1800-01-01T14:34:00.000Z",
      "offsetMinutes": -154,
      "flags": [],
      "gapShiftMinutes": 0
    },
    {
      "zone": "America/Fortaleza",
      "date": "2199-12-31",
      "time": "00:00",
      "timeKnown": true,
      "status": "compatible",
      "utc": "2199-12-31T03:00:00.000Z",
      "offsetMinutes": -180,
      "flags": [],
      "gapShiftMinutes": 0
    },
    {
      "zone": "America/Fortaleza",
      "date": "2199-12-31",
      "time": "23:59",
      "timeKnown": true,
      "status": "compatible",
      "utc": "2200-01-01T02:59:00.000Z",
      "offsetMinutes": -180,
      "flags": [],
      "gapShiftMinutes": 0
    },
    {
      "zone": "America/Fortaleza",
      "date": "2199-12-31",
      "time": "12:00",
      "timeKnown": false,
      "status": "compatible",
      "utc": "2199-12-31T15:00:00.000Z",
      "offsetMinutes": -180,
      "flags": [],
      "gapShiftMinutes": 0
    },
    {
      "zone": "America/Recife",
      "date": "1800-01-01",
      "time": "00:00",
      "timeKnown": true,
      "status": "compatible",
      "utc": "1800-01-01T02:19:36.000Z",
      "offsetMinutes": -139.6,
      "flags": [
        "lmt"
      ],
      "gapShiftMinutes": 0
    },
    {
      "zone": "America/Recife",
      "date": "1800-01-01",
      "time": "23:59",
      "timeKnown": true,
      "status": "compatible",
      "utc": "1800-01-02T02:18:36.000Z",
      "offsetMinutes": -139.6,
      "flags": [
        "lmt"
      ],
      "gapShiftMinutes": 0
    },
    {
      "zone": "America/Recife",
      "date": "1800-01-01",
      "time": "12:00",
      "timeKnown": false,
      "status": "compatible",
      "utc": "1800-01-01T14:19:36.000Z",
      "offsetMinutes": -139.6,
      "flags": [
        "lmt"
      ],
      "gapShiftMinutes": 0
    },
    {
      "zone": "America/Recife",
      "date": "2199-12-31",
      "time": "00:00",
      "timeKnown": true,
      "status": "compatible",
      "utc": "2199-12-31T03:00:00.000Z",
      "offsetMinutes": -180,
      "flags": [],
      "gapShiftMinutes": 0
    },
    {
      "zone": "America/Recife",
      "date": "2199-12-31",
      "time": "23:59",
      "timeKnown": true,
      "status": "compatible",
      "utc": "2200-01-01T02:59:00.000Z",
      "offsetMinutes": -180,
      "flags": [],
      "gapShiftMinutes": 0
    },
    {
      "zone": "America/Recife",
      "date": "2199-12-31",
      "time": "12:00",
      "timeKnown": false,
      "status": "compatible",
      "utc": "2199-12-31T15:00:00.000Z",
      "offsetMinutes": -180,
      "flags": [],
      "gapShiftMinutes": 0
    },
    {
      "zone": "America/Belem",
      "date": "1800-01-01",
      "time": "00:00",
      "timeKnown": true,
      "status": "compatible",
      "utc": "1800-01-01T03:13:56.000Z",
      "offsetMinutes": -193.93333333333334,
      "flags": [
        "lmt"
      ],
      "gapShiftMinutes": 0
    },
    {
      "zone": "America/Belem",
      "date": "1800-01-01",
      "time": "23:59",
      "timeKnown": true,
      "status": "compatible",
      "utc": "1800-01-02T03:12:56.000Z",
      "offsetMinutes": -193.93333333333334,
      "flags": [
        "lmt"
      ],
      "gapShiftMinutes": 0
    },
    {
      "zone": "America/Belem",
      "date": "1800-01-01",
      "time": "12:00",
      "timeKnown": false,
      "status": "compatible",
      "utc": "1800-01-01T15:13:56.000Z",
      "offsetMinutes": -193.93333333333334,
      "flags": [
        "lmt"
      ],
      "gapShiftMinutes": 0
    },
    {
      "zone": "America/Belem",
      "date": "2199-12-31",
      "time": "00:00",
      "timeKnown": true,
      "status": "compatible",
      "utc": "2199-12-31T03:00:00.000Z",
      "offsetMinutes": -180,
      "flags": [],
      "gapShiftMinutes": 0
    },
    {
      "zone": "America/Belem",
      "date": "2199-12-31",
      "time": "23:59",
      "timeKnown": true,
      "status": "compatible",
      "utc": "2200-01-01T02:59:00.000Z",
      "offsetMinutes": -180,
      "flags": [],
      "gapShiftMinutes": 0
    },
    {
      "zone": "America/Belem",
      "date": "2199-12-31",
      "time": "12:00",
      "timeKnown": false,
      "status": "compatible",
      "utc": "2199-12-31T15:00:00.000Z",
      "offsetMinutes": -180,
      "flags": [],
      "gapShiftMinutes": 0
    },
    {
      "zone": "America/Maceio",
      "date": "1800-01-01",
      "time": "00:00",
      "timeKnown": true,
      "status": "compatible",
      "utc": "1800-01-01T02:22:52.000Z",
      "offsetMinutes": -142.86666666666667,
      "flags": [
        "lmt"
      ],
      "gapShiftMinutes": 0
    },
    {
      "zone": "America/Maceio",
      "date": "1800-01-01",
      "time": "23:59",
      "timeKnown": true,
      "status": "compatible",
      "utc": "1800-01-02T02:21:52.000Z",
      "offsetMinutes": -142.86666666666667,
      "flags": [
        "lmt"
      ],
      "gapShiftMinutes": 0
    },
    {
      "zone": "America/Maceio",
      "date": "1800-01-01",
      "time": "12:00",
      "timeKnown": false,
      "status": "compatible",
      "utc": "1800-01-01T14:22:52.000Z",
      "offsetMinutes": -142.86666666666667,
      "flags": [
        "lmt"
      ],
      "gapShiftMinutes": 0
    },
    {
      "zone": "America/Maceio",
      "date": "2199-12-31",
      "time": "00:00",
      "timeKnown": true,
      "status": "compatible",
      "utc": "2199-12-31T03:00:00.000Z",
      "offsetMinutes": -180,
      "flags": [],
      "gapShiftMinutes": 0
    },
    {
      "zone": "America/Maceio",
      "date": "2199-12-31",
      "time": "23:59",
      "timeKnown": true,
      "status": "compatible",
      "utc": "2200-01-01T02:59:00.000Z",
      "offsetMinutes": -180,
      "flags": [],
      "gapShiftMinutes": 0
    },
    {
      "zone": "America/Maceio",
      "date": "2199-12-31",
      "time": "12:00",
      "timeKnown": false,
      "status": "compatible",
      "utc": "2199-12-31T15:00:00.000Z",
      "offsetMinutes": -180,
      "flags": [],
      "gapShiftMinutes": 0
    },
    {
      "zone": "America/Manaus",
      "date": "1800-01-01",
      "time": "00:00",
      "timeKnown": true,
      "status": "compatible",
      "utc": "1800-01-01T04:00:04.000Z",
      "offsetMinutes": -240.06666666666666,
      "flags": [
        "lmt"
      ],
      "gapShiftMinutes": 0
    },
    {
      "zone": "America/Manaus",
      "date": "1800-01-01",
      "time": "23:59",
      "timeKnown": true,
      "status": "compatible",
      "utc": "1800-01-02T03:59:04.000Z",
      "offsetMinutes": -240.06666666666666,
      "flags": [
        "lmt"
      ],
      "gapShiftMinutes": 0
    },
    {
      "zone": "America/Manaus",
      "date": "1800-01-01",
      "time": "12:00",
      "timeKnown": false,
      "status": "compatible",
      "utc": "1800-01-01T16:00:04.000Z",
      "offsetMinutes": -240.06666666666666,
      "flags": [
        "lmt"
      ],
      "gapShiftMinutes": 0
    },
    {
      "zone": "America/Manaus",
      "date": "2199-12-31",
      "time": "00:00",
      "timeKnown": true,
      "status": "compatible",
      "utc": "2199-12-31T04:00:00.000Z",
      "offsetMinutes": -240,
      "flags": [],
      "gapShiftMinutes": 0
    },
    {
      "zone": "America/Manaus",
      "date": "2199-12-31",
      "time": "23:59",
      "timeKnown": true,
      "status": "compatible",
      "utc": "2200-01-01T03:59:00.000Z",
      "offsetMinutes": -240,
      "flags": [],
      "gapShiftMinutes": 0
    },
    {
      "zone": "America/Manaus",
      "date": "2199-12-31",
      "time": "12:00",
      "timeKnown": false,
      "status": "compatible",
      "utc": "2199-12-31T16:00:00.000Z",
      "offsetMinutes": -240,
      "flags": [],
      "gapShiftMinutes": 0
    },
    {
      "zone": "America/Bahia",
      "date": "1800-01-01",
      "time": "00:00",
      "timeKnown": true,
      "status": "compatible",
      "utc": "1800-01-01T02:34:04.000Z",
      "offsetMinutes": -154.06666666666666,
      "flags": [
        "lmt"
      ],
      "gapShiftMinutes": 0
    },
    {
      "zone": "America/Bahia",
      "date": "1800-01-01",
      "time": "23:59",
      "timeKnown": true,
      "status": "compatible",
      "utc": "1800-01-02T02:33:04.000Z",
      "offsetMinutes": -154.06666666666666,
      "flags": [
        "lmt"
      ],
      "gapShiftMinutes": 0
    },
    {
      "zone": "America/Bahia",
      "date": "1800-01-01",
      "time": "12:00",
      "timeKnown": false,
      "status": "compatible",
      "utc": "1800-01-01T14:34:04.000Z",
      "offsetMinutes": -154.06666666666666,
      "flags": [
        "lmt"
      ],
      "gapShiftMinutes": 0
    },
    {
      "zone": "America/Bahia",
      "date": "2199-12-31",
      "time": "00:00",
      "timeKnown": true,
      "status": "compatible",
      "utc": "2199-12-31T03:00:00.000Z",
      "offsetMinutes": -180,
      "flags": [],
      "gapShiftMinutes": 0
    },
    {
      "zone": "America/Bahia",
      "date": "2199-12-31",
      "time": "23:59",
      "timeKnown": true,
      "status": "compatible",
      "utc": "2200-01-01T02:59:00.000Z",
      "offsetMinutes": -180,
      "flags": [],
      "gapShiftMinutes": 0
    },
    {
      "zone": "America/Bahia",
      "date": "2199-12-31",
      "time": "12:00",
      "timeKnown": false,
      "status": "compatible",
      "utc": "2199-12-31T15:00:00.000Z",
      "offsetMinutes": -180,
      "flags": [],
      "gapShiftMinutes": 0
    },
    {
      "zone": "America/Araguaina",
      "date": "1800-01-01",
      "time": "00:00",
      "timeKnown": true,
      "status": "compatible",
      "utc": "1800-01-01T03:12:48.000Z",
      "offsetMinutes": -192.8,
      "flags": [
        "lmt"
      ],
      "gapShiftMinutes": 0
    },
    {
      "zone": "America/Araguaina",
      "date": "1800-01-01",
      "time": "23:59",
      "timeKnown": true,
      "status": "compatible",
      "utc": "1800-01-02T03:11:48.000Z",
      "offsetMinutes": -192.8,
      "flags": [
        "lmt"
      ],
      "gapShiftMinutes": 0
    },
    {
      "zone": "America/Araguaina",
      "date": "1800-01-01",
      "time": "12:00",
      "timeKnown": false,
      "status": "compatible",
      "utc": "1800-01-01T15:12:48.000Z",
      "offsetMinutes": -192.8,
      "flags": [
        "lmt"
      ],
      "gapShiftMinutes": 0
    },
    {
      "zone": "America/Araguaina",
      "date": "2199-12-31",
      "time": "00:00",
      "timeKnown": true,
      "status": "compatible",
      "utc": "2199-12-31T03:00:00.000Z",
      "offsetMinutes": -180,
      "flags": [],
      "gapShiftMinutes": 0
    },
    {
      "zone": "America/Araguaina",
      "date": "2199-12-31",
      "time": "23:59",
      "timeKnown": true,
      "status": "compatible",
      "utc": "2200-01-01T02:59:00.000Z",
      "offsetMinutes": -180,
      "flags": [],
      "gapShiftMinutes": 0
    },
    {
      "zone": "America/Araguaina",
      "date": "2199-12-31",
      "time": "12:00",
      "timeKnown": false,
      "status": "compatible",
      "utc": "2199-12-31T15:00:00.000Z",
      "offsetMinutes": -180,
      "flags": [],
      "gapShiftMinutes": 0
    },
    {
      "zone": "America/Santarem",
      "date": "1800-01-01",
      "time": "00:00",
      "timeKnown": true,
      "status": "compatible",
      "utc": "1800-01-01T03:38:48.000Z",
      "offsetMinutes": -218.8,
      "flags": [
        "lmt"
      ],
      "gapShiftMinutes": 0
    },
    {
      "zone": "America/Santarem",
      "date": "1800-01-01",
      "time": "23:59",
      "timeKnown": true,
      "status": "compatible",
      "utc": "1800-01-02T03:37:48.000Z",
      "offsetMinutes": -218.8,
      "flags": [
        "lmt"
      ],
      "gapShiftMinutes": 0
    },
    {
      "zone": "America/Santarem",
      "date": "1800-01-01",
      "time": "12:00",
      "timeKnown": false,
      "status": "compatible",
      "utc": "1800-01-01T15:38:48.000Z",
      "offsetMinutes": -218.8,
      "flags": [
        "lmt"
      ],
      "gapShiftMinutes": 0
    },
    {
      "zone": "America/Santarem",
      "date": "2199-12-31",
      "time": "00:00",
      "timeKnown": true,
      "status": "compatible",
      "utc": "2199-12-31T03:00:00.000Z",
      "offsetMinutes": -180,
      "flags": [],
      "gapShiftMinutes": 0
    },
    {
      "zone": "America/Santarem",
      "date": "2199-12-31",
      "time": "23:59",
      "timeKnown": true,
      "status": "compatible",
      "utc": "2200-01-01T02:59:00.000Z",
      "offsetMinutes": -180,
      "flags": [],
      "gapShiftMinutes": 0
    },
    {
      "zone": "America/Santarem",
      "date": "2199-12-31",
      "time": "12:00",
      "timeKnown": false,
      "status": "compatible",
      "utc": "2199-12-31T15:00:00.000Z",
      "offsetMinutes": -180,
      "flags": [],
      "gapShiftMinutes": 0
    },
    {
      "zone": "America/Sao_Paulo",
      "date": "1800-01-01",
      "time": "00:00",
      "timeKnown": true,
      "status": "compatible",
      "utc": "1800-01-01T03:06:28.000Z",
      "offsetMinutes": -186.46666666666667,
      "flags": [
        "lmt"
      ],
      "gapShiftMinutes": 0
    },
    {
      "zone": "America/Sao_Paulo",
      "date": "1800-01-01",
      "time": "23:59",
      "timeKnown": true,
      "status": "compatible",
      "utc": "1800-01-02T03:05:28.000Z",
      "offsetMinutes": -186.46666666666667,
      "flags": [
        "lmt"
      ],
      "gapShiftMinutes": 0
    },
    {
      "zone": "America/Sao_Paulo",
      "date": "1800-01-01",
      "time": "12:00",
      "timeKnown": false,
      "status": "compatible",
      "utc": "1800-01-01T15:06:28.000Z",
      "offsetMinutes": -186.46666666666667,
      "flags": [
        "lmt"
      ],
      "gapShiftMinutes": 0
    },
    {
      "zone": "America/Sao_Paulo",
      "date": "2199-12-31",
      "time": "00:00",
      "timeKnown": true,
      "status": "compatible",
      "utc": "2199-12-31T03:00:00.000Z",
      "offsetMinutes": -180,
      "flags": [],
      "gapShiftMinutes": 0
    },
    {
      "zone": "America/Sao_Paulo",
      "date": "2199-12-31",
      "time": "23:59",
      "timeKnown": true,
      "status": "compatible",
      "utc": "2200-01-01T02:59:00.000Z",
      "offsetMinutes": -180,
      "flags": [],
      "gapShiftMinutes": 0
    },
    {
      "zone": "America/Sao_Paulo",
      "date": "2199-12-31",
      "time": "12:00",
      "timeKnown": false,
      "status": "compatible",
      "utc": "2199-12-31T15:00:00.000Z",
      "offsetMinutes": -180,
      "flags": [],
      "gapShiftMinutes": 0
    },
    {
      "zone": "America/Cuiaba",
      "date": "1800-01-01",
      "time": "00:00",
      "timeKnown": true,
      "status": "compatible",
      "utc": "1800-01-01T03:44:20.000Z",
      "offsetMinutes": -224.33333333333334,
      "flags": [
        "lmt"
      ],
      "gapShiftMinutes": 0
    },
    {
      "zone": "America/Cuiaba",
      "date": "1800-01-01",
      "time": "23:59",
      "timeKnown": true,
      "status": "compatible",
      "utc": "1800-01-02T03:43:20.000Z",
      "offsetMinutes": -224.33333333333334,
      "flags": [
        "lmt"
      ],
      "gapShiftMinutes": 0
    },
    {
      "zone": "America/Cuiaba",
      "date": "1800-01-01",
      "time": "12:00",
      "timeKnown": false,
      "status": "compatible",
      "utc": "1800-01-01T15:44:20.000Z",
      "offsetMinutes": -224.33333333333334,
      "flags": [
        "lmt"
      ],
      "gapShiftMinutes": 0
    },
    {
      "zone": "America/Cuiaba",
      "date": "2199-12-31",
      "time": "00:00",
      "timeKnown": true,
      "status": "compatible",
      "utc": "2199-12-31T04:00:00.000Z",
      "offsetMinutes": -240,
      "flags": [],
      "gapShiftMinutes": 0
    },
    {
      "zone": "America/Cuiaba",
      "date": "2199-12-31",
      "time": "23:59",
      "timeKnown": true,
      "status": "compatible",
      "utc": "2200-01-01T03:59:00.000Z",
      "offsetMinutes": -240,
      "flags": [],
      "gapShiftMinutes": 0
    },
    {
      "zone": "America/Cuiaba",
      "date": "2199-12-31",
      "time": "12:00",
      "timeKnown": false,
      "status": "compatible",
      "utc": "2199-12-31T16:00:00.000Z",
      "offsetMinutes": -240,
      "flags": [],
      "gapShiftMinutes": 0
    },
    {
      "zone": "America/Campo_Grande",
      "date": "1800-01-01",
      "time": "00:00",
      "timeKnown": true,
      "status": "compatible",
      "utc": "1800-01-01T03:38:28.000Z",
      "offsetMinutes": -218.46666666666667,
      "flags": [
        "lmt"
      ],
      "gapShiftMinutes": 0
    },
    {
      "zone": "America/Campo_Grande",
      "date": "1800-01-01",
      "time": "23:59",
      "timeKnown": true,
      "status": "compatible",
      "utc": "1800-01-02T03:37:28.000Z",
      "offsetMinutes": -218.46666666666667,
      "flags": [
        "lmt"
      ],
      "gapShiftMinutes": 0
    },
    {
      "zone": "America/Campo_Grande",
      "date": "1800-01-01",
      "time": "12:00",
      "timeKnown": false,
      "status": "compatible",
      "utc": "1800-01-01T15:38:28.000Z",
      "offsetMinutes": -218.46666666666667,
      "flags": [
        "lmt"
      ],
      "gapShiftMinutes": 0
    },
    {
      "zone": "America/Campo_Grande",
      "date": "2199-12-31",
      "time": "00:00",
      "timeKnown": true,
      "status": "compatible",
      "utc": "2199-12-31T04:00:00.000Z",
      "offsetMinutes": -240,
      "flags": [],
      "gapShiftMinutes": 0
    },
    {
      "zone": "America/Campo_Grande",
      "date": "2199-12-31",
      "time": "23:59",
      "timeKnown": true,
      "status": "compatible",
      "utc": "2200-01-01T03:59:00.000Z",
      "offsetMinutes": -240,
      "flags": [],
      "gapShiftMinutes": 0
    },
    {
      "zone": "America/Campo_Grande",
      "date": "2199-12-31",
      "time": "12:00",
      "timeKnown": false,
      "status": "compatible",
      "utc": "2199-12-31T16:00:00.000Z",
      "offsetMinutes": -240,
      "flags": [],
      "gapShiftMinutes": 0
    },
    {
      "zone": "America/Rio_Branco",
      "date": "1800-01-01",
      "time": "00:00",
      "timeKnown": true,
      "status": "compatible",
      "utc": "1800-01-01T04:31:12.000Z",
      "offsetMinutes": -271.2,
      "flags": [
        "lmt"
      ],
      "gapShiftMinutes": 0
    },
    {
      "zone": "America/Rio_Branco",
      "date": "1800-01-01",
      "time": "23:59",
      "timeKnown": true,
      "status": "compatible",
      "utc": "1800-01-02T04:30:12.000Z",
      "offsetMinutes": -271.2,
      "flags": [
        "lmt"
      ],
      "gapShiftMinutes": 0
    },
    {
      "zone": "America/Rio_Branco",
      "date": "1800-01-01",
      "time": "12:00",
      "timeKnown": false,
      "status": "compatible",
      "utc": "1800-01-01T16:31:12.000Z",
      "offsetMinutes": -271.2,
      "flags": [
        "lmt"
      ],
      "gapShiftMinutes": 0
    },
    {
      "zone": "America/Rio_Branco",
      "date": "2199-12-31",
      "time": "00:00",
      "timeKnown": true,
      "status": "compatible",
      "utc": "2199-12-31T05:00:00.000Z",
      "offsetMinutes": -300,
      "flags": [],
      "gapShiftMinutes": 0
    },
    {
      "zone": "America/Rio_Branco",
      "date": "2199-12-31",
      "time": "23:59",
      "timeKnown": true,
      "status": "compatible",
      "utc": "2200-01-01T04:59:00.000Z",
      "offsetMinutes": -300,
      "flags": [],
      "gapShiftMinutes": 0
    },
    {
      "zone": "America/Rio_Branco",
      "date": "2199-12-31",
      "time": "12:00",
      "timeKnown": false,
      "status": "compatible",
      "utc": "2199-12-31T17:00:00.000Z",
      "offsetMinutes": -300,
      "flags": [],
      "gapShiftMinutes": 0
    },
    {
      "zone": "America/Porto_Velho",
      "date": "1800-01-01",
      "time": "00:00",
      "timeKnown": true,
      "status": "compatible",
      "utc": "1800-01-01T04:15:36.000Z",
      "offsetMinutes": -255.6,
      "flags": [
        "lmt"
      ],
      "gapShiftMinutes": 0
    },
    {
      "zone": "America/Porto_Velho",
      "date": "1800-01-01",
      "time": "23:59",
      "timeKnown": true,
      "status": "compatible",
      "utc": "1800-01-02T04:14:36.000Z",
      "offsetMinutes": -255.6,
      "flags": [
        "lmt"
      ],
      "gapShiftMinutes": 0
    },
    {
      "zone": "America/Porto_Velho",
      "date": "1800-01-01",
      "time": "12:00",
      "timeKnown": false,
      "status": "compatible",
      "utc": "1800-01-01T16:15:36.000Z",
      "offsetMinutes": -255.6,
      "flags": [
        "lmt"
      ],
      "gapShiftMinutes": 0
    },
    {
      "zone": "America/Porto_Velho",
      "date": "2199-12-31",
      "time": "00:00",
      "timeKnown": true,
      "status": "compatible",
      "utc": "2199-12-31T04:00:00.000Z",
      "offsetMinutes": -240,
      "flags": [],
      "gapShiftMinutes": 0
    },
    {
      "zone": "America/Porto_Velho",
      "date": "2199-12-31",
      "time": "23:59",
      "timeKnown": true,
      "status": "compatible",
      "utc": "2200-01-01T03:59:00.000Z",
      "offsetMinutes": -240,
      "flags": [],
      "gapShiftMinutes": 0
    },
    {
      "zone": "America/Porto_Velho",
      "date": "2199-12-31",
      "time": "12:00",
      "timeKnown": false,
      "status": "compatible",
      "utc": "2199-12-31T16:00:00.000Z",
      "offsetMinutes": -240,
      "flags": [],
      "gapShiftMinutes": 0
    },
    {
      "zone": "America/Eirunepe",
      "date": "1800-01-01",
      "time": "00:00",
      "timeKnown": true,
      "status": "compatible",
      "utc": "1800-01-01T04:39:28.000Z",
      "offsetMinutes": -279.46666666666664,
      "flags": [
        "lmt"
      ],
      "gapShiftMinutes": 0
    },
    {
      "zone": "America/Eirunepe",
      "date": "1800-01-01",
      "time": "23:59",
      "timeKnown": true,
      "status": "compatible",
      "utc": "1800-01-02T04:38:28.000Z",
      "offsetMinutes": -279.46666666666664,
      "flags": [
        "lmt"
      ],
      "gapShiftMinutes": 0
    },
    {
      "zone": "America/Eirunepe",
      "date": "1800-01-01",
      "time": "12:00",
      "timeKnown": false,
      "status": "compatible",
      "utc": "1800-01-01T16:39:28.000Z",
      "offsetMinutes": -279.46666666666664,
      "flags": [
        "lmt"
      ],
      "gapShiftMinutes": 0
    },
    {
      "zone": "America/Eirunepe",
      "date": "2199-12-31",
      "time": "00:00",
      "timeKnown": true,
      "status": "compatible",
      "utc": "2199-12-31T05:00:00.000Z",
      "offsetMinutes": -300,
      "flags": [],
      "gapShiftMinutes": 0
    },
    {
      "zone": "America/Eirunepe",
      "date": "2199-12-31",
      "time": "23:59",
      "timeKnown": true,
      "status": "compatible",
      "utc": "2200-01-01T04:59:00.000Z",
      "offsetMinutes": -300,
      "flags": [],
      "gapShiftMinutes": 0
    },
    {
      "zone": "America/Eirunepe",
      "date": "2199-12-31",
      "time": "12:00",
      "timeKnown": false,
      "status": "compatible",
      "utc": "2199-12-31T17:00:00.000Z",
      "offsetMinutes": -300,
      "flags": [],
      "gapShiftMinutes": 0
    },
    {
      "zone": "America/Boa_Vista",
      "date": "1800-01-01",
      "time": "00:00",
      "timeKnown": true,
      "status": "compatible",
      "utc": "1800-01-01T04:02:40.000Z",
      "offsetMinutes": -242.66666666666666,
      "flags": [
        "lmt"
      ],
      "gapShiftMinutes": 0
    },
    {
      "zone": "America/Boa_Vista",
      "date": "1800-01-01",
      "time": "23:59",
      "timeKnown": true,
      "status": "compatible",
      "utc": "1800-01-02T04:01:40.000Z",
      "offsetMinutes": -242.66666666666666,
      "flags": [
        "lmt"
      ],
      "gapShiftMinutes": 0
    },
    {
      "zone": "America/Boa_Vista",
      "date": "1800-01-01",
      "time": "12:00",
      "timeKnown": false,
      "status": "compatible",
      "utc": "1800-01-01T16:02:40.000Z",
      "offsetMinutes": -242.66666666666666,
      "flags": [
        "lmt"
      ],
      "gapShiftMinutes": 0
    },
    {
      "zone": "America/Boa_Vista",
      "date": "2199-12-31",
      "time": "00:00",
      "timeKnown": true,
      "status": "compatible",
      "utc": "2199-12-31T04:00:00.000Z",
      "offsetMinutes": -240,
      "flags": [],
      "gapShiftMinutes": 0
    },
    {
      "zone": "America/Boa_Vista",
      "date": "2199-12-31",
      "time": "23:59",
      "timeKnown": true,
      "status": "compatible",
      "utc": "2200-01-01T03:59:00.000Z",
      "offsetMinutes": -240,
      "flags": [],
      "gapShiftMinutes": 0
    },
    {
      "zone": "America/Boa_Vista",
      "date": "2199-12-31",
      "time": "12:00",
      "timeKnown": false,
      "status": "compatible",
      "utc": "2199-12-31T16:00:00.000Z",
      "offsetMinutes": -240,
      "flags": [],
      "gapShiftMinutes": 0
    },
    {
      "zone": "America/Nassau",
      "date": "1800-01-01",
      "time": "00:00",
      "timeKnown": true,
      "status": "compatible",
      "utc": "1800-01-01T05:17:32.000Z",
      "offsetMinutes": -317.53333333333336,
      "flags": [
        "lmt"
      ],
      "gapShiftMinutes": 0
    },
    {
      "zone": "America/Nassau",
      "date": "1800-01-01",
      "time": "23:59",
      "timeKnown": true,
      "status": "compatible",
      "utc": "1800-01-02T05:16:32.000Z",
      "offsetMinutes": -317.53333333333336,
      "flags": [
        "lmt"
      ],
      "gapShiftMinutes": 0
    },
    {
      "zone": "America/Nassau",
      "date": "1800-01-01",
      "time": "12:00",
      "timeKnown": false,
      "status": "compatible",
      "utc": "1800-01-01T17:17:32.000Z",
      "offsetMinutes": -317.53333333333336,
      "flags": [
        "lmt"
      ],
      "gapShiftMinutes": 0
    },
    {
      "zone": "America/Nassau",
      "date": "2199-12-31",
      "time": "00:00",
      "timeKnown": true,
      "status": "compatible",
      "utc": "2199-12-31T05:00:00.000Z",
      "offsetMinutes": -300,
      "flags": [],
      "gapShiftMinutes": 0
    },
    {
      "zone": "America/Nassau",
      "date": "2199-12-31",
      "time": "23:59",
      "timeKnown": true,
      "status": "compatible",
      "utc": "2200-01-01T04:59:00.000Z",
      "offsetMinutes": -300,
      "flags": [],
      "gapShiftMinutes": 0
    },
    {
      "zone": "America/Nassau",
      "date": "2199-12-31",
      "time": "12:00",
      "timeKnown": false,
      "status": "compatible",
      "utc": "2199-12-31T17:00:00.000Z",
      "offsetMinutes": -300,
      "flags": [],
      "gapShiftMinutes": 0
    },
    {
      "zone": "Asia/Thimphu",
      "date": "1800-01-01",
      "time": "00:00",
      "timeKnown": true,
      "status": "compatible",
      "utc": "1799-12-31T18:01:24.000Z",
      "offsetMinutes": 358.6,
      "flags": [
        "lmt"
      ],
      "gapShiftMinutes": 0
    },
    {
      "zone": "Asia/Thimphu",
      "date": "1800-01-01",
      "time": "23:59",
      "timeKnown": true,
      "status": "compatible",
      "utc": "1800-01-01T18:00:24.000Z",
      "offsetMinutes": 358.6,
      "flags": [
        "lmt"
      ],
      "gapShiftMinutes": 0
    },
    {
      "zone": "Asia/Thimphu",
      "date": "1800-01-01",
      "time": "12:00",
      "timeKnown": false,
      "status": "compatible",
      "utc": "1800-01-01T06:01:24.000Z",
      "offsetMinutes": 358.6,
      "flags": [
        "lmt"
      ],
      "gapShiftMinutes": 0
    },
    {
      "zone": "Asia/Thimphu",
      "date": "2199-12-31",
      "time": "00:00",
      "timeKnown": true,
      "status": "compatible",
      "utc": "2199-12-30T18:00:00.000Z",
      "offsetMinutes": 360,
      "flags": [],
      "gapShiftMinutes": 0
    },
    {
      "zone": "Asia/Thimphu",
      "date": "2199-12-31",
      "time": "23:59",
      "timeKnown": true,
      "status": "compatible",
      "utc": "2199-12-31T17:59:00.000Z",
      "offsetMinutes": 360,
      "flags": [],
      "gapShiftMinutes": 0
    },
    {
      "zone": "Asia/Thimphu",
      "date": "2199-12-31",
      "time": "12:00",
      "timeKnown": false,
      "status": "compatible",
      "utc": "2199-12-31T06:00:00.000Z",
      "offsetMinutes": 360,
      "flags": [],
      "gapShiftMinutes": 0
    },
    {
      "zone": "Africa/Gaborone",
      "date": "1800-01-01",
      "time": "00:00",
      "timeKnown": true,
      "status": "compatible",
      "utc": "1799-12-31T21:49:42.000Z",
      "offsetMinutes": 130.3,
      "flags": [
        "lmt"
      ],
      "gapShiftMinutes": 0
    },
    {
      "zone": "Africa/Gaborone",
      "date": "1800-01-01",
      "time": "23:59",
      "timeKnown": true,
      "status": "compatible",
      "utc": "1800-01-01T21:48:42.000Z",
      "offsetMinutes": 130.3,
      "flags": [
        "lmt"
      ],
      "gapShiftMinutes": 0
    },
    {
      "zone": "Africa/Gaborone",
      "date": "1800-01-01",
      "time": "12:00",
      "timeKnown": false,
      "status": "compatible",
      "utc": "1800-01-01T09:49:42.000Z",
      "offsetMinutes": 130.3,
      "flags": [
        "lmt"
      ],
      "gapShiftMinutes": 0
    },
    {
      "zone": "Africa/Gaborone",
      "date": "2199-12-31",
      "time": "00:00",
      "timeKnown": true,
      "status": "compatible",
      "utc": "2199-12-30T22:00:00.000Z",
      "offsetMinutes": 120,
      "flags": [],
      "gapShiftMinutes": 0
    },
    {
      "zone": "Africa/Gaborone",
      "date": "2199-12-31",
      "time": "23:59",
      "timeKnown": true,
      "status": "compatible",
      "utc": "2199-12-31T21:59:00.000Z",
      "offsetMinutes": 120,
      "flags": [],
      "gapShiftMinutes": 0
    },
    {
      "zone": "Africa/Gaborone",
      "date": "2199-12-31",
      "time": "12:00",
      "timeKnown": false,
      "status": "compatible",
      "utc": "2199-12-31T10:00:00.000Z",
      "offsetMinutes": 120,
      "flags": [],
      "gapShiftMinutes": 0
    },
    {
      "zone": "Europe/Minsk",
      "date": "1800-01-01",
      "time": "00:00",
      "timeKnown": true,
      "status": "compatible",
      "utc": "1799-12-31T22:09:44.000Z",
      "offsetMinutes": 110.26666666666667,
      "flags": [
        "lmt"
      ],
      "gapShiftMinutes": 0
    },
    {
      "zone": "Europe/Minsk",
      "date": "1800-01-01",
      "time": "23:59",
      "timeKnown": true,
      "status": "compatible",
      "utc": "1800-01-01T22:08:44.000Z",
      "offsetMinutes": 110.26666666666667,
      "flags": [
        "lmt"
      ],
      "gapShiftMinutes": 0
    },
    {
      "zone": "Europe/Minsk",
      "date": "1800-01-01",
      "time": "12:00",
      "timeKnown": false,
      "status": "compatible",
      "utc": "1800-01-01T10:09:44.000Z",
      "offsetMinutes": 110.26666666666667,
      "flags": [
        "lmt"
      ],
      "gapShiftMinutes": 0
    },
    {
      "zone": "Europe/Minsk",
      "date": "2199-12-31",
      "time": "00:00",
      "timeKnown": true,
      "status": "compatible",
      "utc": "2199-12-30T21:00:00.000Z",
      "offsetMinutes": 180,
      "flags": [],
      "gapShiftMinutes": 0
    },
    {
      "zone": "Europe/Minsk",
      "date": "2199-12-31",
      "time": "23:59",
      "timeKnown": true,
      "status": "compatible",
      "utc": "2199-12-31T20:59:00.000Z",
      "offsetMinutes": 180,
      "flags": [],
      "gapShiftMinutes": 0
    },
    {
      "zone": "Europe/Minsk",
      "date": "2199-12-31",
      "time": "12:00",
      "timeKnown": false,
      "status": "compatible",
      "utc": "2199-12-31T09:00:00.000Z",
      "offsetMinutes": 180,
      "flags": [],
      "gapShiftMinutes": 0
    },
    {
      "zone": "America/Belize",
      "date": "1800-01-01",
      "time": "00:00",
      "timeKnown": true,
      "status": "compatible",
      "utc": "1800-01-01T05:52:48.000Z",
      "offsetMinutes": -352.8,
      "flags": [
        "lmt"
      ],
      "gapShiftMinutes": 0
    },
    {
      "zone": "America/Belize",
      "date": "1800-01-01",
      "time": "23:59",
      "timeKnown": true,
      "status": "compatible",
      "utc": "1800-01-02T05:51:48.000Z",
      "offsetMinutes": -352.8,
      "flags": [
        "lmt"
      ],
      "gapShiftMinutes": 0
    },
    {
      "zone": "America/Belize",
      "date": "1800-01-01",
      "time": "12:00",
      "timeKnown": false,
      "status": "compatible",
      "utc": "1800-01-01T17:52:48.000Z",
      "offsetMinutes": -352.8,
      "flags": [
        "lmt"
      ],
      "gapShiftMinutes": 0
    },
    {
      "zone": "America/Belize",
      "date": "2199-12-31",
      "time": "00:00",
      "timeKnown": true,
      "status": "compatible",
      "utc": "2199-12-31T06:00:00.000Z",
      "offsetMinutes": -360,
      "flags": [],
      "gapShiftMinutes": 0
    },
    {
      "zone": "America/Belize",
      "date": "2199-12-31",
      "time": "23:59",
      "timeKnown": true,
      "status": "compatible",
      "utc": "2200-01-01T05:59:00.000Z",
      "offsetMinutes": -360,
      "flags": [],
      "gapShiftMinutes": 0
    },
    {
      "zone": "America/Belize",
      "date": "2199-12-31",
      "time": "12:00",
      "timeKnown": false,
      "status": "compatible",
      "utc": "2199-12-31T18:00:00.000Z",
      "offsetMinutes": -360,
      "flags": [],
      "gapShiftMinutes": 0
    },
    {
      "zone": "America/Vancouver",
      "date": "1800-01-01",
      "time": "00:00",
      "timeKnown": true,
      "status": "compatible",
      "utc": "1800-01-01T08:12:28.000Z",
      "offsetMinutes": -492.46666666666664,
      "flags": [
        "lmt"
      ],
      "gapShiftMinutes": 0
    },
    {
      "zone": "America/Vancouver",
      "date": "1800-01-01",
      "time": "23:59",
      "timeKnown": true,
      "status": "compatible",
      "utc": "1800-01-02T08:11:28.000Z",
      "offsetMinutes": -492.46666666666664,
      "flags": [
        "lmt"
      ],
      "gapShiftMinutes": 0
    },
    {
      "zone": "America/Vancouver",
      "date": "1800-01-01",
      "time": "12:00",
      "timeKnown": false,
      "status": "compatible",
      "utc": "1800-01-01T20:12:28.000Z",
      "offsetMinutes": -492.46666666666664,
      "flags": [
        "lmt"
      ],
      "gapShiftMinutes": 0
    },
    {
      "zone": "America/Vancouver",
      "date": "2199-12-31",
      "time": "00:00",
      "timeKnown": true,
      "status": "compatible",
      "utc": "2199-12-31T08:00:00.000Z",
      "offsetMinutes": -480,
      "flags": [],
      "gapShiftMinutes": 0
    },
    {
      "zone": "America/Vancouver",
      "date": "2199-12-31",
      "time": "23:59",
      "timeKnown": true,
      "status": "compatible",
      "utc": "2200-01-01T07:59:00.000Z",
      "offsetMinutes": -480,
      "flags": [],
      "gapShiftMinutes": 0
    },
    {
      "zone": "America/Vancouver",
      "date": "2199-12-31",
      "time": "12:00",
      "timeKnown": false,
      "status": "compatible",
      "utc": "2199-12-31T20:00:00.000Z",
      "offsetMinutes": -480,
      "flags": [],
      "gapShiftMinutes": 0
    },
    {
      "zone": "America/Toronto",
      "date": "1800-01-01",
      "time": "00:00",
      "timeKnown": true,
      "status": "compatible",
      "utc": "1800-01-01T05:17:32.000Z",
      "offsetMinutes": -317.53333333333336,
      "flags": [
        "lmt"
      ],
      "gapShiftMinutes": 0
    },
    {
      "zone": "America/Toronto",
      "date": "1800-01-01",
      "time": "23:59",
      "timeKnown": true,
      "status": "compatible",
      "utc": "1800-01-02T05:16:32.000Z",
      "offsetMinutes": -317.53333333333336,
      "flags": [
        "lmt"
      ],
      "gapShiftMinutes": 0
    },
    {
      "zone": "America/Toronto",
      "date": "1800-01-01",
      "time": "12:00",
      "timeKnown": false,
      "status": "compatible",
      "utc": "1800-01-01T17:17:32.000Z",
      "offsetMinutes": -317.53333333333336,
      "flags": [
        "lmt"
      ],
      "gapShiftMinutes": 0
    },
    {
      "zone": "America/Toronto",
      "date": "2199-12-31",
      "time": "00:00",
      "timeKnown": true,
      "status": "compatible",
      "utc": "2199-12-31T05:00:00.000Z",
      "offsetMinutes": -300,
      "flags": [],
      "gapShiftMinutes": 0
    },
    {
      "zone": "America/Toronto",
      "date": "2199-12-31",
      "time": "23:59",
      "timeKnown": true,
      "status": "compatible",
      "utc": "2200-01-01T04:59:00.000Z",
      "offsetMinutes": -300,
      "flags": [],
      "gapShiftMinutes": 0
    },
    {
      "zone": "America/Toronto",
      "date": "2199-12-31",
      "time": "12:00",
      "timeKnown": false,
      "status": "compatible",
      "utc": "2199-12-31T17:00:00.000Z",
      "offsetMinutes": -300,
      "flags": [],
      "gapShiftMinutes": 0
    },
    {
      "zone": "America/Edmonton",
      "date": "1800-01-01",
      "time": "00:00",
      "timeKnown": true,
      "status": "compatible",
      "utc": "1800-01-01T07:33:52.000Z",
      "offsetMinutes": -453.8666666666667,
      "flags": [
        "lmt"
      ],
      "gapShiftMinutes": 0
    },
    {
      "zone": "America/Edmonton",
      "date": "1800-01-01",
      "time": "23:59",
      "timeKnown": true,
      "status": "compatible",
      "utc": "1800-01-02T07:32:52.000Z",
      "offsetMinutes": -453.8666666666667,
      "flags": [
        "lmt"
      ],
      "gapShiftMinutes": 0
    },
    {
      "zone": "America/Edmonton",
      "date": "1800-01-01",
      "time": "12:00",
      "timeKnown": false,
      "status": "compatible",
      "utc": "1800-01-01T19:33:52.000Z",
      "offsetMinutes": -453.8666666666667,
      "flags": [
        "lmt"
      ],
      "gapShiftMinutes": 0
    },
    {
      "zone": "America/Edmonton",
      "date": "2199-12-31",
      "time": "00:00",
      "timeKnown": true,
      "status": "compatible",
      "utc": "2199-12-31T07:00:00.000Z",
      "offsetMinutes": -420,
      "flags": [],
      "gapShiftMinutes": 0
    },
    {
      "zone": "America/Edmonton",
      "date": "2199-12-31",
      "time": "23:59",
      "timeKnown": true,
      "status": "compatible",
      "utc": "2200-01-01T06:59:00.000Z",
      "offsetMinutes": -420,
      "flags": [],
      "gapShiftMinutes": 0
    },
    {
      "zone": "America/Edmonton",
      "date": "2199-12-31",
      "time": "12:00",
      "timeKnown": false,
      "status": "compatible",
      "utc": "2199-12-31T19:00:00.000Z",
      "offsetMinutes": -420,
      "flags": [],
      "gapShiftMinutes": 0
    },
    {
      "zone": "America/Halifax",
      "date": "1800-01-01",
      "time": "00:00",
      "timeKnown": true,
      "status": "compatible",
      "utc": "1800-01-01T04:14:24.000Z",
      "offsetMinutes": -254.4,
      "flags": [
        "lmt"
      ],
      "gapShiftMinutes": 0
    },
    {
      "zone": "America/Halifax",
      "date": "1800-01-01",
      "time": "23:59",
      "timeKnown": true,
      "status": "compatible",
      "utc": "1800-01-02T04:13:24.000Z",
      "offsetMinutes": -254.4,
      "flags": [
        "lmt"
      ],
      "gapShiftMinutes": 0
    },
    {
      "zone": "America/Halifax",
      "date": "1800-01-01",
      "time": "12:00",
      "timeKnown": false,
      "status": "compatible",
      "utc": "1800-01-01T16:14:24.000Z",
      "offsetMinutes": -254.4,
      "flags": [
        "lmt"
      ],
      "gapShiftMinutes": 0
    },
    {
      "zone": "America/Halifax",
      "date": "2199-12-31",
      "time": "00:00",
      "timeKnown": true,
      "status": "compatible",
      "utc": "2199-12-31T04:00:00.000Z",
      "offsetMinutes": -240,
      "flags": [],
      "gapShiftMinutes": 0
    },
    {
      "zone": "America/Halifax",
      "date": "2199-12-31",
      "time": "23:59",
      "timeKnown": true,
      "status": "compatible",
      "utc": "2200-01-01T03:59:00.000Z",
      "offsetMinutes": -240,
      "flags": [],
      "gapShiftMinutes": 0
    },
    {
      "zone": "America/Halifax",
      "date": "2199-12-31",
      "time": "12:00",
      "timeKnown": false,
      "status": "compatible",
      "utc": "2199-12-31T16:00:00.000Z",
      "offsetMinutes": -240,
      "flags": [],
      "gapShiftMinutes": 0
    },
    {
      "zone": "America/Winnipeg",
      "date": "1800-01-01",
      "time": "00:00",
      "timeKnown": true,
      "status": "compatible",
      "utc": "1800-01-01T06:28:36.000Z",
      "offsetMinutes": -388.6,
      "flags": [
        "lmt"
      ],
      "gapShiftMinutes": 0
    },
    {
      "zone": "America/Winnipeg",
      "date": "1800-01-01",
      "time": "23:59",
      "timeKnown": true,
      "status": "compatible",
      "utc": "1800-01-02T06:27:36.000Z",
      "offsetMinutes": -388.6,
      "flags": [
        "lmt"
      ],
      "gapShiftMinutes": 0
    },
    {
      "zone": "America/Winnipeg",
      "date": "1800-01-01",
      "time": "12:00",
      "timeKnown": false,
      "status": "compatible",
      "utc": "1800-01-01T18:28:36.000Z",
      "offsetMinutes": -388.6,
      "flags": [
        "lmt"
      ],
      "gapShiftMinutes": 0
    },
    {
      "zone": "America/Winnipeg",
      "date": "2199-12-31",
      "time": "00:00",
      "timeKnown": true,
      "status": "compatible",
      "utc": "2199-12-31T06:00:00.000Z",
      "offsetMinutes": -360,
      "flags": [],
      "gapShiftMinutes": 0
    },
    {
      "zone": "America/Winnipeg",
      "date": "2199-12-31",
      "time": "23:59",
      "timeKnown": true,
      "status": "compatible",
      "utc": "2200-01-01T05:59:00.000Z",
      "offsetMinutes": -360,
      "flags": [],
      "gapShiftMinutes": 0
    },
    {
      "zone": "America/Winnipeg",
      "date": "2199-12-31",
      "time": "12:00",
      "timeKnown": false,
      "status": "compatible",
      "utc": "2199-12-31T18:00:00.000Z",
      "offsetMinutes": -360,
      "flags": [],
      "gapShiftMinutes": 0
    },
    {
      "zone": "America/St_Johns",
      "date": "1800-01-01",
      "time": "00:00",
      "timeKnown": true,
      "status": "compatible",
      "utc": "1800-01-01T03:30:52.000Z",
      "offsetMinutes": -210.86666666666667,
      "flags": [
        "lmt"
      ],
      "gapShiftMinutes": 0
    },
    {
      "zone": "America/St_Johns",
      "date": "1800-01-01",
      "time": "23:59",
      "timeKnown": true,
      "status": "compatible",
      "utc": "1800-01-02T03:29:52.000Z",
      "offsetMinutes": -210.86666666666667,
      "flags": [
        "lmt"
      ],
      "gapShiftMinutes": 0
    },
    {
      "zone": "America/St_Johns",
      "date": "1800-01-01",
      "time": "12:00",
      "timeKnown": false,
      "status": "compatible",
      "utc": "1800-01-01T15:30:52.000Z",
      "offsetMinutes": -210.86666666666667,
      "flags": [
        "lmt"
      ],
      "gapShiftMinutes": 0
    },
    {
      "zone": "America/St_Johns",
      "date": "2199-12-31",
      "time": "00:00",
      "timeKnown": true,
      "status": "compatible",
      "utc": "2199-12-31T03:30:00.000Z",
      "offsetMinutes": -210,
      "flags": [],
      "gapShiftMinutes": 0
    },
    {
      "zone": "America/St_Johns",
      "date": "2199-12-31",
      "time": "23:59",
      "timeKnown": true,
      "status": "compatible",
      "utc": "2200-01-01T03:29:00.000Z",
      "offsetMinutes": -210,
      "flags": [],
      "gapShiftMinutes": 0
    },
    {
      "zone": "America/St_Johns",
      "date": "2199-12-31",
      "time": "12:00",
      "timeKnown": false,
      "status": "compatible",
      "utc": "2199-12-31T15:30:00.000Z",
      "offsetMinutes": -210,
      "flags": [],
      "gapShiftMinutes": 0
    },
    {
      "zone": "America/Moncton",
      "date": "1800-01-01",
      "time": "00:00",
      "timeKnown": true,
      "status": "compatible",
      "utc": "1800-01-01T04:19:08.000Z",
      "offsetMinutes": -259.1333333333333,
      "flags": [
        "lmt"
      ],
      "gapShiftMinutes": 0
    },
    {
      "zone": "America/Moncton",
      "date": "1800-01-01",
      "time": "23:59",
      "timeKnown": true,
      "status": "compatible",
      "utc": "1800-01-02T04:18:08.000Z",
      "offsetMinutes": -259.1333333333333,
      "flags": [
        "lmt"
      ],
      "gapShiftMinutes": 0
    },
    {
      "zone": "America/Moncton",
      "date": "1800-01-01",
      "time": "12:00",
      "timeKnown": false,
      "status": "compatible",
      "utc": "1800-01-01T16:19:08.000Z",
      "offsetMinutes": -259.1333333333333,
      "flags": [
        "lmt"
      ],
      "gapShiftMinutes": 0
    },
    {
      "zone": "America/Moncton",
      "date": "2199-12-31",
      "time": "00:00",
      "timeKnown": true,
      "status": "compatible",
      "utc": "2199-12-31T04:00:00.000Z",
      "offsetMinutes": -240,
      "flags": [],
      "gapShiftMinutes": 0
    },
    {
      "zone": "America/Moncton",
      "date": "2199-12-31",
      "time": "23:59",
      "timeKnown": true,
      "status": "compatible",
      "utc": "2200-01-01T03:59:00.000Z",
      "offsetMinutes": -240,
      "flags": [],
      "gapShiftMinutes": 0
    },
    {
      "zone": "America/Moncton",
      "date": "2199-12-31",
      "time": "12:00",
      "timeKnown": false,
      "status": "compatible",
      "utc": "2199-12-31T16:00:00.000Z",
      "offsetMinutes": -240,
      "flags": [],
      "gapShiftMinutes": 0
    },
    {
      "zone": "America/Dawson_Creek",
      "date": "1800-01-01",
      "time": "00:00",
      "timeKnown": true,
      "status": "compatible",
      "utc": "1800-01-01T08:00:56.000Z",
      "offsetMinutes": -480.93333333333334,
      "flags": [
        "lmt"
      ],
      "gapShiftMinutes": 0
    },
    {
      "zone": "America/Dawson_Creek",
      "date": "1800-01-01",
      "time": "23:59",
      "timeKnown": true,
      "status": "compatible",
      "utc": "1800-01-02T07:59:56.000Z",
      "offsetMinutes": -480.93333333333334,
      "flags": [
        "lmt"
      ],
      "gapShiftMinutes": 0
    },
    {
      "zone": "America/Dawson_Creek",
      "date": "1800-01-01",
      "time": "12:00",
      "timeKnown": false,
      "status": "compatible",
      "utc": "1800-01-01T20:00:56.000Z",
      "offsetMinutes": -480.93333333333334,
      "flags": [
        "lmt"
      ],
      "gapShiftMinutes": 0
    },
    {
      "zone": "America/Dawson_Creek",
      "date": "2199-12-31",
      "time": "00:00",
      "timeKnown": true,
      "status": "compatible",
      "utc": "2199-12-31T07:00:00.000Z",
      "offsetMinutes": -420,
      "flags": [],
      "gapShiftMinutes": 0
    },
    {
      "zone": "America/Dawson_Creek",
      "date": "2199-12-31",
      "time": "23:59",
      "timeKnown": true,
      "status": "compatible",
      "utc": "2200-01-01T06:59:00.000Z",
      "offsetMinutes": -420,
      "flags": [],
      "gapShiftMinutes": 0
    },
    {
      "zone": "America/Dawson_Creek",
      "date": "2199-12-31",
      "time": "12:00",
      "timeKnown": false,
      "status": "compatible",
      "utc": "2199-12-31T19:00:00.000Z",
      "offsetMinutes": -420,
      "flags": [],
      "gapShiftMinutes": 0
    },
    {
      "zone": "America/Glace_Bay",
      "date": "1800-01-01",
      "time": "00:00",
      "timeKnown": true,
      "status": "compatible",
      "utc": "1800-01-01T03:59:48.000Z",
      "offsetMinutes": -239.8,
      "flags": [
        "lmt"
      ],
      "gapShiftMinutes": 0
    },
    {
      "zone": "America/Glace_Bay",
      "date": "1800-01-01",
      "time": "23:59",
      "timeKnown": true,
      "status": "compatible",
      "utc": "1800-01-02T03:58:48.000Z",
      "offsetMinutes": -239.8,
      "flags": [
        "lmt"
      ],
      "gapShiftMinutes": 0
    },
    {
      "zone": "America/Glace_Bay",
      "date": "1800-01-01",
      "time": "12:00",
      "timeKnown": false,
      "status": "compatible",
      "utc": "1800-01-01T15:59:48.000Z",
      "offsetMinutes": -239.8,
      "flags": [
        "lmt"
      ],
      "gapShiftMinutes": 0
    },
    {
      "zone": "America/Glace_Bay",
      "date": "2199-12-31",
      "time": "00:00",
      "timeKnown": true,
      "status": "compatible",
      "utc": "2199-12-31T04:00:00.000Z",
      "offsetMinutes": -240,
      "flags": [],
      "gapShiftMinutes": 0
    },
    {
      "zone": "America/Glace_Bay",
      "date": "2199-12-31",
      "time": "23:59",
      "timeKnown": true,
      "status": "compatible",
      "utc": "2200-01-01T03:59:00.000Z",
      "offsetMinutes": -240,
      "flags": [],
      "gapShiftMinutes": 0
    },
    {
      "zone": "America/Glace_Bay",
      "date": "2199-12-31",
      "time": "12:00",
      "timeKnown": false,
      "status": "compatible",
      "utc": "2199-12-31T16:00:00.000Z",
      "offsetMinutes": -240,
      "flags": [],
      "gapShiftMinutes": 0
    },
    {
      "zone": "America/Regina",
      "date": "1800-01-01",
      "time": "00:00",
      "timeKnown": true,
      "status": "compatible",
      "utc": "1800-01-01T06:58:36.000Z",
      "offsetMinutes": -418.6,
      "flags": [
        "lmt"
      ],
      "gapShiftMinutes": 0
    },
    {
      "zone": "America/Regina",
      "date": "1800-01-01",
      "time": "23:59",
      "timeKnown": true,
      "status": "compatible",
      "utc": "1800-01-02T06:57:36.000Z",
      "offsetMinutes": -418.6,
      "flags": [
        "lmt"
      ],
      "gapShiftMinutes": 0
    },
    {
      "zone": "America/Regina",
      "date": "1800-01-01",
      "time": "12:00",
      "timeKnown": false,
      "status": "compatible",
      "utc": "1800-01-01T18:58:36.000Z",
      "offsetMinutes": -418.6,
      "flags": [
        "lmt"
      ],
      "gapShiftMinutes": 0
    },
    {
      "zone": "America/Regina",
      "date": "2199-12-31",
      "time": "00:00",
      "timeKnown": true,
      "status": "compatible",
      "utc": "2199-12-31T06:00:00.000Z",
      "offsetMinutes": -360,
      "flags": [],
      "gapShiftMinutes": 0
    },
    {
      "zone": "America/Regina",
      "date": "2199-12-31",
      "time": "23:59",
      "timeKnown": true,
      "status": "compatible",
      "utc": "2200-01-01T05:59:00.000Z",
      "offsetMinutes": -360,
      "flags": [],
      "gapShiftMinutes": 0
    },
    {
      "zone": "America/Regina",
      "date": "2199-12-31",
      "time": "12:00",
      "timeKnown": false,
      "status": "compatible",
      "utc": "2199-12-31T18:00:00.000Z",
      "offsetMinutes": -360,
      "flags": [],
      "gapShiftMinutes": 0
    },
    {
      "zone": "America/Swift_Current",
      "date": "1800-01-01",
      "time": "00:00",
      "timeKnown": true,
      "status": "compatible",
      "utc": "1800-01-01T07:11:20.000Z",
      "offsetMinutes": -431.3333333333333,
      "flags": [
        "lmt"
      ],
      "gapShiftMinutes": 0
    },
    {
      "zone": "America/Swift_Current",
      "date": "1800-01-01",
      "time": "23:59",
      "timeKnown": true,
      "status": "compatible",
      "utc": "1800-01-02T07:10:20.000Z",
      "offsetMinutes": -431.3333333333333,
      "flags": [
        "lmt"
      ],
      "gapShiftMinutes": 0
    },
    {
      "zone": "America/Swift_Current",
      "date": "1800-01-01",
      "time": "12:00",
      "timeKnown": false,
      "status": "compatible",
      "utc": "1800-01-01T19:11:20.000Z",
      "offsetMinutes": -431.3333333333333,
      "flags": [
        "lmt"
      ],
      "gapShiftMinutes": 0
    },
    {
      "zone": "America/Swift_Current",
      "date": "2199-12-31",
      "time": "00:00",
      "timeKnown": true,
      "status": "compatible",
      "utc": "2199-12-31T06:00:00.000Z",
      "offsetMinutes": -360,
      "flags": [],
      "gapShiftMinutes": 0
    },
    {
      "zone": "America/Swift_Current",
      "date": "2199-12-31",
      "time": "23:59",
      "timeKnown": true,
      "status": "compatible",
      "utc": "2200-01-01T05:59:00.000Z",
      "offsetMinutes": -360,
      "flags": [],
      "gapShiftMinutes": 0
    },
    {
      "zone": "America/Swift_Current",
      "date": "2199-12-31",
      "time": "12:00",
      "timeKnown": false,
      "status": "compatible",
      "utc": "2199-12-31T18:00:00.000Z",
      "offsetMinutes": -360,
      "flags": [],
      "gapShiftMinutes": 0
    },
    {
      "zone": "America/Whitehorse",
      "date": "1800-01-01",
      "time": "00:00",
      "timeKnown": true,
      "status": "compatible",
      "utc": "1800-01-01T09:00:12.000Z",
      "offsetMinutes": -540.2,
      "flags": [
        "lmt"
      ],
      "gapShiftMinutes": 0
    },
    {
      "zone": "America/Whitehorse",
      "date": "1800-01-01",
      "time": "23:59",
      "timeKnown": true,
      "status": "compatible",
      "utc": "1800-01-02T08:59:12.000Z",
      "offsetMinutes": -540.2,
      "flags": [
        "lmt"
      ],
      "gapShiftMinutes": 0
    },
    {
      "zone": "America/Whitehorse",
      "date": "1800-01-01",
      "time": "12:00",
      "timeKnown": false,
      "status": "compatible",
      "utc": "1800-01-01T21:00:12.000Z",
      "offsetMinutes": -540.2,
      "flags": [
        "lmt"
      ],
      "gapShiftMinutes": 0
    },
    {
      "zone": "America/Whitehorse",
      "date": "2199-12-31",
      "time": "00:00",
      "timeKnown": true,
      "status": "compatible",
      "utc": "2199-12-31T07:00:00.000Z",
      "offsetMinutes": -420,
      "flags": [],
      "gapShiftMinutes": 0
    },
    {
      "zone": "America/Whitehorse",
      "date": "2199-12-31",
      "time": "23:59",
      "timeKnown": true,
      "status": "compatible",
      "utc": "2200-01-01T06:59:00.000Z",
      "offsetMinutes": -420,
      "flags": [],
      "gapShiftMinutes": 0
    },
    {
      "zone": "America/Whitehorse",
      "date": "2199-12-31",
      "time": "12:00",
      "timeKnown": false,
      "status": "compatible",
      "utc": "2199-12-31T19:00:00.000Z",
      "offsetMinutes": -420,
      "flags": [],
      "gapShiftMinutes": 0
    },
    {
      "zone": "Indian/Cocos",
      "date": "1800-01-01",
      "time": "00:00",
      "timeKnown": true,
      "status": "compatible",
      "utc": "1799-12-31T17:35:13.000Z",
      "offsetMinutes": 384.78333333333336,
      "flags": [
        "lmt"
      ],
      "gapShiftMinutes": 0
    },
    {
      "zone": "Indian/Cocos",
      "date": "1800-01-01",
      "time": "23:59",
      "timeKnown": true,
      "status": "compatible",
      "utc": "1800-01-01T17:34:13.000Z",
      "offsetMinutes": 384.78333333333336,
      "flags": [
        "lmt"
      ],
      "gapShiftMinutes": 0
    },
    {
      "zone": "Indian/Cocos",
      "date": "1800-01-01",
      "time": "12:00",
      "timeKnown": false,
      "status": "compatible",
      "utc": "1800-01-01T05:35:13.000Z",
      "offsetMinutes": 384.78333333333336,
      "flags": [
        "lmt"
      ],
      "gapShiftMinutes": 0
    },
    {
      "zone": "Indian/Cocos",
      "date": "2199-12-31",
      "time": "00:00",
      "timeKnown": true,
      "status": "compatible",
      "utc": "2199-12-30T17:30:00.000Z",
      "offsetMinutes": 390,
      "flags": [],
      "gapShiftMinutes": 0
    },
    {
      "zone": "Indian/Cocos",
      "date": "2199-12-31",
      "time": "23:59",
      "timeKnown": true,
      "status": "compatible",
      "utc": "2199-12-31T17:29:00.000Z",
      "offsetMinutes": 390,
      "flags": [],
      "gapShiftMinutes": 0
    },
    {
      "zone": "Indian/Cocos",
      "date": "2199-12-31",
      "time": "12:00",
      "timeKnown": false,
      "status": "compatible",
      "utc": "2199-12-31T05:30:00.000Z",
      "offsetMinutes": 390,
      "flags": [],
      "gapShiftMinutes": 0
    },
    {
      "zone": "Africa/Lubumbashi",
      "date": "1800-01-01",
      "time": "00:00",
      "timeKnown": true,
      "status": "compatible",
      "utc": "1799-12-31T21:49:42.000Z",
      "offsetMinutes": 130.3,
      "flags": [
        "lmt"
      ],
      "gapShiftMinutes": 0
    },
    {
      "zone": "Africa/Lubumbashi",
      "date": "1800-01-01",
      "time": "23:59",
      "timeKnown": true,
      "status": "compatible",
      "utc": "1800-01-01T21:48:42.000Z",
      "offsetMinutes": 130.3,
      "flags": [
        "lmt"
      ],
      "gapShiftMinutes": 0
    },
    {
      "zone": "Africa/Lubumbashi",
      "date": "1800-01-01",
      "time": "12:00",
      "timeKnown": false,
      "status": "compatible",
      "utc": "1800-01-01T09:49:42.000Z",
      "offsetMinutes": 130.3,
      "flags": [
        "lmt"
      ],
      "gapShiftMinutes": 0
    },
    {
      "zone": "Africa/Lubumbashi",
      "date": "2199-12-31",
      "time": "00:00",
      "timeKnown": true,
      "status": "compatible",
      "utc": "2199-12-30T22:00:00.000Z",
      "offsetMinutes": 120,
      "flags": [],
      "gapShiftMinutes": 0
    },
    {
      "zone": "Africa/Lubumbashi",
      "date": "2199-12-31",
      "time": "23:59",
      "timeKnown": true,
      "status": "compatible",
      "utc": "2199-12-31T21:59:00.000Z",
      "offsetMinutes": 120,
      "flags": [],
      "gapShiftMinutes": 0
    },
    {
      "zone": "Africa/Lubumbashi",
      "date": "2199-12-31",
      "time": "12:00",
      "timeKnown": false,
      "status": "compatible",
      "utc": "2199-12-31T10:00:00.000Z",
      "offsetMinutes": 120,
      "flags": [],
      "gapShiftMinutes": 0
    },
    {
      "zone": "Africa/Kinshasa",
      "date": "1800-01-01",
      "time": "00:00",
      "timeKnown": true,
      "status": "compatible",
      "utc": "1799-12-31T23:46:25.000Z",
      "offsetMinutes": 13.583333333333334,
      "flags": [
        "lmt"
      ],
      "gapShiftMinutes": 0
    },
    {
      "zone": "Africa/Kinshasa",
      "date": "1800-01-01",
      "time": "23:59",
      "timeKnown": true,
      "status": "compatible",
      "utc": "1800-01-01T23:45:25.000Z",
      "offsetMinutes": 13.583333333333334,
      "flags": [
        "lmt"
      ],
      "gapShiftMinutes": 0
    },
    {
      "zone": "Africa/Kinshasa",
      "date": "1800-01-01",
      "time": "12:00",
      "timeKnown": false,
      "status": "compatible",
      "utc": "1800-01-01T11:46:25.000Z",
      "offsetMinutes": 13.583333333333334,
      "flags": [
        "lmt"
      ],
      "gapShiftMinutes": 0
    },
    {
      "zone": "Africa/Kinshasa",
      "date": "2199-12-31",
      "time": "00:00",
      "timeKnown": true,
      "status": "compatible",
      "utc": "2199-12-30T23:00:00.000Z",
      "offsetMinutes": 60,
      "flags": [],
      "gapShiftMinutes": 0
    },
    {
      "zone": "Africa/Kinshasa",
      "date": "2199-12-31",
      "time": "23:59",
      "timeKnown": true,
      "status": "compatible",
      "utc": "2199-12-31T22:59:00.000Z",
      "offsetMinutes": 60,
      "flags": [],
      "gapShiftMinutes": 0
    },
    {
      "zone": "Africa/Kinshasa",
      "date": "2199-12-31",
      "time": "12:00",
      "timeKnown": false,
      "status": "compatible",
      "utc": "2199-12-31T11:00:00.000Z",
      "offsetMinutes": 60,
      "flags": [],
      "gapShiftMinutes": 0
    },
    {
      "zone": "Africa/Bangui",
      "date": "1800-01-01",
      "time": "00:00",
      "timeKnown": true,
      "status": "compatible",
      "utc": "1799-12-31T23:46:25.000Z",
      "offsetMinutes": 13.583333333333334,
      "flags": [
        "lmt"
      ],
      "gapShiftMinutes": 0
    },
    {
      "zone": "Africa/Bangui",
      "date": "1800-01-01",
      "time": "23:59",
      "timeKnown": true,
      "status": "compatible",
      "utc": "1800-01-01T23:45:25.000Z",
      "offsetMinutes": 13.583333333333334,
      "flags": [
        "lmt"
      ],
      "gapShiftMinutes": 0
    },
    {
      "zone": "Africa/Bangui",
      "date": "1800-01-01",
      "time": "12:00",
      "timeKnown": false,
      "status": "compatible",
      "utc": "1800-01-01T11:46:25.000Z",
      "offsetMinutes": 13.583333333333334,
      "flags": [
        "lmt"
      ],
      "gapShiftMinutes": 0
    },
    {
      "zone": "Africa/Bangui",
      "date": "2199-12-31",
      "time": "00:00",
      "timeKnown": true,
      "status": "compatible",
      "utc": "2199-12-30T23:00:00.000Z",
      "offsetMinutes": 60,
      "flags": [],
      "gapShiftMinutes": 0
    },
    {
      "zone": "Africa/Bangui",
      "date": "2199-12-31",
      "time": "23:59",
      "timeKnown": true,
      "status": "compatible",
      "utc": "2199-12-31T22:59:00.000Z",
      "offsetMinutes": 60,
      "flags": [],
      "gapShiftMinutes": 0
    },
    {
      "zone": "Africa/Bangui",
      "date": "2199-12-31",
      "time": "12:00",
      "timeKnown": false,
      "status": "compatible",
      "utc": "2199-12-31T11:00:00.000Z",
      "offsetMinutes": 60,
      "flags": [],
      "gapShiftMinutes": 0
    },
    {
      "zone": "Africa/Brazzaville",
      "date": "1800-01-01",
      "time": "00:00",
      "timeKnown": true,
      "status": "compatible",
      "utc": "1799-12-31T23:46:25.000Z",
      "offsetMinutes": 13.583333333333334,
      "flags": [
        "lmt"
      ],
      "gapShiftMinutes": 0
    },
    {
      "zone": "Africa/Brazzaville",
      "date": "1800-01-01",
      "time": "23:59",
      "timeKnown": true,
      "status": "compatible",
      "utc": "1800-01-01T23:45:25.000Z",
      "offsetMinutes": 13.583333333333334,
      "flags": [
        "lmt"
      ],
      "gapShiftMinutes": 0
    },
    {
      "zone": "Africa/Brazzaville",
      "date": "1800-01-01",
      "time": "12:00",
      "timeKnown": false,
      "status": "compatible",
      "utc": "1800-01-01T11:46:25.000Z",
      "offsetMinutes": 13.583333333333334,
      "flags": [
        "lmt"
      ],
      "gapShiftMinutes": 0
    },
    {
      "zone": "Africa/Brazzaville",
      "date": "2199-12-31",
      "time": "00:00",
      "timeKnown": true,
      "status": "compatible",
      "utc": "2199-12-30T23:00:00.000Z",
      "offsetMinutes": 60,
      "flags": [],
      "gapShiftMinutes": 0
    },
    {
      "zone": "Africa/Brazzaville",
      "date": "2199-12-31",
      "time": "23:59",
      "timeKnown": true,
      "status": "compatible",
      "utc": "2199-12-31T22:59:00.000Z",
      "offsetMinutes": 60,
      "flags": [],
      "gapShiftMinutes": 0
    },
    {
      "zone": "Africa/Brazzaville",
      "date": "2199-12-31",
      "time": "12:00",
      "timeKnown": false,
      "status": "compatible",
      "utc": "2199-12-31T11:00:00.000Z",
      "offsetMinutes": 60,
      "flags": [],
      "gapShiftMinutes": 0
    },
    {
      "zone": "Europe/Zurich",
      "date": "1800-01-01",
      "time": "00:00",
      "timeKnown": true,
      "status": "compatible",
      "utc": "1799-12-31T23:25:52.000Z",
      "offsetMinutes": 34.13333333333333,
      "flags": [
        "lmt"
      ],
      "gapShiftMinutes": 0
    },
    {
      "zone": "Europe/Zurich",
      "date": "1800-01-01",
      "time": "23:59",
      "timeKnown": true,
      "status": "compatible",
      "utc": "1800-01-01T23:24:52.000Z",
      "offsetMinutes": 34.13333333333333,
      "flags": [
        "lmt"
      ],
      "gapShiftMinutes": 0
    },
    {
      "zone": "Europe/Zurich",
      "date": "1800-01-01",
      "time": "12:00",
      "timeKnown": false,
      "status": "compatible",
      "utc": "1800-01-01T11:25:52.000Z",
      "offsetMinutes": 34.13333333333333,
      "flags": [
        "lmt"
      ],
      "gapShiftMinutes": 0
    },
    {
      "zone": "Europe/Zurich",
      "date": "2199-12-31",
      "time": "00:00",
      "timeKnown": true,
      "status": "compatible",
      "utc": "2199-12-30T23:00:00.000Z",
      "offsetMinutes": 60,
      "flags": [],
      "gapShiftMinutes": 0
    },
    {
      "zone": "Europe/Zurich",
      "date": "2199-12-31",
      "time": "23:59",
      "timeKnown": true,
      "status": "compatible",
      "utc": "2199-12-31T22:59:00.000Z",
      "offsetMinutes": 60,
      "flags": [],
      "gapShiftMinutes": 0
    },
    {
      "zone": "Europe/Zurich",
      "date": "2199-12-31",
      "time": "12:00",
      "timeKnown": false,
      "status": "compatible",
      "utc": "2199-12-31T11:00:00.000Z",
      "offsetMinutes": 60,
      "flags": [],
      "gapShiftMinutes": 0
    },
    {
      "zone": "Africa/Abidjan",
      "date": "1800-01-01",
      "time": "00:00",
      "timeKnown": true,
      "status": "compatible",
      "utc": "1800-01-01T00:16:08.000Z",
      "offsetMinutes": -16.133333333333333,
      "flags": [
        "lmt"
      ],
      "gapShiftMinutes": 0
    },
    {
      "zone": "Africa/Abidjan",
      "date": "1800-01-01",
      "time": "23:59",
      "timeKnown": true,
      "status": "compatible",
      "utc": "1800-01-02T00:15:08.000Z",
      "offsetMinutes": -16.133333333333333,
      "flags": [
        "lmt"
      ],
      "gapShiftMinutes": 0
    },
    {
      "zone": "Africa/Abidjan",
      "date": "1800-01-01",
      "time": "12:00",
      "timeKnown": false,
      "status": "compatible",
      "utc": "1800-01-01T12:16:08.000Z",
      "offsetMinutes": -16.133333333333333,
      "flags": [
        "lmt"
      ],
      "gapShiftMinutes": 0
    },
    {
      "zone": "Africa/Abidjan",
      "date": "2199-12-31",
      "time": "00:00",
      "timeKnown": true,
      "status": "compatible",
      "utc": "2199-12-31T00:00:00.000Z",
      "offsetMinutes": 0,
      "flags": [],
      "gapShiftMinutes": 0
    },
    {
      "zone": "Africa/Abidjan",
      "date": "2199-12-31",
      "time": "23:59",
      "timeKnown": true,
      "status": "compatible",
      "utc": "2199-12-31T23:59:00.000Z",
      "offsetMinutes": 0,
      "flags": [],
      "gapShiftMinutes": 0
    },
    {
      "zone": "Africa/Abidjan",
      "date": "2199-12-31",
      "time": "12:00",
      "timeKnown": false,
      "status": "compatible",
      "utc": "2199-12-31T12:00:00.000Z",
      "offsetMinutes": 0,
      "flags": [],
      "gapShiftMinutes": 0
    },
    {
      "zone": "Pacific/Rarotonga",
      "date": "1800-01-01",
      "time": "00:00",
      "timeKnown": true,
      "status": "compatible",
      "utc": "1799-12-31T10:39:04.000Z",
      "offsetMinutes": 800.9333333333333,
      "flags": [
        "lmt"
      ],
      "gapShiftMinutes": 0
    },
    {
      "zone": "Pacific/Rarotonga",
      "date": "1800-01-01",
      "time": "23:59",
      "timeKnown": true,
      "status": "compatible",
      "utc": "1800-01-01T10:38:04.000Z",
      "offsetMinutes": 800.9333333333333,
      "flags": [
        "lmt"
      ],
      "gapShiftMinutes": 0
    },
    {
      "zone": "Pacific/Rarotonga",
      "date": "1800-01-01",
      "time": "12:00",
      "timeKnown": false,
      "status": "compatible",
      "utc": "1799-12-31T22:39:04.000Z",
      "offsetMinutes": 800.9333333333333,
      "flags": [
        "lmt"
      ],
      "gapShiftMinutes": 0
    },
    {
      "zone": "Pacific/Rarotonga",
      "date": "2199-12-31",
      "time": "00:00",
      "timeKnown": true,
      "status": "compatible",
      "utc": "2199-12-31T10:00:00.000Z",
      "offsetMinutes": -600,
      "flags": [],
      "gapShiftMinutes": 0
    },
    {
      "zone": "Pacific/Rarotonga",
      "date": "2199-12-31",
      "time": "23:59",
      "timeKnown": true,
      "status": "compatible",
      "utc": "2200-01-01T09:59:00.000Z",
      "offsetMinutes": -600,
      "flags": [],
      "gapShiftMinutes": 0
    },
    {
      "zone": "Pacific/Rarotonga",
      "date": "2199-12-31",
      "time": "12:00",
      "timeKnown": false,
      "status": "compatible",
      "utc": "2199-12-31T22:00:00.000Z",
      "offsetMinutes": -600,
      "flags": [],
      "gapShiftMinutes": 0
    },
    {
      "zone": "America/Santiago",
      "date": "1800-01-01",
      "time": "00:00",
      "timeKnown": true,
      "status": "compatible",
      "utc": "1800-01-01T04:42:45.000Z",
      "offsetMinutes": -282.75,
      "flags": [
        "lmt"
      ],
      "gapShiftMinutes": 0
    },
    {
      "zone": "America/Santiago",
      "date": "1800-01-01",
      "time": "23:59",
      "timeKnown": true,
      "status": "compatible",
      "utc": "1800-01-02T04:41:45.000Z",
      "offsetMinutes": -282.75,
      "flags": [
        "lmt"
      ],
      "gapShiftMinutes": 0
    },
    {
      "zone": "America/Santiago",
      "date": "1800-01-01",
      "time": "12:00",
      "timeKnown": false,
      "status": "compatible",
      "utc": "1800-01-01T16:42:45.000Z",
      "offsetMinutes": -282.75,
      "flags": [
        "lmt"
      ],
      "gapShiftMinutes": 0
    },
    {
      "zone": "America/Santiago",
      "date": "2199-12-31",
      "time": "00:00",
      "timeKnown": true,
      "status": "compatible",
      "utc": "2199-12-31T03:00:00.000Z",
      "offsetMinutes": -180,
      "flags": [],
      "gapShiftMinutes": 0
    },
    {
      "zone": "America/Santiago",
      "date": "2199-12-31",
      "time": "23:59",
      "timeKnown": true,
      "status": "compatible",
      "utc": "2200-01-01T02:59:00.000Z",
      "offsetMinutes": -180,
      "flags": [],
      "gapShiftMinutes": 0
    },
    {
      "zone": "America/Santiago",
      "date": "2199-12-31",
      "time": "12:00",
      "timeKnown": false,
      "status": "compatible",
      "utc": "2199-12-31T15:00:00.000Z",
      "offsetMinutes": -180,
      "flags": [],
      "gapShiftMinutes": 0
    },
    {
      "zone": "America/Punta_Arenas",
      "date": "1800-01-01",
      "time": "00:00",
      "timeKnown": true,
      "status": "compatible",
      "utc": "1800-01-01T04:43:40.000Z",
      "offsetMinutes": -283.6666666666667,
      "flags": [
        "lmt"
      ],
      "gapShiftMinutes": 0
    },
    {
      "zone": "America/Punta_Arenas",
      "date": "1800-01-01",
      "time": "23:59",
      "timeKnown": true,
      "status": "compatible",
      "utc": "1800-01-02T04:42:40.000Z",
      "offsetMinutes": -283.6666666666667,
      "flags": [
        "lmt"
      ],
      "gapShiftMinutes": 0
    },
    {
      "zone": "America/Punta_Arenas",
      "date": "1800-01-01",
      "time": "12:00",
      "timeKnown": false,
      "status": "compatible",
      "utc": "1800-01-01T16:43:40.000Z",
      "offsetMinutes": -283.6666666666667,
      "flags": [
        "lmt"
      ],
      "gapShiftMinutes": 0
    },
    {
      "zone": "America/Punta_Arenas",
      "date": "2199-12-31",
      "time": "00:00",
      "timeKnown": true,
      "status": "compatible",
      "utc": "2199-12-31T03:00:00.000Z",
      "offsetMinutes": -180,
      "flags": [],
      "gapShiftMinutes": 0
    },
    {
      "zone": "America/Punta_Arenas",
      "date": "2199-12-31",
      "time": "23:59",
      "timeKnown": true,
      "status": "compatible",
      "utc": "2200-01-01T02:59:00.000Z",
      "offsetMinutes": -180,
      "flags": [],
      "gapShiftMinutes": 0
    },
    {
      "zone": "America/Punta_Arenas",
      "date": "2199-12-31",
      "time": "12:00",
      "timeKnown": false,
      "status": "compatible",
      "utc": "2199-12-31T15:00:00.000Z",
      "offsetMinutes": -180,
      "flags": [],
      "gapShiftMinutes": 0
    },
    {
      "zone": "America/Coyhaique",
      "date": "1800-01-01",
      "time": "00:00",
      "timeKnown": true,
      "status": "compatible",
      "utc": "1800-01-01T04:48:16.000Z",
      "offsetMinutes": -288.26666666666665,
      "flags": [
        "lmt"
      ],
      "gapShiftMinutes": 0
    },
    {
      "zone": "America/Coyhaique",
      "date": "1800-01-01",
      "time": "23:59",
      "timeKnown": true,
      "status": "compatible",
      "utc": "1800-01-02T04:47:16.000Z",
      "offsetMinutes": -288.26666666666665,
      "flags": [
        "lmt"
      ],
      "gapShiftMinutes": 0
    },
    {
      "zone": "America/Coyhaique",
      "date": "1800-01-01",
      "time": "12:00",
      "timeKnown": false,
      "status": "compatible",
      "utc": "1800-01-01T16:48:16.000Z",
      "offsetMinutes": -288.26666666666665,
      "flags": [
        "lmt"
      ],
      "gapShiftMinutes": 0
    },
    {
      "zone": "America/Coyhaique",
      "date": "2199-12-31",
      "time": "00:00",
      "timeKnown": true,
      "status": "compatible",
      "utc": "2199-12-31T03:00:00.000Z",
      "offsetMinutes": -180,
      "flags": [],
      "gapShiftMinutes": 0
    },
    {
      "zone": "America/Coyhaique",
      "date": "2199-12-31",
      "time": "23:59",
      "timeKnown": true,
      "status": "compatible",
      "utc": "2200-01-01T02:59:00.000Z",
      "offsetMinutes": -180,
      "flags": [],
      "gapShiftMinutes": 0
    },
    {
      "zone": "America/Coyhaique",
      "date": "2199-12-31",
      "time": "12:00",
      "timeKnown": false,
      "status": "compatible",
      "utc": "2199-12-31T15:00:00.000Z",
      "offsetMinutes": -180,
      "flags": [],
      "gapShiftMinutes": 0
    },
    {
      "zone": "Africa/Douala",
      "date": "1800-01-01",
      "time": "00:00",
      "timeKnown": true,
      "status": "compatible",
      "utc": "1799-12-31T23:46:25.000Z",
      "offsetMinutes": 13.583333333333334,
      "flags": [
        "lmt"
      ],
      "gapShiftMinutes": 0
    },
    {
      "zone": "Africa/Douala",
      "date": "1800-01-01",
      "time": "23:59",
      "timeKnown": true,
      "status": "compatible",
      "utc": "1800-01-01T23:45:25.000Z",
      "offsetMinutes": 13.583333333333334,
      "flags": [
        "lmt"
      ],
      "gapShiftMinutes": 0
    },
    {
      "zone": "Africa/Douala",
      "date": "1800-01-01",
      "time": "12:00",
      "timeKnown": false,
      "status": "compatible",
      "utc": "1800-01-01T11:46:25.000Z",
      "offsetMinutes": 13.583333333333334,
      "flags": [
        "lmt"
      ],
      "gapShiftMinutes": 0
    },
    {
      "zone": "Africa/Douala",
      "date": "2199-12-31",
      "time": "00:00",
      "timeKnown": true,
      "status": "compatible",
      "utc": "2199-12-30T23:00:00.000Z",
      "offsetMinutes": 60,
      "flags": [],
      "gapShiftMinutes": 0
    },
    {
      "zone": "Africa/Douala",
      "date": "2199-12-31",
      "time": "23:59",
      "timeKnown": true,
      "status": "compatible",
      "utc": "2199-12-31T22:59:00.000Z",
      "offsetMinutes": 60,
      "flags": [],
      "gapShiftMinutes": 0
    },
    {
      "zone": "Africa/Douala",
      "date": "2199-12-31",
      "time": "12:00",
      "timeKnown": false,
      "status": "compatible",
      "utc": "2199-12-31T11:00:00.000Z",
      "offsetMinutes": 60,
      "flags": [],
      "gapShiftMinutes": 0
    },
    {
      "zone": "Asia/Shanghai",
      "date": "1800-01-01",
      "time": "00:00",
      "timeKnown": true,
      "status": "compatible",
      "utc": "1799-12-31T15:54:17.000Z",
      "offsetMinutes": 485.71666666666664,
      "flags": [
        "lmt"
      ],
      "gapShiftMinutes": 0
    },
    {
      "zone": "Asia/Shanghai",
      "date": "1800-01-01",
      "time": "23:59",
      "timeKnown": true,
      "status": "compatible",
      "utc": "1800-01-01T15:53:17.000Z",
      "offsetMinutes": 485.71666666666664,
      "flags": [
        "lmt"
      ],
      "gapShiftMinutes": 0
    },
    {
      "zone": "Asia/Shanghai",
      "date": "1800-01-01",
      "time": "12:00",
      "timeKnown": false,
      "status": "compatible",
      "utc": "1800-01-01T03:54:17.000Z",
      "offsetMinutes": 485.71666666666664,
      "flags": [
        "lmt"
      ],
      "gapShiftMinutes": 0
    },
    {
      "zone": "Asia/Shanghai",
      "date": "2199-12-31",
      "time": "00:00",
      "timeKnown": true,
      "status": "compatible",
      "utc": "2199-12-30T16:00:00.000Z",
      "offsetMinutes": 480,
      "flags": [],
      "gapShiftMinutes": 0
    },
    {
      "zone": "Asia/Shanghai",
      "date": "2199-12-31",
      "time": "23:59",
      "timeKnown": true,
      "status": "compatible",
      "utc": "2199-12-31T15:59:00.000Z",
      "offsetMinutes": 480,
      "flags": [],
      "gapShiftMinutes": 0
    },
    {
      "zone": "Asia/Shanghai",
      "date": "2199-12-31",
      "time": "12:00",
      "timeKnown": false,
      "status": "compatible",
      "utc": "2199-12-31T04:00:00.000Z",
      "offsetMinutes": 480,
      "flags": [],
      "gapShiftMinutes": 0
    },
    {
      "zone": "Asia/Urumqi",
      "date": "1800-01-01",
      "time": "00:00",
      "timeKnown": true,
      "status": "compatible",
      "utc": "1799-12-31T18:09:40.000Z",
      "offsetMinutes": 350.3333333333333,
      "flags": [
        "lmt"
      ],
      "gapShiftMinutes": 0
    },
    {
      "zone": "Asia/Urumqi",
      "date": "1800-01-01",
      "time": "23:59",
      "timeKnown": true,
      "status": "compatible",
      "utc": "1800-01-01T18:08:40.000Z",
      "offsetMinutes": 350.3333333333333,
      "flags": [
        "lmt"
      ],
      "gapShiftMinutes": 0
    },
    {
      "zone": "Asia/Urumqi",
      "date": "1800-01-01",
      "time": "12:00",
      "timeKnown": false,
      "status": "compatible",
      "utc": "1800-01-01T06:09:40.000Z",
      "offsetMinutes": 350.3333333333333,
      "flags": [
        "lmt"
      ],
      "gapShiftMinutes": 0
    },
    {
      "zone": "Asia/Urumqi",
      "date": "2199-12-31",
      "time": "00:00",
      "timeKnown": true,
      "status": "compatible",
      "utc": "2199-12-30T18:00:00.000Z",
      "offsetMinutes": 360,
      "flags": [],
      "gapShiftMinutes": 0
    },
    {
      "zone": "Asia/Urumqi",
      "date": "2199-12-31",
      "time": "23:59",
      "timeKnown": true,
      "status": "compatible",
      "utc": "2199-12-31T17:59:00.000Z",
      "offsetMinutes": 360,
      "flags": [],
      "gapShiftMinutes": 0
    },
    {
      "zone": "Asia/Urumqi",
      "date": "2199-12-31",
      "time": "12:00",
      "timeKnown": false,
      "status": "compatible",
      "utc": "2199-12-31T06:00:00.000Z",
      "offsetMinutes": 360,
      "flags": [],
      "gapShiftMinutes": 0
    },
    {
      "zone": "Asia/Macau",
      "date": "1800-01-01",
      "time": "00:00",
      "timeKnown": true,
      "status": "compatible",
      "utc": "1799-12-31T16:25:50.000Z",
      "offsetMinutes": 454.1666666666667,
      "flags": [
        "lmt"
      ],
      "gapShiftMinutes": 0
    },
    {
      "zone": "Asia/Macau",
      "date": "1800-01-01",
      "time": "23:59",
      "timeKnown": true,
      "status": "compatible",
      "utc": "1800-01-01T16:24:50.000Z",
      "offsetMinutes": 454.1666666666667,
      "flags": [
        "lmt"
      ],
      "gapShiftMinutes": 0
    },
    {
      "zone": "Asia/Macau",
      "date": "1800-01-01",
      "time": "12:00",
      "timeKnown": false,
      "status": "compatible",
      "utc": "1800-01-01T04:25:50.000Z",
      "offsetMinutes": 454.1666666666667,
      "flags": [
        "lmt"
      ],
      "gapShiftMinutes": 0
    },
    {
      "zone": "Asia/Macau",
      "date": "2199-12-31",
      "time": "00:00",
      "timeKnown": true,
      "status": "compatible",
      "utc": "2199-12-30T16:00:00.000Z",
      "offsetMinutes": 480,
      "flags": [],
      "gapShiftMinutes": 0
    },
    {
      "zone": "Asia/Macau",
      "date": "2199-12-31",
      "time": "23:59",
      "timeKnown": true,
      "status": "compatible",
      "utc": "2199-12-31T15:59:00.000Z",
      "offsetMinutes": 480,
      "flags": [],
      "gapShiftMinutes": 0
    },
    {
      "zone": "Asia/Macau",
      "date": "2199-12-31",
      "time": "12:00",
      "timeKnown": false,
      "status": "compatible",
      "utc": "2199-12-31T04:00:00.000Z",
      "offsetMinutes": 480,
      "flags": [],
      "gapShiftMinutes": 0
    },
    {
      "zone": "America/Bogota",
      "date": "1800-01-01",
      "time": "00:00",
      "timeKnown": true,
      "status": "compatible",
      "utc": "1800-01-01T04:56:16.000Z",
      "offsetMinutes": -296.26666666666665,
      "flags": [
        "lmt"
      ],
      "gapShiftMinutes": 0
    },
    {
      "zone": "America/Bogota",
      "date": "1800-01-01",
      "time": "23:59",
      "timeKnown": true,
      "status": "compatible",
      "utc": "1800-01-02T04:55:16.000Z",
      "offsetMinutes": -296.26666666666665,
      "flags": [
        "lmt"
      ],
      "gapShiftMinutes": 0
    },
    {
      "zone": "America/Bogota",
      "date": "1800-01-01",
      "time": "12:00",
      "timeKnown": false,
      "status": "compatible",
      "utc": "1800-01-01T16:56:16.000Z",
      "offsetMinutes": -296.26666666666665,
      "flags": [
        "lmt"
      ],
      "gapShiftMinutes": 0
    },
    {
      "zone": "America/Bogota",
      "date": "2199-12-31",
      "time": "00:00",
      "timeKnown": true,
      "status": "compatible",
      "utc": "2199-12-31T05:00:00.000Z",
      "offsetMinutes": -300,
      "flags": [],
      "gapShiftMinutes": 0
    },
    {
      "zone": "America/Bogota",
      "date": "2199-12-31",
      "time": "23:59",
      "timeKnown": true,
      "status": "compatible",
      "utc": "2200-01-01T04:59:00.000Z",
      "offsetMinutes": -300,
      "flags": [],
      "gapShiftMinutes": 0
    },
    {
      "zone": "America/Bogota",
      "date": "2199-12-31",
      "time": "12:00",
      "timeKnown": false,
      "status": "compatible",
      "utc": "2199-12-31T17:00:00.000Z",
      "offsetMinutes": -300,
      "flags": [],
      "gapShiftMinutes": 0
    },
    {
      "zone": "America/Costa_Rica",
      "date": "1800-01-01",
      "time": "00:00",
      "timeKnown": true,
      "status": "compatible",
      "utc": "1800-01-01T05:36:13.000Z",
      "offsetMinutes": -336.21666666666664,
      "flags": [
        "lmt"
      ],
      "gapShiftMinutes": 0
    },
    {
      "zone": "America/Costa_Rica",
      "date": "1800-01-01",
      "time": "23:59",
      "timeKnown": true,
      "status": "compatible",
      "utc": "1800-01-02T05:35:13.000Z",
      "offsetMinutes": -336.21666666666664,
      "flags": [
        "lmt"
      ],
      "gapShiftMinutes": 0
    },
    {
      "zone": "America/Costa_Rica",
      "date": "1800-01-01",
      "time": "12:00",
      "timeKnown": false,
      "status": "compatible",
      "utc": "1800-01-01T17:36:13.000Z",
      "offsetMinutes": -336.21666666666664,
      "flags": [
        "lmt"
      ],
      "gapShiftMinutes": 0
    },
    {
      "zone": "America/Costa_Rica",
      "date": "2199-12-31",
      "time": "00:00",
      "timeKnown": true,
      "status": "compatible",
      "utc": "2199-12-31T06:00:00.000Z",
      "offsetMinutes": -360,
      "flags": [],
      "gapShiftMinutes": 0
    },
    {
      "zone": "America/Costa_Rica",
      "date": "2199-12-31",
      "time": "23:59",
      "timeKnown": true,
      "status": "compatible",
      "utc": "2200-01-01T05:59:00.000Z",
      "offsetMinutes": -360,
      "flags": [],
      "gapShiftMinutes": 0
    },
    {
      "zone": "America/Costa_Rica",
      "date": "2199-12-31",
      "time": "12:00",
      "timeKnown": false,
      "status": "compatible",
      "utc": "2199-12-31T18:00:00.000Z",
      "offsetMinutes": -360,
      "flags": [],
      "gapShiftMinutes": 0
    },
    {
      "zone": "America/Havana",
      "date": "1800-01-01",
      "time": "00:00",
      "timeKnown": true,
      "status": "compatible",
      "utc": "1800-01-01T05:29:28.000Z",
      "offsetMinutes": -329.46666666666664,
      "flags": [
        "lmt"
      ],
      "gapShiftMinutes": 0
    },
    {
      "zone": "America/Havana",
      "date": "1800-01-01",
      "time": "23:59",
      "timeKnown": true,
      "status": "compatible",
      "utc": "1800-01-02T05:28:28.000Z",
      "offsetMinutes": -329.46666666666664,
      "flags": [
        "lmt"
      ],
      "gapShiftMinutes": 0
    },
    {
      "zone": "America/Havana",
      "date": "1800-01-01",
      "time": "12:00",
      "timeKnown": false,
      "status": "compatible",
      "utc": "1800-01-01T17:29:28.000Z",
      "offsetMinutes": -329.46666666666664,
      "flags": [
        "lmt"
      ],
      "gapShiftMinutes": 0
    },
    {
      "zone": "America/Havana",
      "date": "2199-12-31",
      "time": "00:00",
      "timeKnown": true,
      "status": "compatible",
      "utc": "2199-12-31T05:00:00.000Z",
      "offsetMinutes": -300,
      "flags": [],
      "gapShiftMinutes": 0
    },
    {
      "zone": "America/Havana",
      "date": "2199-12-31",
      "time": "23:59",
      "timeKnown": true,
      "status": "compatible",
      "utc": "2200-01-01T04:59:00.000Z",
      "offsetMinutes": -300,
      "flags": [],
      "gapShiftMinutes": 0
    },
    {
      "zone": "America/Havana",
      "date": "2199-12-31",
      "time": "12:00",
      "timeKnown": false,
      "status": "compatible",
      "utc": "2199-12-31T17:00:00.000Z",
      "offsetMinutes": -300,
      "flags": [],
      "gapShiftMinutes": 0
    },
    {
      "zone": "Atlantic/Cape_Verde",
      "date": "1800-01-01",
      "time": "00:00",
      "timeKnown": true,
      "status": "compatible",
      "utc": "1800-01-01T01:34:04.000Z",
      "offsetMinutes": -94.06666666666666,
      "flags": [
        "lmt"
      ],
      "gapShiftMinutes": 0
    },
    {
      "zone": "Atlantic/Cape_Verde",
      "date": "1800-01-01",
      "time": "23:59",
      "timeKnown": true,
      "status": "compatible",
      "utc": "1800-01-02T01:33:04.000Z",
      "offsetMinutes": -94.06666666666666,
      "flags": [
        "lmt"
      ],
      "gapShiftMinutes": 0
    },
    {
      "zone": "Atlantic/Cape_Verde",
      "date": "1800-01-01",
      "time": "12:00",
      "timeKnown": false,
      "status": "compatible",
      "utc": "1800-01-01T13:34:04.000Z",
      "offsetMinutes": -94.06666666666666,
      "flags": [
        "lmt"
      ],
      "gapShiftMinutes": 0
    },
    {
      "zone": "Atlantic/Cape_Verde",
      "date": "2199-12-31",
      "time": "00:00",
      "timeKnown": true,
      "status": "compatible",
      "utc": "2199-12-31T01:00:00.000Z",
      "offsetMinutes": -60,
      "flags": [],
      "gapShiftMinutes": 0
    },
    {
      "zone": "Atlantic/Cape_Verde",
      "date": "2199-12-31",
      "time": "23:59",
      "timeKnown": true,
      "status": "compatible",
      "utc": "2200-01-01T00:59:00.000Z",
      "offsetMinutes": -60,
      "flags": [],
      "gapShiftMinutes": 0
    },
    {
      "zone": "Atlantic/Cape_Verde",
      "date": "2199-12-31",
      "time": "12:00",
      "timeKnown": false,
      "status": "compatible",
      "utc": "2199-12-31T13:00:00.000Z",
      "offsetMinutes": -60,
      "flags": [],
      "gapShiftMinutes": 0
    },
    {
      "zone": "America/Curacao",
      "date": "1800-01-01",
      "time": "00:00",
      "timeKnown": true,
      "status": "compatible",
      "utc": "1800-01-01T04:24:25.000Z",
      "offsetMinutes": -264.4166666666667,
      "flags": [
        "lmt"
      ],
      "gapShiftMinutes": 0
    },
    {
      "zone": "America/Curacao",
      "date": "1800-01-01",
      "time": "23:59",
      "timeKnown": true,
      "status": "compatible",
      "utc": "1800-01-02T04:23:25.000Z",
      "offsetMinutes": -264.4166666666667,
      "flags": [
        "lmt"
      ],
      "gapShiftMinutes": 0
    },
    {
      "zone": "America/Curacao",
      "date": "1800-01-01",
      "time": "12:00",
      "timeKnown": false,
      "status": "compatible",
      "utc": "1800-01-01T16:24:25.000Z",
      "offsetMinutes": -264.4166666666667,
      "flags": [
        "lmt"
      ],
      "gapShiftMinutes": 0
    },
    {
      "zone": "America/Curacao",
      "date": "2199-12-31",
      "time": "00:00",
      "timeKnown": true,
      "status": "compatible",
      "utc": "2199-12-31T04:00:00.000Z",
      "offsetMinutes": -240,
      "flags": [],
      "gapShiftMinutes": 0
    },
    {
      "zone": "America/Curacao",
      "date": "2199-12-31",
      "time": "23:59",
      "timeKnown": true,
      "status": "compatible",
      "utc": "2200-01-01T03:59:00.000Z",
      "offsetMinutes": -240,
      "flags": [],
      "gapShiftMinutes": 0
    },
    {
      "zone": "America/Curacao",
      "date": "2199-12-31",
      "time": "12:00",
      "timeKnown": false,
      "status": "compatible",
      "utc": "2199-12-31T16:00:00.000Z",
      "offsetMinutes": -240,
      "flags": [],
      "gapShiftMinutes": 0
    },
    {
      "zone": "Indian/Christmas",
      "date": "1800-01-01",
      "time": "00:00",
      "timeKnown": true,
      "status": "compatible",
      "utc": "1799-12-31T17:17:56.000Z",
      "offsetMinutes": 402.06666666666666,
      "flags": [
        "lmt"
      ],
      "gapShiftMinutes": 0
    },
    {
      "zone": "Indian/Christmas",
      "date": "1800-01-01",
      "time": "23:59",
      "timeKnown": true,
      "status": "compatible",
      "utc": "1800-01-01T17:16:56.000Z",
      "offsetMinutes": 402.06666666666666,
      "flags": [
        "lmt"
      ],
      "gapShiftMinutes": 0
    },
    {
      "zone": "Indian/Christmas",
      "date": "1800-01-01",
      "time": "12:00",
      "timeKnown": false,
      "status": "compatible",
      "utc": "1800-01-01T05:17:56.000Z",
      "offsetMinutes": 402.06666666666666,
      "flags": [
        "lmt"
      ],
      "gapShiftMinutes": 0
    },
    {
      "zone": "Indian/Christmas",
      "date": "2199-12-31",
      "time": "00:00",
      "timeKnown": true,
      "status": "compatible",
      "utc": "2199-12-30T17:00:00.000Z",
      "offsetMinutes": 420,
      "flags": [],
      "gapShiftMinutes": 0
    },
    {
      "zone": "Indian/Christmas",
      "date": "2199-12-31",
      "time": "23:59",
      "timeKnown": true,
      "status": "compatible",
      "utc": "2199-12-31T16:59:00.000Z",
      "offsetMinutes": 420,
      "flags": [],
      "gapShiftMinutes": 0
    },
    {
      "zone": "Indian/Christmas",
      "date": "2199-12-31",
      "time": "12:00",
      "timeKnown": false,
      "status": "compatible",
      "utc": "2199-12-31T05:00:00.000Z",
      "offsetMinutes": 420,
      "flags": [],
      "gapShiftMinutes": 0
    },
    {
      "zone": "Asia/Famagusta",
      "date": "1800-01-01",
      "time": "00:00",
      "timeKnown": true,
      "status": "compatible",
      "utc": "1799-12-31T21:44:12.000Z",
      "offsetMinutes": 135.8,
      "flags": [
        "lmt"
      ],
      "gapShiftMinutes": 0
    },
    {
      "zone": "Asia/Famagusta",
      "date": "1800-01-01",
      "time": "23:59",
      "timeKnown": true,
      "status": "compatible",
      "utc": "1800-01-01T21:43:12.000Z",
      "offsetMinutes": 135.8,
      "flags": [
        "lmt"
      ],
      "gapShiftMinutes": 0
    },
    {
      "zone": "Asia/Famagusta",
      "date": "1800-01-01",
      "time": "12:00",
      "timeKnown": false,
      "status": "compatible",
      "utc": "1800-01-01T09:44:12.000Z",
      "offsetMinutes": 135.8,
      "flags": [
        "lmt"
      ],
      "gapShiftMinutes": 0
    },
    {
      "zone": "Asia/Famagusta",
      "date": "2199-12-31",
      "time": "00:00",
      "timeKnown": true,
      "status": "compatible",
      "utc": "2199-12-30T22:00:00.000Z",
      "offsetMinutes": 120,
      "flags": [],
      "gapShiftMinutes": 0
    },
    {
      "zone": "Asia/Famagusta",
      "date": "2199-12-31",
      "time": "23:59",
      "timeKnown": true,
      "status": "compatible",
      "utc": "2199-12-31T21:59:00.000Z",
      "offsetMinutes": 120,
      "flags": [],
      "gapShiftMinutes": 0
    },
    {
      "zone": "Asia/Famagusta",
      "date": "2199-12-31",
      "time": "12:00",
      "timeKnown": false,
      "status": "compatible",
      "utc": "2199-12-31T10:00:00.000Z",
      "offsetMinutes": 120,
      "flags": [],
      "gapShiftMinutes": 0
    },
    {
      "zone": "Asia/Nicosia",
      "date": "1800-01-01",
      "time": "00:00",
      "timeKnown": true,
      "status": "compatible",
      "utc": "1799-12-31T21:46:32.000Z",
      "offsetMinutes": 133.46666666666667,
      "flags": [
        "lmt"
      ],
      "gapShiftMinutes": 0
    },
    {
      "zone": "Asia/Nicosia",
      "date": "1800-01-01",
      "time": "23:59",
      "timeKnown": true,
      "status": "compatible",
      "utc": "1800-01-01T21:45:32.000Z",
      "offsetMinutes": 133.46666666666667,
      "flags": [
        "lmt"
      ],
      "gapShiftMinutes": 0
    },
    {
      "zone": "Asia/Nicosia",
      "date": "1800-01-01",
      "time": "12:00",
      "timeKnown": false,
      "status": "compatible",
      "utc": "1800-01-01T09:46:32.000Z",
      "offsetMinutes": 133.46666666666667,
      "flags": [
        "lmt"
      ],
      "gapShiftMinutes": 0
    },
    {
      "zone": "Asia/Nicosia",
      "date": "2199-12-31",
      "time": "00:00",
      "timeKnown": true,
      "status": "compatible",
      "utc": "2199-12-30T22:00:00.000Z",
      "offsetMinutes": 120,
      "flags": [],
      "gapShiftMinutes": 0
    },
    {
      "zone": "Asia/Nicosia",
      "date": "2199-12-31",
      "time": "23:59",
      "timeKnown": true,
      "status": "compatible",
      "utc": "2199-12-31T21:59:00.000Z",
      "offsetMinutes": 120,
      "flags": [],
      "gapShiftMinutes": 0
    },
    {
      "zone": "Asia/Nicosia",
      "date": "2199-12-31",
      "time": "12:00",
      "timeKnown": false,
      "status": "compatible",
      "utc": "2199-12-31T10:00:00.000Z",
      "offsetMinutes": 120,
      "flags": [],
      "gapShiftMinutes": 0
    },
    {
      "zone": "Europe/Prague",
      "date": "1800-01-01",
      "time": "00:00",
      "timeKnown": true,
      "status": "compatible",
      "utc": "1799-12-31T23:02:16.000Z",
      "offsetMinutes": 57.733333333333334,
      "flags": [
        "lmt"
      ],
      "gapShiftMinutes": 0
    },
    {
      "zone": "Europe/Prague",
      "date": "1800-01-01",
      "time": "23:59",
      "timeKnown": true,
      "status": "compatible",
      "utc": "1800-01-01T23:01:16.000Z",
      "offsetMinutes": 57.733333333333334,
      "flags": [
        "lmt"
      ],
      "gapShiftMinutes": 0
    },
    {
      "zone": "Europe/Prague",
      "date": "1800-01-01",
      "time": "12:00",
      "timeKnown": false,
      "status": "compatible",
      "utc": "1800-01-01T11:02:16.000Z",
      "offsetMinutes": 57.733333333333334,
      "flags": [
        "lmt"
      ],
      "gapShiftMinutes": 0
    },
    {
      "zone": "Europe/Prague",
      "date": "2199-12-31",
      "time": "00:00",
      "timeKnown": true,
      "status": "compatible",
      "utc": "2199-12-30T23:00:00.000Z",
      "offsetMinutes": 60,
      "flags": [],
      "gapShiftMinutes": 0
    },
    {
      "zone": "Europe/Prague",
      "date": "2199-12-31",
      "time": "23:59",
      "timeKnown": true,
      "status": "compatible",
      "utc": "2199-12-31T22:59:00.000Z",
      "offsetMinutes": 60,
      "flags": [],
      "gapShiftMinutes": 0
    },
    {
      "zone": "Europe/Prague",
      "date": "2199-12-31",
      "time": "12:00",
      "timeKnown": false,
      "status": "compatible",
      "utc": "2199-12-31T11:00:00.000Z",
      "offsetMinutes": 60,
      "flags": [],
      "gapShiftMinutes": 0
    },
    {
      "zone": "Europe/Berlin",
      "date": "1800-01-01",
      "time": "00:00",
      "timeKnown": true,
      "status": "compatible",
      "utc": "1799-12-31T23:06:32.000Z",
      "offsetMinutes": 53.46666666666667,
      "flags": [
        "lmt"
      ],
      "gapShiftMinutes": 0
    },
    {
      "zone": "Europe/Berlin",
      "date": "1800-01-01",
      "time": "23:59",
      "timeKnown": true,
      "status": "compatible",
      "utc": "1800-01-01T23:05:32.000Z",
      "offsetMinutes": 53.46666666666667,
      "flags": [
        "lmt"
      ],
      "gapShiftMinutes": 0
    },
    {
      "zone": "Europe/Berlin",
      "date": "1800-01-01",
      "time": "12:00",
      "timeKnown": false,
      "status": "compatible",
      "utc": "1800-01-01T11:06:32.000Z",
      "offsetMinutes": 53.46666666666667,
      "flags": [
        "lmt"
      ],
      "gapShiftMinutes": 0
    },
    {
      "zone": "Europe/Berlin",
      "date": "2199-12-31",
      "time": "00:00",
      "timeKnown": true,
      "status": "compatible",
      "utc": "2199-12-30T23:00:00.000Z",
      "offsetMinutes": 60,
      "flags": [],
      "gapShiftMinutes": 0
    },
    {
      "zone": "Europe/Berlin",
      "date": "2199-12-31",
      "time": "23:59",
      "timeKnown": true,
      "status": "compatible",
      "utc": "2199-12-31T22:59:00.000Z",
      "offsetMinutes": 60,
      "flags": [],
      "gapShiftMinutes": 0
    },
    {
      "zone": "Europe/Berlin",
      "date": "2199-12-31",
      "time": "12:00",
      "timeKnown": false,
      "status": "compatible",
      "utc": "2199-12-31T11:00:00.000Z",
      "offsetMinutes": 60,
      "flags": [],
      "gapShiftMinutes": 0
    },
    {
      "zone": "Africa/Djibouti",
      "date": "1800-01-01",
      "time": "00:00",
      "timeKnown": true,
      "status": "compatible",
      "utc": "1799-12-31T21:32:44.000Z",
      "offsetMinutes": 147.26666666666668,
      "flags": [
        "lmt"
      ],
      "gapShiftMinutes": 0
    },
    {
      "zone": "Africa/Djibouti",
      "date": "1800-01-01",
      "time": "23:59",
      "timeKnown": true,
      "status": "compatible",
      "utc": "1800-01-01T21:31:44.000Z",
      "offsetMinutes": 147.26666666666668,
      "flags": [
        "lmt"
      ],
      "gapShiftMinutes": 0
    },
    {
      "zone": "Africa/Djibouti",
      "date": "1800-01-01",
      "time": "12:00",
      "timeKnown": false,
      "status": "compatible",
      "utc": "1800-01-01T09:32:44.000Z",
      "offsetMinutes": 147.26666666666668,
      "flags": [
        "lmt"
      ],
      "gapShiftMinutes": 0
    },
    {
      "zone": "Africa/Djibouti",
      "date": "2199-12-31",
      "time": "00:00",
      "timeKnown": true,
      "status": "compatible",
      "utc": "2199-12-30T21:00:00.000Z",
      "offsetMinutes": 180,
      "flags": [],
      "gapShiftMinutes": 0
    },
    {
      "zone": "Africa/Djibouti",
      "date": "2199-12-31",
      "time": "23:59",
      "timeKnown": true,
      "status": "compatible",
      "utc": "2199-12-31T20:59:00.000Z",
      "offsetMinutes": 180,
      "flags": [],
      "gapShiftMinutes": 0
    },
    {
      "zone": "Africa/Djibouti",
      "date": "2199-12-31",
      "time": "12:00",
      "timeKnown": false,
      "status": "compatible",
      "utc": "2199-12-31T09:00:00.000Z",
      "offsetMinutes": 180,
      "flags": [],
      "gapShiftMinutes": 0
    },
    {
      "zone": "Europe/Copenhagen",
      "date": "1800-01-01",
      "time": "00:00",
      "timeKnown": true,
      "status": "compatible",
      "utc": "1799-12-31T23:06:32.000Z",
      "offsetMinutes": 53.46666666666667,
      "flags": [
        "lmt"
      ],
      "gapShiftMinutes": 0
    },
    {
      "zone": "Europe/Copenhagen",
      "date": "1800-01-01",
      "time": "23:59",
      "timeKnown": true,
      "status": "compatible",
      "utc": "1800-01-01T23:05:32.000Z",
      "offsetMinutes": 53.46666666666667,
      "flags": [
        "lmt"
      ],
      "gapShiftMinutes": 0
    },
    {
      "zone": "Europe/Copenhagen",
      "date": "1800-01-01",
      "time": "12:00",
      "timeKnown": false,
      "status": "compatible",
      "utc": "1800-01-01T11:06:32.000Z",
      "offsetMinutes": 53.46666666666667,
      "flags": [
        "lmt"
      ],
      "gapShiftMinutes": 0
    },
    {
      "zone": "Europe/Copenhagen",
      "date": "2199-12-31",
      "time": "00:00",
      "timeKnown": true,
      "status": "compatible",
      "utc": "2199-12-30T23:00:00.000Z",
      "offsetMinutes": 60,
      "flags": [],
      "gapShiftMinutes": 0
    },
    {
      "zone": "Europe/Copenhagen",
      "date": "2199-12-31",
      "time": "23:59",
      "timeKnown": true,
      "status": "compatible",
      "utc": "2199-12-31T22:59:00.000Z",
      "offsetMinutes": 60,
      "flags": [],
      "gapShiftMinutes": 0
    },
    {
      "zone": "Europe/Copenhagen",
      "date": "2199-12-31",
      "time": "12:00",
      "timeKnown": false,
      "status": "compatible",
      "utc": "2199-12-31T11:00:00.000Z",
      "offsetMinutes": 60,
      "flags": [],
      "gapShiftMinutes": 0
    },
    {
      "zone": "America/Dominica",
      "date": "1800-01-01",
      "time": "00:00",
      "timeKnown": true,
      "status": "compatible",
      "utc": "1800-01-01T04:24:25.000Z",
      "offsetMinutes": -264.4166666666667,
      "flags": [
        "lmt"
      ],
      "gapShiftMinutes": 0
    },
    {
      "zone": "America/Dominica",
      "date": "1800-01-01",
      "time": "23:59",
      "timeKnown": true,
      "status": "compatible",
      "utc": "1800-01-02T04:23:25.000Z",
      "offsetMinutes": -264.4166666666667,
      "flags": [
        "lmt"
      ],
      "gapShiftMinutes": 0
    },
    {
      "zone": "America/Dominica",
      "date": "1800-01-01",
      "time": "12:00",
      "timeKnown": false,
      "status": "compatible",
      "utc": "1800-01-01T16:24:25.000Z",
      "offsetMinutes": -264.4166666666667,
      "flags": [
        "lmt"
      ],
      "gapShiftMinutes": 0
    },
    {
      "zone": "America/Dominica",
      "date": "2199-12-31",
      "time": "00:00",
      "timeKnown": true,
      "status": "compatible",
      "utc": "2199-12-31T04:00:00.000Z",
      "offsetMinutes": -240,
      "flags": [],
      "gapShiftMinutes": 0
    },
    {
      "zone": "America/Dominica",
      "date": "2199-12-31",
      "time": "23:59",
      "timeKnown": true,
      "status": "compatible",
      "utc": "2200-01-01T03:59:00.000Z",
      "offsetMinutes": -240,
      "flags": [],
      "gapShiftMinutes": 0
    },
    {
      "zone": "America/Dominica",
      "date": "2199-12-31",
      "time": "12:00",
      "timeKnown": false,
      "status": "compatible",
      "utc": "2199-12-31T16:00:00.000Z",
      "offsetMinutes": -240,
      "flags": [],
      "gapShiftMinutes": 0
    },
    {
      "zone": "America/Santo_Domingo",
      "date": "1800-01-01",
      "time": "00:00",
      "timeKnown": true,
      "status": "compatible",
      "utc": "1800-01-01T04:39:36.000Z",
      "offsetMinutes": -279.6,
      "flags": [
        "lmt"
      ],
      "gapShiftMinutes": 0
    },
    {
      "zone": "America/Santo_Domingo",
      "date": "1800-01-01",
      "time": "23:59",
      "timeKnown": true,
      "status": "compatible",
      "utc": "1800-01-02T04:38:36.000Z",
      "offsetMinutes": -279.6,
      "flags": [
        "lmt"
      ],
      "gapShiftMinutes": 0
    },
    {
      "zone": "America/Santo_Domingo",
      "date": "1800-01-01",
      "time": "12:00",
      "timeKnown": false,
      "status": "compatible",
      "utc": "1800-01-01T16:39:36.000Z",
      "offsetMinutes": -279.6,
      "flags": [
        "lmt"
      ],
      "gapShiftMinutes": 0
    },
    {
      "zone": "America/Santo_Domingo",
      "date": "2199-12-31",
      "time": "00:00",
      "timeKnown": true,
      "status": "compatible",
      "utc": "2199-12-31T04:00:00.000Z",
      "offsetMinutes": -240,
      "flags": [],
      "gapShiftMinutes": 0
    },
    {
      "zone": "America/Santo_Domingo",
      "date": "2199-12-31",
      "time": "23:59",
      "timeKnown": true,
      "status": "compatible",
      "utc": "2200-01-01T03:59:00.000Z",
      "offsetMinutes": -240,
      "flags": [],
      "gapShiftMinutes": 0
    },
    {
      "zone": "America/Santo_Domingo",
      "date": "2199-12-31",
      "time": "12:00",
      "timeKnown": false,
      "status": "compatible",
      "utc": "2199-12-31T16:00:00.000Z",
      "offsetMinutes": -240,
      "flags": [],
      "gapShiftMinutes": 0
    },
    {
      "zone": "Africa/Algiers",
      "date": "1800-01-01",
      "time": "00:00",
      "timeKnown": true,
      "status": "compatible",
      "utc": "1799-12-31T23:47:48.000Z",
      "offsetMinutes": 12.2,
      "flags": [
        "lmt"
      ],
      "gapShiftMinutes": 0
    },
    {
      "zone": "Africa/Algiers",
      "date": "1800-01-01",
      "time": "23:59",
      "timeKnown": true,
      "status": "compatible",
      "utc": "1800-01-01T23:46:48.000Z",
      "offsetMinutes": 12.2,
      "flags": [
        "lmt"
      ],
      "gapShiftMinutes": 0
    },
    {
      "zone": "Africa/Algiers",
      "date": "1800-01-01",
      "time": "12:00",
      "timeKnown": false,
      "status": "compatible",
      "utc": "1800-01-01T11:47:48.000Z",
      "offsetMinutes": 12.2,
      "flags": [
        "lmt"
      ],
      "gapShiftMinutes": 0
    },
    {
      "zone": "Africa/Algiers",
      "date": "2199-12-31",
      "time": "00:00",
      "timeKnown": true,
      "status": "compatible",
      "utc": "2199-12-30T23:00:00.000Z",
      "offsetMinutes": 60,
      "flags": [],
      "gapShiftMinutes": 0
    },
    {
      "zone": "Africa/Algiers",
      "date": "2199-12-31",
      "time": "23:59",
      "timeKnown": true,
      "status": "compatible",
      "utc": "2199-12-31T22:59:00.000Z",
      "offsetMinutes": 60,
      "flags": [],
      "gapShiftMinutes": 0
    },
    {
      "zone": "Africa/Algiers",
      "date": "2199-12-31",
      "time": "12:00",
      "timeKnown": false,
      "status": "compatible",
      "utc": "2199-12-31T11:00:00.000Z",
      "offsetMinutes": 60,
      "flags": [],
      "gapShiftMinutes": 0
    },
    {
      "zone": "America/Guayaquil",
      "date": "1800-01-01",
      "time": "00:00",
      "timeKnown": true,
      "status": "compatible",
      "utc": "1800-01-01T05:19:20.000Z",
      "offsetMinutes": -319.3333333333333,
      "flags": [
        "lmt"
      ],
      "gapShiftMinutes": 0
    },
    {
      "zone": "America/Guayaquil",
      "date": "1800-01-01",
      "time": "23:59",
      "timeKnown": true,
      "status": "compatible",
      "utc": "1800-01-02T05:18:20.000Z",
      "offsetMinutes": -319.3333333333333,
      "flags": [
        "lmt"
      ],
      "gapShiftMinutes": 0
    },
    {
      "zone": "America/Guayaquil",
      "date": "1800-01-01",
      "time": "12:00",
      "timeKnown": false,
      "status": "compatible",
      "utc": "1800-01-01T17:19:20.000Z",
      "offsetMinutes": -319.3333333333333,
      "flags": [
        "lmt"
      ],
      "gapShiftMinutes": 0
    },
    {
      "zone": "America/Guayaquil",
      "date": "2199-12-31",
      "time": "00:00",
      "timeKnown": true,
      "status": "compatible",
      "utc": "2199-12-31T05:00:00.000Z",
      "offsetMinutes": -300,
      "flags": [],
      "gapShiftMinutes": 0
    },
    {
      "zone": "America/Guayaquil",
      "date": "2199-12-31",
      "time": "23:59",
      "timeKnown": true,
      "status": "compatible",
      "utc": "2200-01-01T04:59:00.000Z",
      "offsetMinutes": -300,
      "flags": [],
      "gapShiftMinutes": 0
    },
    {
      "zone": "America/Guayaquil",
      "date": "2199-12-31",
      "time": "12:00",
      "timeKnown": false,
      "status": "compatible",
      "utc": "2199-12-31T17:00:00.000Z",
      "offsetMinutes": -300,
      "flags": [],
      "gapShiftMinutes": 0
    },
    {
      "zone": "Europe/Tallinn",
      "date": "1800-01-01",
      "time": "00:00",
      "timeKnown": true,
      "status": "compatible",
      "utc": "1799-12-31T22:21:00.000Z",
      "offsetMinutes": 99,
      "flags": [],
      "gapShiftMinutes": 0
    },
    {
      "zone": "Europe/Tallinn",
      "date": "1800-01-01",
      "time": "23:59",
      "timeKnown": true,
      "status": "compatible",
      "utc": "1800-01-01T22:20:00.000Z",
      "offsetMinutes": 99,
      "flags": [],
      "gapShiftMinutes": 0
    },
    {
      "zone": "Europe/Tallinn",
      "date": "1800-01-01",
      "time": "12:00",
      "timeKnown": false,
      "status": "compatible",
      "utc": "1800-01-01T10:21:00.000Z",
      "offsetMinutes": 99,
      "flags": [],
      "gapShiftMinutes": 0
    },
    {
      "zone": "Europe/Tallinn",
      "date": "2199-12-31",
      "time": "00:00",
      "timeKnown": true,
      "status": "compatible",
      "utc": "2199-12-30T22:00:00.000Z",
      "offsetMinutes": 120,
      "flags": [],
      "gapShiftMinutes": 0
    },
    {
      "zone": "Europe/Tallinn",
      "date": "2199-12-31",
      "time": "23:59",
      "timeKnown": true,
      "status": "compatible",
      "utc": "2199-12-31T21:59:00.000Z",
      "offsetMinutes": 120,
      "flags": [],
      "gapShiftMinutes": 0
    },
    {
      "zone": "Europe/Tallinn",
      "date": "2199-12-31",
      "time": "12:00",
      "timeKnown": false,
      "status": "compatible",
      "utc": "2199-12-31T10:00:00.000Z",
      "offsetMinutes": 120,
      "flags": [],
      "gapShiftMinutes": 0
    },
    {
      "zone": "Africa/Cairo",
      "date": "1800-01-01",
      "time": "00:00",
      "timeKnown": true,
      "status": "compatible",
      "utc": "1799-12-31T21:54:51.000Z",
      "offsetMinutes": 125.15,
      "flags": [
        "lmt"
      ],
      "gapShiftMinutes": 0
    },
    {
      "zone": "Africa/Cairo",
      "date": "1800-01-01",
      "time": "23:59",
      "timeKnown": true,
      "status": "compatible",
      "utc": "1800-01-01T21:53:51.000Z",
      "offsetMinutes": 125.15,
      "flags": [
        "lmt"
      ],
      "gapShiftMinutes": 0
    },
    {
      "zone": "Africa/Cairo",
      "date": "1800-01-01",
      "time": "12:00",
      "timeKnown": false,
      "status": "compatible",
      "utc": "1800-01-01T09:54:51.000Z",
      "offsetMinutes": 125.15,
      "flags": [
        "lmt"
      ],
      "gapShiftMinutes": 0
    },
    {
      "zone": "Africa/Cairo",
      "date": "2199-12-31",
      "time": "00:00",
      "timeKnown": true,
      "status": "compatible",
      "utc": "2199-12-30T22:00:00.000Z",
      "offsetMinutes": 120,
      "flags": [],
      "gapShiftMinutes": 0
    },
    {
      "zone": "Africa/Cairo",
      "date": "2199-12-31",
      "time": "23:59",
      "timeKnown": true,
      "status": "compatible",
      "utc": "2199-12-31T21:59:00.000Z",
      "offsetMinutes": 120,
      "flags": [],
      "gapShiftMinutes": 0
    },
    {
      "zone": "Africa/Cairo",
      "date": "2199-12-31",
      "time": "12:00",
      "timeKnown": false,
      "status": "compatible",
      "utc": "2199-12-31T10:00:00.000Z",
      "offsetMinutes": 120,
      "flags": [],
      "gapShiftMinutes": 0
    },
    {
      "zone": "Africa/El_Aaiun",
      "date": "1800-01-01",
      "time": "00:00",
      "timeKnown": true,
      "status": "compatible",
      "utc": "1800-01-01T00:52:48.000Z",
      "offsetMinutes": -52.8,
      "flags": [
        "lmt"
      ],
      "gapShiftMinutes": 0
    },
    {
      "zone": "Africa/El_Aaiun",
      "date": "1800-01-01",
      "time": "23:59",
      "timeKnown": true,
      "status": "compatible",
      "utc": "1800-01-02T00:51:48.000Z",
      "offsetMinutes": -52.8,
      "flags": [
        "lmt"
      ],
      "gapShiftMinutes": 0
    },
    {
      "zone": "Africa/El_Aaiun",
      "date": "1800-01-01",
      "time": "12:00",
      "timeKnown": false,
      "status": "compatible",
      "utc": "1800-01-01T12:52:48.000Z",
      "offsetMinutes": -52.8,
      "flags": [
        "lmt"
      ],
      "gapShiftMinutes": 0
    },
    {
      "zone": "Africa/El_Aaiun",
      "date": "2199-12-31",
      "time": "00:00",
      "timeKnown": true,
      "status": "compatible",
      "utc": "2199-12-30T23:00:00.000Z",
      "offsetMinutes": 60,
      "flags": [],
      "gapShiftMinutes": 0
    },
    {
      "zone": "Africa/El_Aaiun",
      "date": "2199-12-31",
      "time": "23:59",
      "timeKnown": true,
      "status": "compatible",
      "utc": "2199-12-31T22:59:00.000Z",
      "offsetMinutes": 60,
      "flags": [],
      "gapShiftMinutes": 0
    },
    {
      "zone": "Africa/El_Aaiun",
      "date": "2199-12-31",
      "time": "12:00",
      "timeKnown": false,
      "status": "compatible",
      "utc": "2199-12-31T11:00:00.000Z",
      "offsetMinutes": 60,
      "flags": [],
      "gapShiftMinutes": 0
    },
    {
      "zone": "Africa/Asmara",
      "date": "1800-01-01",
      "time": "00:00",
      "timeKnown": true,
      "status": "compatible",
      "utc": "1799-12-31T21:32:44.000Z",
      "offsetMinutes": 147.26666666666668,
      "flags": [
        "lmt"
      ],
      "gapShiftMinutes": 0
    },
    {
      "zone": "Africa/Asmara",
      "date": "1800-01-01",
      "time": "23:59",
      "timeKnown": true,
      "status": "compatible",
      "utc": "1800-01-01T21:31:44.000Z",
      "offsetMinutes": 147.26666666666668,
      "flags": [
        "lmt"
      ],
      "gapShiftMinutes": 0
    },
    {
      "zone": "Africa/Asmara",
      "date": "1800-01-01",
      "time": "12:00",
      "timeKnown": false,
      "status": "compatible",
      "utc": "1800-01-01T09:32:44.000Z",
      "offsetMinutes": 147.26666666666668,
      "flags": [
        "lmt"
      ],
      "gapShiftMinutes": 0
    },
    {
      "zone": "Africa/Asmara",
      "date": "2199-12-31",
      "time": "00:00",
      "timeKnown": true,
      "status": "compatible",
      "utc": "2199-12-30T21:00:00.000Z",
      "offsetMinutes": 180,
      "flags": [],
      "gapShiftMinutes": 0
    },
    {
      "zone": "Africa/Asmara",
      "date": "2199-12-31",
      "time": "23:59",
      "timeKnown": true,
      "status": "compatible",
      "utc": "2199-12-31T20:59:00.000Z",
      "offsetMinutes": 180,
      "flags": [],
      "gapShiftMinutes": 0
    },
    {
      "zone": "Africa/Asmara",
      "date": "2199-12-31",
      "time": "12:00",
      "timeKnown": false,
      "status": "compatible",
      "utc": "2199-12-31T09:00:00.000Z",
      "offsetMinutes": 180,
      "flags": [],
      "gapShiftMinutes": 0
    },
    {
      "zone": "Europe/Madrid",
      "date": "1800-01-01",
      "time": "00:00",
      "timeKnown": true,
      "status": "compatible",
      "utc": "1800-01-01T00:14:44.000Z",
      "offsetMinutes": -14.733333333333333,
      "flags": [
        "lmt"
      ],
      "gapShiftMinutes": 0
    },
    {
      "zone": "Europe/Madrid",
      "date": "1800-01-01",
      "time": "23:59",
      "timeKnown": true,
      "status": "compatible",
      "utc": "1800-01-02T00:13:44.000Z",
      "offsetMinutes": -14.733333333333333,
      "flags": [
        "lmt"
      ],
      "gapShiftMinutes": 0
    },
    {
      "zone": "Europe/Madrid",
      "date": "1800-01-01",
      "time": "12:00",
      "timeKnown": false,
      "status": "compatible",
      "utc": "1800-01-01T12:14:44.000Z",
      "offsetMinutes": -14.733333333333333,
      "flags": [
        "lmt"
      ],
      "gapShiftMinutes": 0
    },
    {
      "zone": "Europe/Madrid",
      "date": "2199-12-31",
      "time": "00:00",
      "timeKnown": true,
      "status": "compatible",
      "utc": "2199-12-30T23:00:00.000Z",
      "offsetMinutes": 60,
      "flags": [],
      "gapShiftMinutes": 0
    },
    {
      "zone": "Europe/Madrid",
      "date": "2199-12-31",
      "time": "23:59",
      "timeKnown": true,
      "status": "compatible",
      "utc": "2199-12-31T22:59:00.000Z",
      "offsetMinutes": 60,
      "flags": [],
      "gapShiftMinutes": 0
    },
    {
      "zone": "Europe/Madrid",
      "date": "2199-12-31",
      "time": "12:00",
      "timeKnown": false,
      "status": "compatible",
      "utc": "2199-12-31T11:00:00.000Z",
      "offsetMinutes": 60,
      "flags": [],
      "gapShiftMinutes": 0
    },
    {
      "zone": "Atlantic/Canary",
      "date": "1800-01-01",
      "time": "00:00",
      "timeKnown": true,
      "status": "compatible",
      "utc": "1800-01-01T01:01:36.000Z",
      "offsetMinutes": -61.6,
      "flags": [
        "lmt"
      ],
      "gapShiftMinutes": 0
    },
    {
      "zone": "Atlantic/Canary",
      "date": "1800-01-01",
      "time": "23:59",
      "timeKnown": true,
      "status": "compatible",
      "utc": "1800-01-02T01:00:36.000Z",
      "offsetMinutes": -61.6,
      "flags": [
        "lmt"
      ],
      "gapShiftMinutes": 0
    },
    {
      "zone": "Atlantic/Canary",
      "date": "1800-01-01",
      "time": "12:00",
      "timeKnown": false,
      "status": "compatible",
      "utc": "1800-01-01T13:01:36.000Z",
      "offsetMinutes": -61.6,
      "flags": [
        "lmt"
      ],
      "gapShiftMinutes": 0
    },
    {
      "zone": "Atlantic/Canary",
      "date": "2199-12-31",
      "time": "00:00",
      "timeKnown": true,
      "status": "compatible",
      "utc": "2199-12-31T00:00:00.000Z",
      "offsetMinutes": 0,
      "flags": [],
      "gapShiftMinutes": 0
    },
    {
      "zone": "Atlantic/Canary",
      "date": "2199-12-31",
      "time": "23:59",
      "timeKnown": true,
      "status": "compatible",
      "utc": "2199-12-31T23:59:00.000Z",
      "offsetMinutes": 0,
      "flags": [],
      "gapShiftMinutes": 0
    },
    {
      "zone": "Atlantic/Canary",
      "date": "2199-12-31",
      "time": "12:00",
      "timeKnown": false,
      "status": "compatible",
      "utc": "2199-12-31T12:00:00.000Z",
      "offsetMinutes": 0,
      "flags": [],
      "gapShiftMinutes": 0
    },
    {
      "zone": "Africa/Ceuta",
      "date": "1800-01-01",
      "time": "00:00",
      "timeKnown": true,
      "status": "compatible",
      "utc": "1800-01-01T00:21:16.000Z",
      "offsetMinutes": -21.266666666666666,
      "flags": [
        "lmt"
      ],
      "gapShiftMinutes": 0
    },
    {
      "zone": "Africa/Ceuta",
      "date": "1800-01-01",
      "time": "23:59",
      "timeKnown": true,
      "status": "compatible",
      "utc": "1800-01-02T00:20:16.000Z",
      "offsetMinutes": -21.266666666666666,
      "flags": [
        "lmt"
      ],
      "gapShiftMinutes": 0
    },
    {
      "zone": "Africa/Ceuta",
      "date": "1800-01-01",
      "time": "12:00",
      "timeKnown": false,
      "status": "compatible",
      "utc": "1800-01-01T12:21:16.000Z",
      "offsetMinutes": -21.266666666666666,
      "flags": [
        "lmt"
      ],
      "gapShiftMinutes": 0
    },
    {
      "zone": "Africa/Ceuta",
      "date": "2199-12-31",
      "time": "00:00",
      "timeKnown": true,
      "status": "compatible",
      "utc": "2199-12-30T23:00:00.000Z",
      "offsetMinutes": 60,
      "flags": [],
      "gapShiftMinutes": 0
    },
    {
      "zone": "Africa/Ceuta",
      "date": "2199-12-31",
      "time": "23:59",
      "timeKnown": true,
      "status": "compatible",
      "utc": "2199-12-31T22:59:00.000Z",
      "offsetMinutes": 60,
      "flags": [],
      "gapShiftMinutes": 0
    },
    {
      "zone": "Africa/Ceuta",
      "date": "2199-12-31",
      "time": "12:00",
      "timeKnown": false,
      "status": "compatible",
      "utc": "2199-12-31T11:00:00.000Z",
      "offsetMinutes": 60,
      "flags": [],
      "gapShiftMinutes": 0
    },
    {
      "zone": "Africa/Addis_Ababa",
      "date": "1800-01-01",
      "time": "00:00",
      "timeKnown": true,
      "status": "compatible",
      "utc": "1799-12-31T21:32:44.000Z",
      "offsetMinutes": 147.26666666666668,
      "flags": [
        "lmt"
      ],
      "gapShiftMinutes": 0
    },
    {
      "zone": "Africa/Addis_Ababa",
      "date": "1800-01-01",
      "time": "23:59",
      "timeKnown": true,
      "status": "compatible",
      "utc": "1800-01-01T21:31:44.000Z",
      "offsetMinutes": 147.26666666666668,
      "flags": [
        "lmt"
      ],
      "gapShiftMinutes": 0
    },
    {
      "zone": "Africa/Addis_Ababa",
      "date": "1800-01-01",
      "time": "12:00",
      "timeKnown": false,
      "status": "compatible",
      "utc": "1800-01-01T09:32:44.000Z",
      "offsetMinutes": 147.26666666666668,
      "flags": [
        "lmt"
      ],
      "gapShiftMinutes": 0
    },
    {
      "zone": "Africa/Addis_Ababa",
      "date": "2199-12-31",
      "time": "00:00",
      "timeKnown": true,
      "status": "compatible",
      "utc": "2199-12-30T21:00:00.000Z",
      "offsetMinutes": 180,
      "flags": [],
      "gapShiftMinutes": 0
    },
    {
      "zone": "Africa/Addis_Ababa",
      "date": "2199-12-31",
      "time": "23:59",
      "timeKnown": true,
      "status": "compatible",
      "utc": "2199-12-31T20:59:00.000Z",
      "offsetMinutes": 180,
      "flags": [],
      "gapShiftMinutes": 0
    },
    {
      "zone": "Africa/Addis_Ababa",
      "date": "2199-12-31",
      "time": "12:00",
      "timeKnown": false,
      "status": "compatible",
      "utc": "2199-12-31T09:00:00.000Z",
      "offsetMinutes": 180,
      "flags": [],
      "gapShiftMinutes": 0
    },
    {
      "zone": "Europe/Helsinki",
      "date": "1800-01-01",
      "time": "00:00",
      "timeKnown": true,
      "status": "compatible",
      "utc": "1799-12-31T22:20:11.000Z",
      "offsetMinutes": 99.81666666666666,
      "flags": [
        "lmt"
      ],
      "gapShiftMinutes": 0
    },
    {
      "zone": "Europe/Helsinki",
      "date": "1800-01-01",
      "time": "23:59",
      "timeKnown": true,
      "status": "compatible",
      "utc": "1800-01-01T22:19:11.000Z",
      "offsetMinutes": 99.81666666666666,
      "flags": [
        "lmt"
      ],
      "gapShiftMinutes": 0
    },
    {
      "zone": "Europe/Helsinki",
      "date": "1800-01-01",
      "time": "12:00",
      "timeKnown": false,
      "status": "compatible",
      "utc": "1800-01-01T10:20:11.000Z",
      "offsetMinutes": 99.81666666666666,
      "flags": [
        "lmt"
      ],
      "gapShiftMinutes": 0
    },
    {
      "zone": "Europe/Helsinki",
      "date": "2199-12-31",
      "time": "00:00",
      "timeKnown": true,
      "status": "compatible",
      "utc": "2199-12-30T22:00:00.000Z",
      "offsetMinutes": 120,
      "flags": [],
      "gapShiftMinutes": 0
    },
    {
      "zone": "Europe/Helsinki",
      "date": "2199-12-31",
      "time": "23:59",
      "timeKnown": true,
      "status": "compatible",
      "utc": "2199-12-31T21:59:00.000Z",
      "offsetMinutes": 120,
      "flags": [],
      "gapShiftMinutes": 0
    },
    {
      "zone": "Europe/Helsinki",
      "date": "2199-12-31",
      "time": "12:00",
      "timeKnown": false,
      "status": "compatible",
      "utc": "2199-12-31T10:00:00.000Z",
      "offsetMinutes": 120,
      "flags": [],
      "gapShiftMinutes": 0
    },
    {
      "zone": "Pacific/Fiji",
      "date": "1800-01-01",
      "time": "00:00",
      "timeKnown": true,
      "status": "compatible",
      "utc": "1799-12-31T12:04:16.000Z",
      "offsetMinutes": 715.7333333333333,
      "flags": [
        "lmt"
      ],
      "gapShiftMinutes": 0
    },
    {
      "zone": "Pacific/Fiji",
      "date": "1800-01-01",
      "time": "23:59",
      "timeKnown": true,
      "status": "compatible",
      "utc": "1800-01-01T12:03:16.000Z",
      "offsetMinutes": 715.7333333333333,
      "flags": [
        "lmt"
      ],
      "gapShiftMinutes": 0
    },
    {
      "zone": "Pacific/Fiji",
      "date": "1800-01-01",
      "time": "12:00",
      "timeKnown": false,
      "status": "compatible",
      "utc": "1800-01-01T00:04:16.000Z",
      "offsetMinutes": 715.7333333333333,
      "flags": [
        "lmt"
      ],
      "gapShiftMinutes": 0
    },
    {
      "zone": "Pacific/Fiji",
      "date": "2199-12-31",
      "time": "00:00",
      "timeKnown": true,
      "status": "compatible",
      "utc": "2199-12-30T12:00:00.000Z",
      "offsetMinutes": 720,
      "flags": [],
      "gapShiftMinutes": 0
    },
    {
      "zone": "Pacific/Fiji",
      "date": "2199-12-31",
      "time": "23:59",
      "timeKnown": true,
      "status": "compatible",
      "utc": "2199-12-31T11:59:00.000Z",
      "offsetMinutes": 720,
      "flags": [],
      "gapShiftMinutes": 0
    },
    {
      "zone": "Pacific/Fiji",
      "date": "2199-12-31",
      "time": "12:00",
      "timeKnown": false,
      "status": "compatible",
      "utc": "2199-12-31T00:00:00.000Z",
      "offsetMinutes": 720,
      "flags": [],
      "gapShiftMinutes": 0
    },
    {
      "zone": "Atlantic/Stanley",
      "date": "1800-01-01",
      "time": "00:00",
      "timeKnown": true,
      "status": "compatible",
      "utc": "1800-01-01T03:51:24.000Z",
      "offsetMinutes": -231.4,
      "flags": [
        "lmt"
      ],
      "gapShiftMinutes": 0
    },
    {
      "zone": "Atlantic/Stanley",
      "date": "1800-01-01",
      "time": "23:59",
      "timeKnown": true,
      "status": "compatible",
      "utc": "1800-01-02T03:50:24.000Z",
      "offsetMinutes": -231.4,
      "flags": [
        "lmt"
      ],
      "gapShiftMinutes": 0
    },
    {
      "zone": "Atlantic/Stanley",
      "date": "1800-01-01",
      "time": "12:00",
      "timeKnown": false,
      "status": "compatible",
      "utc": "1800-01-01T15:51:24.000Z",
      "offsetMinutes": -231.4,
      "flags": [
        "lmt"
      ],
      "gapShiftMinutes": 0
    },
    {
      "zone": "Atlantic/Stanley",
      "date": "2199-12-31",
      "time": "00:00",
      "timeKnown": true,
      "status": "compatible",
      "utc": "2199-12-31T03:00:00.000Z",
      "offsetMinutes": -180,
      "flags": [],
      "gapShiftMinutes": 0
    },
    {
      "zone": "Atlantic/Stanley",
      "date": "2199-12-31",
      "time": "23:59",
      "timeKnown": true,
      "status": "compatible",
      "utc": "2200-01-01T02:59:00.000Z",
      "offsetMinutes": -180,
      "flags": [],
      "gapShiftMinutes": 0
    },
    {
      "zone": "Atlantic/Stanley",
      "date": "2199-12-31",
      "time": "12:00",
      "timeKnown": false,
      "status": "compatible",
      "utc": "2199-12-31T15:00:00.000Z",
      "offsetMinutes": -180,
      "flags": [],
      "gapShiftMinutes": 0
    },
    {
      "zone": "Pacific/Pohnpei",
      "date": "1800-01-01",
      "time": "00:00",
      "timeKnown": true,
      "status": "compatible",
      "utc": "1799-12-31T13:20:12.000Z",
      "offsetMinutes": 639.8,
      "flags": [
        "lmt"
      ],
      "gapShiftMinutes": 0
    },
    {
      "zone": "Pacific/Pohnpei",
      "date": "1800-01-01",
      "time": "23:59",
      "timeKnown": true,
      "status": "compatible",
      "utc": "1800-01-01T13:19:12.000Z",
      "offsetMinutes": 639.8,
      "flags": [
        "lmt"
      ],
      "gapShiftMinutes": 0
    },
    {
      "zone": "Pacific/Pohnpei",
      "date": "1800-01-01",
      "time": "12:00",
      "timeKnown": false,
      "status": "compatible",
      "utc": "1800-01-01T01:20:12.000Z",
      "offsetMinutes": 639.8,
      "flags": [
        "lmt"
      ],
      "gapShiftMinutes": 0
    },
    {
      "zone": "Pacific/Pohnpei",
      "date": "2199-12-31",
      "time": "00:00",
      "timeKnown": true,
      "status": "compatible",
      "utc": "2199-12-30T13:00:00.000Z",
      "offsetMinutes": 660,
      "flags": [],
      "gapShiftMinutes": 0
    },
    {
      "zone": "Pacific/Pohnpei",
      "date": "2199-12-31",
      "time": "23:59",
      "timeKnown": true,
      "status": "compatible",
      "utc": "2199-12-31T12:59:00.000Z",
      "offsetMinutes": 660,
      "flags": [],
      "gapShiftMinutes": 0
    },
    {
      "zone": "Pacific/Pohnpei",
      "date": "2199-12-31",
      "time": "12:00",
      "timeKnown": false,
      "status": "compatible",
      "utc": "2199-12-31T01:00:00.000Z",
      "offsetMinutes": 660,
      "flags": [],
      "gapShiftMinutes": 0
    },
    {
      "zone": "Atlantic/Faroe",
      "date": "1800-01-01",
      "time": "00:00",
      "timeKnown": true,
      "status": "compatible",
      "utc": "1800-01-01T00:27:04.000Z",
      "offsetMinutes": -27.066666666666666,
      "flags": [
        "lmt"
      ],
      "gapShiftMinutes": 0
    },
    {
      "zone": "Atlantic/Faroe",
      "date": "1800-01-01",
      "time": "23:59",
      "timeKnown": true,
      "status": "compatible",
      "utc": "1800-01-02T00:26:04.000Z",
      "offsetMinutes": -27.066666666666666,
      "flags": [
        "lmt"
      ],
      "gapShiftMinutes": 0
    },
    {
      "zone": "Atlantic/Faroe",
      "date": "1800-01-01",
      "time": "12:00",
      "timeKnown": false,
      "status": "compatible",
      "utc": "1800-01-01T12:27:04.000Z",
      "offsetMinutes": -27.066666666666666,
      "flags": [
        "lmt"
      ],
      "gapShiftMinutes": 0
    },
    {
      "zone": "Atlantic/Faroe",
      "date": "2199-12-31",
      "time": "00:00",
      "timeKnown": true,
      "status": "compatible",
      "utc": "2199-12-31T00:00:00.000Z",
      "offsetMinutes": 0,
      "flags": [],
      "gapShiftMinutes": 0
    },
    {
      "zone": "Atlantic/Faroe",
      "date": "2199-12-31",
      "time": "23:59",
      "timeKnown": true,
      "status": "compatible",
      "utc": "2199-12-31T23:59:00.000Z",
      "offsetMinutes": 0,
      "flags": [],
      "gapShiftMinutes": 0
    },
    {
      "zone": "Atlantic/Faroe",
      "date": "2199-12-31",
      "time": "12:00",
      "timeKnown": false,
      "status": "compatible",
      "utc": "2199-12-31T12:00:00.000Z",
      "offsetMinutes": 0,
      "flags": [],
      "gapShiftMinutes": 0
    },
    {
      "zone": "Europe/Paris",
      "date": "1800-01-01",
      "time": "00:00",
      "timeKnown": true,
      "status": "compatible",
      "utc": "1799-12-31T23:50:39.000Z",
      "offsetMinutes": 9.35,
      "flags": [
        "lmt"
      ],
      "gapShiftMinutes": 0
    },
    {
      "zone": "Europe/Paris",
      "date": "1800-01-01",
      "time": "23:59",
      "timeKnown": true,
      "status": "compatible",
      "utc": "1800-01-01T23:49:39.000Z",
      "offsetMinutes": 9.35,
      "flags": [
        "lmt"
      ],
      "gapShiftMinutes": 0
    },
    {
      "zone": "Europe/Paris",
      "date": "1800-01-01",
      "time": "12:00",
      "timeKnown": false,
      "status": "compatible",
      "utc": "1800-01-01T11:50:39.000Z",
      "offsetMinutes": 9.35,
      "flags": [
        "lmt"
      ],
      "gapShiftMinutes": 0
    },
    {
      "zone": "Europe/Paris",
      "date": "2199-12-31",
      "time": "00:00",
      "timeKnown": true,
      "status": "compatible",
      "utc": "2199-12-30T23:00:00.000Z",
      "offsetMinutes": 60,
      "flags": [],
      "gapShiftMinutes": 0
    },
    {
      "zone": "Europe/Paris",
      "date": "2199-12-31",
      "time": "23:59",
      "timeKnown": true,
      "status": "compatible",
      "utc": "2199-12-31T22:59:00.000Z",
      "offsetMinutes": 60,
      "flags": [],
      "gapShiftMinutes": 0
    },
    {
      "zone": "Europe/Paris",
      "date": "2199-12-31",
      "time": "12:00",
      "timeKnown": false,
      "status": "compatible",
      "utc": "2199-12-31T11:00:00.000Z",
      "offsetMinutes": 60,
      "flags": [],
      "gapShiftMinutes": 0
    },
    {
      "zone": "Africa/Libreville",
      "date": "1800-01-01",
      "time": "00:00",
      "timeKnown": true,
      "status": "compatible",
      "utc": "1799-12-31T23:46:25.000Z",
      "offsetMinutes": 13.583333333333334,
      "flags": [
        "lmt"
      ],
      "gapShiftMinutes": 0
    },
    {
      "zone": "Africa/Libreville",
      "date": "1800-01-01",
      "time": "23:59",
      "timeKnown": true,
      "status": "compatible",
      "utc": "1800-01-01T23:45:25.000Z",
      "offsetMinutes": 13.583333333333334,
      "flags": [
        "lmt"
      ],
      "gapShiftMinutes": 0
    },
    {
      "zone": "Africa/Libreville",
      "date": "1800-01-01",
      "time": "12:00",
      "timeKnown": false,
      "status": "compatible",
      "utc": "1800-01-01T11:46:25.000Z",
      "offsetMinutes": 13.583333333333334,
      "flags": [
        "lmt"
      ],
      "gapShiftMinutes": 0
    },
    {
      "zone": "Africa/Libreville",
      "date": "2199-12-31",
      "time": "00:00",
      "timeKnown": true,
      "status": "compatible",
      "utc": "2199-12-30T23:00:00.000Z",
      "offsetMinutes": 60,
      "flags": [],
      "gapShiftMinutes": 0
    },
    {
      "zone": "Africa/Libreville",
      "date": "2199-12-31",
      "time": "23:59",
      "timeKnown": true,
      "status": "compatible",
      "utc": "2199-12-31T22:59:00.000Z",
      "offsetMinutes": 60,
      "flags": [],
      "gapShiftMinutes": 0
    },
    {
      "zone": "Africa/Libreville",
      "date": "2199-12-31",
      "time": "12:00",
      "timeKnown": false,
      "status": "compatible",
      "utc": "2199-12-31T11:00:00.000Z",
      "offsetMinutes": 60,
      "flags": [],
      "gapShiftMinutes": 0
    },
    {
      "zone": "Europe/London",
      "date": "1800-01-01",
      "time": "00:00",
      "timeKnown": true,
      "status": "compatible",
      "utc": "1800-01-01T00:01:15.000Z",
      "offsetMinutes": -1.25,
      "flags": [
        "lmt"
      ],
      "gapShiftMinutes": 0
    },
    {
      "zone": "Europe/London",
      "date": "1800-01-01",
      "time": "23:59",
      "timeKnown": true,
      "status": "compatible",
      "utc": "1800-01-02T00:00:15.000Z",
      "offsetMinutes": -1.25,
      "flags": [
        "lmt"
      ],
      "gapShiftMinutes": 0
    },
    {
      "zone": "Europe/London",
      "date": "1800-01-01",
      "time": "12:00",
      "timeKnown": false,
      "status": "compatible",
      "utc": "1800-01-01T12:01:15.000Z",
      "offsetMinutes": -1.25,
      "flags": [
        "lmt"
      ],
      "gapShiftMinutes": 0
    },
    {
      "zone": "Europe/London",
      "date": "2199-12-31",
      "time": "00:00",
      "timeKnown": true,
      "status": "compatible",
      "utc": "2199-12-31T00:00:00.000Z",
      "offsetMinutes": 0,
      "flags": [],
      "gapShiftMinutes": 0
    },
    {
      "zone": "Europe/London",
      "date": "2199-12-31",
      "time": "23:59",
      "timeKnown": true,
      "status": "compatible",
      "utc": "2199-12-31T23:59:00.000Z",
      "offsetMinutes": 0,
      "flags": [],
      "gapShiftMinutes": 0
    },
    {
      "zone": "Europe/London",
      "date": "2199-12-31",
      "time": "12:00",
      "timeKnown": false,
      "status": "compatible",
      "utc": "2199-12-31T12:00:00.000Z",
      "offsetMinutes": 0,
      "flags": [],
      "gapShiftMinutes": 0
    },
    {
      "zone": "America/Grenada",
      "date": "1800-01-01",
      "time": "00:00",
      "timeKnown": true,
      "status": "compatible",
      "utc": "1800-01-01T04:24:25.000Z",
      "offsetMinutes": -264.4166666666667,
      "flags": [
        "lmt"
      ],
      "gapShiftMinutes": 0
    },
    {
      "zone": "America/Grenada",
      "date": "1800-01-01",
      "time": "23:59",
      "timeKnown": true,
      "status": "compatible",
      "utc": "1800-01-02T04:23:25.000Z",
      "offsetMinutes": -264.4166666666667,
      "flags": [
        "lmt"
      ],
      "gapShiftMinutes": 0
    },
    {
      "zone": "America/Grenada",
      "date": "1800-01-01",
      "time": "12:00",
      "timeKnown": false,
      "status": "compatible",
      "utc": "1800-01-01T16:24:25.000Z",
      "offsetMinutes": -264.4166666666667,
      "flags": [
        "lmt"
      ],
      "gapShiftMinutes": 0
    },
    {
      "zone": "America/Grenada",
      "date": "2199-12-31",
      "time": "00:00",
      "timeKnown": true,
      "status": "compatible",
      "utc": "2199-12-31T04:00:00.000Z",
      "offsetMinutes": -240,
      "flags": [],
      "gapShiftMinutes": 0
    },
    {
      "zone": "America/Grenada",
      "date": "2199-12-31",
      "time": "23:59",
      "timeKnown": true,
      "status": "compatible",
      "utc": "2200-01-01T03:59:00.000Z",
      "offsetMinutes": -240,
      "flags": [],
      "gapShiftMinutes": 0
    },
    {
      "zone": "America/Grenada",
      "date": "2199-12-31",
      "time": "12:00",
      "timeKnown": false,
      "status": "compatible",
      "utc": "2199-12-31T16:00:00.000Z",
      "offsetMinutes": -240,
      "flags": [],
      "gapShiftMinutes": 0
    },
    {
      "zone": "Asia/Tbilisi",
      "date": "1800-01-01",
      "time": "00:00",
      "timeKnown": true,
      "status": "compatible",
      "utc": "1799-12-31T21:00:49.000Z",
      "offsetMinutes": 179.18333333333334,
      "flags": [
        "lmt"
      ],
      "gapShiftMinutes": 0
    },
    {
      "zone": "Asia/Tbilisi",
      "date": "1800-01-01",
      "time": "23:59",
      "timeKnown": true,
      "status": "compatible",
      "utc": "1800-01-01T20:59:49.000Z",
      "offsetMinutes": 179.18333333333334,
      "flags": [
        "lmt"
      ],
      "gapShiftMinutes": 0
    },
    {
      "zone": "Asia/Tbilisi",
      "date": "1800-01-01",
      "time": "12:00",
      "timeKnown": false,
      "status": "compatible",
      "utc": "1800-01-01T09:00:49.000Z",
      "offsetMinutes": 179.18333333333334,
      "flags": [
        "lmt"
      ],
      "gapShiftMinutes": 0
    },
    {
      "zone": "Asia/Tbilisi",
      "date": "2199-12-31",
      "time": "00:00",
      "timeKnown": true,
      "status": "compatible",
      "utc": "2199-12-30T20:00:00.000Z",
      "offsetMinutes": 240,
      "flags": [],
      "gapShiftMinutes": 0
    },
    {
      "zone": "Asia/Tbilisi",
      "date": "2199-12-31",
      "time": "23:59",
      "timeKnown": true,
      "status": "compatible",
      "utc": "2199-12-31T19:59:00.000Z",
      "offsetMinutes": 240,
      "flags": [],
      "gapShiftMinutes": 0
    },
    {
      "zone": "Asia/Tbilisi",
      "date": "2199-12-31",
      "time": "12:00",
      "timeKnown": false,
      "status": "compatible",
      "utc": "2199-12-31T08:00:00.000Z",
      "offsetMinutes": 240,
      "flags": [],
      "gapShiftMinutes": 0
    },
    {
      "zone": "Europe/Moscow",
      "date": "1800-01-01",
      "time": "00:00",
      "timeKnown": true,
      "status": "compatible",
      "utc": "1799-12-31T21:29:43.000Z",
      "offsetMinutes": 150.28333333333333,
      "flags": [
        "lmt"
      ],
      "gapShiftMinutes": 0
    },
    {
      "zone": "Europe/Moscow",
      "date": "1800-01-01",
      "time": "23:59",
      "timeKnown": true,
      "status": "compatible",
      "utc": "1800-01-01T21:28:43.000Z",
      "offsetMinutes": 150.28333333333333,
      "flags": [
        "lmt"
      ],
      "gapShiftMinutes": 0
    },
    {
      "zone": "Europe/Moscow",
      "date": "1800-01-01",
      "time": "12:00",
      "timeKnown": false,
      "status": "compatible",
      "utc": "1800-01-01T09:29:43.000Z",
      "offsetMinutes": 150.28333333333333,
      "flags": [
        "lmt"
      ],
      "gapShiftMinutes": 0
    },
    {
      "zone": "Europe/Moscow",
      "date": "2199-12-31",
      "time": "00:00",
      "timeKnown": true,
      "status": "compatible",
      "utc": "2199-12-30T21:00:00.000Z",
      "offsetMinutes": 180,
      "flags": [],
      "gapShiftMinutes": 0
    },
    {
      "zone": "Europe/Moscow",
      "date": "2199-12-31",
      "time": "23:59",
      "timeKnown": true,
      "status": "compatible",
      "utc": "2199-12-31T20:59:00.000Z",
      "offsetMinutes": 180,
      "flags": [],
      "gapShiftMinutes": 0
    },
    {
      "zone": "Europe/Moscow",
      "date": "2199-12-31",
      "time": "12:00",
      "timeKnown": false,
      "status": "compatible",
      "utc": "2199-12-31T09:00:00.000Z",
      "offsetMinutes": 180,
      "flags": [],
      "gapShiftMinutes": 0
    },
    {
      "zone": "America/Cayenne",
      "date": "1800-01-01",
      "time": "00:00",
      "timeKnown": true,
      "status": "compatible",
      "utc": "1800-01-01T03:29:20.000Z",
      "offsetMinutes": -209.33333333333334,
      "flags": [
        "lmt"
      ],
      "gapShiftMinutes": 0
    },
    {
      "zone": "America/Cayenne",
      "date": "1800-01-01",
      "time": "23:59",
      "timeKnown": true,
      "status": "compatible",
      "utc": "1800-01-02T03:28:20.000Z",
      "offsetMinutes": -209.33333333333334,
      "flags": [
        "lmt"
      ],
      "gapShiftMinutes": 0
    },
    {
      "zone": "America/Cayenne",
      "date": "1800-01-01",
      "time": "12:00",
      "timeKnown": false,
      "status": "compatible",
      "utc": "1800-01-01T15:29:20.000Z",
      "offsetMinutes": -209.33333333333334,
      "flags": [
        "lmt"
      ],
      "gapShiftMinutes": 0
    },
    {
      "zone": "America/Cayenne",
      "date": "2199-12-31",
      "time": "00:00",
      "timeKnown": true,
      "status": "compatible",
      "utc": "2199-12-31T03:00:00.000Z",
      "offsetMinutes": -180,
      "flags": [],
      "gapShiftMinutes": 0
    },
    {
      "zone": "America/Cayenne",
      "date": "2199-12-31",
      "time": "23:59",
      "timeKnown": true,
      "status": "compatible",
      "utc": "2200-01-01T02:59:00.000Z",
      "offsetMinutes": -180,
      "flags": [],
      "gapShiftMinutes": 0
    },
    {
      "zone": "America/Cayenne",
      "date": "2199-12-31",
      "time": "12:00",
      "timeKnown": false,
      "status": "compatible",
      "utc": "2199-12-31T15:00:00.000Z",
      "offsetMinutes": -180,
      "flags": [],
      "gapShiftMinutes": 0
    },
    {
      "zone": "Europe/Guernsey",
      "date": "1800-01-01",
      "time": "00:00",
      "timeKnown": true,
      "status": "compatible",
      "utc": "1800-01-01T00:01:15.000Z",
      "offsetMinutes": -1.25,
      "flags": [
        "lmt"
      ],
      "gapShiftMinutes": 0
    },
    {
      "zone": "Europe/Guernsey",
      "date": "1800-01-01",
      "time": "23:59",
      "timeKnown": true,
      "status": "compatible",
      "utc": "1800-01-02T00:00:15.000Z",
      "offsetMinutes": -1.25,
      "flags": [
        "lmt"
      ],
      "gapShiftMinutes": 0
    },
    {
      "zone": "Europe/Guernsey",
      "date": "1800-01-01",
      "time": "12:00",
      "timeKnown": false,
      "status": "compatible",
      "utc": "1800-01-01T12:01:15.000Z",
      "offsetMinutes": -1.25,
      "flags": [
        "lmt"
      ],
      "gapShiftMinutes": 0
    },
    {
      "zone": "Europe/Guernsey",
      "date": "2199-12-31",
      "time": "00:00",
      "timeKnown": true,
      "status": "compatible",
      "utc": "2199-12-31T00:00:00.000Z",
      "offsetMinutes": 0,
      "flags": [],
      "gapShiftMinutes": 0
    },
    {
      "zone": "Europe/Guernsey",
      "date": "2199-12-31",
      "time": "23:59",
      "timeKnown": true,
      "status": "compatible",
      "utc": "2199-12-31T23:59:00.000Z",
      "offsetMinutes": 0,
      "flags": [],
      "gapShiftMinutes": 0
    },
    {
      "zone": "Europe/Guernsey",
      "date": "2199-12-31",
      "time": "12:00",
      "timeKnown": false,
      "status": "compatible",
      "utc": "2199-12-31T12:00:00.000Z",
      "offsetMinutes": 0,
      "flags": [],
      "gapShiftMinutes": 0
    },
    {
      "zone": "Africa/Accra",
      "date": "1800-01-01",
      "time": "00:00",
      "timeKnown": true,
      "status": "compatible",
      "utc": "1800-01-01T00:16:08.000Z",
      "offsetMinutes": -16.133333333333333,
      "flags": [
        "lmt"
      ],
      "gapShiftMinutes": 0
    },
    {
      "zone": "Africa/Accra",
      "date": "1800-01-01",
      "time": "23:59",
      "timeKnown": true,
      "status": "compatible",
      "utc": "1800-01-02T00:15:08.000Z",
      "offsetMinutes": -16.133333333333333,
      "flags": [
        "lmt"
      ],
      "gapShiftMinutes": 0
    },
    {
      "zone": "Africa/Accra",
      "date": "1800-01-01",
      "time": "12:00",
      "timeKnown": false,
      "status": "compatible",
      "utc": "1800-01-01T12:16:08.000Z",
      "offsetMinutes": -16.133333333333333,
      "flags": [
        "lmt"
      ],
      "gapShiftMinutes": 0
    },
    {
      "zone": "Africa/Accra",
      "date": "2199-12-31",
      "time": "00:00",
      "timeKnown": true,
      "status": "compatible",
      "utc": "2199-12-31T00:00:00.000Z",
      "offsetMinutes": 0,
      "flags": [],
      "gapShiftMinutes": 0
    },
    {
      "zone": "Africa/Accra",
      "date": "2199-12-31",
      "time": "23:59",
      "timeKnown": true,
      "status": "compatible",
      "utc": "2199-12-31T23:59:00.000Z",
      "offsetMinutes": 0,
      "flags": [],
      "gapShiftMinutes": 0
    },
    {
      "zone": "Africa/Accra",
      "date": "2199-12-31",
      "time": "12:00",
      "timeKnown": false,
      "status": "compatible",
      "utc": "2199-12-31T12:00:00.000Z",
      "offsetMinutes": 0,
      "flags": [],
      "gapShiftMinutes": 0
    },
    {
      "zone": "Europe/Gibraltar",
      "date": "1800-01-01",
      "time": "00:00",
      "timeKnown": true,
      "status": "compatible",
      "utc": "1800-01-01T00:21:24.000Z",
      "offsetMinutes": -21.4,
      "flags": [
        "lmt"
      ],
      "gapShiftMinutes": 0
    },
    {
      "zone": "Europe/Gibraltar",
      "date": "1800-01-01",
      "time": "23:59",
      "timeKnown": true,
      "status": "compatible",
      "utc": "1800-01-02T00:20:24.000Z",
      "offsetMinutes": -21.4,
      "flags": [
        "lmt"
      ],
      "gapShiftMinutes": 0
    },
    {
      "zone": "Europe/Gibraltar",
      "date": "1800-01-01",
      "time": "12:00",
      "timeKnown": false,
      "status": "compatible",
      "utc": "1800-01-01T12:21:24.000Z",
      "offsetMinutes": -21.4,
      "flags": [
        "lmt"
      ],
      "gapShiftMinutes": 0
    },
    {
      "zone": "Europe/Gibraltar",
      "date": "2199-12-31",
      "time": "00:00",
      "timeKnown": true,
      "status": "compatible",
      "utc": "2199-12-30T23:00:00.000Z",
      "offsetMinutes": 60,
      "flags": [],
      "gapShiftMinutes": 0
    },
    {
      "zone": "Europe/Gibraltar",
      "date": "2199-12-31",
      "time": "23:59",
      "timeKnown": true,
      "status": "compatible",
      "utc": "2199-12-31T22:59:00.000Z",
      "offsetMinutes": 60,
      "flags": [],
      "gapShiftMinutes": 0
    },
    {
      "zone": "Europe/Gibraltar",
      "date": "2199-12-31",
      "time": "12:00",
      "timeKnown": false,
      "status": "compatible",
      "utc": "2199-12-31T11:00:00.000Z",
      "offsetMinutes": 60,
      "flags": [],
      "gapShiftMinutes": 0
    },
    {
      "zone": "America/Nuuk",
      "date": "1800-01-01",
      "time": "00:00",
      "timeKnown": true,
      "status": "compatible",
      "utc": "1800-01-01T03:26:56.000Z",
      "offsetMinutes": -206.93333333333334,
      "flags": [
        "lmt"
      ],
      "gapShiftMinutes": 0
    },
    {
      "zone": "America/Nuuk",
      "date": "1800-01-01",
      "time": "23:59",
      "timeKnown": true,
      "status": "compatible",
      "utc": "1800-01-02T03:25:56.000Z",
      "offsetMinutes": -206.93333333333334,
      "flags": [
        "lmt"
      ],
      "gapShiftMinutes": 0
    },
    {
      "zone": "America/Nuuk",
      "date": "1800-01-01",
      "time": "12:00",
      "timeKnown": false,
      "status": "compatible",
      "utc": "1800-01-01T15:26:56.000Z",
      "offsetMinutes": -206.93333333333334,
      "flags": [
        "lmt"
      ],
      "gapShiftMinutes": 0
    },
    {
      "zone": "America/Nuuk",
      "date": "2199-12-31",
      "time": "00:00",
      "timeKnown": true,
      "status": "compatible",
      "utc": "2199-12-31T02:00:00.000Z",
      "offsetMinutes": -120,
      "flags": [],
      "gapShiftMinutes": 0
    },
    {
      "zone": "America/Nuuk",
      "date": "2199-12-31",
      "time": "23:59",
      "timeKnown": true,
      "status": "compatible",
      "utc": "2200-01-01T01:59:00.000Z",
      "offsetMinutes": -120,
      "flags": [],
      "gapShiftMinutes": 0
    },
    {
      "zone": "America/Nuuk",
      "date": "2199-12-31",
      "time": "12:00",
      "timeKnown": false,
      "status": "compatible",
      "utc": "2199-12-31T14:00:00.000Z",
      "offsetMinutes": -120,
      "flags": [],
      "gapShiftMinutes": 0
    },
    {
      "zone": "Africa/Banjul",
      "date": "1800-01-01",
      "time": "00:00",
      "timeKnown": true,
      "status": "compatible",
      "utc": "1800-01-01T00:16:08.000Z",
      "offsetMinutes": -16.133333333333333,
      "flags": [
        "lmt"
      ],
      "gapShiftMinutes": 0
    },
    {
      "zone": "Africa/Banjul",
      "date": "1800-01-01",
      "time": "23:59",
      "timeKnown": true,
      "status": "compatible",
      "utc": "1800-01-02T00:15:08.000Z",
      "offsetMinutes": -16.133333333333333,
      "flags": [
        "lmt"
      ],
      "gapShiftMinutes": 0
    },
    {
      "zone": "Africa/Banjul",
      "date": "1800-01-01",
      "time": "12:00",
      "timeKnown": false,
      "status": "compatible",
      "utc": "1800-01-01T12:16:08.000Z",
      "offsetMinutes": -16.133333333333333,
      "flags": [
        "lmt"
      ],
      "gapShiftMinutes": 0
    },
    {
      "zone": "Africa/Banjul",
      "date": "2199-12-31",
      "time": "00:00",
      "timeKnown": true,
      "status": "compatible",
      "utc": "2199-12-31T00:00:00.000Z",
      "offsetMinutes": 0,
      "flags": [],
      "gapShiftMinutes": 0
    },
    {
      "zone": "Africa/Banjul",
      "date": "2199-12-31",
      "time": "23:59",
      "timeKnown": true,
      "status": "compatible",
      "utc": "2199-12-31T23:59:00.000Z",
      "offsetMinutes": 0,
      "flags": [],
      "gapShiftMinutes": 0
    },
    {
      "zone": "Africa/Banjul",
      "date": "2199-12-31",
      "time": "12:00",
      "timeKnown": false,
      "status": "compatible",
      "utc": "2199-12-31T12:00:00.000Z",
      "offsetMinutes": 0,
      "flags": [],
      "gapShiftMinutes": 0
    },
    {
      "zone": "Africa/Conakry",
      "date": "1800-01-01",
      "time": "00:00",
      "timeKnown": true,
      "status": "compatible",
      "utc": "1800-01-01T00:16:08.000Z",
      "offsetMinutes": -16.133333333333333,
      "flags": [
        "lmt"
      ],
      "gapShiftMinutes": 0
    },
    {
      "zone": "Africa/Conakry",
      "date": "1800-01-01",
      "time": "23:59",
      "timeKnown": true,
      "status": "compatible",
      "utc": "1800-01-02T00:15:08.000Z",
      "offsetMinutes": -16.133333333333333,
      "flags": [
        "lmt"
      ],
      "gapShiftMinutes": 0
    },
    {
      "zone": "Africa/Conakry",
      "date": "1800-01-01",
      "time": "12:00",
      "timeKnown": false,
      "status": "compatible",
      "utc": "1800-01-01T12:16:08.000Z",
      "offsetMinutes": -16.133333333333333,
      "flags": [
        "lmt"
      ],
      "gapShiftMinutes": 0
    },
    {
      "zone": "Africa/Conakry",
      "date": "2199-12-31",
      "time": "00:00",
      "timeKnown": true,
      "status": "compatible",
      "utc": "2199-12-31T00:00:00.000Z",
      "offsetMinutes": 0,
      "flags": [],
      "gapShiftMinutes": 0
    },
    {
      "zone": "Africa/Conakry",
      "date": "2199-12-31",
      "time": "23:59",
      "timeKnown": true,
      "status": "compatible",
      "utc": "2199-12-31T23:59:00.000Z",
      "offsetMinutes": 0,
      "flags": [],
      "gapShiftMinutes": 0
    },
    {
      "zone": "Africa/Conakry",
      "date": "2199-12-31",
      "time": "12:00",
      "timeKnown": false,
      "status": "compatible",
      "utc": "2199-12-31T12:00:00.000Z",
      "offsetMinutes": 0,
      "flags": [],
      "gapShiftMinutes": 0
    },
    {
      "zone": "America/Guadeloupe",
      "date": "1800-01-01",
      "time": "00:00",
      "timeKnown": true,
      "status": "compatible",
      "utc": "1800-01-01T04:24:25.000Z",
      "offsetMinutes": -264.4166666666667,
      "flags": [
        "lmt"
      ],
      "gapShiftMinutes": 0
    },
    {
      "zone": "America/Guadeloupe",
      "date": "1800-01-01",
      "time": "23:59",
      "timeKnown": true,
      "status": "compatible",
      "utc": "1800-01-02T04:23:25.000Z",
      "offsetMinutes": -264.4166666666667,
      "flags": [
        "lmt"
      ],
      "gapShiftMinutes": 0
    },
    {
      "zone": "America/Guadeloupe",
      "date": "1800-01-01",
      "time": "12:00",
      "timeKnown": false,
      "status": "compatible",
      "utc": "1800-01-01T16:24:25.000Z",
      "offsetMinutes": -264.4166666666667,
      "flags": [
        "lmt"
      ],
      "gapShiftMinutes": 0
    },
    {
      "zone": "America/Guadeloupe",
      "date": "2199-12-31",
      "time": "00:00",
      "timeKnown": true,
      "status": "compatible",
      "utc": "2199-12-31T04:00:00.000Z",
      "offsetMinutes": -240,
      "flags": [],
      "gapShiftMinutes": 0
    },
    {
      "zone": "America/Guadeloupe",
      "date": "2199-12-31",
      "time": "23:59",
      "timeKnown": true,
      "status": "compatible",
      "utc": "2200-01-01T03:59:00.000Z",
      "offsetMinutes": -240,
      "flags": [],
      "gapShiftMinutes": 0
    },
    {
      "zone": "America/Guadeloupe",
      "date": "2199-12-31",
      "time": "12:00",
      "timeKnown": false,
      "status": "compatible",
      "utc": "2199-12-31T16:00:00.000Z",
      "offsetMinutes": -240,
      "flags": [],
      "gapShiftMinutes": 0
    },
    {
      "zone": "Africa/Malabo",
      "date": "1800-01-01",
      "time": "00:00",
      "timeKnown": true,
      "status": "compatible",
      "utc": "1799-12-31T23:46:25.000Z",
      "offsetMinutes": 13.583333333333334,
      "flags": [
        "lmt"
      ],
      "gapShiftMinutes": 0
    },
    {
      "zone": "Africa/Malabo",
      "date": "1800-01-01",
      "time": "23:59",
      "timeKnown": true,
      "status": "compatible",
      "utc": "1800-01-01T23:45:25.000Z",
      "offsetMinutes": 13.583333333333334,
      "flags": [
        "lmt"
      ],
      "gapShiftMinutes": 0
    },
    {
      "zone": "Africa/Malabo",
      "date": "1800-01-01",
      "time": "12:00",
      "timeKnown": false,
      "status": "compatible",
      "utc": "1800-01-01T11:46:25.000Z",
      "offsetMinutes": 13.583333333333334,
      "flags": [
        "lmt"
      ],
      "gapShiftMinutes": 0
    },
    {
      "zone": "Africa/Malabo",
      "date": "2199-12-31",
      "time": "00:00",
      "timeKnown": true,
      "status": "compatible",
      "utc": "2199-12-30T23:00:00.000Z",
      "offsetMinutes": 60,
      "flags": [],
      "gapShiftMinutes": 0
    },
    {
      "zone": "Africa/Malabo",
      "date": "2199-12-31",
      "time": "23:59",
      "timeKnown": true,
      "status": "compatible",
      "utc": "2199-12-31T22:59:00.000Z",
      "offsetMinutes": 60,
      "flags": [],
      "gapShiftMinutes": 0
    },
    {
      "zone": "Africa/Malabo",
      "date": "2199-12-31",
      "time": "12:00",
      "timeKnown": false,
      "status": "compatible",
      "utc": "2199-12-31T11:00:00.000Z",
      "offsetMinutes": 60,
      "flags": [],
      "gapShiftMinutes": 0
    },
    {
      "zone": "Europe/Athens",
      "date": "1800-01-01",
      "time": "00:00",
      "timeKnown": true,
      "status": "compatible",
      "utc": "1799-12-31T22:25:08.000Z",
      "offsetMinutes": 94.86666666666666,
      "flags": [
        "lmt"
      ],
      "gapShiftMinutes": 0
    },
    {
      "zone": "Europe/Athens",
      "date": "1800-01-01",
      "time": "23:59",
      "timeKnown": true,
      "status": "compatible",
      "utc": "1800-01-01T22:24:08.000Z",
      "offsetMinutes": 94.86666666666666,
      "flags": [
        "lmt"
      ],
      "gapShiftMinutes": 0
    },
    {
      "zone": "Europe/Athens",
      "date": "1800-01-01",
      "time": "12:00",
      "timeKnown": false,
      "status": "compatible",
      "utc": "1800-01-01T10:25:08.000Z",
      "offsetMinutes": 94.86666666666666,
      "flags": [
        "lmt"
      ],
      "gapShiftMinutes": 0
    },
    {
      "zone": "Europe/Athens",
      "date": "2199-12-31",
      "time": "00:00",
      "timeKnown": true,
      "status": "compatible",
      "utc": "2199-12-30T22:00:00.000Z",
      "offsetMinutes": 120,
      "flags": [],
      "gapShiftMinutes": 0
    },
    {
      "zone": "Europe/Athens",
      "date": "2199-12-31",
      "time": "23:59",
      "timeKnown": true,
      "status": "compatible",
      "utc": "2199-12-31T21:59:00.000Z",
      "offsetMinutes": 120,
      "flags": [],
      "gapShiftMinutes": 0
    },
    {
      "zone": "Europe/Athens",
      "date": "2199-12-31",
      "time": "12:00",
      "timeKnown": false,
      "status": "compatible",
      "utc": "2199-12-31T10:00:00.000Z",
      "offsetMinutes": 120,
      "flags": [],
      "gapShiftMinutes": 0
    },
    {
      "zone": "Atlantic/South_Georgia",
      "date": "1800-01-01",
      "time": "00:00",
      "timeKnown": true,
      "status": "compatible",
      "utc": "1800-01-01T02:26:08.000Z",
      "offsetMinutes": -146.13333333333333,
      "flags": [
        "lmt"
      ],
      "gapShiftMinutes": 0
    },
    {
      "zone": "Atlantic/South_Georgia",
      "date": "1800-01-01",
      "time": "23:59",
      "timeKnown": true,
      "status": "compatible",
      "utc": "1800-01-02T02:25:08.000Z",
      "offsetMinutes": -146.13333333333333,
      "flags": [
        "lmt"
      ],
      "gapShiftMinutes": 0
    },
    {
      "zone": "Atlantic/South_Georgia",
      "date": "1800-01-01",
      "time": "12:00",
      "timeKnown": false,
      "status": "compatible",
      "utc": "1800-01-01T14:26:08.000Z",
      "offsetMinutes": -146.13333333333333,
      "flags": [
        "lmt"
      ],
      "gapShiftMinutes": 0
    },
    {
      "zone": "Atlantic/South_Georgia",
      "date": "2199-12-31",
      "time": "00:00",
      "timeKnown": true,
      "status": "compatible",
      "utc": "2199-12-31T02:00:00.000Z",
      "offsetMinutes": -120,
      "flags": [],
      "gapShiftMinutes": 0
    },
    {
      "zone": "Atlantic/South_Georgia",
      "date": "2199-12-31",
      "time": "23:59",
      "timeKnown": true,
      "status": "compatible",
      "utc": "2200-01-01T01:59:00.000Z",
      "offsetMinutes": -120,
      "flags": [],
      "gapShiftMinutes": 0
    },
    {
      "zone": "Atlantic/South_Georgia",
      "date": "2199-12-31",
      "time": "12:00",
      "timeKnown": false,
      "status": "compatible",
      "utc": "2199-12-31T14:00:00.000Z",
      "offsetMinutes": -120,
      "flags": [],
      "gapShiftMinutes": 0
    },
    {
      "zone": "America/Guatemala",
      "date": "1800-01-01",
      "time": "00:00",
      "timeKnown": true,
      "status": "compatible",
      "utc": "1800-01-01T06:02:04.000Z",
      "offsetMinutes": -362.06666666666666,
      "flags": [
        "lmt"
      ],
      "gapShiftMinutes": 0
    },
    {
      "zone": "America/Guatemala",
      "date": "1800-01-01",
      "time": "23:59",
      "timeKnown": true,
      "status": "compatible",
      "utc": "1800-01-02T06:01:04.000Z",
      "offsetMinutes": -362.06666666666666,
      "flags": [
        "lmt"
      ],
      "gapShiftMinutes": 0
    },
    {
      "zone": "America/Guatemala",
      "date": "1800-01-01",
      "time": "12:00",
      "timeKnown": false,
      "status": "compatible",
      "utc": "1800-01-01T18:02:04.000Z",
      "offsetMinutes": -362.06666666666666,
      "flags": [
        "lmt"
      ],
      "gapShiftMinutes": 0
    },
    {
      "zone": "America/Guatemala",
      "date": "2199-12-31",
      "time": "00:00",
      "timeKnown": true,
      "status": "compatible",
      "utc": "2199-12-31T06:00:00.000Z",
      "offsetMinutes": -360,
      "flags": [],
      "gapShiftMinutes": 0
    },
    {
      "zone": "America/Guatemala",
      "date": "2199-12-31",
      "time": "23:59",
      "timeKnown": true,
      "status": "compatible",
      "utc": "2200-01-01T05:59:00.000Z",
      "offsetMinutes": -360,
      "flags": [],
      "gapShiftMinutes": 0
    },
    {
      "zone": "America/Guatemala",
      "date": "2199-12-31",
      "time": "12:00",
      "timeKnown": false,
      "status": "compatible",
      "utc": "2199-12-31T18:00:00.000Z",
      "offsetMinutes": -360,
      "flags": [],
      "gapShiftMinutes": 0
    },
    {
      "zone": "Pacific/Guam",
      "date": "1800-01-01",
      "time": "00:00",
      "timeKnown": true,
      "status": "compatible",
      "utc": "1800-01-01T14:21:00.000Z",
      "offsetMinutes": -861,
      "flags": [],
      "gapShiftMinutes": 0
    },
    {
      "zone": "Pacific/Guam",
      "date": "1800-01-01",
      "time": "23:59",
      "timeKnown": true,
      "status": "compatible",
      "utc": "1800-01-02T14:20:00.000Z",
      "offsetMinutes": -861,
      "flags": [],
      "gapShiftMinutes": 0
    },
    {
      "zone": "Pacific/Guam",
      "date": "1800-01-01",
      "time": "12:00",
      "timeKnown": false,
      "status": "compatible",
      "utc": "1800-01-02T02:21:00.000Z",
      "offsetMinutes": -861,
      "flags": [],
      "gapShiftMinutes": 0
    },
    {
      "zone": "Pacific/Guam",
      "date": "2199-12-31",
      "time": "00:00",
      "timeKnown": true,
      "status": "compatible",
      "utc": "2199-12-30T14:00:00.000Z",
      "offsetMinutes": 600,
      "flags": [],
      "gapShiftMinutes": 0
    },
    {
      "zone": "Pacific/Guam",
      "date": "2199-12-31",
      "time": "23:59",
      "timeKnown": true,
      "status": "compatible",
      "utc": "2199-12-31T13:59:00.000Z",
      "offsetMinutes": 600,
      "flags": [],
      "gapShiftMinutes": 0
    },
    {
      "zone": "Pacific/Guam",
      "date": "2199-12-31",
      "time": "12:00",
      "timeKnown": false,
      "status": "compatible",
      "utc": "2199-12-31T02:00:00.000Z",
      "offsetMinutes": 600,
      "flags": [],
      "gapShiftMinutes": 0
    },
    {
      "zone": "Africa/Bissau",
      "date": "1800-01-01",
      "time": "00:00",
      "timeKnown": true,
      "status": "compatible",
      "utc": "1800-01-01T01:02:20.000Z",
      "offsetMinutes": -62.333333333333336,
      "flags": [
        "lmt"
      ],
      "gapShiftMinutes": 0
    },
    {
      "zone": "Africa/Bissau",
      "date": "1800-01-01",
      "time": "23:59",
      "timeKnown": true,
      "status": "compatible",
      "utc": "1800-01-02T01:01:20.000Z",
      "offsetMinutes": -62.333333333333336,
      "flags": [
        "lmt"
      ],
      "gapShiftMinutes": 0
    },
    {
      "zone": "Africa/Bissau",
      "date": "1800-01-01",
      "time": "12:00",
      "timeKnown": false,
      "status": "compatible",
      "utc": "1800-01-01T13:02:20.000Z",
      "offsetMinutes": -62.333333333333336,
      "flags": [
        "lmt"
      ],
      "gapShiftMinutes": 0
    },
    {
      "zone": "Africa/Bissau",
      "date": "2199-12-31",
      "time": "00:00",
      "timeKnown": true,
      "status": "compatible",
      "utc": "2199-12-31T00:00:00.000Z",
      "offsetMinutes": 0,
      "flags": [],
      "gapShiftMinutes": 0
    },
    {
      "zone": "Africa/Bissau",
      "date": "2199-12-31",
      "time": "23:59",
      "timeKnown": true,
      "status": "compatible",
      "utc": "2199-12-31T23:59:00.000Z",
      "offsetMinutes": 0,
      "flags": [],
      "gapShiftMinutes": 0
    },
    {
      "zone": "Africa/Bissau",
      "date": "2199-12-31",
      "time": "12:00",
      "timeKnown": false,
      "status": "compatible",
      "utc": "2199-12-31T12:00:00.000Z",
      "offsetMinutes": 0,
      "flags": [],
      "gapShiftMinutes": 0
    },
    {
      "zone": "America/Guyana",
      "date": "1800-01-01",
      "time": "00:00",
      "timeKnown": true,
      "status": "compatible",
      "utc": "1800-01-01T03:52:39.000Z",
      "offsetMinutes": -232.65,
      "flags": [
        "lmt"
      ],
      "gapShiftMinutes": 0
    },
    {
      "zone": "America/Guyana",
      "date": "1800-01-01",
      "time": "23:59",
      "timeKnown": true,
      "status": "compatible",
      "utc": "1800-01-02T03:51:39.000Z",
      "offsetMinutes": -232.65,
      "flags": [
        "lmt"
      ],
      "gapShiftMinutes": 0
    },
    {
      "zone": "America/Guyana",
      "date": "1800-01-01",
      "time": "12:00",
      "timeKnown": false,
      "status": "compatible",
      "utc": "1800-01-01T15:52:39.000Z",
      "offsetMinutes": -232.65,
      "flags": [
        "lmt"
      ],
      "gapShiftMinutes": 0
    },
    {
      "zone": "America/Guyana",
      "date": "2199-12-31",
      "time": "00:00",
      "timeKnown": true,
      "status": "compatible",
      "utc": "2199-12-31T04:00:00.000Z",
      "offsetMinutes": -240,
      "flags": [],
      "gapShiftMinutes": 0
    },
    {
      "zone": "America/Guyana",
      "date": "2199-12-31",
      "time": "23:59",
      "timeKnown": true,
      "status": "compatible",
      "utc": "2200-01-01T03:59:00.000Z",
      "offsetMinutes": -240,
      "flags": [],
      "gapShiftMinutes": 0
    },
    {
      "zone": "America/Guyana",
      "date": "2199-12-31",
      "time": "12:00",
      "timeKnown": false,
      "status": "compatible",
      "utc": "2199-12-31T16:00:00.000Z",
      "offsetMinutes": -240,
      "flags": [],
      "gapShiftMinutes": 0
    },
    {
      "zone": "Asia/Hong_Kong",
      "date": "1800-01-01",
      "time": "00:00",
      "timeKnown": true,
      "status": "compatible",
      "utc": "1799-12-31T16:23:18.000Z",
      "offsetMinutes": 456.7,
      "flags": [
        "lmt"
      ],
      "gapShiftMinutes": 0
    },
    {
      "zone": "Asia/Hong_Kong",
      "date": "1800-01-01",
      "time": "23:59",
      "timeKnown": true,
      "status": "compatible",
      "utc": "1800-01-01T16:22:18.000Z",
      "offsetMinutes": 456.7,
      "flags": [
        "lmt"
      ],
      "gapShiftMinutes": 0
    },
    {
      "zone": "Asia/Hong_Kong",
      "date": "1800-01-01",
      "time": "12:00",
      "timeKnown": false,
      "status": "compatible",
      "utc": "1800-01-01T04:23:18.000Z",
      "offsetMinutes": 456.7,
      "flags": [
        "lmt"
      ],
      "gapShiftMinutes": 0
    },
    {
      "zone": "Asia/Hong_Kong",
      "date": "2199-12-31",
      "time": "00:00",
      "timeKnown": true,
      "status": "compatible",
      "utc": "2199-12-30T16:00:00.000Z",
      "offsetMinutes": 480,
      "flags": [],
      "gapShiftMinutes": 0
    },
    {
      "zone": "Asia/Hong_Kong",
      "date": "2199-12-31",
      "time": "23:59",
      "timeKnown": true,
      "status": "compatible",
      "utc": "2199-12-31T15:59:00.000Z",
      "offsetMinutes": 480,
      "flags": [],
      "gapShiftMinutes": 0
    },
    {
      "zone": "Asia/Hong_Kong",
      "date": "2199-12-31",
      "time": "12:00",
      "timeKnown": false,
      "status": "compatible",
      "utc": "2199-12-31T04:00:00.000Z",
      "offsetMinutes": 480,
      "flags": [],
      "gapShiftMinutes": 0
    },
    {
      "zone": "America/Tegucigalpa",
      "date": "1800-01-01",
      "time": "00:00",
      "timeKnown": true,
      "status": "compatible",
      "utc": "1800-01-01T05:48:52.000Z",
      "offsetMinutes": -348.8666666666667,
      "flags": [
        "lmt"
      ],
      "gapShiftMinutes": 0
    },
    {
      "zone": "America/Tegucigalpa",
      "date": "1800-01-01",
      "time": "23:59",
      "timeKnown": true,
      "status": "compatible",
      "utc": "1800-01-02T05:47:52.000Z",
      "offsetMinutes": -348.8666666666667,
      "flags": [
        "lmt"
      ],
      "gapShiftMinutes": 0
    },
    {
      "zone": "America/Tegucigalpa",
      "date": "1800-01-01",
      "time": "12:00",
      "timeKnown": false,
      "status": "compatible",
      "utc": "1800-01-01T17:48:52.000Z",
      "offsetMinutes": -348.8666666666667,
      "flags": [
        "lmt"
      ],
      "gapShiftMinutes": 0
    },
    {
      "zone": "America/Tegucigalpa",
      "date": "2199-12-31",
      "time": "00:00",
      "timeKnown": true,
      "status": "compatible",
      "utc": "2199-12-31T06:00:00.000Z",
      "offsetMinutes": -360,
      "flags": [],
      "gapShiftMinutes": 0
    },
    {
      "zone": "America/Tegucigalpa",
      "date": "2199-12-31",
      "time": "23:59",
      "timeKnown": true,
      "status": "compatible",
      "utc": "2200-01-01T05:59:00.000Z",
      "offsetMinutes": -360,
      "flags": [],
      "gapShiftMinutes": 0
    },
    {
      "zone": "America/Tegucigalpa",
      "date": "2199-12-31",
      "time": "12:00",
      "timeKnown": false,
      "status": "compatible",
      "utc": "2199-12-31T18:00:00.000Z",
      "offsetMinutes": -360,
      "flags": [],
      "gapShiftMinutes": 0
    },
    {
      "zone": "Europe/Zagreb",
      "date": "1800-01-01",
      "time": "00:00",
      "timeKnown": true,
      "status": "compatible",
      "utc": "1799-12-31T22:38:00.000Z",
      "offsetMinutes": 82,
      "flags": [],
      "gapShiftMinutes": 0
    },
    {
      "zone": "Europe/Zagreb",
      "date": "1800-01-01",
      "time": "23:59",
      "timeKnown": true,
      "status": "compatible",
      "utc": "1800-01-01T22:37:00.000Z",
      "offsetMinutes": 82,
      "flags": [],
      "gapShiftMinutes": 0
    },
    {
      "zone": "Europe/Zagreb",
      "date": "1800-01-01",
      "time": "12:00",
      "timeKnown": false,
      "status": "compatible",
      "utc": "1800-01-01T10:38:00.000Z",
      "offsetMinutes": 82,
      "flags": [],
      "gapShiftMinutes": 0
    },
    {
      "zone": "Europe/Zagreb",
      "date": "2199-12-31",
      "time": "00:00",
      "timeKnown": true,
      "status": "compatible",
      "utc": "2199-12-30T23:00:00.000Z",
      "offsetMinutes": 60,
      "flags": [],
      "gapShiftMinutes": 0
    },
    {
      "zone": "Europe/Zagreb",
      "date": "2199-12-31",
      "time": "23:59",
      "timeKnown": true,
      "status": "compatible",
      "utc": "2199-12-31T22:59:00.000Z",
      "offsetMinutes": 60,
      "flags": [],
      "gapShiftMinutes": 0
    },
    {
      "zone": "Europe/Zagreb",
      "date": "2199-12-31",
      "time": "12:00",
      "timeKnown": false,
      "status": "compatible",
      "utc": "2199-12-31T11:00:00.000Z",
      "offsetMinutes": 60,
      "flags": [],
      "gapShiftMinutes": 0
    },
    {
      "zone": "America/Port-au-Prince",
      "date": "1800-01-01",
      "time": "00:00",
      "timeKnown": true,
      "status": "compatible",
      "utc": "1800-01-01T04:49:20.000Z",
      "offsetMinutes": -289.3333333333333,
      "flags": [
        "lmt"
      ],
      "gapShiftMinutes": 0
    },
    {
      "zone": "America/Port-au-Prince",
      "date": "1800-01-01",
      "time": "23:59",
      "timeKnown": true,
      "status": "compatible",
      "utc": "1800-01-02T04:48:20.000Z",
      "offsetMinutes": -289.3333333333333,
      "flags": [
        "lmt"
      ],
      "gapShiftMinutes": 0
    },
    {
      "zone": "America/Port-au-Prince",
      "date": "1800-01-01",
      "time": "12:00",
      "timeKnown": false,
      "status": "compatible",
      "utc": "1800-01-01T16:49:20.000Z",
      "offsetMinutes": -289.3333333333333,
      "flags": [
        "lmt"
      ],
      "gapShiftMinutes": 0
    },
    {
      "zone": "America/Port-au-Prince",
      "date": "2199-12-31",
      "time": "00:00",
      "timeKnown": true,
      "status": "compatible",
      "utc": "2199-12-31T05:00:00.000Z",
      "offsetMinutes": -300,
      "flags": [],
      "gapShiftMinutes": 0
    },
    {
      "zone": "America/Port-au-Prince",
      "date": "2199-12-31",
      "time": "23:59",
      "timeKnown": true,
      "status": "compatible",
      "utc": "2200-01-01T04:59:00.000Z",
      "offsetMinutes": -300,
      "flags": [],
      "gapShiftMinutes": 0
    },
    {
      "zone": "America/Port-au-Prince",
      "date": "2199-12-31",
      "time": "12:00",
      "timeKnown": false,
      "status": "compatible",
      "utc": "2199-12-31T17:00:00.000Z",
      "offsetMinutes": -300,
      "flags": [],
      "gapShiftMinutes": 0
    },
    {
      "zone": "Europe/Budapest",
      "date": "1800-01-01",
      "time": "00:00",
      "timeKnown": true,
      "status": "compatible",
      "utc": "1799-12-31T22:43:40.000Z",
      "offsetMinutes": 76.33333333333333,
      "flags": [
        "lmt"
      ],
      "gapShiftMinutes": 0
    },
    {
      "zone": "Europe/Budapest",
      "date": "1800-01-01",
      "time": "23:59",
      "timeKnown": true,
      "status": "compatible",
      "utc": "1800-01-01T22:42:40.000Z",
      "offsetMinutes": 76.33333333333333,
      "flags": [
        "lmt"
      ],
      "gapShiftMinutes": 0
    },
    {
      "zone": "Europe/Budapest",
      "date": "1800-01-01",
      "time": "12:00",
      "timeKnown": false,
      "status": "compatible",
      "utc": "1800-01-01T10:43:40.000Z",
      "offsetMinutes": 76.33333333333333,
      "flags": [
        "lmt"
      ],
      "gapShiftMinutes": 0
    },
    {
      "zone": "Europe/Budapest",
      "date": "2199-12-31",
      "time": "00:00",
      "timeKnown": true,
      "status": "compatible",
      "utc": "2199-12-30T23:00:00.000Z",
      "offsetMinutes": 60,
      "flags": [],
      "gapShiftMinutes": 0
    },
    {
      "zone": "Europe/Budapest",
      "date": "2199-12-31",
      "time": "23:59",
      "timeKnown": true,
      "status": "compatible",
      "utc": "2199-12-31T22:59:00.000Z",
      "offsetMinutes": 60,
      "flags": [],
      "gapShiftMinutes": 0
    },
    {
      "zone": "Europe/Budapest",
      "date": "2199-12-31",
      "time": "12:00",
      "timeKnown": false,
      "status": "compatible",
      "utc": "2199-12-31T11:00:00.000Z",
      "offsetMinutes": 60,
      "flags": [],
      "gapShiftMinutes": 0
    },
    {
      "zone": "Asia/Jakarta",
      "date": "1800-01-01",
      "time": "00:00",
      "timeKnown": true,
      "status": "compatible",
      "utc": "1799-12-31T16:52:48.000Z",
      "offsetMinutes": 427.2,
      "flags": [
        "lmt"
      ],
      "gapShiftMinutes": 0
    },
    {
      "zone": "Asia/Jakarta",
      "date": "1800-01-01",
      "time": "23:59",
      "timeKnown": true,
      "status": "compatible",
      "utc": "1800-01-01T16:51:48.000Z",
      "offsetMinutes": 427.2,
      "flags": [
        "lmt"
      ],
      "gapShiftMinutes": 0
    },
    {
      "zone": "Asia/Jakarta",
      "date": "1800-01-01",
      "time": "12:00",
      "timeKnown": false,
      "status": "compatible",
      "utc": "1800-01-01T04:52:48.000Z",
      "offsetMinutes": 427.2,
      "flags": [
        "lmt"
      ],
      "gapShiftMinutes": 0
    },
    {
      "zone": "Asia/Jakarta",
      "date": "2199-12-31",
      "time": "00:00",
      "timeKnown": true,
      "status": "compatible",
      "utc": "2199-12-30T17:00:00.000Z",
      "offsetMinutes": 420,
      "flags": [],
      "gapShiftMinutes": 0
    },
    {
      "zone": "Asia/Jakarta",
      "date": "2199-12-31",
      "time": "23:59",
      "timeKnown": true,
      "status": "compatible",
      "utc": "2199-12-31T16:59:00.000Z",
      "offsetMinutes": 420,
      "flags": [],
      "gapShiftMinutes": 0
    },
    {
      "zone": "Asia/Jakarta",
      "date": "2199-12-31",
      "time": "12:00",
      "timeKnown": false,
      "status": "compatible",
      "utc": "2199-12-31T05:00:00.000Z",
      "offsetMinutes": 420,
      "flags": [],
      "gapShiftMinutes": 0
    },
    {
      "zone": "Asia/Makassar",
      "date": "1800-01-01",
      "time": "00:00",
      "timeKnown": true,
      "status": "compatible",
      "utc": "1799-12-31T16:02:24.000Z",
      "offsetMinutes": 477.6,
      "flags": [
        "lmt"
      ],
      "gapShiftMinutes": 0
    },
    {
      "zone": "Asia/Makassar",
      "date": "1800-01-01",
      "time": "23:59",
      "timeKnown": true,
      "status": "compatible",
      "utc": "1800-01-01T16:01:24.000Z",
      "offsetMinutes": 477.6,
      "flags": [
        "lmt"
      ],
      "gapShiftMinutes": 0
    },
    {
      "zone": "Asia/Makassar",
      "date": "1800-01-01",
      "time": "12:00",
      "timeKnown": false,
      "status": "compatible",
      "utc": "1800-01-01T04:02:24.000Z",
      "offsetMinutes": 477.6,
      "flags": [
        "lmt"
      ],
      "gapShiftMinutes": 0
    },
    {
      "zone": "Asia/Makassar",
      "date": "2199-12-31",
      "time": "00:00",
      "timeKnown": true,
      "status": "compatible",
      "utc": "2199-12-30T16:00:00.000Z",
      "offsetMinutes": 480,
      "flags": [],
      "gapShiftMinutes": 0
    },
    {
      "zone": "Asia/Makassar",
      "date": "2199-12-31",
      "time": "23:59",
      "timeKnown": true,
      "status": "compatible",
      "utc": "2199-12-31T15:59:00.000Z",
      "offsetMinutes": 480,
      "flags": [],
      "gapShiftMinutes": 0
    },
    {
      "zone": "Asia/Makassar",
      "date": "2199-12-31",
      "time": "12:00",
      "timeKnown": false,
      "status": "compatible",
      "utc": "2199-12-31T04:00:00.000Z",
      "offsetMinutes": 480,
      "flags": [],
      "gapShiftMinutes": 0
    },
    {
      "zone": "Asia/Jayapura",
      "date": "1800-01-01",
      "time": "00:00",
      "timeKnown": true,
      "status": "compatible",
      "utc": "1799-12-31T14:37:12.000Z",
      "offsetMinutes": 562.8,
      "flags": [
        "lmt"
      ],
      "gapShiftMinutes": 0
    },
    {
      "zone": "Asia/Jayapura",
      "date": "1800-01-01",
      "time": "23:59",
      "timeKnown": true,
      "status": "compatible",
      "utc": "1800-01-01T14:36:12.000Z",
      "offsetMinutes": 562.8,
      "flags": [
        "lmt"
      ],
      "gapShiftMinutes": 0
    },
    {
      "zone": "Asia/Jayapura",
      "date": "1800-01-01",
      "time": "12:00",
      "timeKnown": false,
      "status": "compatible",
      "utc": "1800-01-01T02:37:12.000Z",
      "offsetMinutes": 562.8,
      "flags": [
        "lmt"
      ],
      "gapShiftMinutes": 0
    },
    {
      "zone": "Asia/Jayapura",
      "date": "2199-12-31",
      "time": "00:00",
      "timeKnown": true,
      "status": "compatible",
      "utc": "2199-12-30T15:00:00.000Z",
      "offsetMinutes": 540,
      "flags": [],
      "gapShiftMinutes": 0
    },
    {
      "zone": "Asia/Jayapura",
      "date": "2199-12-31",
      "time": "23:59",
      "timeKnown": true,
      "status": "compatible",
      "utc": "2199-12-31T14:59:00.000Z",
      "offsetMinutes": 540,
      "flags": [],
      "gapShiftMinutes": 0
    },
    {
      "zone": "Asia/Jayapura",
      "date": "2199-12-31",
      "time": "12:00",
      "timeKnown": false,
      "status": "compatible",
      "utc": "2199-12-31T03:00:00.000Z",
      "offsetMinutes": 540,
      "flags": [],
      "gapShiftMinutes": 0
    },
    {
      "zone": "Asia/Pontianak",
      "date": "1800-01-01",
      "time": "00:00",
      "timeKnown": true,
      "status": "compatible",
      "utc": "1799-12-31T16:42:40.000Z",
      "offsetMinutes": 437.3333333333333,
      "flags": [
        "lmt"
      ],
      "gapShiftMinutes": 0
    },
    {
      "zone": "Asia/Pontianak",
      "date": "1800-01-01",
      "time": "23:59",
      "timeKnown": true,
      "status": "compatible",
      "utc": "1800-01-01T16:41:40.000Z",
      "offsetMinutes": 437.3333333333333,
      "flags": [
        "lmt"
      ],
      "gapShiftMinutes": 0
    },
    {
      "zone": "Asia/Pontianak",
      "date": "1800-01-01",
      "time": "12:00",
      "timeKnown": false,
      "status": "compatible",
      "utc": "1800-01-01T04:42:40.000Z",
      "offsetMinutes": 437.3333333333333,
      "flags": [
        "lmt"
      ],
      "gapShiftMinutes": 0
    },
    {
      "zone": "Asia/Pontianak",
      "date": "2199-12-31",
      "time": "00:00",
      "timeKnown": true,
      "status": "compatible",
      "utc": "2199-12-30T17:00:00.000Z",
      "offsetMinutes": 420,
      "flags": [],
      "gapShiftMinutes": 0
    },
    {
      "zone": "Asia/Pontianak",
      "date": "2199-12-31",
      "time": "23:59",
      "timeKnown": true,
      "status": "compatible",
      "utc": "2199-12-31T16:59:00.000Z",
      "offsetMinutes": 420,
      "flags": [],
      "gapShiftMinutes": 0
    },
    {
      "zone": "Asia/Pontianak",
      "date": "2199-12-31",
      "time": "12:00",
      "timeKnown": false,
      "status": "compatible",
      "utc": "2199-12-31T05:00:00.000Z",
      "offsetMinutes": 420,
      "flags": [],
      "gapShiftMinutes": 0
    },
    {
      "zone": "Asia/Ho_Chi_Minh",
      "date": "1800-01-01",
      "time": "00:00",
      "timeKnown": true,
      "status": "compatible",
      "utc": "1799-12-31T16:53:30.000Z",
      "offsetMinutes": 426.5,
      "flags": [
        "lmt"
      ],
      "gapShiftMinutes": 0
    },
    {
      "zone": "Asia/Ho_Chi_Minh",
      "date": "1800-01-01",
      "time": "23:59",
      "timeKnown": true,
      "status": "compatible",
      "utc": "1800-01-01T16:52:30.000Z",
      "offsetMinutes": 426.5,
      "flags": [
        "lmt"
      ],
      "gapShiftMinutes": 0
    },
    {
      "zone": "Asia/Ho_Chi_Minh",
      "date": "1800-01-01",
      "time": "12:00",
      "timeKnown": false,
      "status": "compatible",
      "utc": "1800-01-01T04:53:30.000Z",
      "offsetMinutes": 426.5,
      "flags": [
        "lmt"
      ],
      "gapShiftMinutes": 0
    },
    {
      "zone": "Asia/Ho_Chi_Minh",
      "date": "2199-12-31",
      "time": "00:00",
      "timeKnown": true,
      "status": "compatible",
      "utc": "2199-12-30T17:00:00.000Z",
      "offsetMinutes": 420,
      "flags": [],
      "gapShiftMinutes": 0
    },
    {
      "zone": "Asia/Ho_Chi_Minh",
      "date": "2199-12-31",
      "time": "23:59",
      "timeKnown": true,
      "status": "compatible",
      "utc": "2199-12-31T16:59:00.000Z",
      "offsetMinutes": 420,
      "flags": [],
      "gapShiftMinutes": 0
    },
    {
      "zone": "Asia/Ho_Chi_Minh",
      "date": "2199-12-31",
      "time": "12:00",
      "timeKnown": false,
      "status": "compatible",
      "utc": "2199-12-31T05:00:00.000Z",
      "offsetMinutes": 420,
      "flags": [],
      "gapShiftMinutes": 0
    },
    {
      "zone": "Europe/Dublin",
      "date": "1800-01-01",
      "time": "00:00",
      "timeKnown": true,
      "status": "compatible",
      "utc": "1800-01-01T00:25:21.000Z",
      "offsetMinutes": -25.35,
      "flags": [
        "lmt"
      ],
      "gapShiftMinutes": 0
    },
    {
      "zone": "Europe/Dublin",
      "date": "1800-01-01",
      "time": "23:59",
      "timeKnown": true,
      "status": "compatible",
      "utc": "1800-01-02T00:24:21.000Z",
      "offsetMinutes": -25.35,
      "flags": [
        "lmt"
      ],
      "gapShiftMinutes": 0
    },
    {
      "zone": "Europe/Dublin",
      "date": "1800-01-01",
      "time": "12:00",
      "timeKnown": false,
      "status": "compatible",
      "utc": "1800-01-01T12:25:21.000Z",
      "offsetMinutes": -25.35,
      "flags": [
        "lmt"
      ],
      "gapShiftMinutes": 0
    },
    {
      "zone": "Europe/Dublin",
      "date": "2199-12-31",
      "time": "00:00",
      "timeKnown": true,
      "status": "compatible",
      "utc": "2199-12-31T00:00:00.000Z",
      "offsetMinutes": 0,
      "flags": [],
      "gapShiftMinutes": 0
    },
    {
      "zone": "Europe/Dublin",
      "date": "2199-12-31",
      "time": "23:59",
      "timeKnown": true,
      "status": "compatible",
      "utc": "2199-12-31T23:59:00.000Z",
      "offsetMinutes": 0,
      "flags": [],
      "gapShiftMinutes": 0
    },
    {
      "zone": "Europe/Dublin",
      "date": "2199-12-31",
      "time": "12:00",
      "timeKnown": false,
      "status": "compatible",
      "utc": "2199-12-31T12:00:00.000Z",
      "offsetMinutes": 0,
      "flags": [],
      "gapShiftMinutes": 0
    },
    {
      "zone": "Asia/Jerusalem",
      "date": "1800-01-01",
      "time": "00:00",
      "timeKnown": true,
      "status": "compatible",
      "utc": "1799-12-31T21:39:06.000Z",
      "offsetMinutes": 140.9,
      "flags": [
        "lmt"
      ],
      "gapShiftMinutes": 0
    },
    {
      "zone": "Asia/Jerusalem",
      "date": "1800-01-01",
      "time": "23:59",
      "timeKnown": true,
      "status": "compatible",
      "utc": "1800-01-01T21:38:06.000Z",
      "offsetMinutes": 140.9,
      "flags": [
        "lmt"
      ],
      "gapShiftMinutes": 0
    },
    {
      "zone": "Asia/Jerusalem",
      "date": "1800-01-01",
      "time": "12:00",
      "timeKnown": false,
      "status": "compatible",
      "utc": "1800-01-01T09:39:06.000Z",
      "offsetMinutes": 140.9,
      "flags": [
        "lmt"
      ],
      "gapShiftMinutes": 0
    },
    {
      "zone": "Asia/Jerusalem",
      "date": "2199-12-31",
      "time": "00:00",
      "timeKnown": true,
      "status": "compatible",
      "utc": "2199-12-30T22:00:00.000Z",
      "offsetMinutes": 120,
      "flags": [],
      "gapShiftMinutes": 0
    },
    {
      "zone": "Asia/Jerusalem",
      "date": "2199-12-31",
      "time": "23:59",
      "timeKnown": true,
      "status": "compatible",
      "utc": "2199-12-31T21:59:00.000Z",
      "offsetMinutes": 120,
      "flags": [],
      "gapShiftMinutes": 0
    },
    {
      "zone": "Asia/Jerusalem",
      "date": "2199-12-31",
      "time": "12:00",
      "timeKnown": false,
      "status": "compatible",
      "utc": "2199-12-31T10:00:00.000Z",
      "offsetMinutes": 120,
      "flags": [],
      "gapShiftMinutes": 0
    },
    {
      "zone": "Europe/Isle_of_Man",
      "date": "1800-01-01",
      "time": "00:00",
      "timeKnown": true,
      "status": "compatible",
      "utc": "1800-01-01T00:01:15.000Z",
      "offsetMinutes": -1.25,
      "flags": [
        "lmt"
      ],
      "gapShiftMinutes": 0
    },
    {
      "zone": "Europe/Isle_of_Man",
      "date": "1800-01-01",
      "time": "23:59",
      "timeKnown": true,
      "status": "compatible",
      "utc": "1800-01-02T00:00:15.000Z",
      "offsetMinutes": -1.25,
      "flags": [
        "lmt"
      ],
      "gapShiftMinutes": 0
    },
    {
      "zone": "Europe/Isle_of_Man",
      "date": "1800-01-01",
      "time": "12:00",
      "timeKnown": false,
      "status": "compatible",
      "utc": "1800-01-01T12:01:15.000Z",
      "offsetMinutes": -1.25,
      "flags": [
        "lmt"
      ],
      "gapShiftMinutes": 0
    },
    {
      "zone": "Europe/Isle_of_Man",
      "date": "2199-12-31",
      "time": "00:00",
      "timeKnown": true,
      "status": "compatible",
      "utc": "2199-12-31T00:00:00.000Z",
      "offsetMinutes": 0,
      "flags": [],
      "gapShiftMinutes": 0
    },
    {
      "zone": "Europe/Isle_of_Man",
      "date": "2199-12-31",
      "time": "23:59",
      "timeKnown": true,
      "status": "compatible",
      "utc": "2199-12-31T23:59:00.000Z",
      "offsetMinutes": 0,
      "flags": [],
      "gapShiftMinutes": 0
    },
    {
      "zone": "Europe/Isle_of_Man",
      "date": "2199-12-31",
      "time": "12:00",
      "timeKnown": false,
      "status": "compatible",
      "utc": "2199-12-31T12:00:00.000Z",
      "offsetMinutes": 0,
      "flags": [],
      "gapShiftMinutes": 0
    },
    {
      "zone": "Asia/Kolkata",
      "date": "1800-01-01",
      "time": "00:00",
      "timeKnown": true,
      "status": "compatible",
      "utc": "1799-12-31T18:06:32.000Z",
      "offsetMinutes": 353.46666666666664,
      "flags": [
        "lmt"
      ],
      "gapShiftMinutes": 0
    },
    {
      "zone": "Asia/Kolkata",
      "date": "1800-01-01",
      "time": "23:59",
      "timeKnown": true,
      "status": "compatible",
      "utc": "1800-01-01T18:05:32.000Z",
      "offsetMinutes": 353.46666666666664,
      "flags": [
        "lmt"
      ],
      "gapShiftMinutes": 0
    },
    {
      "zone": "Asia/Kolkata",
      "date": "1800-01-01",
      "time": "12:00",
      "timeKnown": false,
      "status": "compatible",
      "utc": "1800-01-01T06:06:32.000Z",
      "offsetMinutes": 353.46666666666664,
      "flags": [
        "lmt"
      ],
      "gapShiftMinutes": 0
    },
    {
      "zone": "Asia/Kolkata",
      "date": "2199-12-31",
      "time": "00:00",
      "timeKnown": true,
      "status": "compatible",
      "utc": "2199-12-30T18:30:00.000Z",
      "offsetMinutes": 330,
      "flags": [],
      "gapShiftMinutes": 0
    },
    {
      "zone": "Asia/Kolkata",
      "date": "2199-12-31",
      "time": "23:59",
      "timeKnown": true,
      "status": "compatible",
      "utc": "2199-12-31T18:29:00.000Z",
      "offsetMinutes": 330,
      "flags": [],
      "gapShiftMinutes": 0
    },
    {
      "zone": "Asia/Kolkata",
      "date": "2199-12-31",
      "time": "12:00",
      "timeKnown": false,
      "status": "compatible",
      "utc": "2199-12-31T06:30:00.000Z",
      "offsetMinutes": 330,
      "flags": [],
      "gapShiftMinutes": 0
    },
    {
      "zone": "Asia/Baghdad",
      "date": "1800-01-01",
      "time": "00:00",
      "timeKnown": true,
      "status": "compatible",
      "utc": "1799-12-31T21:02:20.000Z",
      "offsetMinutes": 177.66666666666666,
      "flags": [
        "lmt"
      ],
      "gapShiftMinutes": 0
    },
    {
      "zone": "Asia/Baghdad",
      "date": "1800-01-01",
      "time": "23:59",
      "timeKnown": true,
      "status": "compatible",
      "utc": "1800-01-01T21:01:20.000Z",
      "offsetMinutes": 177.66666666666666,
      "flags": [
        "lmt"
      ],
      "gapShiftMinutes": 0
    },
    {
      "zone": "Asia/Baghdad",
      "date": "1800-01-01",
      "time": "12:00",
      "timeKnown": false,
      "status": "compatible",
      "utc": "1800-01-01T09:02:20.000Z",
      "offsetMinutes": 177.66666666666666,
      "flags": [
        "lmt"
      ],
      "gapShiftMinutes": 0
    },
    {
      "zone": "Asia/Baghdad",
      "date": "2199-12-31",
      "time": "00:00",
      "timeKnown": true,
      "status": "compatible",
      "utc": "2199-12-30T21:00:00.000Z",
      "offsetMinutes": 180,
      "flags": [],
      "gapShiftMinutes": 0
    },
    {
      "zone": "Asia/Baghdad",
      "date": "2199-12-31",
      "time": "23:59",
      "timeKnown": true,
      "status": "compatible",
      "utc": "2199-12-31T20:59:00.000Z",
      "offsetMinutes": 180,
      "flags": [],
      "gapShiftMinutes": 0
    },
    {
      "zone": "Asia/Baghdad",
      "date": "2199-12-31",
      "time": "12:00",
      "timeKnown": false,
      "status": "compatible",
      "utc": "2199-12-31T09:00:00.000Z",
      "offsetMinutes": 180,
      "flags": [],
      "gapShiftMinutes": 0
    },
    {
      "zone": "Asia/Tehran",
      "date": "1800-01-01",
      "time": "00:00",
      "timeKnown": true,
      "status": "compatible",
      "utc": "1799-12-31T20:34:16.000Z",
      "offsetMinutes": 205.73333333333332,
      "flags": [
        "lmt"
      ],
      "gapShiftMinutes": 0
    },
    {
      "zone": "Asia/Tehran",
      "date": "1800-01-01",
      "time": "23:59",
      "timeKnown": true,
      "status": "compatible",
      "utc": "1800-01-01T20:33:16.000Z",
      "offsetMinutes": 205.73333333333332,
      "flags": [
        "lmt"
      ],
      "gapShiftMinutes": 0
    },
    {
      "zone": "Asia/Tehran",
      "date": "1800-01-01",
      "time": "12:00",
      "timeKnown": false,
      "status": "compatible",
      "utc": "1800-01-01T08:34:16.000Z",
      "offsetMinutes": 205.73333333333332,
      "flags": [
        "lmt"
      ],
      "gapShiftMinutes": 0
    },
    {
      "zone": "Asia/Tehran",
      "date": "2199-12-31",
      "time": "00:00",
      "timeKnown": true,
      "status": "compatible",
      "utc": "2199-12-30T20:30:00.000Z",
      "offsetMinutes": 210,
      "flags": [],
      "gapShiftMinutes": 0
    },
    {
      "zone": "Asia/Tehran",
      "date": "2199-12-31",
      "time": "23:59",
      "timeKnown": true,
      "status": "compatible",
      "utc": "2199-12-31T20:29:00.000Z",
      "offsetMinutes": 210,
      "flags": [],
      "gapShiftMinutes": 0
    },
    {
      "zone": "Asia/Tehran",
      "date": "2199-12-31",
      "time": "12:00",
      "timeKnown": false,
      "status": "compatible",
      "utc": "2199-12-31T08:30:00.000Z",
      "offsetMinutes": 210,
      "flags": [],
      "gapShiftMinutes": 0
    },
    {
      "zone": "Atlantic/Reykjavik",
      "date": "1800-01-01",
      "time": "00:00",
      "timeKnown": true,
      "status": "compatible",
      "utc": "1800-01-01T00:16:08.000Z",
      "offsetMinutes": -16.133333333333333,
      "flags": [
        "lmt"
      ],
      "gapShiftMinutes": 0
    },
    {
      "zone": "Atlantic/Reykjavik",
      "date": "1800-01-01",
      "time": "23:59",
      "timeKnown": true,
      "status": "compatible",
      "utc": "1800-01-02T00:15:08.000Z",
      "offsetMinutes": -16.133333333333333,
      "flags": [
        "lmt"
      ],
      "gapShiftMinutes": 0
    },
    {
      "zone": "Atlantic/Reykjavik",
      "date": "1800-01-01",
      "time": "12:00",
      "timeKnown": false,
      "status": "compatible",
      "utc": "1800-01-01T12:16:08.000Z",
      "offsetMinutes": -16.133333333333333,
      "flags": [
        "lmt"
      ],
      "gapShiftMinutes": 0
    },
    {
      "zone": "Atlantic/Reykjavik",
      "date": "2199-12-31",
      "time": "00:00",
      "timeKnown": true,
      "status": "compatible",
      "utc": "2199-12-31T00:00:00.000Z",
      "offsetMinutes": 0,
      "flags": [],
      "gapShiftMinutes": 0
    },
    {
      "zone": "Atlantic/Reykjavik",
      "date": "2199-12-31",
      "time": "23:59",
      "timeKnown": true,
      "status": "compatible",
      "utc": "2199-12-31T23:59:00.000Z",
      "offsetMinutes": 0,
      "flags": [],
      "gapShiftMinutes": 0
    },
    {
      "zone": "Atlantic/Reykjavik",
      "date": "2199-12-31",
      "time": "12:00",
      "timeKnown": false,
      "status": "compatible",
      "utc": "2199-12-31T12:00:00.000Z",
      "offsetMinutes": 0,
      "flags": [],
      "gapShiftMinutes": 0
    },
    {
      "zone": "Europe/Rome",
      "date": "1800-01-01",
      "time": "00:00",
      "timeKnown": true,
      "status": "compatible",
      "utc": "1799-12-31T23:10:04.000Z",
      "offsetMinutes": 49.93333333333333,
      "flags": [
        "lmt"
      ],
      "gapShiftMinutes": 0
    },
    {
      "zone": "Europe/Rome",
      "date": "1800-01-01",
      "time": "23:59",
      "timeKnown": true,
      "status": "compatible",
      "utc": "1800-01-01T23:09:04.000Z",
      "offsetMinutes": 49.93333333333333,
      "flags": [
        "lmt"
      ],
      "gapShiftMinutes": 0
    },
    {
      "zone": "Europe/Rome",
      "date": "1800-01-01",
      "time": "12:00",
      "timeKnown": false,
      "status": "compatible",
      "utc": "1800-01-01T11:10:04.000Z",
      "offsetMinutes": 49.93333333333333,
      "flags": [
        "lmt"
      ],
      "gapShiftMinutes": 0
    },
    {
      "zone": "Europe/Rome",
      "date": "2199-12-31",
      "time": "00:00",
      "timeKnown": true,
      "status": "compatible",
      "utc": "2199-12-30T23:00:00.000Z",
      "offsetMinutes": 60,
      "flags": [],
      "gapShiftMinutes": 0
    },
    {
      "zone": "Europe/Rome",
      "date": "2199-12-31",
      "time": "23:59",
      "timeKnown": true,
      "status": "compatible",
      "utc": "2199-12-31T22:59:00.000Z",
      "offsetMinutes": 60,
      "flags": [],
      "gapShiftMinutes": 0
    },
    {
      "zone": "Europe/Rome",
      "date": "2199-12-31",
      "time": "12:00",
      "timeKnown": false,
      "status": "compatible",
      "utc": "2199-12-31T11:00:00.000Z",
      "offsetMinutes": 60,
      "flags": [],
      "gapShiftMinutes": 0
    },
    {
      "zone": "Europe/Jersey",
      "date": "1800-01-01",
      "time": "00:00",
      "timeKnown": true,
      "status": "compatible",
      "utc": "1800-01-01T00:01:15.000Z",
      "offsetMinutes": -1.25,
      "flags": [
        "lmt"
      ],
      "gapShiftMinutes": 0
    },
    {
      "zone": "Europe/Jersey",
      "date": "1800-01-01",
      "time": "23:59",
      "timeKnown": true,
      "status": "compatible",
      "utc": "1800-01-02T00:00:15.000Z",
      "offsetMinutes": -1.25,
      "flags": [
        "lmt"
      ],
      "gapShiftMinutes": 0
    },
    {
      "zone": "Europe/Jersey",
      "date": "1800-01-01",
      "time": "12:00",
      "timeKnown": false,
      "status": "compatible",
      "utc": "1800-01-01T12:01:15.000Z",
      "offsetMinutes": -1.25,
      "flags": [
        "lmt"
      ],
      "gapShiftMinutes": 0
    },
    {
      "zone": "Europe/Jersey",
      "date": "2199-12-31",
      "time": "00:00",
      "timeKnown": true,
      "status": "compatible",
      "utc": "2199-12-31T00:00:00.000Z",
      "offsetMinutes": 0,
      "flags": [],
      "gapShiftMinutes": 0
    },
    {
      "zone": "Europe/Jersey",
      "date": "2199-12-31",
      "time": "23:59",
      "timeKnown": true,
      "status": "compatible",
      "utc": "2199-12-31T23:59:00.000Z",
      "offsetMinutes": 0,
      "flags": [],
      "gapShiftMinutes": 0
    },
    {
      "zone": "Europe/Jersey",
      "date": "2199-12-31",
      "time": "12:00",
      "timeKnown": false,
      "status": "compatible",
      "utc": "2199-12-31T12:00:00.000Z",
      "offsetMinutes": 0,
      "flags": [],
      "gapShiftMinutes": 0
    },
    {
      "zone": "America/Jamaica",
      "date": "1800-01-01",
      "time": "00:00",
      "timeKnown": true,
      "status": "compatible",
      "utc": "1800-01-01T05:07:10.000Z",
      "offsetMinutes": -307.1666666666667,
      "flags": [
        "lmt"
      ],
      "gapShiftMinutes": 0
    },
    {
      "zone": "America/Jamaica",
      "date": "1800-01-01",
      "time": "23:59",
      "timeKnown": true,
      "status": "compatible",
      "utc": "1800-01-02T05:06:10.000Z",
      "offsetMinutes": -307.1666666666667,
      "flags": [
        "lmt"
      ],
      "gapShiftMinutes": 0
    },
    {
      "zone": "America/Jamaica",
      "date": "1800-01-01",
      "time": "12:00",
      "timeKnown": false,
      "status": "compatible",
      "utc": "1800-01-01T17:07:10.000Z",
      "offsetMinutes": -307.1666666666667,
      "flags": [
        "lmt"
      ],
      "gapShiftMinutes": 0
    },
    {
      "zone": "America/Jamaica",
      "date": "2199-12-31",
      "time": "00:00",
      "timeKnown": true,
      "status": "compatible",
      "utc": "2199-12-31T05:00:00.000Z",
      "offsetMinutes": -300,
      "flags": [],
      "gapShiftMinutes": 0
    },
    {
      "zone": "America/Jamaica",
      "date": "2199-12-31",
      "time": "23:59",
      "timeKnown": true,
      "status": "compatible",
      "utc": "2200-01-01T04:59:00.000Z",
      "offsetMinutes": -300,
      "flags": [],
      "gapShiftMinutes": 0
    },
    {
      "zone": "America/Jamaica",
      "date": "2199-12-31",
      "time": "12:00",
      "timeKnown": false,
      "status": "compatible",
      "utc": "2199-12-31T17:00:00.000Z",
      "offsetMinutes": -300,
      "flags": [],
      "gapShiftMinutes": 0
    },
    {
      "zone": "Asia/Amman",
      "date": "1800-01-01",
      "time": "00:00",
      "timeKnown": true,
      "status": "compatible",
      "utc": "1799-12-31T21:36:16.000Z",
      "offsetMinutes": 143.73333333333332,
      "flags": [
        "lmt"
      ],
      "gapShiftMinutes": 0
    },
    {
      "zone": "Asia/Amman",
      "date": "1800-01-01",
      "time": "23:59",
      "timeKnown": true,
      "status": "compatible",
      "utc": "1800-01-01T21:35:16.000Z",
      "offsetMinutes": 143.73333333333332,
      "flags": [
        "lmt"
      ],
      "gapShiftMinutes": 0
    },
    {
      "zone": "Asia/Amman",
      "date": "1800-01-01",
      "time": "12:00",
      "timeKnown": false,
      "status": "compatible",
      "utc": "1800-01-01T09:36:16.000Z",
      "offsetMinutes": 143.73333333333332,
      "flags": [
        "lmt"
      ],
      "gapShiftMinutes": 0
    },
    {
      "zone": "Asia/Amman",
      "date": "2199-12-31",
      "time": "00:00",
      "timeKnown": true,
      "status": "compatible",
      "utc": "2199-12-30T21:00:00.000Z",
      "offsetMinutes": 180,
      "flags": [],
      "gapShiftMinutes": 0
    },
    {
      "zone": "Asia/Amman",
      "date": "2199-12-31",
      "time": "23:59",
      "timeKnown": true,
      "status": "compatible",
      "utc": "2199-12-31T20:59:00.000Z",
      "offsetMinutes": 180,
      "flags": [],
      "gapShiftMinutes": 0
    },
    {
      "zone": "Asia/Amman",
      "date": "2199-12-31",
      "time": "12:00",
      "timeKnown": false,
      "status": "compatible",
      "utc": "2199-12-31T09:00:00.000Z",
      "offsetMinutes": 180,
      "flags": [],
      "gapShiftMinutes": 0
    },
    {
      "zone": "Asia/Tokyo",
      "date": "1800-01-01",
      "time": "00:00",
      "timeKnown": true,
      "status": "compatible",
      "utc": "1799-12-31T14:41:01.000Z",
      "offsetMinutes": 558.9833333333333,
      "flags": [
        "lmt"
      ],
      "gapShiftMinutes": 0
    },
    {
      "zone": "Asia/Tokyo",
      "date": "1800-01-01",
      "time": "23:59",
      "timeKnown": true,
      "status": "compatible",
      "utc": "1800-01-01T14:40:01.000Z",
      "offsetMinutes": 558.9833333333333,
      "flags": [
        "lmt"
      ],
      "gapShiftMinutes": 0
    },
    {
      "zone": "Asia/Tokyo",
      "date": "1800-01-01",
      "time": "12:00",
      "timeKnown": false,
      "status": "compatible",
      "utc": "1800-01-01T02:41:01.000Z",
      "offsetMinutes": 558.9833333333333,
      "flags": [
        "lmt"
      ],
      "gapShiftMinutes": 0
    },
    {
      "zone": "Asia/Tokyo",
      "date": "2199-12-31",
      "time": "00:00",
      "timeKnown": true,
      "status": "compatible",
      "utc": "2199-12-30T15:00:00.000Z",
      "offsetMinutes": 540,
      "flags": [],
      "gapShiftMinutes": 0
    },
    {
      "zone": "Asia/Tokyo",
      "date": "2199-12-31",
      "time": "23:59",
      "timeKnown": true,
      "status": "compatible",
      "utc": "2199-12-31T14:59:00.000Z",
      "offsetMinutes": 540,
      "flags": [],
      "gapShiftMinutes": 0
    },
    {
      "zone": "Asia/Tokyo",
      "date": "2199-12-31",
      "time": "12:00",
      "timeKnown": false,
      "status": "compatible",
      "utc": "2199-12-31T03:00:00.000Z",
      "offsetMinutes": 540,
      "flags": [],
      "gapShiftMinutes": 0
    },
    {
      "zone": "Africa/Nairobi",
      "date": "1800-01-01",
      "time": "00:00",
      "timeKnown": true,
      "status": "compatible",
      "utc": "1799-12-31T21:32:44.000Z",
      "offsetMinutes": 147.26666666666668,
      "flags": [
        "lmt"
      ],
      "gapShiftMinutes": 0
    },
    {
      "zone": "Africa/Nairobi",
      "date": "1800-01-01",
      "time": "23:59",
      "timeKnown": true,
      "status": "compatible",
      "utc": "1800-01-01T21:31:44.000Z",
      "offsetMinutes": 147.26666666666668,
      "flags": [
        "lmt"
      ],
      "gapShiftMinutes": 0
    },
    {
      "zone": "Africa/Nairobi",
      "date": "1800-01-01",
      "time": "12:00",
      "timeKnown": false,
      "status": "compatible",
      "utc": "1800-01-01T09:32:44.000Z",
      "offsetMinutes": 147.26666666666668,
      "flags": [
        "lmt"
      ],
      "gapShiftMinutes": 0
    },
    {
      "zone": "Africa/Nairobi",
      "date": "2199-12-31",
      "time": "00:00",
      "timeKnown": true,
      "status": "compatible",
      "utc": "2199-12-30T21:00:00.000Z",
      "offsetMinutes": 180,
      "flags": [],
      "gapShiftMinutes": 0
    },
    {
      "zone": "Africa/Nairobi",
      "date": "2199-12-31",
      "time": "23:59",
      "timeKnown": true,
      "status": "compatible",
      "utc": "2199-12-31T20:59:00.000Z",
      "offsetMinutes": 180,
      "flags": [],
      "gapShiftMinutes": 0
    },
    {
      "zone": "Africa/Nairobi",
      "date": "2199-12-31",
      "time": "12:00",
      "timeKnown": false,
      "status": "compatible",
      "utc": "2199-12-31T09:00:00.000Z",
      "offsetMinutes": 180,
      "flags": [],
      "gapShiftMinutes": 0
    },
    {
      "zone": "Asia/Bishkek",
      "date": "1800-01-01",
      "time": "00:00",
      "timeKnown": true,
      "status": "compatible",
      "utc": "1799-12-31T19:01:36.000Z",
      "offsetMinutes": 298.4,
      "flags": [
        "lmt"
      ],
      "gapShiftMinutes": 0
    },
    {
      "zone": "Asia/Bishkek",
      "date": "1800-01-01",
      "time": "23:59",
      "timeKnown": true,
      "status": "compatible",
      "utc": "1800-01-01T19:00:36.000Z",
      "offsetMinutes": 298.4,
      "flags": [
        "lmt"
      ],
      "gapShiftMinutes": 0
    },
    {
      "zone": "Asia/Bishkek",
      "date": "1800-01-01",
      "time": "12:00",
      "timeKnown": false,
      "status": "compatible",
      "utc": "1800-01-01T07:01:36.000Z",
      "offsetMinutes": 298.4,
      "flags": [
        "lmt"
      ],
      "gapShiftMinutes": 0
    },
    {
      "zone": "Asia/Bishkek",
      "date": "2199-12-31",
      "time": "00:00",
      "timeKnown": true,
      "status": "compatible",
      "utc": "2199-12-30T18:00:00.000Z",
      "offsetMinutes": 360,
      "flags": [],
      "gapShiftMinutes": 0
    },
    {
      "zone": "Asia/Bishkek",
      "date": "2199-12-31",
      "time": "23:59",
      "timeKnown": true,
      "status": "compatible",
      "utc": "2199-12-31T17:59:00.000Z",
      "offsetMinutes": 360,
      "flags": [],
      "gapShiftMinutes": 0
    },
    {
      "zone": "Asia/Bishkek",
      "date": "2199-12-31",
      "time": "12:00",
      "timeKnown": false,
      "status": "compatible",
      "utc": "2199-12-31T06:00:00.000Z",
      "offsetMinutes": 360,
      "flags": [],
      "gapShiftMinutes": 0
    },
    {
      "zone": "Asia/Phnom_Penh",
      "date": "1800-01-01",
      "time": "00:00",
      "timeKnown": true,
      "status": "compatible",
      "utc": "1799-12-31T17:17:56.000Z",
      "offsetMinutes": 402.06666666666666,
      "flags": [
        "lmt"
      ],
      "gapShiftMinutes": 0
    },
    {
      "zone": "Asia/Phnom_Penh",
      "date": "1800-01-01",
      "time": "23:59",
      "timeKnown": true,
      "status": "compatible",
      "utc": "1800-01-01T17:16:56.000Z",
      "offsetMinutes": 402.06666666666666,
      "flags": [
        "lmt"
      ],
      "gapShiftMinutes": 0
    },
    {
      "zone": "Asia/Phnom_Penh",
      "date": "1800-01-01",
      "time": "12:00",
      "timeKnown": false,
      "status": "compatible",
      "utc": "1800-01-01T05:17:56.000Z",
      "offsetMinutes": 402.06666666666666,
      "flags": [
        "lmt"
      ],
      "gapShiftMinutes": 0
    },
    {
      "zone": "Asia/Phnom_Penh",
      "date": "2199-12-31",
      "time": "00:00",
      "timeKnown": true,
      "status": "compatible",
      "utc": "2199-12-30T17:00:00.000Z",
      "offsetMinutes": 420,
      "flags": [],
      "gapShiftMinutes": 0
    },
    {
      "zone": "Asia/Phnom_Penh",
      "date": "2199-12-31",
      "time": "23:59",
      "timeKnown": true,
      "status": "compatible",
      "utc": "2199-12-31T16:59:00.000Z",
      "offsetMinutes": 420,
      "flags": [],
      "gapShiftMinutes": 0
    },
    {
      "zone": "Asia/Phnom_Penh",
      "date": "2199-12-31",
      "time": "12:00",
      "timeKnown": false,
      "status": "compatible",
      "utc": "2199-12-31T05:00:00.000Z",
      "offsetMinutes": 420,
      "flags": [],
      "gapShiftMinutes": 0
    },
    {
      "zone": "Pacific/Tarawa",
      "date": "1800-01-01",
      "time": "00:00",
      "timeKnown": true,
      "status": "compatible",
      "utc": "1799-12-31T12:27:56.000Z",
      "offsetMinutes": 692.0666666666667,
      "flags": [
        "lmt"
      ],
      "gapShiftMinutes": 0
    },
    {
      "zone": "Pacific/Tarawa",
      "date": "1800-01-01",
      "time": "23:59",
      "timeKnown": true,
      "status": "compatible",
      "utc": "1800-01-01T12:26:56.000Z",
      "offsetMinutes": 692.0666666666667,
      "flags": [
        "lmt"
      ],
      "gapShiftMinutes": 0
    },
    {
      "zone": "Pacific/Tarawa",
      "date": "1800-01-01",
      "time": "12:00",
      "timeKnown": false,
      "status": "compatible",
      "utc": "1800-01-01T00:27:56.000Z",
      "offsetMinutes": 692.0666666666667,
      "flags": [
        "lmt"
      ],
      "gapShiftMinutes": 0
    },
    {
      "zone": "Pacific/Tarawa",
      "date": "2199-12-31",
      "time": "00:00",
      "timeKnown": true,
      "status": "compatible",
      "utc": "2199-12-30T12:00:00.000Z",
      "offsetMinutes": 720,
      "flags": [],
      "gapShiftMinutes": 0
    },
    {
      "zone": "Pacific/Tarawa",
      "date": "2199-12-31",
      "time": "23:59",
      "timeKnown": true,
      "status": "compatible",
      "utc": "2199-12-31T11:59:00.000Z",
      "offsetMinutes": 720,
      "flags": [],
      "gapShiftMinutes": 0
    },
    {
      "zone": "Pacific/Tarawa",
      "date": "2199-12-31",
      "time": "12:00",
      "timeKnown": false,
      "status": "compatible",
      "utc": "2199-12-31T00:00:00.000Z",
      "offsetMinutes": 720,
      "flags": [],
      "gapShiftMinutes": 0
    },
    {
      "zone": "Indian/Comoro",
      "date": "1800-01-01",
      "time": "00:00",
      "timeKnown": true,
      "status": "compatible",
      "utc": "1799-12-31T21:32:44.000Z",
      "offsetMinutes": 147.26666666666668,
      "flags": [
        "lmt"
      ],
      "gapShiftMinutes": 0
    },
    {
      "zone": "Indian/Comoro",
      "date": "1800-01-01",
      "time": "23:59",
      "timeKnown": true,
      "status": "compatible",
      "utc": "1800-01-01T21:31:44.000Z",
      "offsetMinutes": 147.26666666666668,
      "flags": [
        "lmt"
      ],
      "gapShiftMinutes": 0
    },
    {
      "zone": "Indian/Comoro",
      "date": "1800-01-01",
      "time": "12:00",
      "timeKnown": false,
      "status": "compatible",
      "utc": "1800-01-01T09:32:44.000Z",
      "offsetMinutes": 147.26666666666668,
      "flags": [
        "lmt"
      ],
      "gapShiftMinutes": 0
    },
    {
      "zone": "Indian/Comoro",
      "date": "2199-12-31",
      "time": "00:00",
      "timeKnown": true,
      "status": "compatible",
      "utc": "2199-12-30T21:00:00.000Z",
      "offsetMinutes": 180,
      "flags": [],
      "gapShiftMinutes": 0
    },
    {
      "zone": "Indian/Comoro",
      "date": "2199-12-31",
      "time": "23:59",
      "timeKnown": true,
      "status": "compatible",
      "utc": "2199-12-31T20:59:00.000Z",
      "offsetMinutes": 180,
      "flags": [],
      "gapShiftMinutes": 0
    },
    {
      "zone": "Indian/Comoro",
      "date": "2199-12-31",
      "time": "12:00",
      "timeKnown": false,
      "status": "compatible",
      "utc": "2199-12-31T09:00:00.000Z",
      "offsetMinutes": 180,
      "flags": [],
      "gapShiftMinutes": 0
    },
    {
      "zone": "America/St_Kitts",
      "date": "1800-01-01",
      "time": "00:00",
      "timeKnown": true,
      "status": "compatible",
      "utc": "1800-01-01T04:24:25.000Z",
      "offsetMinutes": -264.4166666666667,
      "flags": [
        "lmt"
      ],
      "gapShiftMinutes": 0
    },
    {
      "zone": "America/St_Kitts",
      "date": "1800-01-01",
      "time": "23:59",
      "timeKnown": true,
      "status": "compatible",
      "utc": "1800-01-02T04:23:25.000Z",
      "offsetMinutes": -264.4166666666667,
      "flags": [
        "lmt"
      ],
      "gapShiftMinutes": 0
    },
    {
      "zone": "America/St_Kitts",
      "date": "1800-01-01",
      "time": "12:00",
      "timeKnown": false,
      "status": "compatible",
      "utc": "1800-01-01T16:24:25.000Z",
      "offsetMinutes": -264.4166666666667,
      "flags": [
        "lmt"
      ],
      "gapShiftMinutes": 0
    },
    {
      "zone": "America/St_Kitts",
      "date": "2199-12-31",
      "time": "00:00",
      "timeKnown": true,
      "status": "compatible",
      "utc": "2199-12-31T04:00:00.000Z",
      "offsetMinutes": -240,
      "flags": [],
      "gapShiftMinutes": 0
    },
    {
      "zone": "America/St_Kitts",
      "date": "2199-12-31",
      "time": "23:59",
      "timeKnown": true,
      "status": "compatible",
      "utc": "2200-01-01T03:59:00.000Z",
      "offsetMinutes": -240,
      "flags": [],
      "gapShiftMinutes": 0
    },
    {
      "zone": "America/St_Kitts",
      "date": "2199-12-31",
      "time": "12:00",
      "timeKnown": false,
      "status": "compatible",
      "utc": "2199-12-31T16:00:00.000Z",
      "offsetMinutes": -240,
      "flags": [],
      "gapShiftMinutes": 0
    },
    {
      "zone": "Asia/Pyongyang",
      "date": "1800-01-01",
      "time": "00:00",
      "timeKnown": true,
      "status": "compatible",
      "utc": "1799-12-31T15:37:00.000Z",
      "offsetMinutes": 503,
      "flags": [],
      "gapShiftMinutes": 0
    },
    {
      "zone": "Asia/Pyongyang",
      "date": "1800-01-01",
      "time": "23:59",
      "timeKnown": true,
      "status": "compatible",
      "utc": "1800-01-01T15:36:00.000Z",
      "offsetMinutes": 503,
      "flags": [],
      "gapShiftMinutes": 0
    },
    {
      "zone": "Asia/Pyongyang",
      "date": "1800-01-01",
      "time": "12:00",
      "timeKnown": false,
      "status": "compatible",
      "utc": "1800-01-01T03:37:00.000Z",
      "offsetMinutes": 503,
      "flags": [],
      "gapShiftMinutes": 0
    },
    {
      "zone": "Asia/Pyongyang",
      "date": "2199-12-31",
      "time": "00:00",
      "timeKnown": true,
      "status": "compatible",
      "utc": "2199-12-30T15:00:00.000Z",
      "offsetMinutes": 540,
      "flags": [],
      "gapShiftMinutes": 0
    },
    {
      "zone": "Asia/Pyongyang",
      "date": "2199-12-31",
      "time": "23:59",
      "timeKnown": true,
      "status": "compatible",
      "utc": "2199-12-31T14:59:00.000Z",
      "offsetMinutes": 540,
      "flags": [],
      "gapShiftMinutes": 0
    },
    {
      "zone": "Asia/Pyongyang",
      "date": "2199-12-31",
      "time": "12:00",
      "timeKnown": false,
      "status": "compatible",
      "utc": "2199-12-31T03:00:00.000Z",
      "offsetMinutes": 540,
      "flags": [],
      "gapShiftMinutes": 0
    },
    {
      "zone": "Asia/Seoul",
      "date": "1800-01-01",
      "time": "00:00",
      "timeKnown": true,
      "status": "compatible",
      "utc": "1799-12-31T15:32:08.000Z",
      "offsetMinutes": 507.8666666666667,
      "flags": [
        "lmt"
      ],
      "gapShiftMinutes": 0
    },
    {
      "zone": "Asia/Seoul",
      "date": "1800-01-01",
      "time": "23:59",
      "timeKnown": true,
      "status": "compatible",
      "utc": "1800-01-01T15:31:08.000Z",
      "offsetMinutes": 507.8666666666667,
      "flags": [
        "lmt"
      ],
      "gapShiftMinutes": 0
    },
    {
      "zone": "Asia/Seoul",
      "date": "1800-01-01",
      "time": "12:00",
      "timeKnown": false,
      "status": "compatible",
      "utc": "1800-01-01T03:32:08.000Z",
      "offsetMinutes": 507.8666666666667,
      "flags": [
        "lmt"
      ],
      "gapShiftMinutes": 0
    },
    {
      "zone": "Asia/Seoul",
      "date": "2199-12-31",
      "time": "00:00",
      "timeKnown": true,
      "status": "compatible",
      "utc": "2199-12-30T15:00:00.000Z",
      "offsetMinutes": 540,
      "flags": [],
      "gapShiftMinutes": 0
    },
    {
      "zone": "Asia/Seoul",
      "date": "2199-12-31",
      "time": "23:59",
      "timeKnown": true,
      "status": "compatible",
      "utc": "2199-12-31T14:59:00.000Z",
      "offsetMinutes": 540,
      "flags": [],
      "gapShiftMinutes": 0
    },
    {
      "zone": "Asia/Seoul",
      "date": "2199-12-31",
      "time": "12:00",
      "timeKnown": false,
      "status": "compatible",
      "utc": "2199-12-31T03:00:00.000Z",
      "offsetMinutes": 540,
      "flags": [],
      "gapShiftMinutes": 0
    },
    {
      "zone": "Asia/Kuwait",
      "date": "1800-01-01",
      "time": "00:00",
      "timeKnown": true,
      "status": "compatible",
      "utc": "1799-12-31T20:53:08.000Z",
      "offsetMinutes": 186.86666666666667,
      "flags": [
        "lmt"
      ],
      "gapShiftMinutes": 0
    },
    {
      "zone": "Asia/Kuwait",
      "date": "1800-01-01",
      "time": "23:59",
      "timeKnown": true,
      "status": "compatible",
      "utc": "1800-01-01T20:52:08.000Z",
      "offsetMinutes": 186.86666666666667,
      "flags": [
        "lmt"
      ],
      "gapShiftMinutes": 0
    },
    {
      "zone": "Asia/Kuwait",
      "date": "1800-01-01",
      "time": "12:00",
      "timeKnown": false,
      "status": "compatible",
      "utc": "1800-01-01T08:53:08.000Z",
      "offsetMinutes": 186.86666666666667,
      "flags": [
        "lmt"
      ],
      "gapShiftMinutes": 0
    },
    {
      "zone": "Asia/Kuwait",
      "date": "2199-12-31",
      "time": "00:00",
      "timeKnown": true,
      "status": "compatible",
      "utc": "2199-12-30T21:00:00.000Z",
      "offsetMinutes": 180,
      "flags": [],
      "gapShiftMinutes": 0
    },
    {
      "zone": "Asia/Kuwait",
      "date": "2199-12-31",
      "time": "23:59",
      "timeKnown": true,
      "status": "compatible",
      "utc": "2199-12-31T20:59:00.000Z",
      "offsetMinutes": 180,
      "flags": [],
      "gapShiftMinutes": 0
    },
    {
      "zone": "Asia/Kuwait",
      "date": "2199-12-31",
      "time": "12:00",
      "timeKnown": false,
      "status": "compatible",
      "utc": "2199-12-31T09:00:00.000Z",
      "offsetMinutes": 180,
      "flags": [],
      "gapShiftMinutes": 0
    },
    {
      "zone": "America/Cayman",
      "date": "1800-01-01",
      "time": "00:00",
      "timeKnown": true,
      "status": "compatible",
      "utc": "1800-01-01T05:18:08.000Z",
      "offsetMinutes": -318.1333333333333,
      "flags": [
        "lmt"
      ],
      "gapShiftMinutes": 0
    },
    {
      "zone": "America/Cayman",
      "date": "1800-01-01",
      "time": "23:59",
      "timeKnown": true,
      "status": "compatible",
      "utc": "1800-01-02T05:17:08.000Z",
      "offsetMinutes": -318.1333333333333,
      "flags": [
        "lmt"
      ],
      "gapShiftMinutes": 0
    },
    {
      "zone": "America/Cayman",
      "date": "1800-01-01",
      "time": "12:00",
      "timeKnown": false,
      "status": "compatible",
      "utc": "1800-01-01T17:18:08.000Z",
      "offsetMinutes": -318.1333333333333,
      "flags": [
        "lmt"
      ],
      "gapShiftMinutes": 0
    },
    {
      "zone": "America/Cayman",
      "date": "2199-12-31",
      "time": "00:00",
      "timeKnown": true,
      "status": "compatible",
      "utc": "2199-12-31T05:00:00.000Z",
      "offsetMinutes": -300,
      "flags": [],
      "gapShiftMinutes": 0
    },
    {
      "zone": "America/Cayman",
      "date": "2199-12-31",
      "time": "23:59",
      "timeKnown": true,
      "status": "compatible",
      "utc": "2200-01-01T04:59:00.000Z",
      "offsetMinutes": -300,
      "flags": [],
      "gapShiftMinutes": 0
    },
    {
      "zone": "America/Cayman",
      "date": "2199-12-31",
      "time": "12:00",
      "timeKnown": false,
      "status": "compatible",
      "utc": "2199-12-31T17:00:00.000Z",
      "offsetMinutes": -300,
      "flags": [],
      "gapShiftMinutes": 0
    },
    {
      "zone": "Asia/Aqtau",
      "date": "1800-01-01",
      "time": "00:00",
      "timeKnown": true,
      "status": "compatible",
      "utc": "1799-12-31T20:38:56.000Z",
      "offsetMinutes": 201.06666666666666,
      "flags": [
        "lmt"
      ],
      "gapShiftMinutes": 0
    },
    {
      "zone": "Asia/Aqtau",
      "date": "1800-01-01",
      "time": "23:59",
      "timeKnown": true,
      "status": "compatible",
      "utc": "1800-01-01T20:37:56.000Z",
      "offsetMinutes": 201.06666666666666,
      "flags": [
        "lmt"
      ],
      "gapShiftMinutes": 0
    },
    {
      "zone": "Asia/Aqtau",
      "date": "1800-01-01",
      "time": "12:00",
      "timeKnown": false,
      "status": "compatible",
      "utc": "1800-01-01T08:38:56.000Z",
      "offsetMinutes": 201.06666666666666,
      "flags": [
        "lmt"
      ],
      "gapShiftMinutes": 0
    },
    {
      "zone": "Asia/Aqtau",
      "date": "2199-12-31",
      "time": "00:00",
      "timeKnown": true,
      "status": "compatible",
      "utc": "2199-12-30T19:00:00.000Z",
      "offsetMinutes": 300,
      "flags": [],
      "gapShiftMinutes": 0
    },
    {
      "zone": "Asia/Aqtau",
      "date": "2199-12-31",
      "time": "23:59",
      "timeKnown": true,
      "status": "compatible",
      "utc": "2199-12-31T18:59:00.000Z",
      "offsetMinutes": 300,
      "flags": [],
      "gapShiftMinutes": 0
    },
    {
      "zone": "Asia/Aqtau",
      "date": "2199-12-31",
      "time": "12:00",
      "timeKnown": false,
      "status": "compatible",
      "utc": "2199-12-31T07:00:00.000Z",
      "offsetMinutes": 300,
      "flags": [],
      "gapShiftMinutes": 0
    },
    {
      "zone": "Asia/Aqtobe",
      "date": "1800-01-01",
      "time": "00:00",
      "timeKnown": true,
      "status": "compatible",
      "utc": "1799-12-31T20:11:20.000Z",
      "offsetMinutes": 228.66666666666666,
      "flags": [
        "lmt"
      ],
      "gapShiftMinutes": 0
    },
    {
      "zone": "Asia/Aqtobe",
      "date": "1800-01-01",
      "time": "23:59",
      "timeKnown": true,
      "status": "compatible",
      "utc": "1800-01-01T20:10:20.000Z",
      "offsetMinutes": 228.66666666666666,
      "flags": [
        "lmt"
      ],
      "gapShiftMinutes": 0
    },
    {
      "zone": "Asia/Aqtobe",
      "date": "1800-01-01",
      "time": "12:00",
      "timeKnown": false,
      "status": "compatible",
      "utc": "1800-01-01T08:11:20.000Z",
      "offsetMinutes": 228.66666666666666,
      "flags": [
        "lmt"
      ],
      "gapShiftMinutes": 0
    },
    {
      "zone": "Asia/Aqtobe",
      "date": "2199-12-31",
      "time": "00:00",
      "timeKnown": true,
      "status": "compatible",
      "utc": "2199-12-30T19:00:00.000Z",
      "offsetMinutes": 300,
      "flags": [],
      "gapShiftMinutes": 0
    },
    {
      "zone": "Asia/Aqtobe",
      "date": "2199-12-31",
      "time": "23:59",
      "timeKnown": true,
      "status": "compatible",
      "utc": "2199-12-31T18:59:00.000Z",
      "offsetMinutes": 300,
      "flags": [],
      "gapShiftMinutes": 0
    },
    {
      "zone": "Asia/Aqtobe",
      "date": "2199-12-31",
      "time": "12:00",
      "timeKnown": false,
      "status": "compatible",
      "utc": "2199-12-31T07:00:00.000Z",
      "offsetMinutes": 300,
      "flags": [],
      "gapShiftMinutes": 0
    },
    {
      "zone": "Asia/Atyrau",
      "date": "1800-01-01",
      "time": "00:00",
      "timeKnown": true,
      "status": "compatible",
      "utc": "1799-12-31T20:32:16.000Z",
      "offsetMinutes": 207.73333333333332,
      "flags": [
        "lmt"
      ],
      "gapShiftMinutes": 0
    },
    {
      "zone": "Asia/Atyrau",
      "date": "1800-01-01",
      "time": "23:59",
      "timeKnown": true,
      "status": "compatible",
      "utc": "1800-01-01T20:31:16.000Z",
      "offsetMinutes": 207.73333333333332,
      "flags": [
        "lmt"
      ],
      "gapShiftMinutes": 0
    },
    {
      "zone": "Asia/Atyrau",
      "date": "1800-01-01",
      "time": "12:00",
      "timeKnown": false,
      "status": "compatible",
      "utc": "1800-01-01T08:32:16.000Z",
      "offsetMinutes": 207.73333333333332,
      "flags": [
        "lmt"
      ],
      "gapShiftMinutes": 0
    },
    {
      "zone": "Asia/Atyrau",
      "date": "2199-12-31",
      "time": "00:00",
      "timeKnown": true,
      "status": "compatible",
      "utc": "2199-12-30T19:00:00.000Z",
      "offsetMinutes": 300,
      "flags": [],
      "gapShiftMinutes": 0
    },
    {
      "zone": "Asia/Atyrau",
      "date": "2199-12-31",
      "time": "23:59",
      "timeKnown": true,
      "status": "compatible",
      "utc": "2199-12-31T18:59:00.000Z",
      "offsetMinutes": 300,
      "flags": [],
      "gapShiftMinutes": 0
    },
    {
      "zone": "Asia/Atyrau",
      "date": "2199-12-31",
      "time": "12:00",
      "timeKnown": false,
      "status": "compatible",
      "utc": "2199-12-31T07:00:00.000Z",
      "offsetMinutes": 300,
      "flags": [],
      "gapShiftMinutes": 0
    },
    {
      "zone": "Asia/Oral",
      "date": "1800-01-01",
      "time": "00:00",
      "timeKnown": true,
      "status": "compatible",
      "utc": "1799-12-31T20:34:36.000Z",
      "offsetMinutes": 205.4,
      "flags": [
        "lmt"
      ],
      "gapShiftMinutes": 0
    },
    {
      "zone": "Asia/Oral",
      "date": "1800-01-01",
      "time": "23:59",
      "timeKnown": true,
      "status": "compatible",
      "utc": "1800-01-01T20:33:36.000Z",
      "offsetMinutes": 205.4,
      "flags": [
        "lmt"
      ],
      "gapShiftMinutes": 0
    },
    {
      "zone": "Asia/Oral",
      "date": "1800-01-01",
      "time": "12:00",
      "timeKnown": false,
      "status": "compatible",
      "utc": "1800-01-01T08:34:36.000Z",
      "offsetMinutes": 205.4,
      "flags": [
        "lmt"
      ],
      "gapShiftMinutes": 0
    },
    {
      "zone": "Asia/Oral",
      "date": "2199-12-31",
      "time": "00:00",
      "timeKnown": true,
      "status": "compatible",
      "utc": "2199-12-30T19:00:00.000Z",
      "offsetMinutes": 300,
      "flags": [],
      "gapShiftMinutes": 0
    },
    {
      "zone": "Asia/Oral",
      "date": "2199-12-31",
      "time": "23:59",
      "timeKnown": true,
      "status": "compatible",
      "utc": "2199-12-31T18:59:00.000Z",
      "offsetMinutes": 300,
      "flags": [],
      "gapShiftMinutes": 0
    },
    {
      "zone": "Asia/Oral",
      "date": "2199-12-31",
      "time": "12:00",
      "timeKnown": false,
      "status": "compatible",
      "utc": "2199-12-31T07:00:00.000Z",
      "offsetMinutes": 300,
      "flags": [],
      "gapShiftMinutes": 0
    },
    {
      "zone": "Asia/Almaty",
      "date": "1800-01-01",
      "time": "00:00",
      "timeKnown": true,
      "status": "compatible",
      "utc": "1799-12-31T18:52:12.000Z",
      "offsetMinutes": 307.8,
      "flags": [
        "lmt"
      ],
      "gapShiftMinutes": 0
    },
    {
      "zone": "Asia/Almaty",
      "date": "1800-01-01",
      "time": "23:59",
      "timeKnown": true,
      "status": "compatible",
      "utc": "1800-01-01T18:51:12.000Z",
      "offsetMinutes": 307.8,
      "flags": [
        "lmt"
      ],
      "gapShiftMinutes": 0
    },
    {
      "zone": "Asia/Almaty",
      "date": "1800-01-01",
      "time": "12:00",
      "timeKnown": false,
      "status": "compatible",
      "utc": "1800-01-01T06:52:12.000Z",
      "offsetMinutes": 307.8,
      "flags": [
        "lmt"
      ],
      "gapShiftMinutes": 0
    },
    {
      "zone": "Asia/Almaty",
      "date": "2199-12-31",
      "time": "00:00",
      "timeKnown": true,
      "status": "compatible",
      "utc": "2199-12-30T19:00:00.000Z",
      "offsetMinutes": 300,
      "flags": [],
      "gapShiftMinutes": 0
    },
    {
      "zone": "Asia/Almaty",
      "date": "2199-12-31",
      "time": "23:59",
      "timeKnown": true,
      "status": "compatible",
      "utc": "2199-12-31T18:59:00.000Z",
      "offsetMinutes": 300,
      "flags": [],
      "gapShiftMinutes": 0
    },
    {
      "zone": "Asia/Almaty",
      "date": "2199-12-31",
      "time": "12:00",
      "timeKnown": false,
      "status": "compatible",
      "utc": "2199-12-31T07:00:00.000Z",
      "offsetMinutes": 300,
      "flags": [],
      "gapShiftMinutes": 0
    },
    {
      "zone": "Asia/Qyzylorda",
      "date": "1800-01-01",
      "time": "00:00",
      "timeKnown": true,
      "status": "compatible",
      "utc": "1799-12-31T19:38:08.000Z",
      "offsetMinutes": 261.8666666666667,
      "flags": [
        "lmt"
      ],
      "gapShiftMinutes": 0
    },
    {
      "zone": "Asia/Qyzylorda",
      "date": "1800-01-01",
      "time": "23:59",
      "timeKnown": true,
      "status": "compatible",
      "utc": "1800-01-01T19:37:08.000Z",
      "offsetMinutes": 261.8666666666667,
      "flags": [
        "lmt"
      ],
      "gapShiftMinutes": 0
    },
    {
      "zone": "Asia/Qyzylorda",
      "date": "1800-01-01",
      "time": "12:00",
      "timeKnown": false,
      "status": "compatible",
      "utc": "1800-01-01T07:38:08.000Z",
      "offsetMinutes": 261.8666666666667,
      "flags": [
        "lmt"
      ],
      "gapShiftMinutes": 0
    },
    {
      "zone": "Asia/Qyzylorda",
      "date": "2199-12-31",
      "time": "00:00",
      "timeKnown": true,
      "status": "compatible",
      "utc": "2199-12-30T19:00:00.000Z",
      "offsetMinutes": 300,
      "flags": [],
      "gapShiftMinutes": 0
    },
    {
      "zone": "Asia/Qyzylorda",
      "date": "2199-12-31",
      "time": "23:59",
      "timeKnown": true,
      "status": "compatible",
      "utc": "2199-12-31T18:59:00.000Z",
      "offsetMinutes": 300,
      "flags": [],
      "gapShiftMinutes": 0
    },
    {
      "zone": "Asia/Qyzylorda",
      "date": "2199-12-31",
      "time": "12:00",
      "timeKnown": false,
      "status": "compatible",
      "utc": "2199-12-31T07:00:00.000Z",
      "offsetMinutes": 300,
      "flags": [],
      "gapShiftMinutes": 0
    },
    {
      "zone": "Asia/Qostanay",
      "date": "1800-01-01",
      "time": "00:00",
      "timeKnown": true,
      "status": "compatible",
      "utc": "1799-12-31T19:45:32.000Z",
      "offsetMinutes": 254.46666666666667,
      "flags": [
        "lmt"
      ],
      "gapShiftMinutes": 0
    },
    {
      "zone": "Asia/Qostanay",
      "date": "1800-01-01",
      "time": "23:59",
      "timeKnown": true,
      "status": "compatible",
      "utc": "1800-01-01T19:44:32.000Z",
      "offsetMinutes": 254.46666666666667,
      "flags": [
        "lmt"
      ],
      "gapShiftMinutes": 0
    },
    {
      "zone": "Asia/Qostanay",
      "date": "1800-01-01",
      "time": "12:00",
      "timeKnown": false,
      "status": "compatible",
      "utc": "1800-01-01T07:45:32.000Z",
      "offsetMinutes": 254.46666666666667,
      "flags": [
        "lmt"
      ],
      "gapShiftMinutes": 0
    },
    {
      "zone": "Asia/Qostanay",
      "date": "2199-12-31",
      "time": "00:00",
      "timeKnown": true,
      "status": "compatible",
      "utc": "2199-12-30T19:00:00.000Z",
      "offsetMinutes": 300,
      "flags": [],
      "gapShiftMinutes": 0
    },
    {
      "zone": "Asia/Qostanay",
      "date": "2199-12-31",
      "time": "23:59",
      "timeKnown": true,
      "status": "compatible",
      "utc": "2199-12-31T18:59:00.000Z",
      "offsetMinutes": 300,
      "flags": [],
      "gapShiftMinutes": 0
    },
    {
      "zone": "Asia/Qostanay",
      "date": "2199-12-31",
      "time": "12:00",
      "timeKnown": false,
      "status": "compatible",
      "utc": "2199-12-31T07:00:00.000Z",
      "offsetMinutes": 300,
      "flags": [],
      "gapShiftMinutes": 0
    },
    {
      "zone": "Asia/Vientiane",
      "date": "1800-01-01",
      "time": "00:00",
      "timeKnown": true,
      "status": "compatible",
      "utc": "1799-12-31T17:17:56.000Z",
      "offsetMinutes": 402.06666666666666,
      "flags": [
        "lmt"
      ],
      "gapShiftMinutes": 0
    },
    {
      "zone": "Asia/Vientiane",
      "date": "1800-01-01",
      "time": "23:59",
      "timeKnown": true,
      "status": "compatible",
      "utc": "1800-01-01T17:16:56.000Z",
      "offsetMinutes": 402.06666666666666,
      "flags": [
        "lmt"
      ],
      "gapShiftMinutes": 0
    },
    {
      "zone": "Asia/Vientiane",
      "date": "1800-01-01",
      "time": "12:00",
      "timeKnown": false,
      "status": "compatible",
      "utc": "1800-01-01T05:17:56.000Z",
      "offsetMinutes": 402.06666666666666,
      "flags": [
        "lmt"
      ],
      "gapShiftMinutes": 0
    },
    {
      "zone": "Asia/Vientiane",
      "date": "2199-12-31",
      "time": "00:00",
      "timeKnown": true,
      "status": "compatible",
      "utc": "2199-12-30T17:00:00.000Z",
      "offsetMinutes": 420,
      "flags": [],
      "gapShiftMinutes": 0
    },
    {
      "zone": "Asia/Vientiane",
      "date": "2199-12-31",
      "time": "23:59",
      "timeKnown": true,
      "status": "compatible",
      "utc": "2199-12-31T16:59:00.000Z",
      "offsetMinutes": 420,
      "flags": [],
      "gapShiftMinutes": 0
    },
    {
      "zone": "Asia/Vientiane",
      "date": "2199-12-31",
      "time": "12:00",
      "timeKnown": false,
      "status": "compatible",
      "utc": "2199-12-31T05:00:00.000Z",
      "offsetMinutes": 420,
      "flags": [],
      "gapShiftMinutes": 0
    },
    {
      "zone": "Asia/Beirut",
      "date": "1800-01-01",
      "time": "00:00",
      "timeKnown": true,
      "status": "compatible",
      "utc": "1799-12-31T21:38:00.000Z",
      "offsetMinutes": 142,
      "flags": [],
      "gapShiftMinutes": 0
    },
    {
      "zone": "Asia/Beirut",
      "date": "1800-01-01",
      "time": "23:59",
      "timeKnown": true,
      "status": "compatible",
      "utc": "1800-01-01T21:37:00.000Z",
      "offsetMinutes": 142,
      "flags": [],
      "gapShiftMinutes": 0
    },
    {
      "zone": "Asia/Beirut",
      "date": "1800-01-01",
      "time": "12:00",
      "timeKnown": false,
      "status": "compatible",
      "utc": "1800-01-01T09:38:00.000Z",
      "offsetMinutes": 142,
      "flags": [],
      "gapShiftMinutes": 0
    },
    {
      "zone": "Asia/Beirut",
      "date": "2199-12-31",
      "time": "00:00",
      "timeKnown": true,
      "status": "compatible",
      "utc": "2199-12-30T22:00:00.000Z",
      "offsetMinutes": 120,
      "flags": [],
      "gapShiftMinutes": 0
    },
    {
      "zone": "Asia/Beirut",
      "date": "2199-12-31",
      "time": "23:59",
      "timeKnown": true,
      "status": "compatible",
      "utc": "2199-12-31T21:59:00.000Z",
      "offsetMinutes": 120,
      "flags": [],
      "gapShiftMinutes": 0
    },
    {
      "zone": "Asia/Beirut",
      "date": "2199-12-31",
      "time": "12:00",
      "timeKnown": false,
      "status": "compatible",
      "utc": "2199-12-31T10:00:00.000Z",
      "offsetMinutes": 120,
      "flags": [],
      "gapShiftMinutes": 0
    },
    {
      "zone": "America/St_Lucia",
      "date": "1800-01-01",
      "time": "00:00",
      "timeKnown": true,
      "status": "compatible",
      "utc": "1800-01-01T04:24:25.000Z",
      "offsetMinutes": -264.4166666666667,
      "flags": [
        "lmt"
      ],
      "gapShiftMinutes": 0
    },
    {
      "zone": "America/St_Lucia",
      "date": "1800-01-01",
      "time": "23:59",
      "timeKnown": true,
      "status": "compatible",
      "utc": "1800-01-02T04:23:25.000Z",
      "offsetMinutes": -264.4166666666667,
      "flags": [
        "lmt"
      ],
      "gapShiftMinutes": 0
    },
    {
      "zone": "America/St_Lucia",
      "date": "1800-01-01",
      "time": "12:00",
      "timeKnown": false,
      "status": "compatible",
      "utc": "1800-01-01T16:24:25.000Z",
      "offsetMinutes": -264.4166666666667,
      "flags": [
        "lmt"
      ],
      "gapShiftMinutes": 0
    },
    {
      "zone": "America/St_Lucia",
      "date": "2199-12-31",
      "time": "00:00",
      "timeKnown": true,
      "status": "compatible",
      "utc": "2199-12-31T04:00:00.000Z",
      "offsetMinutes": -240,
      "flags": [],
      "gapShiftMinutes": 0
    },
    {
      "zone": "America/St_Lucia",
      "date": "2199-12-31",
      "time": "23:59",
      "timeKnown": true,
      "status": "compatible",
      "utc": "2200-01-01T03:59:00.000Z",
      "offsetMinutes": -240,
      "flags": [],
      "gapShiftMinutes": 0
    },
    {
      "zone": "America/St_Lucia",
      "date": "2199-12-31",
      "time": "12:00",
      "timeKnown": false,
      "status": "compatible",
      "utc": "2199-12-31T16:00:00.000Z",
      "offsetMinutes": -240,
      "flags": [],
      "gapShiftMinutes": 0
    },
    {
      "zone": "Europe/Vaduz",
      "date": "1800-01-01",
      "time": "00:00",
      "timeKnown": true,
      "status": "compatible",
      "utc": "1799-12-31T23:25:52.000Z",
      "offsetMinutes": 34.13333333333333,
      "flags": [
        "lmt"
      ],
      "gapShiftMinutes": 0
    },
    {
      "zone": "Europe/Vaduz",
      "date": "1800-01-01",
      "time": "23:59",
      "timeKnown": true,
      "status": "compatible",
      "utc": "1800-01-01T23:24:52.000Z",
      "offsetMinutes": 34.13333333333333,
      "flags": [
        "lmt"
      ],
      "gapShiftMinutes": 0
    },
    {
      "zone": "Europe/Vaduz",
      "date": "1800-01-01",
      "time": "12:00",
      "timeKnown": false,
      "status": "compatible",
      "utc": "1800-01-01T11:25:52.000Z",
      "offsetMinutes": 34.13333333333333,
      "flags": [
        "lmt"
      ],
      "gapShiftMinutes": 0
    },
    {
      "zone": "Europe/Vaduz",
      "date": "2199-12-31",
      "time": "00:00",
      "timeKnown": true,
      "status": "compatible",
      "utc": "2199-12-30T23:00:00.000Z",
      "offsetMinutes": 60,
      "flags": [],
      "gapShiftMinutes": 0
    },
    {
      "zone": "Europe/Vaduz",
      "date": "2199-12-31",
      "time": "23:59",
      "timeKnown": true,
      "status": "compatible",
      "utc": "2199-12-31T22:59:00.000Z",
      "offsetMinutes": 60,
      "flags": [],
      "gapShiftMinutes": 0
    },
    {
      "zone": "Europe/Vaduz",
      "date": "2199-12-31",
      "time": "12:00",
      "timeKnown": false,
      "status": "compatible",
      "utc": "2199-12-31T11:00:00.000Z",
      "offsetMinutes": 60,
      "flags": [],
      "gapShiftMinutes": 0
    },
    {
      "zone": "Asia/Colombo",
      "date": "1800-01-01",
      "time": "00:00",
      "timeKnown": true,
      "status": "compatible",
      "utc": "1799-12-31T18:40:36.000Z",
      "offsetMinutes": 319.4,
      "flags": [
        "lmt"
      ],
      "gapShiftMinutes": 0
    },
    {
      "zone": "Asia/Colombo",
      "date": "1800-01-01",
      "time": "23:59",
      "timeKnown": true,
      "status": "compatible",
      "utc": "1800-01-01T18:39:36.000Z",
      "offsetMinutes": 319.4,
      "flags": [
        "lmt"
      ],
      "gapShiftMinutes": 0
    },
    {
      "zone": "Asia/Colombo",
      "date": "1800-01-01",
      "time": "12:00",
      "timeKnown": false,
      "status": "compatible",
      "utc": "1800-01-01T06:40:36.000Z",
      "offsetMinutes": 319.4,
      "flags": [
        "lmt"
      ],
      "gapShiftMinutes": 0
    },
    {
      "zone": "Asia/Colombo",
      "date": "2199-12-31",
      "time": "00:00",
      "timeKnown": true,
      "status": "compatible",
      "utc": "2199-12-30T18:30:00.000Z",
      "offsetMinutes": 330,
      "flags": [],
      "gapShiftMinutes": 0
    },
    {
      "zone": "Asia/Colombo",
      "date": "2199-12-31",
      "time": "23:59",
      "timeKnown": true,
      "status": "compatible",
      "utc": "2199-12-31T18:29:00.000Z",
      "offsetMinutes": 330,
      "flags": [],
      "gapShiftMinutes": 0
    },
    {
      "zone": "Asia/Colombo",
      "date": "2199-12-31",
      "time": "12:00",
      "timeKnown": false,
      "status": "compatible",
      "utc": "2199-12-31T06:30:00.000Z",
      "offsetMinutes": 330,
      "flags": [],
      "gapShiftMinutes": 0
    },
    {
      "zone": "Africa/Monrovia",
      "date": "1800-01-01",
      "time": "00:00",
      "timeKnown": true,
      "status": "compatible",
      "utc": "1800-01-01T00:43:08.000Z",
      "offsetMinutes": -43.13333333333333,
      "flags": [
        "lmt"
      ],
      "gapShiftMinutes": 0
    },
    {
      "zone": "Africa/Monrovia",
      "date": "1800-01-01",
      "time": "23:59",
      "timeKnown": true,
      "status": "compatible",
      "utc": "1800-01-02T00:42:08.000Z",
      "offsetMinutes": -43.13333333333333,
      "flags": [
        "lmt"
      ],
      "gapShiftMinutes": 0
    },
    {
      "zone": "Africa/Monrovia",
      "date": "1800-01-01",
      "time": "12:00",
      "timeKnown": false,
      "status": "compatible",
      "utc": "1800-01-01T12:43:08.000Z",
      "offsetMinutes": -43.13333333333333,
      "flags": [
        "lmt"
      ],
      "gapShiftMinutes": 0
    },
    {
      "zone": "Africa/Monrovia",
      "date": "2199-12-31",
      "time": "00:00",
      "timeKnown": true,
      "status": "compatible",
      "utc": "2199-12-31T00:00:00.000Z",
      "offsetMinutes": 0,
      "flags": [],
      "gapShiftMinutes": 0
    },
    {
      "zone": "Africa/Monrovia",
      "date": "2199-12-31",
      "time": "23:59",
      "timeKnown": true,
      "status": "compatible",
      "utc": "2199-12-31T23:59:00.000Z",
      "offsetMinutes": 0,
      "flags": [],
      "gapShiftMinutes": 0
    },
    {
      "zone": "Africa/Monrovia",
      "date": "2199-12-31",
      "time": "12:00",
      "timeKnown": false,
      "status": "compatible",
      "utc": "2199-12-31T12:00:00.000Z",
      "offsetMinutes": 0,
      "flags": [],
      "gapShiftMinutes": 0
    },
    {
      "zone": "Africa/Maseru",
      "date": "1800-01-01",
      "time": "00:00",
      "timeKnown": true,
      "status": "compatible",
      "utc": "1799-12-31T22:08:00.000Z",
      "offsetMinutes": 112,
      "flags": [],
      "gapShiftMinutes": 0
    },
    {
      "zone": "Africa/Maseru",
      "date": "1800-01-01",
      "time": "23:59",
      "timeKnown": true,
      "status": "compatible",
      "utc": "1800-01-01T22:07:00.000Z",
      "offsetMinutes": 112,
      "flags": [],
      "gapShiftMinutes": 0
    },
    {
      "zone": "Africa/Maseru",
      "date": "1800-01-01",
      "time": "12:00",
      "timeKnown": false,
      "status": "compatible",
      "utc": "1800-01-01T10:08:00.000Z",
      "offsetMinutes": 112,
      "flags": [],
      "gapShiftMinutes": 0
    },
    {
      "zone": "Africa/Maseru",
      "date": "2199-12-31",
      "time": "00:00",
      "timeKnown": true,
      "status": "compatible",
      "utc": "2199-12-30T22:00:00.000Z",
      "offsetMinutes": 120,
      "flags": [],
      "gapShiftMinutes": 0
    },
    {
      "zone": "Africa/Maseru",
      "date": "2199-12-31",
      "time": "23:59",
      "timeKnown": true,
      "status": "compatible",
      "utc": "2199-12-31T21:59:00.000Z",
      "offsetMinutes": 120,
      "flags": [],
      "gapShiftMinutes": 0
    },
    {
      "zone": "Africa/Maseru",
      "date": "2199-12-31",
      "time": "12:00",
      "timeKnown": false,
      "status": "compatible",
      "utc": "2199-12-31T10:00:00.000Z",
      "offsetMinutes": 120,
      "flags": [],
      "gapShiftMinutes": 0
    },
    {
      "zone": "Europe/Vilnius",
      "date": "1800-01-01",
      "time": "00:00",
      "timeKnown": true,
      "status": "compatible",
      "utc": "1799-12-31T22:18:44.000Z",
      "offsetMinutes": 101.26666666666667,
      "flags": [
        "lmt"
      ],
      "gapShiftMinutes": 0
    },
    {
      "zone": "Europe/Vilnius",
      "date": "1800-01-01",
      "time": "23:59",
      "timeKnown": true,
      "status": "compatible",
      "utc": "1800-01-01T22:17:44.000Z",
      "offsetMinutes": 101.26666666666667,
      "flags": [
        "lmt"
      ],
      "gapShiftMinutes": 0
    },
    {
      "zone": "Europe/Vilnius",
      "date": "1800-01-01",
      "time": "12:00",
      "timeKnown": false,
      "status": "compatible",
      "utc": "1800-01-01T10:18:44.000Z",
      "offsetMinutes": 101.26666666666667,
      "flags": [
        "lmt"
      ],
      "gapShiftMinutes": 0
    },
    {
      "zone": "Europe/Vilnius",
      "date": "2199-12-31",
      "time": "00:00",
      "timeKnown": true,
      "status": "compatible",
      "utc": "2199-12-30T22:00:00.000Z",
      "offsetMinutes": 120,
      "flags": [],
      "gapShiftMinutes": 0
    },
    {
      "zone": "Europe/Vilnius",
      "date": "2199-12-31",
      "time": "23:59",
      "timeKnown": true,
      "status": "compatible",
      "utc": "2199-12-31T21:59:00.000Z",
      "offsetMinutes": 120,
      "flags": [],
      "gapShiftMinutes": 0
    },
    {
      "zone": "Europe/Vilnius",
      "date": "2199-12-31",
      "time": "12:00",
      "timeKnown": false,
      "status": "compatible",
      "utc": "2199-12-31T10:00:00.000Z",
      "offsetMinutes": 120,
      "flags": [],
      "gapShiftMinutes": 0
    },
    {
      "zone": "Europe/Luxembourg",
      "date": "1800-01-01",
      "time": "00:00",
      "timeKnown": true,
      "status": "compatible",
      "utc": "1799-12-31T23:42:30.000Z",
      "offsetMinutes": 17.5,
      "flags": [
        "lmt"
      ],
      "gapShiftMinutes": 0
    },
    {
      "zone": "Europe/Luxembourg",
      "date": "1800-01-01",
      "time": "23:59",
      "timeKnown": true,
      "status": "compatible",
      "utc": "1800-01-01T23:41:30.000Z",
      "offsetMinutes": 17.5,
      "flags": [
        "lmt"
      ],
      "gapShiftMinutes": 0
    },
    {
      "zone": "Europe/Luxembourg",
      "date": "1800-01-01",
      "time": "12:00",
      "timeKnown": false,
      "status": "compatible",
      "utc": "1800-01-01T11:42:30.000Z",
      "offsetMinutes": 17.5,
      "flags": [
        "lmt"
      ],
      "gapShiftMinutes": 0
    },
    {
      "zone": "Europe/Luxembourg",
      "date": "2199-12-31",
      "time": "00:00",
      "timeKnown": true,
      "status": "compatible",
      "utc": "2199-12-30T23:00:00.000Z",
      "offsetMinutes": 60,
      "flags": [],
      "gapShiftMinutes": 0
    },
    {
      "zone": "Europe/Luxembourg",
      "date": "2199-12-31",
      "time": "23:59",
      "timeKnown": true,
      "status": "compatible",
      "utc": "2199-12-31T22:59:00.000Z",
      "offsetMinutes": 60,
      "flags": [],
      "gapShiftMinutes": 0
    },
    {
      "zone": "Europe/Luxembourg",
      "date": "2199-12-31",
      "time": "12:00",
      "timeKnown": false,
      "status": "compatible",
      "utc": "2199-12-31T11:00:00.000Z",
      "offsetMinutes": 60,
      "flags": [],
      "gapShiftMinutes": 0
    },
    {
      "zone": "Europe/Riga",
      "date": "1800-01-01",
      "time": "00:00",
      "timeKnown": true,
      "status": "compatible",
      "utc": "1799-12-31T22:23:26.000Z",
      "offsetMinutes": 96.56666666666666,
      "flags": [
        "lmt"
      ],
      "gapShiftMinutes": 0
    },
    {
      "zone": "Europe/Riga",
      "date": "1800-01-01",
      "time": "23:59",
      "timeKnown": true,
      "status": "compatible",
      "utc": "1800-01-01T22:22:26.000Z",
      "offsetMinutes": 96.56666666666666,
      "flags": [
        "lmt"
      ],
      "gapShiftMinutes": 0
    },
    {
      "zone": "Europe/Riga",
      "date": "1800-01-01",
      "time": "12:00",
      "timeKnown": false,
      "status": "compatible",
      "utc": "1800-01-01T10:23:26.000Z",
      "offsetMinutes": 96.56666666666666,
      "flags": [
        "lmt"
      ],
      "gapShiftMinutes": 0
    },
    {
      "zone": "Europe/Riga",
      "date": "2199-12-31",
      "time": "00:00",
      "timeKnown": true,
      "status": "compatible",
      "utc": "2199-12-30T22:00:00.000Z",
      "offsetMinutes": 120,
      "flags": [],
      "gapShiftMinutes": 0
    },
    {
      "zone": "Europe/Riga",
      "date": "2199-12-31",
      "time": "23:59",
      "timeKnown": true,
      "status": "compatible",
      "utc": "2199-12-31T21:59:00.000Z",
      "offsetMinutes": 120,
      "flags": [],
      "gapShiftMinutes": 0
    },
    {
      "zone": "Europe/Riga",
      "date": "2199-12-31",
      "time": "12:00",
      "timeKnown": false,
      "status": "compatible",
      "utc": "2199-12-31T10:00:00.000Z",
      "offsetMinutes": 120,
      "flags": [],
      "gapShiftMinutes": 0
    },
    {
      "zone": "Africa/Tripoli",
      "date": "1800-01-01",
      "time": "00:00",
      "timeKnown": true,
      "status": "compatible",
      "utc": "1799-12-31T23:07:16.000Z",
      "offsetMinutes": 52.733333333333334,
      "flags": [
        "lmt"
      ],
      "gapShiftMinutes": 0
    },
    {
      "zone": "Africa/Tripoli",
      "date": "1800-01-01",
      "time": "23:59",
      "timeKnown": true,
      "status": "compatible",
      "utc": "1800-01-01T23:06:16.000Z",
      "offsetMinutes": 52.733333333333334,
      "flags": [
        "lmt"
      ],
      "gapShiftMinutes": 0
    },
    {
      "zone": "Africa/Tripoli",
      "date": "1800-01-01",
      "time": "12:00",
      "timeKnown": false,
      "status": "compatible",
      "utc": "1800-01-01T11:07:16.000Z",
      "offsetMinutes": 52.733333333333334,
      "flags": [
        "lmt"
      ],
      "gapShiftMinutes": 0
    },
    {
      "zone": "Africa/Tripoli",
      "date": "2199-12-31",
      "time": "00:00",
      "timeKnown": true,
      "status": "compatible",
      "utc": "2199-12-30T22:00:00.000Z",
      "offsetMinutes": 120,
      "flags": [],
      "gapShiftMinutes": 0
    },
    {
      "zone": "Africa/Tripoli",
      "date": "2199-12-31",
      "time": "23:59",
      "timeKnown": true,
      "status": "compatible",
      "utc": "2199-12-31T21:59:00.000Z",
      "offsetMinutes": 120,
      "flags": [],
      "gapShiftMinutes": 0
    },
    {
      "zone": "Africa/Tripoli",
      "date": "2199-12-31",
      "time": "12:00",
      "timeKnown": false,
      "status": "compatible",
      "utc": "2199-12-31T10:00:00.000Z",
      "offsetMinutes": 120,
      "flags": [],
      "gapShiftMinutes": 0
    },
    {
      "zone": "Africa/Casablanca",
      "date": "1800-01-01",
      "time": "00:00",
      "timeKnown": true,
      "status": "compatible",
      "utc": "1800-01-01T00:30:20.000Z",
      "offsetMinutes": -30.333333333333332,
      "flags": [
        "lmt"
      ],
      "gapShiftMinutes": 0
    },
    {
      "zone": "Africa/Casablanca",
      "date": "1800-01-01",
      "time": "23:59",
      "timeKnown": true,
      "status": "compatible",
      "utc": "1800-01-02T00:29:20.000Z",
      "offsetMinutes": -30.333333333333332,
      "flags": [
        "lmt"
      ],
      "gapShiftMinutes": 0
    },
    {
      "zone": "Africa/Casablanca",
      "date": "1800-01-01",
      "time": "12:00",
      "timeKnown": false,
      "status": "compatible",
      "utc": "1800-01-01T12:30:20.000Z",
      "offsetMinutes": -30.333333333333332,
      "flags": [
        "lmt"
      ],
      "gapShiftMinutes": 0
    },
    {
      "zone": "Africa/Casablanca",
      "date": "2199-12-31",
      "time": "00:00",
      "timeKnown": true,
      "status": "compatible",
      "utc": "2199-12-30T23:00:00.000Z",
      "offsetMinutes": 60,
      "flags": [],
      "gapShiftMinutes": 0
    },
    {
      "zone": "Africa/Casablanca",
      "date": "2199-12-31",
      "time": "23:59",
      "timeKnown": true,
      "status": "compatible",
      "utc": "2199-12-31T22:59:00.000Z",
      "offsetMinutes": 60,
      "flags": [],
      "gapShiftMinutes": 0
    },
    {
      "zone": "Africa/Casablanca",
      "date": "2199-12-31",
      "time": "12:00",
      "timeKnown": false,
      "status": "compatible",
      "utc": "2199-12-31T11:00:00.000Z",
      "offsetMinutes": 60,
      "flags": [],
      "gapShiftMinutes": 0
    },
    {
      "zone": "Europe/Monaco",
      "date": "1800-01-01",
      "time": "00:00",
      "timeKnown": true,
      "status": "compatible",
      "utc": "1799-12-31T23:50:39.000Z",
      "offsetMinutes": 9.35,
      "flags": [
        "lmt"
      ],
      "gapShiftMinutes": 0
    },
    {
      "zone": "Europe/Monaco",
      "date": "1800-01-01",
      "time": "23:59",
      "timeKnown": true,
      "status": "compatible",
      "utc": "1800-01-01T23:49:39.000Z",
      "offsetMinutes": 9.35,
      "flags": [
        "lmt"
      ],
      "gapShiftMinutes": 0
    },
    {
      "zone": "Europe/Monaco",
      "date": "1800-01-01",
      "time": "12:00",
      "timeKnown": false,
      "status": "compatible",
      "utc": "1800-01-01T11:50:39.000Z",
      "offsetMinutes": 9.35,
      "flags": [
        "lmt"
      ],
      "gapShiftMinutes": 0
    },
    {
      "zone": "Europe/Monaco",
      "date": "2199-12-31",
      "time": "00:00",
      "timeKnown": true,
      "status": "compatible",
      "utc": "2199-12-30T23:00:00.000Z",
      "offsetMinutes": 60,
      "flags": [],
      "gapShiftMinutes": 0
    },
    {
      "zone": "Europe/Monaco",
      "date": "2199-12-31",
      "time": "23:59",
      "timeKnown": true,
      "status": "compatible",
      "utc": "2199-12-31T22:59:00.000Z",
      "offsetMinutes": 60,
      "flags": [],
      "gapShiftMinutes": 0
    },
    {
      "zone": "Europe/Monaco",
      "date": "2199-12-31",
      "time": "12:00",
      "timeKnown": false,
      "status": "compatible",
      "utc": "2199-12-31T11:00:00.000Z",
      "offsetMinutes": 60,
      "flags": [],
      "gapShiftMinutes": 0
    },
    {
      "zone": "Europe/Chisinau",
      "date": "1800-01-01",
      "time": "00:00",
      "timeKnown": true,
      "status": "compatible",
      "utc": "1799-12-31T22:04:40.000Z",
      "offsetMinutes": 115.33333333333333,
      "flags": [
        "lmt"
      ],
      "gapShiftMinutes": 0
    },
    {
      "zone": "Europe/Chisinau",
      "date": "1800-01-01",
      "time": "23:59",
      "timeKnown": true,
      "status": "compatible",
      "utc": "1800-01-01T22:03:40.000Z",
      "offsetMinutes": 115.33333333333333,
      "flags": [
        "lmt"
      ],
      "gapShiftMinutes": 0
    },
    {
      "zone": "Europe/Chisinau",
      "date": "1800-01-01",
      "time": "12:00",
      "timeKnown": false,
      "status": "compatible",
      "utc": "1800-01-01T10:04:40.000Z",
      "offsetMinutes": 115.33333333333333,
      "flags": [
        "lmt"
      ],
      "gapShiftMinutes": 0
    },
    {
      "zone": "Europe/Chisinau",
      "date": "2199-12-31",
      "time": "00:00",
      "timeKnown": true,
      "status": "compatible",
      "utc": "2199-12-30T22:00:00.000Z",
      "offsetMinutes": 120,
      "flags": [],
      "gapShiftMinutes": 0
    },
    {
      "zone": "Europe/Chisinau",
      "date": "2199-12-31",
      "time": "23:59",
      "timeKnown": true,
      "status": "compatible",
      "utc": "2199-12-31T21:59:00.000Z",
      "offsetMinutes": 120,
      "flags": [],
      "gapShiftMinutes": 0
    },
    {
      "zone": "Europe/Chisinau",
      "date": "2199-12-31",
      "time": "12:00",
      "timeKnown": false,
      "status": "compatible",
      "utc": "2199-12-31T10:00:00.000Z",
      "offsetMinutes": 120,
      "flags": [],
      "gapShiftMinutes": 0
    },
    {
      "zone": "Europe/Podgorica",
      "date": "1800-01-01",
      "time": "00:00",
      "timeKnown": true,
      "status": "compatible",
      "utc": "1799-12-31T22:38:00.000Z",
      "offsetMinutes": 82,
      "flags": [],
      "gapShiftMinutes": 0
    },
    {
      "zone": "Europe/Podgorica",
      "date": "1800-01-01",
      "time": "23:59",
      "timeKnown": true,
      "status": "compatible",
      "utc": "1800-01-01T22:37:00.000Z",
      "offsetMinutes": 82,
      "flags": [],
      "gapShiftMinutes": 0
    },
    {
      "zone": "Europe/Podgorica",
      "date": "1800-01-01",
      "time": "12:00",
      "timeKnown": false,
      "status": "compatible",
      "utc": "1800-01-01T10:38:00.000Z",
      "offsetMinutes": 82,
      "flags": [],
      "gapShiftMinutes": 0
    },
    {
      "zone": "Europe/Podgorica",
      "date": "2199-12-31",
      "time": "00:00",
      "timeKnown": true,
      "status": "compatible",
      "utc": "2199-12-30T23:00:00.000Z",
      "offsetMinutes": 60,
      "flags": [],
      "gapShiftMinutes": 0
    },
    {
      "zone": "Europe/Podgorica",
      "date": "2199-12-31",
      "time": "23:59",
      "timeKnown": true,
      "status": "compatible",
      "utc": "2199-12-31T22:59:00.000Z",
      "offsetMinutes": 60,
      "flags": [],
      "gapShiftMinutes": 0
    },
    {
      "zone": "Europe/Podgorica",
      "date": "2199-12-31",
      "time": "12:00",
      "timeKnown": false,
      "status": "compatible",
      "utc": "2199-12-31T11:00:00.000Z",
      "offsetMinutes": 60,
      "flags": [],
      "gapShiftMinutes": 0
    },
    {
      "zone": "America/Marigot",
      "date": "1800-01-01",
      "time": "00:00",
      "timeKnown": true,
      "status": "compatible",
      "utc": "1800-01-01T04:24:25.000Z",
      "offsetMinutes": -264.4166666666667,
      "flags": [
        "lmt"
      ],
      "gapShiftMinutes": 0
    },
    {
      "zone": "America/Marigot",
      "date": "1800-01-01",
      "time": "23:59",
      "timeKnown": true,
      "status": "compatible",
      "utc": "1800-01-02T04:23:25.000Z",
      "offsetMinutes": -264.4166666666667,
      "flags": [
        "lmt"
      ],
      "gapShiftMinutes": 0
    },
    {
      "zone": "America/Marigot",
      "date": "1800-01-01",
      "time": "12:00",
      "timeKnown": false,
      "status": "compatible",
      "utc": "1800-01-01T16:24:25.000Z",
      "offsetMinutes": -264.4166666666667,
      "flags": [
        "lmt"
      ],
      "gapShiftMinutes": 0
    },
    {
      "zone": "America/Marigot",
      "date": "2199-12-31",
      "time": "00:00",
      "timeKnown": true,
      "status": "compatible",
      "utc": "2199-12-31T04:00:00.000Z",
      "offsetMinutes": -240,
      "flags": [],
      "gapShiftMinutes": 0
    },
    {
      "zone": "America/Marigot",
      "date": "2199-12-31",
      "time": "23:59",
      "timeKnown": true,
      "status": "compatible",
      "utc": "2200-01-01T03:59:00.000Z",
      "offsetMinutes": -240,
      "flags": [],
      "gapShiftMinutes": 0
    },
    {
      "zone": "America/Marigot",
      "date": "2199-12-31",
      "time": "12:00",
      "timeKnown": false,
      "status": "compatible",
      "utc": "2199-12-31T16:00:00.000Z",
      "offsetMinutes": -240,
      "flags": [],
      "gapShiftMinutes": 0
    },
    {
      "zone": "Indian/Antananarivo",
      "date": "1800-01-01",
      "time": "00:00",
      "timeKnown": true,
      "status": "compatible",
      "utc": "1799-12-31T21:32:44.000Z",
      "offsetMinutes": 147.26666666666668,
      "flags": [
        "lmt"
      ],
      "gapShiftMinutes": 0
    },
    {
      "zone": "Indian/Antananarivo",
      "date": "1800-01-01",
      "time": "23:59",
      "timeKnown": true,
      "status": "compatible",
      "utc": "1800-01-01T21:31:44.000Z",
      "offsetMinutes": 147.26666666666668,
      "flags": [
        "lmt"
      ],
      "gapShiftMinutes": 0
    },
    {
      "zone": "Indian/Antananarivo",
      "date": "1800-01-01",
      "time": "12:00",
      "timeKnown": false,
      "status": "compatible",
      "utc": "1800-01-01T09:32:44.000Z",
      "offsetMinutes": 147.26666666666668,
      "flags": [
        "lmt"
      ],
      "gapShiftMinutes": 0
    },
    {
      "zone": "Indian/Antananarivo",
      "date": "2199-12-31",
      "time": "00:00",
      "timeKnown": true,
      "status": "compatible",
      "utc": "2199-12-30T21:00:00.000Z",
      "offsetMinutes": 180,
      "flags": [],
      "gapShiftMinutes": 0
    },
    {
      "zone": "Indian/Antananarivo",
      "date": "2199-12-31",
      "time": "23:59",
      "timeKnown": true,
      "status": "compatible",
      "utc": "2199-12-31T20:59:00.000Z",
      "offsetMinutes": 180,
      "flags": [],
      "gapShiftMinutes": 0
    },
    {
      "zone": "Indian/Antananarivo",
      "date": "2199-12-31",
      "time": "12:00",
      "timeKnown": false,
      "status": "compatible",
      "utc": "2199-12-31T09:00:00.000Z",
      "offsetMinutes": 180,
      "flags": [],
      "gapShiftMinutes": 0
    },
    {
      "zone": "Pacific/Majuro",
      "date": "1800-01-01",
      "time": "00:00",
      "timeKnown": true,
      "status": "compatible",
      "utc": "1799-12-31T12:27:56.000Z",
      "offsetMinutes": 692.0666666666667,
      "flags": [
        "lmt"
      ],
      "gapShiftMinutes": 0
    },
    {
      "zone": "Pacific/Majuro",
      "date": "1800-01-01",
      "time": "23:59",
      "timeKnown": true,
      "status": "compatible",
      "utc": "1800-01-01T12:26:56.000Z",
      "offsetMinutes": 692.0666666666667,
      "flags": [
        "lmt"
      ],
      "gapShiftMinutes": 0
    },
    {
      "zone": "Pacific/Majuro",
      "date": "1800-01-01",
      "time": "12:00",
      "timeKnown": false,
      "status": "compatible",
      "utc": "1800-01-01T00:27:56.000Z",
      "offsetMinutes": 692.0666666666667,
      "flags": [
        "lmt"
      ],
      "gapShiftMinutes": 0
    },
    {
      "zone": "Pacific/Majuro",
      "date": "2199-12-31",
      "time": "00:00",
      "timeKnown": true,
      "status": "compatible",
      "utc": "2199-12-30T12:00:00.000Z",
      "offsetMinutes": 720,
      "flags": [],
      "gapShiftMinutes": 0
    },
    {
      "zone": "Pacific/Majuro",
      "date": "2199-12-31",
      "time": "23:59",
      "timeKnown": true,
      "status": "compatible",
      "utc": "2199-12-31T11:59:00.000Z",
      "offsetMinutes": 720,
      "flags": [],
      "gapShiftMinutes": 0
    },
    {
      "zone": "Pacific/Majuro",
      "date": "2199-12-31",
      "time": "12:00",
      "timeKnown": false,
      "status": "compatible",
      "utc": "2199-12-31T00:00:00.000Z",
      "offsetMinutes": 720,
      "flags": [],
      "gapShiftMinutes": 0
    },
    {
      "zone": "Europe/Skopje",
      "date": "1800-01-01",
      "time": "00:00",
      "timeKnown": true,
      "status": "compatible",
      "utc": "1799-12-31T22:38:00.000Z",
      "offsetMinutes": 82,
      "flags": [],
      "gapShiftMinutes": 0
    },
    {
      "zone": "Europe/Skopje",
      "date": "1800-01-01",
      "time": "23:59",
      "timeKnown": true,
      "status": "compatible",
      "utc": "1800-01-01T22:37:00.000Z",
      "offsetMinutes": 82,
      "flags": [],
      "gapShiftMinutes": 0
    },
    {
      "zone": "Europe/Skopje",
      "date": "1800-01-01",
      "time": "12:00",
      "timeKnown": false,
      "status": "compatible",
      "utc": "1800-01-01T10:38:00.000Z",
      "offsetMinutes": 82,
      "flags": [],
      "gapShiftMinutes": 0
    },
    {
      "zone": "Europe/Skopje",
      "date": "2199-12-31",
      "time": "00:00",
      "timeKnown": true,
      "status": "compatible",
      "utc": "2199-12-30T23:00:00.000Z",
      "offsetMinutes": 60,
      "flags": [],
      "gapShiftMinutes": 0
    },
    {
      "zone": "Europe/Skopje",
      "date": "2199-12-31",
      "time": "23:59",
      "timeKnown": true,
      "status": "compatible",
      "utc": "2199-12-31T22:59:00.000Z",
      "offsetMinutes": 60,
      "flags": [],
      "gapShiftMinutes": 0
    },
    {
      "zone": "Europe/Skopje",
      "date": "2199-12-31",
      "time": "12:00",
      "timeKnown": false,
      "status": "compatible",
      "utc": "2199-12-31T11:00:00.000Z",
      "offsetMinutes": 60,
      "flags": [],
      "gapShiftMinutes": 0
    },
    {
      "zone": "Africa/Bamako",
      "date": "1800-01-01",
      "time": "00:00",
      "timeKnown": true,
      "status": "compatible",
      "utc": "1800-01-01T00:16:08.000Z",
      "offsetMinutes": -16.133333333333333,
      "flags": [
        "lmt"
      ],
      "gapShiftMinutes": 0
    },
    {
      "zone": "Africa/Bamako",
      "date": "1800-01-01",
      "time": "23:59",
      "timeKnown": true,
      "status": "compatible",
      "utc": "1800-01-02T00:15:08.000Z",
      "offsetMinutes": -16.133333333333333,
      "flags": [
        "lmt"
      ],
      "gapShiftMinutes": 0
    },
    {
      "zone": "Africa/Bamako",
      "date": "1800-01-01",
      "time": "12:00",
      "timeKnown": false,
      "status": "compatible",
      "utc": "1800-01-01T12:16:08.000Z",
      "offsetMinutes": -16.133333333333333,
      "flags": [
        "lmt"
      ],
      "gapShiftMinutes": 0
    },
    {
      "zone": "Africa/Bamako",
      "date": "2199-12-31",
      "time": "00:00",
      "timeKnown": true,
      "status": "compatible",
      "utc": "2199-12-31T00:00:00.000Z",
      "offsetMinutes": 0,
      "flags": [],
      "gapShiftMinutes": 0
    },
    {
      "zone": "Africa/Bamako",
      "date": "2199-12-31",
      "time": "23:59",
      "timeKnown": true,
      "status": "compatible",
      "utc": "2199-12-31T23:59:00.000Z",
      "offsetMinutes": 0,
      "flags": [],
      "gapShiftMinutes": 0
    },
    {
      "zone": "Africa/Bamako",
      "date": "2199-12-31",
      "time": "12:00",
      "timeKnown": false,
      "status": "compatible",
      "utc": "2199-12-31T12:00:00.000Z",
      "offsetMinutes": 0,
      "flags": [],
      "gapShiftMinutes": 0
    },
    {
      "zone": "Asia/Yangon",
      "date": "1800-01-01",
      "time": "00:00",
      "timeKnown": true,
      "status": "compatible",
      "utc": "1799-12-31T17:35:13.000Z",
      "offsetMinutes": 384.78333333333336,
      "flags": [
        "lmt"
      ],
      "gapShiftMinutes": 0
    },
    {
      "zone": "Asia/Yangon",
      "date": "1800-01-01",
      "time": "23:59",
      "timeKnown": true,
      "status": "compatible",
      "utc": "1800-01-01T17:34:13.000Z",
      "offsetMinutes": 384.78333333333336,
      "flags": [
        "lmt"
      ],
      "gapShiftMinutes": 0
    },
    {
      "zone": "Asia/Yangon",
      "date": "1800-01-01",
      "time": "12:00",
      "timeKnown": false,
      "status": "compatible",
      "utc": "1800-01-01T05:35:13.000Z",
      "offsetMinutes": 384.78333333333336,
      "flags": [
        "lmt"
      ],
      "gapShiftMinutes": 0
    },
    {
      "zone": "Asia/Yangon",
      "date": "2199-12-31",
      "time": "00:00",
      "timeKnown": true,
      "status": "compatible",
      "utc": "2199-12-30T17:30:00.000Z",
      "offsetMinutes": 390,
      "flags": [],
      "gapShiftMinutes": 0
    },
    {
      "zone": "Asia/Yangon",
      "date": "2199-12-31",
      "time": "23:59",
      "timeKnown": true,
      "status": "compatible",
      "utc": "2199-12-31T17:29:00.000Z",
      "offsetMinutes": 390,
      "flags": [],
      "gapShiftMinutes": 0
    },
    {
      "zone": "Asia/Yangon",
      "date": "2199-12-31",
      "time": "12:00",
      "timeKnown": false,
      "status": "compatible",
      "utc": "2199-12-31T05:30:00.000Z",
      "offsetMinutes": 390,
      "flags": [],
      "gapShiftMinutes": 0
    },
    {
      "zone": "Asia/Hovd",
      "date": "1800-01-01",
      "time": "00:00",
      "timeKnown": true,
      "status": "compatible",
      "utc": "1799-12-31T17:53:24.000Z",
      "offsetMinutes": 366.6,
      "flags": [
        "lmt"
      ],
      "gapShiftMinutes": 0
    },
    {
      "zone": "Asia/Hovd",
      "date": "1800-01-01",
      "time": "23:59",
      "timeKnown": true,
      "status": "compatible",
      "utc": "1800-01-01T17:52:24.000Z",
      "offsetMinutes": 366.6,
      "flags": [
        "lmt"
      ],
      "gapShiftMinutes": 0
    },
    {
      "zone": "Asia/Hovd",
      "date": "1800-01-01",
      "time": "12:00",
      "timeKnown": false,
      "status": "compatible",
      "utc": "1800-01-01T05:53:24.000Z",
      "offsetMinutes": 366.6,
      "flags": [
        "lmt"
      ],
      "gapShiftMinutes": 0
    },
    {
      "zone": "Asia/Hovd",
      "date": "2199-12-31",
      "time": "00:00",
      "timeKnown": true,
      "status": "compatible",
      "utc": "2199-12-30T17:00:00.000Z",
      "offsetMinutes": 420,
      "flags": [],
      "gapShiftMinutes": 0
    },
    {
      "zone": "Asia/Hovd",
      "date": "2199-12-31",
      "time": "23:59",
      "timeKnown": true,
      "status": "compatible",
      "utc": "2199-12-31T16:59:00.000Z",
      "offsetMinutes": 420,
      "flags": [],
      "gapShiftMinutes": 0
    },
    {
      "zone": "Asia/Hovd",
      "date": "2199-12-31",
      "time": "12:00",
      "timeKnown": false,
      "status": "compatible",
      "utc": "2199-12-31T05:00:00.000Z",
      "offsetMinutes": 420,
      "flags": [],
      "gapShiftMinutes": 0
    },
    {
      "zone": "Asia/Ulaanbaatar",
      "date": "1800-01-01",
      "time": "00:00",
      "timeKnown": true,
      "status": "compatible",
      "utc": "1799-12-31T16:52:28.000Z",
      "offsetMinutes": 427.53333333333336,
      "flags": [
        "lmt"
      ],
      "gapShiftMinutes": 0
    },
    {
      "zone": "Asia/Ulaanbaatar",
      "date": "1800-01-01",
      "time": "23:59",
      "timeKnown": true,
      "status": "compatible",
      "utc": "1800-01-01T16:51:28.000Z",
      "offsetMinutes": 427.53333333333336,
      "flags": [
        "lmt"
      ],
      "gapShiftMinutes": 0
    },
    {
      "zone": "Asia/Ulaanbaatar",
      "date": "1800-01-01",
      "time": "12:00",
      "timeKnown": false,
      "status": "compatible",
      "utc": "1800-01-01T04:52:28.000Z",
      "offsetMinutes": 427.53333333333336,
      "flags": [
        "lmt"
      ],
      "gapShiftMinutes": 0
    },
    {
      "zone": "Asia/Ulaanbaatar",
      "date": "2199-12-31",
      "time": "00:00",
      "timeKnown": true,
      "status": "compatible",
      "utc": "2199-12-30T16:00:00.000Z",
      "offsetMinutes": 480,
      "flags": [],
      "gapShiftMinutes": 0
    },
    {
      "zone": "Asia/Ulaanbaatar",
      "date": "2199-12-31",
      "time": "23:59",
      "timeKnown": true,
      "status": "compatible",
      "utc": "2199-12-31T15:59:00.000Z",
      "offsetMinutes": 480,
      "flags": [],
      "gapShiftMinutes": 0
    },
    {
      "zone": "Asia/Ulaanbaatar",
      "date": "2199-12-31",
      "time": "12:00",
      "timeKnown": false,
      "status": "compatible",
      "utc": "2199-12-31T04:00:00.000Z",
      "offsetMinutes": 480,
      "flags": [],
      "gapShiftMinutes": 0
    },
    {
      "zone": "Pacific/Saipan",
      "date": "1800-01-01",
      "time": "00:00",
      "timeKnown": true,
      "status": "compatible",
      "utc": "1800-01-01T14:21:00.000Z",
      "offsetMinutes": -861,
      "flags": [],
      "gapShiftMinutes": 0
    },
    {
      "zone": "Pacific/Saipan",
      "date": "1800-01-01",
      "time": "23:59",
      "timeKnown": true,
      "status": "compatible",
      "utc": "1800-01-02T14:20:00.000Z",
      "offsetMinutes": -861,
      "flags": [],
      "gapShiftMinutes": 0
    },
    {
      "zone": "Pacific/Saipan",
      "date": "1800-01-01",
      "time": "12:00",
      "timeKnown": false,
      "status": "compatible",
      "utc": "1800-01-02T02:21:00.000Z",
      "offsetMinutes": -861,
      "flags": [],
      "gapShiftMinutes": 0
    },
    {
      "zone": "Pacific/Saipan",
      "date": "2199-12-31",
      "time": "00:00",
      "timeKnown": true,
      "status": "compatible",
      "utc": "2199-12-30T14:00:00.000Z",
      "offsetMinutes": 600,
      "flags": [],
      "gapShiftMinutes": 0
    },
    {
      "zone": "Pacific/Saipan",
      "date": "2199-12-31",
      "time": "23:59",
      "timeKnown": true,
      "status": "compatible",
      "utc": "2199-12-31T13:59:00.000Z",
      "offsetMinutes": 600,
      "flags": [],
      "gapShiftMinutes": 0
    },
    {
      "zone": "Pacific/Saipan",
      "date": "2199-12-31",
      "time": "12:00",
      "timeKnown": false,
      "status": "compatible",
      "utc": "2199-12-31T02:00:00.000Z",
      "offsetMinutes": 600,
      "flags": [],
      "gapShiftMinutes": 0
    },
    {
      "zone": "America/Martinique",
      "date": "1800-01-01",
      "time": "00:00",
      "timeKnown": true,
      "status": "compatible",
      "utc": "1800-01-01T04:04:20.000Z",
      "offsetMinutes": -244.33333333333334,
      "flags": [
        "lmt"
      ],
      "gapShiftMinutes": 0
    },
    {
      "zone": "America/Martinique",
      "date": "1800-01-01",
      "time": "23:59",
      "timeKnown": true,
      "status": "compatible",
      "utc": "1800-01-02T04:03:20.000Z",
      "offsetMinutes": -244.33333333333334,
      "flags": [
        "lmt"
      ],
      "gapShiftMinutes": 0
    },
    {
      "zone": "America/Martinique",
      "date": "1800-01-01",
      "time": "12:00",
      "timeKnown": false,
      "status": "compatible",
      "utc": "1800-01-01T16:04:20.000Z",
      "offsetMinutes": -244.33333333333334,
      "flags": [
        "lmt"
      ],
      "gapShiftMinutes": 0
    },
    {
      "zone": "America/Martinique",
      "date": "2199-12-31",
      "time": "00:00",
      "timeKnown": true,
      "status": "compatible",
      "utc": "2199-12-31T04:00:00.000Z",
      "offsetMinutes": -240,
      "flags": [],
      "gapShiftMinutes": 0
    },
    {
      "zone": "America/Martinique",
      "date": "2199-12-31",
      "time": "23:59",
      "timeKnown": true,
      "status": "compatible",
      "utc": "2200-01-01T03:59:00.000Z",
      "offsetMinutes": -240,
      "flags": [],
      "gapShiftMinutes": 0
    },
    {
      "zone": "America/Martinique",
      "date": "2199-12-31",
      "time": "12:00",
      "timeKnown": false,
      "status": "compatible",
      "utc": "2199-12-31T16:00:00.000Z",
      "offsetMinutes": -240,
      "flags": [],
      "gapShiftMinutes": 0
    },
    {
      "zone": "Africa/Nouakchott",
      "date": "1800-01-01",
      "time": "00:00",
      "timeKnown": true,
      "status": "compatible",
      "utc": "1800-01-01T00:16:08.000Z",
      "offsetMinutes": -16.133333333333333,
      "flags": [
        "lmt"
      ],
      "gapShiftMinutes": 0
    },
    {
      "zone": "Africa/Nouakchott",
      "date": "1800-01-01",
      "time": "23:59",
      "timeKnown": true,
      "status": "compatible",
      "utc": "1800-01-02T00:15:08.000Z",
      "offsetMinutes": -16.133333333333333,
      "flags": [
        "lmt"
      ],
      "gapShiftMinutes": 0
    },
    {
      "zone": "Africa/Nouakchott",
      "date": "1800-01-01",
      "time": "12:00",
      "timeKnown": false,
      "status": "compatible",
      "utc": "1800-01-01T12:16:08.000Z",
      "offsetMinutes": -16.133333333333333,
      "flags": [
        "lmt"
      ],
      "gapShiftMinutes": 0
    },
    {
      "zone": "Africa/Nouakchott",
      "date": "2199-12-31",
      "time": "00:00",
      "timeKnown": true,
      "status": "compatible",
      "utc": "2199-12-31T00:00:00.000Z",
      "offsetMinutes": 0,
      "flags": [],
      "gapShiftMinutes": 0
    },
    {
      "zone": "Africa/Nouakchott",
      "date": "2199-12-31",
      "time": "23:59",
      "timeKnown": true,
      "status": "compatible",
      "utc": "2199-12-31T23:59:00.000Z",
      "offsetMinutes": 0,
      "flags": [],
      "gapShiftMinutes": 0
    },
    {
      "zone": "Africa/Nouakchott",
      "date": "2199-12-31",
      "time": "12:00",
      "timeKnown": false,
      "status": "compatible",
      "utc": "2199-12-31T12:00:00.000Z",
      "offsetMinutes": 0,
      "flags": [],
      "gapShiftMinutes": 0
    },
    {
      "zone": "America/Montserrat",
      "date": "1800-01-01",
      "time": "00:00",
      "timeKnown": true,
      "status": "compatible",
      "utc": "1800-01-01T04:24:25.000Z",
      "offsetMinutes": -264.4166666666667,
      "flags": [
        "lmt"
      ],
      "gapShiftMinutes": 0
    },
    {
      "zone": "America/Montserrat",
      "date": "1800-01-01",
      "time": "23:59",
      "timeKnown": true,
      "status": "compatible",
      "utc": "1800-01-02T04:23:25.000Z",
      "offsetMinutes": -264.4166666666667,
      "flags": [
        "lmt"
      ],
      "gapShiftMinutes": 0
    },
    {
      "zone": "America/Montserrat",
      "date": "1800-01-01",
      "time": "12:00",
      "timeKnown": false,
      "status": "compatible",
      "utc": "1800-01-01T16:24:25.000Z",
      "offsetMinutes": -264.4166666666667,
      "flags": [
        "lmt"
      ],
      "gapShiftMinutes": 0
    },
    {
      "zone": "America/Montserrat",
      "date": "2199-12-31",
      "time": "00:00",
      "timeKnown": true,
      "status": "compatible",
      "utc": "2199-12-31T04:00:00.000Z",
      "offsetMinutes": -240,
      "flags": [],
      "gapShiftMinutes": 0
    },
    {
      "zone": "America/Montserrat",
      "date": "2199-12-31",
      "time": "23:59",
      "timeKnown": true,
      "status": "compatible",
      "utc": "2200-01-01T03:59:00.000Z",
      "offsetMinutes": -240,
      "flags": [],
      "gapShiftMinutes": 0
    },
    {
      "zone": "America/Montserrat",
      "date": "2199-12-31",
      "time": "12:00",
      "timeKnown": false,
      "status": "compatible",
      "utc": "2199-12-31T16:00:00.000Z",
      "offsetMinutes": -240,
      "flags": [],
      "gapShiftMinutes": 0
    },
    {
      "zone": "Europe/Malta",
      "date": "1800-01-01",
      "time": "00:00",
      "timeKnown": true,
      "status": "compatible",
      "utc": "1799-12-31T23:01:56.000Z",
      "offsetMinutes": 58.06666666666667,
      "flags": [
        "lmt"
      ],
      "gapShiftMinutes": 0
    },
    {
      "zone": "Europe/Malta",
      "date": "1800-01-01",
      "time": "23:59",
      "timeKnown": true,
      "status": "compatible",
      "utc": "1800-01-01T23:00:56.000Z",
      "offsetMinutes": 58.06666666666667,
      "flags": [
        "lmt"
      ],
      "gapShiftMinutes": 0
    },
    {
      "zone": "Europe/Malta",
      "date": "1800-01-01",
      "time": "12:00",
      "timeKnown": false,
      "status": "compatible",
      "utc": "1800-01-01T11:01:56.000Z",
      "offsetMinutes": 58.06666666666667,
      "flags": [
        "lmt"
      ],
      "gapShiftMinutes": 0
    },
    {
      "zone": "Europe/Malta",
      "date": "2199-12-31",
      "time": "00:00",
      "timeKnown": true,
      "status": "compatible",
      "utc": "2199-12-30T23:00:00.000Z",
      "offsetMinutes": 60,
      "flags": [],
      "gapShiftMinutes": 0
    },
    {
      "zone": "Europe/Malta",
      "date": "2199-12-31",
      "time": "23:59",
      "timeKnown": true,
      "status": "compatible",
      "utc": "2199-12-31T22:59:00.000Z",
      "offsetMinutes": 60,
      "flags": [],
      "gapShiftMinutes": 0
    },
    {
      "zone": "Europe/Malta",
      "date": "2199-12-31",
      "time": "12:00",
      "timeKnown": false,
      "status": "compatible",
      "utc": "2199-12-31T11:00:00.000Z",
      "offsetMinutes": 60,
      "flags": [],
      "gapShiftMinutes": 0
    },
    {
      "zone": "Indian/Mauritius",
      "date": "1800-01-01",
      "time": "00:00",
      "timeKnown": true,
      "status": "compatible",
      "utc": "1799-12-31T20:10:00.000Z",
      "offsetMinutes": 230,
      "flags": [],
      "gapShiftMinutes": 0
    },
    {
      "zone": "Indian/Mauritius",
      "date": "1800-01-01",
      "time": "23:59",
      "timeKnown": true,
      "status": "compatible",
      "utc": "1800-01-01T20:09:00.000Z",
      "offsetMinutes": 230,
      "flags": [],
      "gapShiftMinutes": 0
    },
    {
      "zone": "Indian/Mauritius",
      "date": "1800-01-01",
      "time": "12:00",
      "timeKnown": false,
      "status": "compatible",
      "utc": "1800-01-01T08:10:00.000Z",
      "offsetMinutes": 230,
      "flags": [],
      "gapShiftMinutes": 0
    },
    {
      "zone": "Indian/Mauritius",
      "date": "2199-12-31",
      "time": "00:00",
      "timeKnown": true,
      "status": "compatible",
      "utc": "2199-12-30T20:00:00.000Z",
      "offsetMinutes": 240,
      "flags": [],
      "gapShiftMinutes": 0
    },
    {
      "zone": "Indian/Mauritius",
      "date": "2199-12-31",
      "time": "23:59",
      "timeKnown": true,
      "status": "compatible",
      "utc": "2199-12-31T19:59:00.000Z",
      "offsetMinutes": 240,
      "flags": [],
      "gapShiftMinutes": 0
    },
    {
      "zone": "Indian/Mauritius",
      "date": "2199-12-31",
      "time": "12:00",
      "timeKnown": false,
      "status": "compatible",
      "utc": "2199-12-31T08:00:00.000Z",
      "offsetMinutes": 240,
      "flags": [],
      "gapShiftMinutes": 0
    },
    {
      "zone": "Indian/Maldives",
      "date": "1800-01-01",
      "time": "00:00",
      "timeKnown": true,
      "status": "compatible",
      "utc": "1799-12-31T19:06:00.000Z",
      "offsetMinutes": 294,
      "flags": [],
      "gapShiftMinutes": 0
    },
    {
      "zone": "Indian/Maldives",
      "date": "1800-01-01",
      "time": "23:59",
      "timeKnown": true,
      "status": "compatible",
      "utc": "1800-01-01T19:05:00.000Z",
      "offsetMinutes": 294,
      "flags": [],
      "gapShiftMinutes": 0
    },
    {
      "zone": "Indian/Maldives",
      "date": "1800-01-01",
      "time": "12:00",
      "timeKnown": false,
      "status": "compatible",
      "utc": "1800-01-01T07:06:00.000Z",
      "offsetMinutes": 294,
      "flags": [],
      "gapShiftMinutes": 0
    },
    {
      "zone": "Indian/Maldives",
      "date": "2199-12-31",
      "time": "00:00",
      "timeKnown": true,
      "status": "compatible",
      "utc": "2199-12-30T19:00:00.000Z",
      "offsetMinutes": 300,
      "flags": [],
      "gapShiftMinutes": 0
    },
    {
      "zone": "Indian/Maldives",
      "date": "2199-12-31",
      "time": "23:59",
      "timeKnown": true,
      "status": "compatible",
      "utc": "2199-12-31T18:59:00.000Z",
      "offsetMinutes": 300,
      "flags": [],
      "gapShiftMinutes": 0
    },
    {
      "zone": "Indian/Maldives",
      "date": "2199-12-31",
      "time": "12:00",
      "timeKnown": false,
      "status": "compatible",
      "utc": "2199-12-31T07:00:00.000Z",
      "offsetMinutes": 300,
      "flags": [],
      "gapShiftMinutes": 0
    },
    {
      "zone": "Africa/Blantyre",
      "date": "1800-01-01",
      "time": "00:00",
      "timeKnown": true,
      "status": "compatible",
      "utc": "1799-12-31T21:49:42.000Z",
      "offsetMinutes": 130.3,
      "flags": [
        "lmt"
      ],
      "gapShiftMinutes": 0
    },
    {
      "zone": "Africa/Blantyre",
      "date": "1800-01-01",
      "time": "23:59",
      "timeKnown": true,
      "status": "compatible",
      "utc": "1800-01-01T21:48:42.000Z",
      "offsetMinutes": 130.3,
      "flags": [
        "lmt"
      ],
      "gapShiftMinutes": 0
    },
    {
      "zone": "Africa/Blantyre",
      "date": "1800-01-01",
      "time": "12:00",
      "timeKnown": false,
      "status": "compatible",
      "utc": "1800-01-01T09:49:42.000Z",
      "offsetMinutes": 130.3,
      "flags": [
        "lmt"
      ],
      "gapShiftMinutes": 0
    },
    {
      "zone": "Africa/Blantyre",
      "date": "2199-12-31",
      "time": "00:00",
      "timeKnown": true,
      "status": "compatible",
      "utc": "2199-12-30T22:00:00.000Z",
      "offsetMinutes": 120,
      "flags": [],
      "gapShiftMinutes": 0
    },
    {
      "zone": "Africa/Blantyre",
      "date": "2199-12-31",
      "time": "23:59",
      "timeKnown": true,
      "status": "compatible",
      "utc": "2199-12-31T21:59:00.000Z",
      "offsetMinutes": 120,
      "flags": [],
      "gapShiftMinutes": 0
    },
    {
      "zone": "Africa/Blantyre",
      "date": "2199-12-31",
      "time": "12:00",
      "timeKnown": false,
      "status": "compatible",
      "utc": "2199-12-31T10:00:00.000Z",
      "offsetMinutes": 120,
      "flags": [],
      "gapShiftMinutes": 0
    },
    {
      "zone": "America/Monterrey",
      "date": "1800-01-01",
      "time": "00:00",
      "timeKnown": true,
      "status": "compatible",
      "utc": "1800-01-01T06:41:16.000Z",
      "offsetMinutes": -401.26666666666665,
      "flags": [
        "lmt"
      ],
      "gapShiftMinutes": 0
    },
    {
      "zone": "America/Monterrey",
      "date": "1800-01-01",
      "time": "23:59",
      "timeKnown": true,
      "status": "compatible",
      "utc": "1800-01-02T06:40:16.000Z",
      "offsetMinutes": -401.26666666666665,
      "flags": [
        "lmt"
      ],
      "gapShiftMinutes": 0
    },
    {
      "zone": "America/Monterrey",
      "date": "1800-01-01",
      "time": "12:00",
      "timeKnown": false,
      "status": "compatible",
      "utc": "1800-01-01T18:41:16.000Z",
      "offsetMinutes": -401.26666666666665,
      "flags": [
        "lmt"
      ],
      "gapShiftMinutes": 0
    },
    {
      "zone": "America/Monterrey",
      "date": "2199-12-31",
      "time": "00:00",
      "timeKnown": true,
      "status": "compatible",
      "utc": "2199-12-31T06:00:00.000Z",
      "offsetMinutes": -360,
      "flags": [],
      "gapShiftMinutes": 0
    },
    {
      "zone": "America/Monterrey",
      "date": "2199-12-31",
      "time": "23:59",
      "timeKnown": true,
      "status": "compatible",
      "utc": "2200-01-01T05:59:00.000Z",
      "offsetMinutes": -360,
      "flags": [],
      "gapShiftMinutes": 0
    },
    {
      "zone": "America/Monterrey",
      "date": "2199-12-31",
      "time": "12:00",
      "timeKnown": false,
      "status": "compatible",
      "utc": "2199-12-31T18:00:00.000Z",
      "offsetMinutes": -360,
      "flags": [],
      "gapShiftMinutes": 0
    },
    {
      "zone": "America/Mexico_City",
      "date": "1800-01-01",
      "time": "00:00",
      "timeKnown": true,
      "status": "compatible",
      "utc": "1800-01-01T06:36:36.000Z",
      "offsetMinutes": -396.6,
      "flags": [
        "lmt"
      ],
      "gapShiftMinutes": 0
    },
    {
      "zone": "America/Mexico_City",
      "date": "1800-01-01",
      "time": "23:59",
      "timeKnown": true,
      "status": "compatible",
      "utc": "1800-01-02T06:35:36.000Z",
      "offsetMinutes": -396.6,
      "flags": [
        "lmt"
      ],
      "gapShiftMinutes": 0
    },
    {
      "zone": "America/Mexico_City",
      "date": "1800-01-01",
      "time": "12:00",
      "timeKnown": false,
      "status": "compatible",
      "utc": "1800-01-01T18:36:36.000Z",
      "offsetMinutes": -396.6,
      "flags": [
        "lmt"
      ],
      "gapShiftMinutes": 0
    },
    {
      "zone": "America/Mexico_City",
      "date": "2199-12-31",
      "time": "00:00",
      "timeKnown": true,
      "status": "compatible",
      "utc": "2199-12-31T06:00:00.000Z",
      "offsetMinutes": -360,
      "flags": [],
      "gapShiftMinutes": 0
    },
    {
      "zone": "America/Mexico_City",
      "date": "2199-12-31",
      "time": "23:59",
      "timeKnown": true,
      "status": "compatible",
      "utc": "2200-01-01T05:59:00.000Z",
      "offsetMinutes": -360,
      "flags": [],
      "gapShiftMinutes": 0
    },
    {
      "zone": "America/Mexico_City",
      "date": "2199-12-31",
      "time": "12:00",
      "timeKnown": false,
      "status": "compatible",
      "utc": "2199-12-31T18:00:00.000Z",
      "offsetMinutes": -360,
      "flags": [],
      "gapShiftMinutes": 0
    },
    {
      "zone": "America/Merida",
      "date": "1800-01-01",
      "time": "00:00",
      "timeKnown": true,
      "status": "compatible",
      "utc": "1800-01-01T05:58:28.000Z",
      "offsetMinutes": -358.46666666666664,
      "flags": [
        "lmt"
      ],
      "gapShiftMinutes": 0
    },
    {
      "zone": "America/Merida",
      "date": "1800-01-01",
      "time": "23:59",
      "timeKnown": true,
      "status": "compatible",
      "utc": "1800-01-02T05:57:28.000Z",
      "offsetMinutes": -358.46666666666664,
      "flags": [
        "lmt"
      ],
      "gapShiftMinutes": 0
    },
    {
      "zone": "America/Merida",
      "date": "1800-01-01",
      "time": "12:00",
      "timeKnown": false,
      "status": "compatible",
      "utc": "1800-01-01T17:58:28.000Z",
      "offsetMinutes": -358.46666666666664,
      "flags": [
        "lmt"
      ],
      "gapShiftMinutes": 0
    },
    {
      "zone": "America/Merida",
      "date": "2199-12-31",
      "time": "00:00",
      "timeKnown": true,
      "status": "compatible",
      "utc": "2199-12-31T06:00:00.000Z",
      "offsetMinutes": -360,
      "flags": [],
      "gapShiftMinutes": 0
    },
    {
      "zone": "America/Merida",
      "date": "2199-12-31",
      "time": "23:59",
      "timeKnown": true,
      "status": "compatible",
      "utc": "2200-01-01T05:59:00.000Z",
      "offsetMinutes": -360,
      "flags": [],
      "gapShiftMinutes": 0
    },
    {
      "zone": "America/Merida",
      "date": "2199-12-31",
      "time": "12:00",
      "timeKnown": false,
      "status": "compatible",
      "utc": "2199-12-31T18:00:00.000Z",
      "offsetMinutes": -360,
      "flags": [],
      "gapShiftMinutes": 0
    },
    {
      "zone": "America/Cancun",
      "date": "1800-01-01",
      "time": "00:00",
      "timeKnown": true,
      "status": "compatible",
      "utc": "1800-01-01T05:47:04.000Z",
      "offsetMinutes": -347.06666666666666,
      "flags": [
        "lmt"
      ],
      "gapShiftMinutes": 0
    },
    {
      "zone": "America/Cancun",
      "date": "1800-01-01",
      "time": "23:59",
      "timeKnown": true,
      "status": "compatible",
      "utc": "1800-01-02T05:46:04.000Z",
      "offsetMinutes": -347.06666666666666,
      "flags": [
        "lmt"
      ],
      "gapShiftMinutes": 0
    },
    {
      "zone": "America/Cancun",
      "date": "1800-01-01",
      "time": "12:00",
      "timeKnown": false,
      "status": "compatible",
      "utc": "1800-01-01T17:47:04.000Z",
      "offsetMinutes": -347.06666666666666,
      "flags": [
        "lmt"
      ],
      "gapShiftMinutes": 0
    },
    {
      "zone": "America/Cancun",
      "date": "2199-12-31",
      "time": "00:00",
      "timeKnown": true,
      "status": "compatible",
      "utc": "2199-12-31T05:00:00.000Z",
      "offsetMinutes": -300,
      "flags": [],
      "gapShiftMinutes": 0
    },
    {
      "zone": "America/Cancun",
      "date": "2199-12-31",
      "time": "23:59",
      "timeKnown": true,
      "status": "compatible",
      "utc": "2200-01-01T04:59:00.000Z",
      "offsetMinutes": -300,
      "flags": [],
      "gapShiftMinutes": 0
    },
    {
      "zone": "America/Cancun",
      "date": "2199-12-31",
      "time": "12:00",
      "timeKnown": false,
      "status": "compatible",
      "utc": "2199-12-31T17:00:00.000Z",
      "offsetMinutes": -300,
      "flags": [],
      "gapShiftMinutes": 0
    },
    {
      "zone": "America/Matamoros",
      "date": "1800-01-01",
      "time": "00:00",
      "timeKnown": true,
      "status": "compatible",
      "utc": "1800-01-01T06:30:00.000Z",
      "offsetMinutes": -390,
      "flags": [],
      "gapShiftMinutes": 0
    },
    {
      "zone": "America/Matamoros",
      "date": "1800-01-01",
      "time": "23:59",
      "timeKnown": true,
      "status": "compatible",
      "utc": "1800-01-02T06:29:00.000Z",
      "offsetMinutes": -390,
      "flags": [],
      "gapShiftMinutes": 0
    },
    {
      "zone": "America/Matamoros",
      "date": "1800-01-01",
      "time": "12:00",
      "timeKnown": false,
      "status": "compatible",
      "utc": "1800-01-01T18:30:00.000Z",
      "offsetMinutes": -390,
      "flags": [],
      "gapShiftMinutes": 0
    },
    {
      "zone": "America/Matamoros",
      "date": "2199-12-31",
      "time": "00:00",
      "timeKnown": true,
      "status": "compatible",
      "utc": "2199-12-31T06:00:00.000Z",
      "offsetMinutes": -360,
      "flags": [],
      "gapShiftMinutes": 0
    },
    {
      "zone": "America/Matamoros",
      "date": "2199-12-31",
      "time": "23:59",
      "timeKnown": true,
      "status": "compatible",
      "utc": "2200-01-01T05:59:00.000Z",
      "offsetMinutes": -360,
      "flags": [],
      "gapShiftMinutes": 0
    },
    {
      "zone": "America/Matamoros",
      "date": "2199-12-31",
      "time": "12:00",
      "timeKnown": false,
      "status": "compatible",
      "utc": "2199-12-31T18:00:00.000Z",
      "offsetMinutes": -360,
      "flags": [],
      "gapShiftMinutes": 0
    },
    {
      "zone": "America/Hermosillo",
      "date": "1800-01-01",
      "time": "00:00",
      "timeKnown": true,
      "status": "compatible",
      "utc": "1800-01-01T07:23:52.000Z",
      "offsetMinutes": -443.8666666666667,
      "flags": [
        "lmt"
      ],
      "gapShiftMinutes": 0
    },
    {
      "zone": "America/Hermosillo",
      "date": "1800-01-01",
      "time": "23:59",
      "timeKnown": true,
      "status": "compatible",
      "utc": "1800-01-02T07:22:52.000Z",
      "offsetMinutes": -443.8666666666667,
      "flags": [
        "lmt"
      ],
      "gapShiftMinutes": 0
    },
    {
      "zone": "America/Hermosillo",
      "date": "1800-01-01",
      "time": "12:00",
      "timeKnown": false,
      "status": "compatible",
      "utc": "1800-01-01T19:23:52.000Z",
      "offsetMinutes": -443.8666666666667,
      "flags": [
        "lmt"
      ],
      "gapShiftMinutes": 0
    },
    {
      "zone": "America/Hermosillo",
      "date": "2199-12-31",
      "time": "00:00",
      "timeKnown": true,
      "status": "compatible",
      "utc": "2199-12-31T07:00:00.000Z",
      "offsetMinutes": -420,
      "flags": [],
      "gapShiftMinutes": 0
    },
    {
      "zone": "America/Hermosillo",
      "date": "2199-12-31",
      "time": "23:59",
      "timeKnown": true,
      "status": "compatible",
      "utc": "2200-01-01T06:59:00.000Z",
      "offsetMinutes": -420,
      "flags": [],
      "gapShiftMinutes": 0
    },
    {
      "zone": "America/Hermosillo",
      "date": "2199-12-31",
      "time": "12:00",
      "timeKnown": false,
      "status": "compatible",
      "utc": "2199-12-31T19:00:00.000Z",
      "offsetMinutes": -420,
      "flags": [],
      "gapShiftMinutes": 0
    },
    {
      "zone": "America/Mazatlan",
      "date": "1800-01-01",
      "time": "00:00",
      "timeKnown": true,
      "status": "compatible",
      "utc": "1800-01-01T07:05:40.000Z",
      "offsetMinutes": -425.6666666666667,
      "flags": [
        "lmt"
      ],
      "gapShiftMinutes": 0
    },
    {
      "zone": "America/Mazatlan",
      "date": "1800-01-01",
      "time": "23:59",
      "timeKnown": true,
      "status": "compatible",
      "utc": "1800-01-02T07:04:40.000Z",
      "offsetMinutes": -425.6666666666667,
      "flags": [
        "lmt"
      ],
      "gapShiftMinutes": 0
    },
    {
      "zone": "America/Mazatlan",
      "date": "1800-01-01",
      "time": "12:00",
      "timeKnown": false,
      "status": "compatible",
      "utc": "1800-01-01T19:05:40.000Z",
      "offsetMinutes": -425.6666666666667,
      "flags": [
        "lmt"
      ],
      "gapShiftMinutes": 0
    },
    {
      "zone": "America/Mazatlan",
      "date": "2199-12-31",
      "time": "00:00",
      "timeKnown": true,
      "status": "compatible",
      "utc": "2199-12-31T07:00:00.000Z",
      "offsetMinutes": -420,
      "flags": [],
      "gapShiftMinutes": 0
    },
    {
      "zone": "America/Mazatlan",
      "date": "2199-12-31",
      "time": "23:59",
      "timeKnown": true,
      "status": "compatible",
      "utc": "2200-01-01T06:59:00.000Z",
      "offsetMinutes": -420,
      "flags": [],
      "gapShiftMinutes": 0
    },
    {
      "zone": "America/Mazatlan",
      "date": "2199-12-31",
      "time": "12:00",
      "timeKnown": false,
      "status": "compatible",
      "utc": "2199-12-31T19:00:00.000Z",
      "offsetMinutes": -420,
      "flags": [],
      "gapShiftMinutes": 0
    },
    {
      "zone": "America/Tijuana",
      "date": "1800-01-01",
      "time": "00:00",
      "timeKnown": true,
      "status": "compatible",
      "utc": "1800-01-01T07:48:04.000Z",
      "offsetMinutes": -468.06666666666666,
      "flags": [
        "lmt"
      ],
      "gapShiftMinutes": 0
    },
    {
      "zone": "America/Tijuana",
      "date": "1800-01-01",
      "time": "23:59",
      "timeKnown": true,
      "status": "compatible",
      "utc": "1800-01-02T07:47:04.000Z",
      "offsetMinutes": -468.06666666666666,
      "flags": [
        "lmt"
      ],
      "gapShiftMinutes": 0
    },
    {
      "zone": "America/Tijuana",
      "date": "1800-01-01",
      "time": "12:00",
      "timeKnown": false,
      "status": "compatible",
      "utc": "1800-01-01T19:48:04.000Z",
      "offsetMinutes": -468.06666666666666,
      "flags": [
        "lmt"
      ],
      "gapShiftMinutes": 0
    },
    {
      "zone": "America/Tijuana",
      "date": "2199-12-31",
      "time": "00:00",
      "timeKnown": true,
      "status": "compatible",
      "utc": "2199-12-31T08:00:00.000Z",
      "offsetMinutes": -480,
      "flags": [],
      "gapShiftMinutes": 0
    },
    {
      "zone": "America/Tijuana",
      "date": "2199-12-31",
      "time": "23:59",
      "timeKnown": true,
      "status": "compatible",
      "utc": "2200-01-01T07:59:00.000Z",
      "offsetMinutes": -480,
      "flags": [],
      "gapShiftMinutes": 0
    },
    {
      "zone": "America/Tijuana",
      "date": "2199-12-31",
      "time": "12:00",
      "timeKnown": false,
      "status": "compatible",
      "utc": "2199-12-31T20:00:00.000Z",
      "offsetMinutes": -480,
      "flags": [],
      "gapShiftMinutes": 0
    },
    {
      "zone": "America/Ojinaga",
      "date": "1800-01-01",
      "time": "00:00",
      "timeKnown": true,
      "status": "compatible",
      "utc": "1800-01-01T06:57:40.000Z",
      "offsetMinutes": -417.6666666666667,
      "flags": [
        "lmt"
      ],
      "gapShiftMinutes": 0
    },
    {
      "zone": "America/Ojinaga",
      "date": "1800-01-01",
      "time": "23:59",
      "timeKnown": true,
      "status": "compatible",
      "utc": "1800-01-02T06:56:40.000Z",
      "offsetMinutes": -417.6666666666667,
      "flags": [
        "lmt"
      ],
      "gapShiftMinutes": 0
    },
    {
      "zone": "America/Ojinaga",
      "date": "1800-01-01",
      "time": "12:00",
      "timeKnown": false,
      "status": "compatible",
      "utc": "1800-01-01T18:57:40.000Z",
      "offsetMinutes": -417.6666666666667,
      "flags": [
        "lmt"
      ],
      "gapShiftMinutes": 0
    },
    {
      "zone": "America/Ojinaga",
      "date": "2199-12-31",
      "time": "00:00",
      "timeKnown": true,
      "status": "compatible",
      "utc": "2199-12-31T06:00:00.000Z",
      "offsetMinutes": -360,
      "flags": [],
      "gapShiftMinutes": 0
    },
    {
      "zone": "America/Ojinaga",
      "date": "2199-12-31",
      "time": "23:59",
      "timeKnown": true,
      "status": "compatible",
      "utc": "2200-01-01T05:59:00.000Z",
      "offsetMinutes": -360,
      "flags": [],
      "gapShiftMinutes": 0
    },
    {
      "zone": "America/Ojinaga",
      "date": "2199-12-31",
      "time": "12:00",
      "timeKnown": false,
      "status": "compatible",
      "utc": "2199-12-31T18:00:00.000Z",
      "offsetMinutes": -360,
      "flags": [],
      "gapShiftMinutes": 0
    },
    {
      "zone": "America/Chihuahua",
      "date": "1800-01-01",
      "time": "00:00",
      "timeKnown": true,
      "status": "compatible",
      "utc": "1800-01-01T07:04:20.000Z",
      "offsetMinutes": -424.3333333333333,
      "flags": [
        "lmt"
      ],
      "gapShiftMinutes": 0
    },
    {
      "zone": "America/Chihuahua",
      "date": "1800-01-01",
      "time": "23:59",
      "timeKnown": true,
      "status": "compatible",
      "utc": "1800-01-02T07:03:20.000Z",
      "offsetMinutes": -424.3333333333333,
      "flags": [
        "lmt"
      ],
      "gapShiftMinutes": 0
    },
    {
      "zone": "America/Chihuahua",
      "date": "1800-01-01",
      "time": "12:00",
      "timeKnown": false,
      "status": "compatible",
      "utc": "1800-01-01T19:04:20.000Z",
      "offsetMinutes": -424.3333333333333,
      "flags": [
        "lmt"
      ],
      "gapShiftMinutes": 0
    },
    {
      "zone": "America/Chihuahua",
      "date": "2199-12-31",
      "time": "00:00",
      "timeKnown": true,
      "status": "compatible",
      "utc": "2199-12-31T06:00:00.000Z",
      "offsetMinutes": -360,
      "flags": [],
      "gapShiftMinutes": 0
    },
    {
      "zone": "America/Chihuahua",
      "date": "2199-12-31",
      "time": "23:59",
      "timeKnown": true,
      "status": "compatible",
      "utc": "2200-01-01T05:59:00.000Z",
      "offsetMinutes": -360,
      "flags": [],
      "gapShiftMinutes": 0
    },
    {
      "zone": "America/Chihuahua",
      "date": "2199-12-31",
      "time": "12:00",
      "timeKnown": false,
      "status": "compatible",
      "utc": "2199-12-31T18:00:00.000Z",
      "offsetMinutes": -360,
      "flags": [],
      "gapShiftMinutes": 0
    },
    {
      "zone": "America/Bahia_Banderas",
      "date": "1800-01-01",
      "time": "00:00",
      "timeKnown": true,
      "status": "compatible",
      "utc": "1800-01-01T07:01:00.000Z",
      "offsetMinutes": -421,
      "flags": [],
      "gapShiftMinutes": 0
    },
    {
      "zone": "America/Bahia_Banderas",
      "date": "1800-01-01",
      "time": "23:59",
      "timeKnown": true,
      "status": "compatible",
      "utc": "1800-01-02T07:00:00.000Z",
      "offsetMinutes": -421,
      "flags": [],
      "gapShiftMinutes": 0
    },
    {
      "zone": "America/Bahia_Banderas",
      "date": "1800-01-01",
      "time": "12:00",
      "timeKnown": false,
      "status": "compatible",
      "utc": "1800-01-01T19:01:00.000Z",
      "offsetMinutes": -421,
      "flags": [],
      "gapShiftMinutes": 0
    },
    {
      "zone": "America/Bahia_Banderas",
      "date": "2199-12-31",
      "time": "00:00",
      "timeKnown": true,
      "status": "compatible",
      "utc": "2199-12-31T06:00:00.000Z",
      "offsetMinutes": -360,
      "flags": [],
      "gapShiftMinutes": 0
    },
    {
      "zone": "America/Bahia_Banderas",
      "date": "2199-12-31",
      "time": "23:59",
      "timeKnown": true,
      "status": "compatible",
      "utc": "2200-01-01T05:59:00.000Z",
      "offsetMinutes": -360,
      "flags": [],
      "gapShiftMinutes": 0
    },
    {
      "zone": "America/Bahia_Banderas",
      "date": "2199-12-31",
      "time": "12:00",
      "timeKnown": false,
      "status": "compatible",
      "utc": "2199-12-31T18:00:00.000Z",
      "offsetMinutes": -360,
      "flags": [],
      "gapShiftMinutes": 0
    },
    {
      "zone": "America/Ciudad_Juarez",
      "date": "1800-01-01",
      "time": "00:00",
      "timeKnown": true,
      "status": "compatible",
      "utc": "1800-01-01T07:05:56.000Z",
      "offsetMinutes": -425.93333333333334,
      "flags": [
        "lmt"
      ],
      "gapShiftMinutes": 0
    },
    {
      "zone": "America/Ciudad_Juarez",
      "date": "1800-01-01",
      "time": "23:59",
      "timeKnown": true,
      "status": "compatible",
      "utc": "1800-01-02T07:04:56.000Z",
      "offsetMinutes": -425.93333333333334,
      "flags": [
        "lmt"
      ],
      "gapShiftMinutes": 0
    },
    {
      "zone": "America/Ciudad_Juarez",
      "date": "1800-01-01",
      "time": "12:00",
      "timeKnown": false,
      "status": "compatible",
      "utc": "1800-01-01T19:05:56.000Z",
      "offsetMinutes": -425.93333333333334,
      "flags": [
        "lmt"
      ],
      "gapShiftMinutes": 0
    },
    {
      "zone": "America/Ciudad_Juarez",
      "date": "2199-12-31",
      "time": "00:00",
      "timeKnown": true,
      "status": "compatible",
      "utc": "2199-12-31T07:00:00.000Z",
      "offsetMinutes": -420,
      "flags": [],
      "gapShiftMinutes": 0
    },
    {
      "zone": "America/Ciudad_Juarez",
      "date": "2199-12-31",
      "time": "23:59",
      "timeKnown": true,
      "status": "compatible",
      "utc": "2200-01-01T06:59:00.000Z",
      "offsetMinutes": -420,
      "flags": [],
      "gapShiftMinutes": 0
    },
    {
      "zone": "America/Ciudad_Juarez",
      "date": "2199-12-31",
      "time": "12:00",
      "timeKnown": false,
      "status": "compatible",
      "utc": "2199-12-31T19:00:00.000Z",
      "offsetMinutes": -420,
      "flags": [],
      "gapShiftMinutes": 0
    },
    {
      "zone": "Asia/Kuala_Lumpur",
      "date": "1800-01-01",
      "time": "00:00",
      "timeKnown": true,
      "status": "compatible",
      "utc": "1799-12-31T17:04:35.000Z",
      "offsetMinutes": 415.4166666666667,
      "flags": [
        "lmt"
      ],
      "gapShiftMinutes": 0
    },
    {
      "zone": "Asia/Kuala_Lumpur",
      "date": "1800-01-01",
      "time": "23:59",
      "timeKnown": true,
      "status": "compatible",
      "utc": "1800-01-01T17:03:35.000Z",
      "offsetMinutes": 415.4166666666667,
      "flags": [
        "lmt"
      ],
      "gapShiftMinutes": 0
    },
    {
      "zone": "Asia/Kuala_Lumpur",
      "date": "1800-01-01",
      "time": "12:00",
      "timeKnown": false,
      "status": "compatible",
      "utc": "1800-01-01T05:04:35.000Z",
      "offsetMinutes": 415.4166666666667,
      "flags": [
        "lmt"
      ],
      "gapShiftMinutes": 0
    },
    {
      "zone": "Asia/Kuala_Lumpur",
      "date": "2199-12-31",
      "time": "00:00",
      "timeKnown": true,
      "status": "compatible",
      "utc": "2199-12-30T16:00:00.000Z",
      "offsetMinutes": 480,
      "flags": [],
      "gapShiftMinutes": 0
    },
    {
      "zone": "Asia/Kuala_Lumpur",
      "date": "2199-12-31",
      "time": "23:59",
      "timeKnown": true,
      "status": "compatible",
      "utc": "2199-12-31T15:59:00.000Z",
      "offsetMinutes": 480,
      "flags": [],
      "gapShiftMinutes": 0
    },
    {
      "zone": "Asia/Kuala_Lumpur",
      "date": "2199-12-31",
      "time": "12:00",
      "timeKnown": false,
      "status": "compatible",
      "utc": "2199-12-31T04:00:00.000Z",
      "offsetMinutes": 480,
      "flags": [],
      "gapShiftMinutes": 0
    },
    {
      "zone": "Asia/Kuching",
      "date": "1800-01-01",
      "time": "00:00",
      "timeKnown": true,
      "status": "compatible",
      "utc": "1799-12-31T16:38:40.000Z",
      "offsetMinutes": 441.3333333333333,
      "flags": [
        "lmt"
      ],
      "gapShiftMinutes": 0
    },
    {
      "zone": "Asia/Kuching",
      "date": "1800-01-01",
      "time": "23:59",
      "timeKnown": true,
      "status": "compatible",
      "utc": "1800-01-01T16:37:40.000Z",
      "offsetMinutes": 441.3333333333333,
      "flags": [
        "lmt"
      ],
      "gapShiftMinutes": 0
    },
    {
      "zone": "Asia/Kuching",
      "date": "1800-01-01",
      "time": "12:00",
      "timeKnown": false,
      "status": "compatible",
      "utc": "1800-01-01T04:38:40.000Z",
      "offsetMinutes": 441.3333333333333,
      "flags": [
        "lmt"
      ],
      "gapShiftMinutes": 0
    },
    {
      "zone": "Asia/Kuching",
      "date": "2199-12-31",
      "time": "00:00",
      "timeKnown": true,
      "status": "compatible",
      "utc": "2199-12-30T16:00:00.000Z",
      "offsetMinutes": 480,
      "flags": [],
      "gapShiftMinutes": 0
    },
    {
      "zone": "Asia/Kuching",
      "date": "2199-12-31",
      "time": "23:59",
      "timeKnown": true,
      "status": "compatible",
      "utc": "2199-12-31T15:59:00.000Z",
      "offsetMinutes": 480,
      "flags": [],
      "gapShiftMinutes": 0
    },
    {
      "zone": "Asia/Kuching",
      "date": "2199-12-31",
      "time": "12:00",
      "timeKnown": false,
      "status": "compatible",
      "utc": "2199-12-31T04:00:00.000Z",
      "offsetMinutes": 480,
      "flags": [],
      "gapShiftMinutes": 0
    },
    {
      "zone": "Africa/Maputo",
      "date": "1800-01-01",
      "time": "00:00",
      "timeKnown": true,
      "status": "compatible",
      "utc": "1799-12-31T21:49:42.000Z",
      "offsetMinutes": 130.3,
      "flags": [
        "lmt"
      ],
      "gapShiftMinutes": 0
    },
    {
      "zone": "Africa/Maputo",
      "date": "1800-01-01",
      "time": "23:59",
      "timeKnown": true,
      "status": "compatible",
      "utc": "1800-01-01T21:48:42.000Z",
      "offsetMinutes": 130.3,
      "flags": [
        "lmt"
      ],
      "gapShiftMinutes": 0
    },
    {
      "zone": "Africa/Maputo",
      "date": "1800-01-01",
      "time": "12:00",
      "timeKnown": false,
      "status": "compatible",
      "utc": "1800-01-01T09:49:42.000Z",
      "offsetMinutes": 130.3,
      "flags": [
        "lmt"
      ],
      "gapShiftMinutes": 0
    },
    {
      "zone": "Africa/Maputo",
      "date": "2199-12-31",
      "time": "00:00",
      "timeKnown": true,
      "status": "compatible",
      "utc": "2199-12-30T22:00:00.000Z",
      "offsetMinutes": 120,
      "flags": [],
      "gapShiftMinutes": 0
    },
    {
      "zone": "Africa/Maputo",
      "date": "2199-12-31",
      "time": "23:59",
      "timeKnown": true,
      "status": "compatible",
      "utc": "2199-12-31T21:59:00.000Z",
      "offsetMinutes": 120,
      "flags": [],
      "gapShiftMinutes": 0
    },
    {
      "zone": "Africa/Maputo",
      "date": "2199-12-31",
      "time": "12:00",
      "timeKnown": false,
      "status": "compatible",
      "utc": "2199-12-31T10:00:00.000Z",
      "offsetMinutes": 120,
      "flags": [],
      "gapShiftMinutes": 0
    },
    {
      "zone": "Africa/Windhoek",
      "date": "1800-01-01",
      "time": "00:00",
      "timeKnown": true,
      "status": "compatible",
      "utc": "1799-12-31T22:51:36.000Z",
      "offsetMinutes": 68.4,
      "flags": [
        "lmt"
      ],
      "gapShiftMinutes": 0
    },
    {
      "zone": "Africa/Windhoek",
      "date": "1800-01-01",
      "time": "23:59",
      "timeKnown": true,
      "status": "compatible",
      "utc": "1800-01-01T22:50:36.000Z",
      "offsetMinutes": 68.4,
      "flags": [
        "lmt"
      ],
      "gapShiftMinutes": 0
    },
    {
      "zone": "Africa/Windhoek",
      "date": "1800-01-01",
      "time": "12:00",
      "timeKnown": false,
      "status": "compatible",
      "utc": "1800-01-01T10:51:36.000Z",
      "offsetMinutes": 68.4,
      "flags": [
        "lmt"
      ],
      "gapShiftMinutes": 0
    },
    {
      "zone": "Africa/Windhoek",
      "date": "2199-12-31",
      "time": "00:00",
      "timeKnown": true,
      "status": "compatible",
      "utc": "2199-12-30T22:00:00.000Z",
      "offsetMinutes": 120,
      "flags": [],
      "gapShiftMinutes": 0
    },
    {
      "zone": "Africa/Windhoek",
      "date": "2199-12-31",
      "time": "23:59",
      "timeKnown": true,
      "status": "compatible",
      "utc": "2199-12-31T21:59:00.000Z",
      "offsetMinutes": 120,
      "flags": [],
      "gapShiftMinutes": 0
    },
    {
      "zone": "Africa/Windhoek",
      "date": "2199-12-31",
      "time": "12:00",
      "timeKnown": false,
      "status": "compatible",
      "utc": "2199-12-31T10:00:00.000Z",
      "offsetMinutes": 120,
      "flags": [],
      "gapShiftMinutes": 0
    },
    {
      "zone": "Pacific/Noumea",
      "date": "1800-01-01",
      "time": "00:00",
      "timeKnown": true,
      "status": "compatible",
      "utc": "1799-12-31T12:54:12.000Z",
      "offsetMinutes": 665.8,
      "flags": [
        "lmt"
      ],
      "gapShiftMinutes": 0
    },
    {
      "zone": "Pacific/Noumea",
      "date": "1800-01-01",
      "time": "23:59",
      "timeKnown": true,
      "status": "compatible",
      "utc": "1800-01-01T12:53:12.000Z",
      "offsetMinutes": 665.8,
      "flags": [
        "lmt"
      ],
      "gapShiftMinutes": 0
    },
    {
      "zone": "Pacific/Noumea",
      "date": "1800-01-01",
      "time": "12:00",
      "timeKnown": false,
      "status": "compatible",
      "utc": "1800-01-01T00:54:12.000Z",
      "offsetMinutes": 665.8,
      "flags": [
        "lmt"
      ],
      "gapShiftMinutes": 0
    },
    {
      "zone": "Pacific/Noumea",
      "date": "2199-12-31",
      "time": "00:00",
      "timeKnown": true,
      "status": "compatible",
      "utc": "2199-12-30T13:00:00.000Z",
      "offsetMinutes": 660,
      "flags": [],
      "gapShiftMinutes": 0
    },
    {
      "zone": "Pacific/Noumea",
      "date": "2199-12-31",
      "time": "23:59",
      "timeKnown": true,
      "status": "compatible",
      "utc": "2199-12-31T12:59:00.000Z",
      "offsetMinutes": 660,
      "flags": [],
      "gapShiftMinutes": 0
    },
    {
      "zone": "Pacific/Noumea",
      "date": "2199-12-31",
      "time": "12:00",
      "timeKnown": false,
      "status": "compatible",
      "utc": "2199-12-31T01:00:00.000Z",
      "offsetMinutes": 660,
      "flags": [],
      "gapShiftMinutes": 0
    },
    {
      "zone": "Africa/Niamey",
      "date": "1800-01-01",
      "time": "00:00",
      "timeKnown": true,
      "status": "compatible",
      "utc": "1799-12-31T23:46:25.000Z",
      "offsetMinutes": 13.583333333333334,
      "flags": [
        "lmt"
      ],
      "gapShiftMinutes": 0
    },
    {
      "zone": "Africa/Niamey",
      "date": "1800-01-01",
      "time": "23:59",
      "timeKnown": true,
      "status": "compatible",
      "utc": "1800-01-01T23:45:25.000Z",
      "offsetMinutes": 13.583333333333334,
      "flags": [
        "lmt"
      ],
      "gapShiftMinutes": 0
    },
    {
      "zone": "Africa/Niamey",
      "date": "1800-01-01",
      "time": "12:00",
      "timeKnown": false,
      "status": "compatible",
      "utc": "1800-01-01T11:46:25.000Z",
      "offsetMinutes": 13.583333333333334,
      "flags": [
        "lmt"
      ],
      "gapShiftMinutes": 0
    },
    {
      "zone": "Africa/Niamey",
      "date": "2199-12-31",
      "time": "00:00",
      "timeKnown": true,
      "status": "compatible",
      "utc": "2199-12-30T23:00:00.000Z",
      "offsetMinutes": 60,
      "flags": [],
      "gapShiftMinutes": 0
    },
    {
      "zone": "Africa/Niamey",
      "date": "2199-12-31",
      "time": "23:59",
      "timeKnown": true,
      "status": "compatible",
      "utc": "2199-12-31T22:59:00.000Z",
      "offsetMinutes": 60,
      "flags": [],
      "gapShiftMinutes": 0
    },
    {
      "zone": "Africa/Niamey",
      "date": "2199-12-31",
      "time": "12:00",
      "timeKnown": false,
      "status": "compatible",
      "utc": "2199-12-31T11:00:00.000Z",
      "offsetMinutes": 60,
      "flags": [],
      "gapShiftMinutes": 0
    },
    {
      "zone": "Pacific/Norfolk",
      "date": "1800-01-01",
      "time": "00:00",
      "timeKnown": true,
      "status": "compatible",
      "utc": "1799-12-31T12:48:08.000Z",
      "offsetMinutes": 671.8666666666667,
      "flags": [
        "lmt"
      ],
      "gapShiftMinutes": 0
    },
    {
      "zone": "Pacific/Norfolk",
      "date": "1800-01-01",
      "time": "23:59",
      "timeKnown": true,
      "status": "compatible",
      "utc": "1800-01-01T12:47:08.000Z",
      "offsetMinutes": 671.8666666666667,
      "flags": [
        "lmt"
      ],
      "gapShiftMinutes": 0
    },
    {
      "zone": "Pacific/Norfolk",
      "date": "1800-01-01",
      "time": "12:00",
      "timeKnown": false,
      "status": "compatible",
      "utc": "1800-01-01T00:48:08.000Z",
      "offsetMinutes": 671.8666666666667,
      "flags": [
        "lmt"
      ],
      "gapShiftMinutes": 0
    },
    {
      "zone": "Pacific/Norfolk",
      "date": "2199-12-31",
      "time": "00:00",
      "timeKnown": true,
      "status": "compatible",
      "utc": "2199-12-30T12:00:00.000Z",
      "offsetMinutes": 720,
      "flags": [],
      "gapShiftMinutes": 0
    },
    {
      "zone": "Pacific/Norfolk",
      "date": "2199-12-31",
      "time": "23:59",
      "timeKnown": true,
      "status": "compatible",
      "utc": "2199-12-31T11:59:00.000Z",
      "offsetMinutes": 720,
      "flags": [],
      "gapShiftMinutes": 0
    },
    {
      "zone": "Pacific/Norfolk",
      "date": "2199-12-31",
      "time": "12:00",
      "timeKnown": false,
      "status": "compatible",
      "utc": "2199-12-31T00:00:00.000Z",
      "offsetMinutes": 720,
      "flags": [],
      "gapShiftMinutes": 0
    },
    {
      "zone": "Africa/Lagos",
      "date": "1800-01-01",
      "time": "00:00",
      "timeKnown": true,
      "status": "compatible",
      "utc": "1799-12-31T23:46:25.000Z",
      "offsetMinutes": 13.583333333333334,
      "flags": [
        "lmt"
      ],
      "gapShiftMinutes": 0
    },
    {
      "zone": "Africa/Lagos",
      "date": "1800-01-01",
      "time": "23:59",
      "timeKnown": true,
      "status": "compatible",
      "utc": "1800-01-01T23:45:25.000Z",
      "offsetMinutes": 13.583333333333334,
      "flags": [
        "lmt"
      ],
      "gapShiftMinutes": 0
    },
    {
      "zone": "Africa/Lagos",
      "date": "1800-01-01",
      "time": "12:00",
      "timeKnown": false,
      "status": "compatible",
      "utc": "1800-01-01T11:46:25.000Z",
      "offsetMinutes": 13.583333333333334,
      "flags": [
        "lmt"
      ],
      "gapShiftMinutes": 0
    },
    {
      "zone": "Africa/Lagos",
      "date": "2199-12-31",
      "time": "00:00",
      "timeKnown": true,
      "status": "compatible",
      "utc": "2199-12-30T23:00:00.000Z",
      "offsetMinutes": 60,
      "flags": [],
      "gapShiftMinutes": 0
    },
    {
      "zone": "Africa/Lagos",
      "date": "2199-12-31",
      "time": "23:59",
      "timeKnown": true,
      "status": "compatible",
      "utc": "2199-12-31T22:59:00.000Z",
      "offsetMinutes": 60,
      "flags": [],
      "gapShiftMinutes": 0
    },
    {
      "zone": "Africa/Lagos",
      "date": "2199-12-31",
      "time": "12:00",
      "timeKnown": false,
      "status": "compatible",
      "utc": "2199-12-31T11:00:00.000Z",
      "offsetMinutes": 60,
      "flags": [],
      "gapShiftMinutes": 0
    },
    {
      "zone": "America/Managua",
      "date": "1800-01-01",
      "time": "00:00",
      "timeKnown": true,
      "status": "compatible",
      "utc": "1800-01-01T05:45:08.000Z",
      "offsetMinutes": -345.1333333333333,
      "flags": [
        "lmt"
      ],
      "gapShiftMinutes": 0
    },
    {
      "zone": "America/Managua",
      "date": "1800-01-01",
      "time": "23:59",
      "timeKnown": true,
      "status": "compatible",
      "utc": "1800-01-02T05:44:08.000Z",
      "offsetMinutes": -345.1333333333333,
      "flags": [
        "lmt"
      ],
      "gapShiftMinutes": 0
    },
    {
      "zone": "America/Managua",
      "date": "1800-01-01",
      "time": "12:00",
      "timeKnown": false,
      "status": "compatible",
      "utc": "1800-01-01T17:45:08.000Z",
      "offsetMinutes": -345.1333333333333,
      "flags": [
        "lmt"
      ],
      "gapShiftMinutes": 0
    },
    {
      "zone": "America/Managua",
      "date": "2199-12-31",
      "time": "00:00",
      "timeKnown": true,
      "status": "compatible",
      "utc": "2199-12-31T06:00:00.000Z",
      "offsetMinutes": -360,
      "flags": [],
      "gapShiftMinutes": 0
    },
    {
      "zone": "America/Managua",
      "date": "2199-12-31",
      "time": "23:59",
      "timeKnown": true,
      "status": "compatible",
      "utc": "2200-01-01T05:59:00.000Z",
      "offsetMinutes": -360,
      "flags": [],
      "gapShiftMinutes": 0
    },
    {
      "zone": "America/Managua",
      "date": "2199-12-31",
      "time": "12:00",
      "timeKnown": false,
      "status": "compatible",
      "utc": "2199-12-31T18:00:00.000Z",
      "offsetMinutes": -360,
      "flags": [],
      "gapShiftMinutes": 0
    },
    {
      "zone": "Europe/Amsterdam",
      "date": "1800-01-01",
      "time": "00:00",
      "timeKnown": true,
      "status": "compatible",
      "utc": "1799-12-31T23:42:30.000Z",
      "offsetMinutes": 17.5,
      "flags": [
        "lmt"
      ],
      "gapShiftMinutes": 0
    },
    {
      "zone": "Europe/Amsterdam",
      "date": "1800-01-01",
      "time": "23:59",
      "timeKnown": true,
      "status": "compatible",
      "utc": "1800-01-01T23:41:30.000Z",
      "offsetMinutes": 17.5,
      "flags": [
        "lmt"
      ],
      "gapShiftMinutes": 0
    },
    {
      "zone": "Europe/Amsterdam",
      "date": "1800-01-01",
      "time": "12:00",
      "timeKnown": false,
      "status": "compatible",
      "utc": "1800-01-01T11:42:30.000Z",
      "offsetMinutes": 17.5,
      "flags": [
        "lmt"
      ],
      "gapShiftMinutes": 0
    },
    {
      "zone": "Europe/Amsterdam",
      "date": "2199-12-31",
      "time": "00:00",
      "timeKnown": true,
      "status": "compatible",
      "utc": "2199-12-30T23:00:00.000Z",
      "offsetMinutes": 60,
      "flags": [],
      "gapShiftMinutes": 0
    },
    {
      "zone": "Europe/Amsterdam",
      "date": "2199-12-31",
      "time": "23:59",
      "timeKnown": true,
      "status": "compatible",
      "utc": "2199-12-31T22:59:00.000Z",
      "offsetMinutes": 60,
      "flags": [],
      "gapShiftMinutes": 0
    },
    {
      "zone": "Europe/Amsterdam",
      "date": "2199-12-31",
      "time": "12:00",
      "timeKnown": false,
      "status": "compatible",
      "utc": "2199-12-31T11:00:00.000Z",
      "offsetMinutes": 60,
      "flags": [],
      "gapShiftMinutes": 0
    },
    {
      "zone": "Europe/Oslo",
      "date": "1800-01-01",
      "time": "00:00",
      "timeKnown": true,
      "status": "compatible",
      "utc": "1799-12-31T23:06:32.000Z",
      "offsetMinutes": 53.46666666666667,
      "flags": [
        "lmt"
      ],
      "gapShiftMinutes": 0
    },
    {
      "zone": "Europe/Oslo",
      "date": "1800-01-01",
      "time": "23:59",
      "timeKnown": true,
      "status": "compatible",
      "utc": "1800-01-01T23:05:32.000Z",
      "offsetMinutes": 53.46666666666667,
      "flags": [
        "lmt"
      ],
      "gapShiftMinutes": 0
    },
    {
      "zone": "Europe/Oslo",
      "date": "1800-01-01",
      "time": "12:00",
      "timeKnown": false,
      "status": "compatible",
      "utc": "1800-01-01T11:06:32.000Z",
      "offsetMinutes": 53.46666666666667,
      "flags": [
        "lmt"
      ],
      "gapShiftMinutes": 0
    },
    {
      "zone": "Europe/Oslo",
      "date": "2199-12-31",
      "time": "00:00",
      "timeKnown": true,
      "status": "compatible",
      "utc": "2199-12-30T23:00:00.000Z",
      "offsetMinutes": 60,
      "flags": [],
      "gapShiftMinutes": 0
    },
    {
      "zone": "Europe/Oslo",
      "date": "2199-12-31",
      "time": "23:59",
      "timeKnown": true,
      "status": "compatible",
      "utc": "2199-12-31T22:59:00.000Z",
      "offsetMinutes": 60,
      "flags": [],
      "gapShiftMinutes": 0
    },
    {
      "zone": "Europe/Oslo",
      "date": "2199-12-31",
      "time": "12:00",
      "timeKnown": false,
      "status": "compatible",
      "utc": "2199-12-31T11:00:00.000Z",
      "offsetMinutes": 60,
      "flags": [],
      "gapShiftMinutes": 0
    },
    {
      "zone": "Asia/Kathmandu",
      "date": "1800-01-01",
      "time": "00:00",
      "timeKnown": true,
      "status": "compatible",
      "utc": "1799-12-31T18:18:44.000Z",
      "offsetMinutes": 341.26666666666665,
      "flags": [
        "lmt"
      ],
      "gapShiftMinutes": 0
    },
    {
      "zone": "Asia/Kathmandu",
      "date": "1800-01-01",
      "time": "23:59",
      "timeKnown": true,
      "status": "compatible",
      "utc": "1800-01-01T18:17:44.000Z",
      "offsetMinutes": 341.26666666666665,
      "flags": [
        "lmt"
      ],
      "gapShiftMinutes": 0
    },
    {
      "zone": "Asia/Kathmandu",
      "date": "1800-01-01",
      "time": "12:00",
      "timeKnown": false,
      "status": "compatible",
      "utc": "1800-01-01T06:18:44.000Z",
      "offsetMinutes": 341.26666666666665,
      "flags": [
        "lmt"
      ],
      "gapShiftMinutes": 0
    },
    {
      "zone": "Asia/Kathmandu",
      "date": "2199-12-31",
      "time": "00:00",
      "timeKnown": true,
      "status": "compatible",
      "utc": "2199-12-30T18:15:00.000Z",
      "offsetMinutes": 345,
      "flags": [],
      "gapShiftMinutes": 0
    },
    {
      "zone": "Asia/Kathmandu",
      "date": "2199-12-31",
      "time": "23:59",
      "timeKnown": true,
      "status": "compatible",
      "utc": "2199-12-31T18:14:00.000Z",
      "offsetMinutes": 345,
      "flags": [],
      "gapShiftMinutes": 0
    },
    {
      "zone": "Asia/Kathmandu",
      "date": "2199-12-31",
      "time": "12:00",
      "timeKnown": false,
      "status": "compatible",
      "utc": "2199-12-31T06:15:00.000Z",
      "offsetMinutes": 345,
      "flags": [],
      "gapShiftMinutes": 0
    },
    {
      "zone": "Pacific/Nauru",
      "date": "1800-01-01",
      "time": "00:00",
      "timeKnown": true,
      "status": "compatible",
      "utc": "1799-12-31T12:52:20.000Z",
      "offsetMinutes": 667.6666666666666,
      "flags": [
        "lmt"
      ],
      "gapShiftMinutes": 0
    },
    {
      "zone": "Pacific/Nauru",
      "date": "1800-01-01",
      "time": "23:59",
      "timeKnown": true,
      "status": "compatible",
      "utc": "1800-01-01T12:51:20.000Z",
      "offsetMinutes": 667.6666666666666,
      "flags": [
        "lmt"
      ],
      "gapShiftMinutes": 0
    },
    {
      "zone": "Pacific/Nauru",
      "date": "1800-01-01",
      "time": "12:00",
      "timeKnown": false,
      "status": "compatible",
      "utc": "1800-01-01T00:52:20.000Z",
      "offsetMinutes": 667.6666666666666,
      "flags": [
        "lmt"
      ],
      "gapShiftMinutes": 0
    },
    {
      "zone": "Pacific/Nauru",
      "date": "2199-12-31",
      "time": "00:00",
      "timeKnown": true,
      "status": "compatible",
      "utc": "2199-12-30T12:00:00.000Z",
      "offsetMinutes": 720,
      "flags": [],
      "gapShiftMinutes": 0
    },
    {
      "zone": "Pacific/Nauru",
      "date": "2199-12-31",
      "time": "23:59",
      "timeKnown": true,
      "status": "compatible",
      "utc": "2199-12-31T11:59:00.000Z",
      "offsetMinutes": 720,
      "flags": [],
      "gapShiftMinutes": 0
    },
    {
      "zone": "Pacific/Nauru",
      "date": "2199-12-31",
      "time": "12:00",
      "timeKnown": false,
      "status": "compatible",
      "utc": "2199-12-31T00:00:00.000Z",
      "offsetMinutes": 720,
      "flags": [],
      "gapShiftMinutes": 0
    },
    {
      "zone": "Pacific/Niue",
      "date": "1800-01-01",
      "time": "00:00",
      "timeKnown": true,
      "status": "compatible",
      "utc": "1800-01-01T11:19:40.000Z",
      "offsetMinutes": -679.6666666666666,
      "flags": [
        "lmt"
      ],
      "gapShiftMinutes": 0
    },
    {
      "zone": "Pacific/Niue",
      "date": "1800-01-01",
      "time": "23:59",
      "timeKnown": true,
      "status": "compatible",
      "utc": "1800-01-02T11:18:40.000Z",
      "offsetMinutes": -679.6666666666666,
      "flags": [
        "lmt"
      ],
      "gapShiftMinutes": 0
    },
    {
      "zone": "Pacific/Niue",
      "date": "1800-01-01",
      "time": "12:00",
      "timeKnown": false,
      "status": "compatible",
      "utc": "1800-01-01T23:19:40.000Z",
      "offsetMinutes": -679.6666666666666,
      "flags": [
        "lmt"
      ],
      "gapShiftMinutes": 0
    },
    {
      "zone": "Pacific/Niue",
      "date": "2199-12-31",
      "time": "00:00",
      "timeKnown": true,
      "status": "compatible",
      "utc": "2199-12-31T11:00:00.000Z",
      "offsetMinutes": -660,
      "flags": [],
      "gapShiftMinutes": 0
    },
    {
      "zone": "Pacific/Niue",
      "date": "2199-12-31",
      "time": "23:59",
      "timeKnown": true,
      "status": "compatible",
      "utc": "2200-01-01T10:59:00.000Z",
      "offsetMinutes": -660,
      "flags": [],
      "gapShiftMinutes": 0
    },
    {
      "zone": "Pacific/Niue",
      "date": "2199-12-31",
      "time": "12:00",
      "timeKnown": false,
      "status": "compatible",
      "utc": "2199-12-31T23:00:00.000Z",
      "offsetMinutes": -660,
      "flags": [],
      "gapShiftMinutes": 0
    },
    {
      "zone": "Pacific/Auckland",
      "date": "1800-01-01",
      "time": "00:00",
      "timeKnown": true,
      "status": "compatible",
      "utc": "1799-12-31T12:20:56.000Z",
      "offsetMinutes": 699.0666666666667,
      "flags": [
        "lmt"
      ],
      "gapShiftMinutes": 0
    },
    {
      "zone": "Pacific/Auckland",
      "date": "1800-01-01",
      "time": "23:59",
      "timeKnown": true,
      "status": "compatible",
      "utc": "1800-01-01T12:19:56.000Z",
      "offsetMinutes": 699.0666666666667,
      "flags": [
        "lmt"
      ],
      "gapShiftMinutes": 0
    },
    {
      "zone": "Pacific/Auckland",
      "date": "1800-01-01",
      "time": "12:00",
      "timeKnown": false,
      "status": "compatible",
      "utc": "1800-01-01T00:20:56.000Z",
      "offsetMinutes": 699.0666666666667,
      "flags": [
        "lmt"
      ],
      "gapShiftMinutes": 0
    },
    {
      "zone": "Pacific/Auckland",
      "date": "2199-12-31",
      "time": "00:00",
      "timeKnown": true,
      "status": "compatible",
      "utc": "2199-12-30T11:00:00.000Z",
      "offsetMinutes": 780,
      "flags": [],
      "gapShiftMinutes": 0
    },
    {
      "zone": "Pacific/Auckland",
      "date": "2199-12-31",
      "time": "23:59",
      "timeKnown": true,
      "status": "compatible",
      "utc": "2199-12-31T10:59:00.000Z",
      "offsetMinutes": 780,
      "flags": [],
      "gapShiftMinutes": 0
    },
    {
      "zone": "Pacific/Auckland",
      "date": "2199-12-31",
      "time": "12:00",
      "timeKnown": false,
      "status": "compatible",
      "utc": "2199-12-30T23:00:00.000Z",
      "offsetMinutes": 780,
      "flags": [],
      "gapShiftMinutes": 0
    },
    {
      "zone": "Asia/Muscat",
      "date": "1800-01-01",
      "time": "00:00",
      "timeKnown": true,
      "status": "compatible",
      "utc": "1799-12-31T20:18:48.000Z",
      "offsetMinutes": 221.2,
      "flags": [
        "lmt"
      ],
      "gapShiftMinutes": 0
    },
    {
      "zone": "Asia/Muscat",
      "date": "1800-01-01",
      "time": "23:59",
      "timeKnown": true,
      "status": "compatible",
      "utc": "1800-01-01T20:17:48.000Z",
      "offsetMinutes": 221.2,
      "flags": [
        "lmt"
      ],
      "gapShiftMinutes": 0
    },
    {
      "zone": "Asia/Muscat",
      "date": "1800-01-01",
      "time": "12:00",
      "timeKnown": false,
      "status": "compatible",
      "utc": "1800-01-01T08:18:48.000Z",
      "offsetMinutes": 221.2,
      "flags": [
        "lmt"
      ],
      "gapShiftMinutes": 0
    },
    {
      "zone": "Asia/Muscat",
      "date": "2199-12-31",
      "time": "00:00",
      "timeKnown": true,
      "status": "compatible",
      "utc": "2199-12-30T20:00:00.000Z",
      "offsetMinutes": 240,
      "flags": [],
      "gapShiftMinutes": 0
    },
    {
      "zone": "Asia/Muscat",
      "date": "2199-12-31",
      "time": "23:59",
      "timeKnown": true,
      "status": "compatible",
      "utc": "2199-12-31T19:59:00.000Z",
      "offsetMinutes": 240,
      "flags": [],
      "gapShiftMinutes": 0
    },
    {
      "zone": "Asia/Muscat",
      "date": "2199-12-31",
      "time": "12:00",
      "timeKnown": false,
      "status": "compatible",
      "utc": "2199-12-31T08:00:00.000Z",
      "offsetMinutes": 240,
      "flags": [],
      "gapShiftMinutes": 0
    },
    {
      "zone": "America/Panama",
      "date": "1800-01-01",
      "time": "00:00",
      "timeKnown": true,
      "status": "compatible",
      "utc": "1800-01-01T05:18:08.000Z",
      "offsetMinutes": -318.1333333333333,
      "flags": [
        "lmt"
      ],
      "gapShiftMinutes": 0
    },
    {
      "zone": "America/Panama",
      "date": "1800-01-01",
      "time": "23:59",
      "timeKnown": true,
      "status": "compatible",
      "utc": "1800-01-02T05:17:08.000Z",
      "offsetMinutes": -318.1333333333333,
      "flags": [
        "lmt"
      ],
      "gapShiftMinutes": 0
    },
    {
      "zone": "America/Panama",
      "date": "1800-01-01",
      "time": "12:00",
      "timeKnown": false,
      "status": "compatible",
      "utc": "1800-01-01T17:18:08.000Z",
      "offsetMinutes": -318.1333333333333,
      "flags": [
        "lmt"
      ],
      "gapShiftMinutes": 0
    },
    {
      "zone": "America/Panama",
      "date": "2199-12-31",
      "time": "00:00",
      "timeKnown": true,
      "status": "compatible",
      "utc": "2199-12-31T05:00:00.000Z",
      "offsetMinutes": -300,
      "flags": [],
      "gapShiftMinutes": 0
    },
    {
      "zone": "America/Panama",
      "date": "2199-12-31",
      "time": "23:59",
      "timeKnown": true,
      "status": "compatible",
      "utc": "2200-01-01T04:59:00.000Z",
      "offsetMinutes": -300,
      "flags": [],
      "gapShiftMinutes": 0
    },
    {
      "zone": "America/Panama",
      "date": "2199-12-31",
      "time": "12:00",
      "timeKnown": false,
      "status": "compatible",
      "utc": "2199-12-31T17:00:00.000Z",
      "offsetMinutes": -300,
      "flags": [],
      "gapShiftMinutes": 0
    },
    {
      "zone": "America/Lima",
      "date": "1800-01-01",
      "time": "00:00",
      "timeKnown": true,
      "status": "compatible",
      "utc": "1800-01-01T05:08:12.000Z",
      "offsetMinutes": -308.2,
      "flags": [
        "lmt"
      ],
      "gapShiftMinutes": 0
    },
    {
      "zone": "America/Lima",
      "date": "1800-01-01",
      "time": "23:59",
      "timeKnown": true,
      "status": "compatible",
      "utc": "1800-01-02T05:07:12.000Z",
      "offsetMinutes": -308.2,
      "flags": [
        "lmt"
      ],
      "gapShiftMinutes": 0
    },
    {
      "zone": "America/Lima",
      "date": "1800-01-01",
      "time": "12:00",
      "timeKnown": false,
      "status": "compatible",
      "utc": "1800-01-01T17:08:12.000Z",
      "offsetMinutes": -308.2,
      "flags": [
        "lmt"
      ],
      "gapShiftMinutes": 0
    },
    {
      "zone": "America/Lima",
      "date": "2199-12-31",
      "time": "00:00",
      "timeKnown": true,
      "status": "compatible",
      "utc": "2199-12-31T05:00:00.000Z",
      "offsetMinutes": -300,
      "flags": [],
      "gapShiftMinutes": 0
    },
    {
      "zone": "America/Lima",
      "date": "2199-12-31",
      "time": "23:59",
      "timeKnown": true,
      "status": "compatible",
      "utc": "2200-01-01T04:59:00.000Z",
      "offsetMinutes": -300,
      "flags": [],
      "gapShiftMinutes": 0
    },
    {
      "zone": "America/Lima",
      "date": "2199-12-31",
      "time": "12:00",
      "timeKnown": false,
      "status": "compatible",
      "utc": "2199-12-31T17:00:00.000Z",
      "offsetMinutes": -300,
      "flags": [],
      "gapShiftMinutes": 0
    },
    {
      "zone": "Pacific/Tahiti",
      "date": "1800-01-01",
      "time": "00:00",
      "timeKnown": true,
      "status": "compatible",
      "utc": "1800-01-01T09:58:16.000Z",
      "offsetMinutes": -598.2666666666667,
      "flags": [
        "lmt"
      ],
      "gapShiftMinutes": 0
    },
    {
      "zone": "Pacific/Tahiti",
      "date": "1800-01-01",
      "time": "23:59",
      "timeKnown": true,
      "status": "compatible",
      "utc": "1800-01-02T09:57:16.000Z",
      "offsetMinutes": -598.2666666666667,
      "flags": [
        "lmt"
      ],
      "gapShiftMinutes": 0
    },
    {
      "zone": "Pacific/Tahiti",
      "date": "1800-01-01",
      "time": "12:00",
      "timeKnown": false,
      "status": "compatible",
      "utc": "1800-01-01T21:58:16.000Z",
      "offsetMinutes": -598.2666666666667,
      "flags": [
        "lmt"
      ],
      "gapShiftMinutes": 0
    },
    {
      "zone": "Pacific/Tahiti",
      "date": "2199-12-31",
      "time": "00:00",
      "timeKnown": true,
      "status": "compatible",
      "utc": "2199-12-31T10:00:00.000Z",
      "offsetMinutes": -600,
      "flags": [],
      "gapShiftMinutes": 0
    },
    {
      "zone": "Pacific/Tahiti",
      "date": "2199-12-31",
      "time": "23:59",
      "timeKnown": true,
      "status": "compatible",
      "utc": "2200-01-01T09:59:00.000Z",
      "offsetMinutes": -600,
      "flags": [],
      "gapShiftMinutes": 0
    },
    {
      "zone": "Pacific/Tahiti",
      "date": "2199-12-31",
      "time": "12:00",
      "timeKnown": false,
      "status": "compatible",
      "utc": "2199-12-31T22:00:00.000Z",
      "offsetMinutes": -600,
      "flags": [],
      "gapShiftMinutes": 0
    },
    {
      "zone": "Pacific/Port_Moresby",
      "date": "1800-01-01",
      "time": "00:00",
      "timeKnown": true,
      "status": "compatible",
      "utc": "1799-12-31T14:11:20.000Z",
      "offsetMinutes": 588.6666666666666,
      "flags": [
        "lmt"
      ],
      "gapShiftMinutes": 0
    },
    {
      "zone": "Pacific/Port_Moresby",
      "date": "1800-01-01",
      "time": "23:59",
      "timeKnown": true,
      "status": "compatible",
      "utc": "1800-01-01T14:10:20.000Z",
      "offsetMinutes": 588.6666666666666,
      "flags": [
        "lmt"
      ],
      "gapShiftMinutes": 0
    },
    {
      "zone": "Pacific/Port_Moresby",
      "date": "1800-01-01",
      "time": "12:00",
      "timeKnown": false,
      "status": "compatible",
      "utc": "1800-01-01T02:11:20.000Z",
      "offsetMinutes": 588.6666666666666,
      "flags": [
        "lmt"
      ],
      "gapShiftMinutes": 0
    },
    {
      "zone": "Pacific/Port_Moresby",
      "date": "2199-12-31",
      "time": "00:00",
      "timeKnown": true,
      "status": "compatible",
      "utc": "2199-12-30T14:00:00.000Z",
      "offsetMinutes": 600,
      "flags": [],
      "gapShiftMinutes": 0
    },
    {
      "zone": "Pacific/Port_Moresby",
      "date": "2199-12-31",
      "time": "23:59",
      "timeKnown": true,
      "status": "compatible",
      "utc": "2199-12-31T13:59:00.000Z",
      "offsetMinutes": 600,
      "flags": [],
      "gapShiftMinutes": 0
    },
    {
      "zone": "Pacific/Port_Moresby",
      "date": "2199-12-31",
      "time": "12:00",
      "timeKnown": false,
      "status": "compatible",
      "utc": "2199-12-31T02:00:00.000Z",
      "offsetMinutes": 600,
      "flags": [],
      "gapShiftMinutes": 0
    },
    {
      "zone": "Pacific/Bougainville",
      "date": "1800-01-01",
      "time": "00:00",
      "timeKnown": true,
      "status": "compatible",
      "utc": "1799-12-31T13:37:44.000Z",
      "offsetMinutes": 622.2666666666667,
      "flags": [
        "lmt"
      ],
      "gapShiftMinutes": 0
    },
    {
      "zone": "Pacific/Bougainville",
      "date": "1800-01-01",
      "time": "23:59",
      "timeKnown": true,
      "status": "compatible",
      "utc": "1800-01-01T13:36:44.000Z",
      "offsetMinutes": 622.2666666666667,
      "flags": [
        "lmt"
      ],
      "gapShiftMinutes": 0
    },
    {
      "zone": "Pacific/Bougainville",
      "date": "1800-01-01",
      "time": "12:00",
      "timeKnown": false,
      "status": "compatible",
      "utc": "1800-01-01T01:37:44.000Z",
      "offsetMinutes": 622.2666666666667,
      "flags": [
        "lmt"
      ],
      "gapShiftMinutes": 0
    },
    {
      "zone": "Pacific/Bougainville",
      "date": "2199-12-31",
      "time": "00:00",
      "timeKnown": true,
      "status": "compatible",
      "utc": "2199-12-30T13:00:00.000Z",
      "offsetMinutes": 660,
      "flags": [],
      "gapShiftMinutes": 0
    },
    {
      "zone": "Pacific/Bougainville",
      "date": "2199-12-31",
      "time": "23:59",
      "timeKnown": true,
      "status": "compatible",
      "utc": "2199-12-31T12:59:00.000Z",
      "offsetMinutes": 660,
      "flags": [],
      "gapShiftMinutes": 0
    },
    {
      "zone": "Pacific/Bougainville",
      "date": "2199-12-31",
      "time": "12:00",
      "timeKnown": false,
      "status": "compatible",
      "utc": "2199-12-31T01:00:00.000Z",
      "offsetMinutes": 660,
      "flags": [],
      "gapShiftMinutes": 0
    },
    {
      "zone": "Asia/Manila",
      "date": "1800-01-01",
      "time": "00:00",
      "timeKnown": true,
      "status": "compatible",
      "utc": "1800-01-01T15:56:08.000Z",
      "offsetMinutes": -956.1333333333333,
      "flags": [
        "lmt"
      ],
      "gapShiftMinutes": 0
    },
    {
      "zone": "Asia/Manila",
      "date": "1800-01-01",
      "time": "23:59",
      "timeKnown": true,
      "status": "compatible",
      "utc": "1800-01-02T15:55:08.000Z",
      "offsetMinutes": -956.1333333333333,
      "flags": [
        "lmt"
      ],
      "gapShiftMinutes": 0
    },
    {
      "zone": "Asia/Manila",
      "date": "1800-01-01",
      "time": "12:00",
      "timeKnown": false,
      "status": "compatible",
      "utc": "1800-01-02T03:56:08.000Z",
      "offsetMinutes": -956.1333333333333,
      "flags": [
        "lmt"
      ],
      "gapShiftMinutes": 0
    },
    {
      "zone": "Asia/Manila",
      "date": "2199-12-31",
      "time": "00:00",
      "timeKnown": true,
      "status": "compatible",
      "utc": "2199-12-30T16:00:00.000Z",
      "offsetMinutes": 480,
      "flags": [],
      "gapShiftMinutes": 0
    },
    {
      "zone": "Asia/Manila",
      "date": "2199-12-31",
      "time": "23:59",
      "timeKnown": true,
      "status": "compatible",
      "utc": "2199-12-31T15:59:00.000Z",
      "offsetMinutes": 480,
      "flags": [],
      "gapShiftMinutes": 0
    },
    {
      "zone": "Asia/Manila",
      "date": "2199-12-31",
      "time": "12:00",
      "timeKnown": false,
      "status": "compatible",
      "utc": "2199-12-31T04:00:00.000Z",
      "offsetMinutes": 480,
      "flags": [],
      "gapShiftMinutes": 0
    },
    {
      "zone": "Asia/Karachi",
      "date": "1800-01-01",
      "time": "00:00",
      "timeKnown": true,
      "status": "compatible",
      "utc": "1799-12-31T19:31:48.000Z",
      "offsetMinutes": 268.2,
      "flags": [
        "lmt"
      ],
      "gapShiftMinutes": 0
    },
    {
      "zone": "Asia/Karachi",
      "date": "1800-01-01",
      "time": "23:59",
      "timeKnown": true,
      "status": "compatible",
      "utc": "1800-01-01T19:30:48.000Z",
      "offsetMinutes": 268.2,
      "flags": [
        "lmt"
      ],
      "gapShiftMinutes": 0
    },
    {
      "zone": "Asia/Karachi",
      "date": "1800-01-01",
      "time": "12:00",
      "timeKnown": false,
      "status": "compatible",
      "utc": "1800-01-01T07:31:48.000Z",
      "offsetMinutes": 268.2,
      "flags": [
        "lmt"
      ],
      "gapShiftMinutes": 0
    },
    {
      "zone": "Asia/Karachi",
      "date": "2199-12-31",
      "time": "00:00",
      "timeKnown": true,
      "status": "compatible",
      "utc": "2199-12-30T19:00:00.000Z",
      "offsetMinutes": 300,
      "flags": [],
      "gapShiftMinutes": 0
    },
    {
      "zone": "Asia/Karachi",
      "date": "2199-12-31",
      "time": "23:59",
      "timeKnown": true,
      "status": "compatible",
      "utc": "2199-12-31T18:59:00.000Z",
      "offsetMinutes": 300,
      "flags": [],
      "gapShiftMinutes": 0
    },
    {
      "zone": "Asia/Karachi",
      "date": "2199-12-31",
      "time": "12:00",
      "timeKnown": false,
      "status": "compatible",
      "utc": "2199-12-31T07:00:00.000Z",
      "offsetMinutes": 300,
      "flags": [],
      "gapShiftMinutes": 0
    },
    {
      "zone": "Europe/Warsaw",
      "date": "1800-01-01",
      "time": "00:00",
      "timeKnown": true,
      "status": "compatible",
      "utc": "1799-12-31T22:36:00.000Z",
      "offsetMinutes": 84,
      "flags": [],
      "gapShiftMinutes": 0
    },
    {
      "zone": "Europe/Warsaw",
      "date": "1800-01-01",
      "time": "23:59",
      "timeKnown": true,
      "status": "compatible",
      "utc": "1800-01-01T22:35:00.000Z",
      "offsetMinutes": 84,
      "flags": [],
      "gapShiftMinutes": 0
    },
    {
      "zone": "Europe/Warsaw",
      "date": "1800-01-01",
      "time": "12:00",
      "timeKnown": false,
      "status": "compatible",
      "utc": "1800-01-01T10:36:00.000Z",
      "offsetMinutes": 84,
      "flags": [],
      "gapShiftMinutes": 0
    },
    {
      "zone": "Europe/Warsaw",
      "date": "2199-12-31",
      "time": "00:00",
      "timeKnown": true,
      "status": "compatible",
      "utc": "2199-12-30T23:00:00.000Z",
      "offsetMinutes": 60,
      "flags": [],
      "gapShiftMinutes": 0
    },
    {
      "zone": "Europe/Warsaw",
      "date": "2199-12-31",
      "time": "23:59",
      "timeKnown": true,
      "status": "compatible",
      "utc": "2199-12-31T22:59:00.000Z",
      "offsetMinutes": 60,
      "flags": [],
      "gapShiftMinutes": 0
    },
    {
      "zone": "Europe/Warsaw",
      "date": "2199-12-31",
      "time": "12:00",
      "timeKnown": false,
      "status": "compatible",
      "utc": "2199-12-31T11:00:00.000Z",
      "offsetMinutes": 60,
      "flags": [],
      "gapShiftMinutes": 0
    },
    {
      "zone": "America/Miquelon",
      "date": "1800-01-01",
      "time": "00:00",
      "timeKnown": true,
      "status": "compatible",
      "utc": "1800-01-01T03:44:40.000Z",
      "offsetMinutes": -224.66666666666666,
      "flags": [
        "lmt"
      ],
      "gapShiftMinutes": 0
    },
    {
      "zone": "America/Miquelon",
      "date": "1800-01-01",
      "time": "23:59",
      "timeKnown": true,
      "status": "compatible",
      "utc": "1800-01-02T03:43:40.000Z",
      "offsetMinutes": -224.66666666666666,
      "flags": [
        "lmt"
      ],
      "gapShiftMinutes": 0
    },
    {
      "zone": "America/Miquelon",
      "date": "1800-01-01",
      "time": "12:00",
      "timeKnown": false,
      "status": "compatible",
      "utc": "1800-01-01T15:44:40.000Z",
      "offsetMinutes": -224.66666666666666,
      "flags": [
        "lmt"
      ],
      "gapShiftMinutes": 0
    },
    {
      "zone": "America/Miquelon",
      "date": "2199-12-31",
      "time": "00:00",
      "timeKnown": true,
      "status": "compatible",
      "utc": "2199-12-31T03:00:00.000Z",
      "offsetMinutes": -180,
      "flags": [],
      "gapShiftMinutes": 0
    },
    {
      "zone": "America/Miquelon",
      "date": "2199-12-31",
      "time": "23:59",
      "timeKnown": true,
      "status": "compatible",
      "utc": "2200-01-01T02:59:00.000Z",
      "offsetMinutes": -180,
      "flags": [],
      "gapShiftMinutes": 0
    },
    {
      "zone": "America/Miquelon",
      "date": "2199-12-31",
      "time": "12:00",
      "timeKnown": false,
      "status": "compatible",
      "utc": "2199-12-31T15:00:00.000Z",
      "offsetMinutes": -180,
      "flags": [],
      "gapShiftMinutes": 0
    },
    {
      "zone": "Pacific/Pitcairn",
      "date": "1800-01-01",
      "time": "00:00",
      "timeKnown": true,
      "status": "compatible",
      "utc": "1800-01-01T08:40:20.000Z",
      "offsetMinutes": -520.3333333333334,
      "flags": [
        "lmt"
      ],
      "gapShiftMinutes": 0
    },
    {
      "zone": "Pacific/Pitcairn",
      "date": "1800-01-01",
      "time": "23:59",
      "timeKnown": true,
      "status": "compatible",
      "utc": "1800-01-02T08:39:20.000Z",
      "offsetMinutes": -520.3333333333334,
      "flags": [
        "lmt"
      ],
      "gapShiftMinutes": 0
    },
    {
      "zone": "Pacific/Pitcairn",
      "date": "1800-01-01",
      "time": "12:00",
      "timeKnown": false,
      "status": "compatible",
      "utc": "1800-01-01T20:40:20.000Z",
      "offsetMinutes": -520.3333333333334,
      "flags": [
        "lmt"
      ],
      "gapShiftMinutes": 0
    },
    {
      "zone": "Pacific/Pitcairn",
      "date": "2199-12-31",
      "time": "00:00",
      "timeKnown": true,
      "status": "compatible",
      "utc": "2199-12-31T08:00:00.000Z",
      "offsetMinutes": -480,
      "flags": [],
      "gapShiftMinutes": 0
    },
    {
      "zone": "Pacific/Pitcairn",
      "date": "2199-12-31",
      "time": "23:59",
      "timeKnown": true,
      "status": "compatible",
      "utc": "2200-01-01T07:59:00.000Z",
      "offsetMinutes": -480,
      "flags": [],
      "gapShiftMinutes": 0
    },
    {
      "zone": "Pacific/Pitcairn",
      "date": "2199-12-31",
      "time": "12:00",
      "timeKnown": false,
      "status": "compatible",
      "utc": "2199-12-31T20:00:00.000Z",
      "offsetMinutes": -480,
      "flags": [],
      "gapShiftMinutes": 0
    },
    {
      "zone": "America/Puerto_Rico",
      "date": "1800-01-01",
      "time": "00:00",
      "timeKnown": true,
      "status": "compatible",
      "utc": "1800-01-01T04:24:25.000Z",
      "offsetMinutes": -264.4166666666667,
      "flags": [
        "lmt"
      ],
      "gapShiftMinutes": 0
    },
    {
      "zone": "America/Puerto_Rico",
      "date": "1800-01-01",
      "time": "23:59",
      "timeKnown": true,
      "status": "compatible",
      "utc": "1800-01-02T04:23:25.000Z",
      "offsetMinutes": -264.4166666666667,
      "flags": [
        "lmt"
      ],
      "gapShiftMinutes": 0
    },
    {
      "zone": "America/Puerto_Rico",
      "date": "1800-01-01",
      "time": "12:00",
      "timeKnown": false,
      "status": "compatible",
      "utc": "1800-01-01T16:24:25.000Z",
      "offsetMinutes": -264.4166666666667,
      "flags": [
        "lmt"
      ],
      "gapShiftMinutes": 0
    },
    {
      "zone": "America/Puerto_Rico",
      "date": "2199-12-31",
      "time": "00:00",
      "timeKnown": true,
      "status": "compatible",
      "utc": "2199-12-31T04:00:00.000Z",
      "offsetMinutes": -240,
      "flags": [],
      "gapShiftMinutes": 0
    },
    {
      "zone": "America/Puerto_Rico",
      "date": "2199-12-31",
      "time": "23:59",
      "timeKnown": true,
      "status": "compatible",
      "utc": "2200-01-01T03:59:00.000Z",
      "offsetMinutes": -240,
      "flags": [],
      "gapShiftMinutes": 0
    },
    {
      "zone": "America/Puerto_Rico",
      "date": "2199-12-31",
      "time": "12:00",
      "timeKnown": false,
      "status": "compatible",
      "utc": "2199-12-31T16:00:00.000Z",
      "offsetMinutes": -240,
      "flags": [],
      "gapShiftMinutes": 0
    },
    {
      "zone": "Asia/Gaza",
      "date": "1800-01-01",
      "time": "00:00",
      "timeKnown": true,
      "status": "compatible",
      "utc": "1799-12-31T21:42:08.000Z",
      "offsetMinutes": 137.86666666666667,
      "flags": [
        "lmt"
      ],
      "gapShiftMinutes": 0
    },
    {
      "zone": "Asia/Gaza",
      "date": "1800-01-01",
      "time": "23:59",
      "timeKnown": true,
      "status": "compatible",
      "utc": "1800-01-01T21:41:08.000Z",
      "offsetMinutes": 137.86666666666667,
      "flags": [
        "lmt"
      ],
      "gapShiftMinutes": 0
    },
    {
      "zone": "Asia/Gaza",
      "date": "1800-01-01",
      "time": "12:00",
      "timeKnown": false,
      "status": "compatible",
      "utc": "1800-01-01T09:42:08.000Z",
      "offsetMinutes": 137.86666666666667,
      "flags": [
        "lmt"
      ],
      "gapShiftMinutes": 0
    },
    {
      "zone": "Asia/Gaza",
      "date": "2199-12-31",
      "time": "00:00",
      "timeKnown": true,
      "status": "compatible",
      "utc": "2199-12-30T22:00:00.000Z",
      "offsetMinutes": 120,
      "flags": [],
      "gapShiftMinutes": 0
    },
    {
      "zone": "Asia/Gaza",
      "date": "2199-12-31",
      "time": "23:59",
      "timeKnown": true,
      "status": "compatible",
      "utc": "2199-12-31T21:59:00.000Z",
      "offsetMinutes": 120,
      "flags": [],
      "gapShiftMinutes": 0
    },
    {
      "zone": "Asia/Gaza",
      "date": "2199-12-31",
      "time": "12:00",
      "timeKnown": false,
      "status": "compatible",
      "utc": "2199-12-31T10:00:00.000Z",
      "offsetMinutes": 120,
      "flags": [],
      "gapShiftMinutes": 0
    },
    {
      "zone": "Asia/Hebron",
      "date": "1800-01-01",
      "time": "00:00",
      "timeKnown": true,
      "status": "compatible",
      "utc": "1799-12-31T21:39:37.000Z",
      "offsetMinutes": 140.38333333333333,
      "flags": [
        "lmt"
      ],
      "gapShiftMinutes": 0
    },
    {
      "zone": "Asia/Hebron",
      "date": "1800-01-01",
      "time": "23:59",
      "timeKnown": true,
      "status": "compatible",
      "utc": "1800-01-01T21:38:37.000Z",
      "offsetMinutes": 140.38333333333333,
      "flags": [
        "lmt"
      ],
      "gapShiftMinutes": 0
    },
    {
      "zone": "Asia/Hebron",
      "date": "1800-01-01",
      "time": "12:00",
      "timeKnown": false,
      "status": "compatible",
      "utc": "1800-01-01T09:39:37.000Z",
      "offsetMinutes": 140.38333333333333,
      "flags": [
        "lmt"
      ],
      "gapShiftMinutes": 0
    },
    {
      "zone": "Asia/Hebron",
      "date": "2199-12-31",
      "time": "00:00",
      "timeKnown": true,
      "status": "compatible",
      "utc": "2199-12-30T22:00:00.000Z",
      "offsetMinutes": 120,
      "flags": [],
      "gapShiftMinutes": 0
    },
    {
      "zone": "Asia/Hebron",
      "date": "2199-12-31",
      "time": "23:59",
      "timeKnown": true,
      "status": "compatible",
      "utc": "2199-12-31T21:59:00.000Z",
      "offsetMinutes": 120,
      "flags": [],
      "gapShiftMinutes": 0
    },
    {
      "zone": "Asia/Hebron",
      "date": "2199-12-31",
      "time": "12:00",
      "timeKnown": false,
      "status": "compatible",
      "utc": "2199-12-31T10:00:00.000Z",
      "offsetMinutes": 120,
      "flags": [],
      "gapShiftMinutes": 0
    },
    {
      "zone": "Europe/Lisbon",
      "date": "1800-01-01",
      "time": "00:00",
      "timeKnown": true,
      "status": "compatible",
      "utc": "1800-01-01T00:36:45.000Z",
      "offsetMinutes": -36.75,
      "flags": [
        "lmt"
      ],
      "gapShiftMinutes": 0
    },
    {
      "zone": "Europe/Lisbon",
      "date": "1800-01-01",
      "time": "23:59",
      "timeKnown": true,
      "status": "compatible",
      "utc": "1800-01-02T00:35:45.000Z",
      "offsetMinutes": -36.75,
      "flags": [
        "lmt"
      ],
      "gapShiftMinutes": 0
    },
    {
      "zone": "Europe/Lisbon",
      "date": "1800-01-01",
      "time": "12:00",
      "timeKnown": false,
      "status": "compatible",
      "utc": "1800-01-01T12:36:45.000Z",
      "offsetMinutes": -36.75,
      "flags": [
        "lmt"
      ],
      "gapShiftMinutes": 0
    },
    {
      "zone": "Europe/Lisbon",
      "date": "2199-12-31",
      "time": "00:00",
      "timeKnown": true,
      "status": "compatible",
      "utc": "2199-12-31T00:00:00.000Z",
      "offsetMinutes": 0,
      "flags": [],
      "gapShiftMinutes": 0
    },
    {
      "zone": "Europe/Lisbon",
      "date": "2199-12-31",
      "time": "23:59",
      "timeKnown": true,
      "status": "compatible",
      "utc": "2199-12-31T23:59:00.000Z",
      "offsetMinutes": 0,
      "flags": [],
      "gapShiftMinutes": 0
    },
    {
      "zone": "Europe/Lisbon",
      "date": "2199-12-31",
      "time": "12:00",
      "timeKnown": false,
      "status": "compatible",
      "utc": "2199-12-31T12:00:00.000Z",
      "offsetMinutes": 0,
      "flags": [],
      "gapShiftMinutes": 0
    },
    {
      "zone": "Atlantic/Madeira",
      "date": "1800-01-01",
      "time": "00:00",
      "timeKnown": true,
      "status": "compatible",
      "utc": "1800-01-01T01:07:36.000Z",
      "offsetMinutes": -67.6,
      "flags": [
        "lmt"
      ],
      "gapShiftMinutes": 0
    },
    {
      "zone": "Atlantic/Madeira",
      "date": "1800-01-01",
      "time": "23:59",
      "timeKnown": true,
      "status": "compatible",
      "utc": "1800-01-02T01:06:36.000Z",
      "offsetMinutes": -67.6,
      "flags": [
        "lmt"
      ],
      "gapShiftMinutes": 0
    },
    {
      "zone": "Atlantic/Madeira",
      "date": "1800-01-01",
      "time": "12:00",
      "timeKnown": false,
      "status": "compatible",
      "utc": "1800-01-01T13:07:36.000Z",
      "offsetMinutes": -67.6,
      "flags": [
        "lmt"
      ],
      "gapShiftMinutes": 0
    },
    {
      "zone": "Atlantic/Madeira",
      "date": "2199-12-31",
      "time": "00:00",
      "timeKnown": true,
      "status": "compatible",
      "utc": "2199-12-31T00:00:00.000Z",
      "offsetMinutes": 0,
      "flags": [],
      "gapShiftMinutes": 0
    },
    {
      "zone": "Atlantic/Madeira",
      "date": "2199-12-31",
      "time": "23:59",
      "timeKnown": true,
      "status": "compatible",
      "utc": "2199-12-31T23:59:00.000Z",
      "offsetMinutes": 0,
      "flags": [],
      "gapShiftMinutes": 0
    },
    {
      "zone": "Atlantic/Madeira",
      "date": "2199-12-31",
      "time": "12:00",
      "timeKnown": false,
      "status": "compatible",
      "utc": "2199-12-31T12:00:00.000Z",
      "offsetMinutes": 0,
      "flags": [],
      "gapShiftMinutes": 0
    },
    {
      "zone": "Atlantic/Azores",
      "date": "1800-01-01",
      "time": "00:00",
      "timeKnown": true,
      "status": "compatible",
      "utc": "1800-01-01T01:42:40.000Z",
      "offsetMinutes": -102.66666666666667,
      "flags": [
        "lmt"
      ],
      "gapShiftMinutes": 0
    },
    {
      "zone": "Atlantic/Azores",
      "date": "1800-01-01",
      "time": "23:59",
      "timeKnown": true,
      "status": "compatible",
      "utc": "1800-01-02T01:41:40.000Z",
      "offsetMinutes": -102.66666666666667,
      "flags": [
        "lmt"
      ],
      "gapShiftMinutes": 0
    },
    {
      "zone": "Atlantic/Azores",
      "date": "1800-01-01",
      "time": "12:00",
      "timeKnown": false,
      "status": "compatible",
      "utc": "1800-01-01T13:42:40.000Z",
      "offsetMinutes": -102.66666666666667,
      "flags": [
        "lmt"
      ],
      "gapShiftMinutes": 0
    },
    {
      "zone": "Atlantic/Azores",
      "date": "2199-12-31",
      "time": "00:00",
      "timeKnown": true,
      "status": "compatible",
      "utc": "2199-12-31T01:00:00.000Z",
      "offsetMinutes": -60,
      "flags": [],
      "gapShiftMinutes": 0
    },
    {
      "zone": "Atlantic/Azores",
      "date": "2199-12-31",
      "time": "23:59",
      "timeKnown": true,
      "status": "compatible",
      "utc": "2200-01-01T00:59:00.000Z",
      "offsetMinutes": -60,
      "flags": [],
      "gapShiftMinutes": 0
    },
    {
      "zone": "Atlantic/Azores",
      "date": "2199-12-31",
      "time": "12:00",
      "timeKnown": false,
      "status": "compatible",
      "utc": "2199-12-31T13:00:00.000Z",
      "offsetMinutes": -60,
      "flags": [],
      "gapShiftMinutes": 0
    },
    {
      "zone": "Pacific/Palau",
      "date": "1800-01-01",
      "time": "00:00",
      "timeKnown": true,
      "status": "compatible",
      "utc": "1800-01-01T15:02:04.000Z",
      "offsetMinutes": -902.0666666666667,
      "flags": [
        "lmt"
      ],
      "gapShiftMinutes": 0
    },
    {
      "zone": "Pacific/Palau",
      "date": "1800-01-01",
      "time": "23:59",
      "timeKnown": true,
      "status": "compatible",
      "utc": "1800-01-02T15:01:04.000Z",
      "offsetMinutes": -902.0666666666667,
      "flags": [
        "lmt"
      ],
      "gapShiftMinutes": 0
    },
    {
      "zone": "Pacific/Palau",
      "date": "1800-01-01",
      "time": "12:00",
      "timeKnown": false,
      "status": "compatible",
      "utc": "1800-01-02T03:02:04.000Z",
      "offsetMinutes": -902.0666666666667,
      "flags": [
        "lmt"
      ],
      "gapShiftMinutes": 0
    },
    {
      "zone": "Pacific/Palau",
      "date": "2199-12-31",
      "time": "00:00",
      "timeKnown": true,
      "status": "compatible",
      "utc": "2199-12-30T15:00:00.000Z",
      "offsetMinutes": 540,
      "flags": [],
      "gapShiftMinutes": 0
    },
    {
      "zone": "Pacific/Palau",
      "date": "2199-12-31",
      "time": "23:59",
      "timeKnown": true,
      "status": "compatible",
      "utc": "2199-12-31T14:59:00.000Z",
      "offsetMinutes": 540,
      "flags": [],
      "gapShiftMinutes": 0
    },
    {
      "zone": "Pacific/Palau",
      "date": "2199-12-31",
      "time": "12:00",
      "timeKnown": false,
      "status": "compatible",
      "utc": "2199-12-31T03:00:00.000Z",
      "offsetMinutes": 540,
      "flags": [],
      "gapShiftMinutes": 0
    },
    {
      "zone": "America/Asuncion",
      "date": "1800-01-01",
      "time": "00:00",
      "timeKnown": true,
      "status": "compatible",
      "utc": "1800-01-01T03:50:40.000Z",
      "offsetMinutes": -230.66666666666666,
      "flags": [
        "lmt"
      ],
      "gapShiftMinutes": 0
    },
    {
      "zone": "America/Asuncion",
      "date": "1800-01-01",
      "time": "23:59",
      "timeKnown": true,
      "status": "compatible",
      "utc": "1800-01-02T03:49:40.000Z",
      "offsetMinutes": -230.66666666666666,
      "flags": [
        "lmt"
      ],
      "gapShiftMinutes": 0
    },
    {
      "zone": "America/Asuncion",
      "date": "1800-01-01",
      "time": "12:00",
      "timeKnown": false,
      "status": "compatible",
      "utc": "1800-01-01T15:50:40.000Z",
      "offsetMinutes": -230.66666666666666,
      "flags": [
        "lmt"
      ],
      "gapShiftMinutes": 0
    },
    {
      "zone": "America/Asuncion",
      "date": "2199-12-31",
      "time": "00:00",
      "timeKnown": true,
      "status": "compatible",
      "utc": "2199-12-31T03:00:00.000Z",
      "offsetMinutes": -180,
      "flags": [],
      "gapShiftMinutes": 0
    },
    {
      "zone": "America/Asuncion",
      "date": "2199-12-31",
      "time": "23:59",
      "timeKnown": true,
      "status": "compatible",
      "utc": "2200-01-01T02:59:00.000Z",
      "offsetMinutes": -180,
      "flags": [],
      "gapShiftMinutes": 0
    },
    {
      "zone": "America/Asuncion",
      "date": "2199-12-31",
      "time": "12:00",
      "timeKnown": false,
      "status": "compatible",
      "utc": "2199-12-31T15:00:00.000Z",
      "offsetMinutes": -180,
      "flags": [],
      "gapShiftMinutes": 0
    },
    {
      "zone": "Asia/Qatar",
      "date": "1800-01-01",
      "time": "00:00",
      "timeKnown": true,
      "status": "compatible",
      "utc": "1799-12-31T20:33:52.000Z",
      "offsetMinutes": 206.13333333333333,
      "flags": [
        "lmt"
      ],
      "gapShiftMinutes": 0
    },
    {
      "zone": "Asia/Qatar",
      "date": "1800-01-01",
      "time": "23:59",
      "timeKnown": true,
      "status": "compatible",
      "utc": "1800-01-01T20:32:52.000Z",
      "offsetMinutes": 206.13333333333333,
      "flags": [
        "lmt"
      ],
      "gapShiftMinutes": 0
    },
    {
      "zone": "Asia/Qatar",
      "date": "1800-01-01",
      "time": "12:00",
      "timeKnown": false,
      "status": "compatible",
      "utc": "1800-01-01T08:33:52.000Z",
      "offsetMinutes": 206.13333333333333,
      "flags": [
        "lmt"
      ],
      "gapShiftMinutes": 0
    },
    {
      "zone": "Asia/Qatar",
      "date": "2199-12-31",
      "time": "00:00",
      "timeKnown": true,
      "status": "compatible",
      "utc": "2199-12-30T21:00:00.000Z",
      "offsetMinutes": 180,
      "flags": [],
      "gapShiftMinutes": 0
    },
    {
      "zone": "Asia/Qatar",
      "date": "2199-12-31",
      "time": "23:59",
      "timeKnown": true,
      "status": "compatible",
      "utc": "2199-12-31T20:59:00.000Z",
      "offsetMinutes": 180,
      "flags": [],
      "gapShiftMinutes": 0
    },
    {
      "zone": "Asia/Qatar",
      "date": "2199-12-31",
      "time": "12:00",
      "timeKnown": false,
      "status": "compatible",
      "utc": "2199-12-31T09:00:00.000Z",
      "offsetMinutes": 180,
      "flags": [],
      "gapShiftMinutes": 0
    },
    {
      "zone": "Indian/Reunion",
      "date": "1800-01-01",
      "time": "00:00",
      "timeKnown": true,
      "status": "compatible",
      "utc": "1799-12-31T20:18:48.000Z",
      "offsetMinutes": 221.2,
      "flags": [
        "lmt"
      ],
      "gapShiftMinutes": 0
    },
    {
      "zone": "Indian/Reunion",
      "date": "1800-01-01",
      "time": "23:59",
      "timeKnown": true,
      "status": "compatible",
      "utc": "1800-01-01T20:17:48.000Z",
      "offsetMinutes": 221.2,
      "flags": [
        "lmt"
      ],
      "gapShiftMinutes": 0
    },
    {
      "zone": "Indian/Reunion",
      "date": "1800-01-01",
      "time": "12:00",
      "timeKnown": false,
      "status": "compatible",
      "utc": "1800-01-01T08:18:48.000Z",
      "offsetMinutes": 221.2,
      "flags": [
        "lmt"
      ],
      "gapShiftMinutes": 0
    },
    {
      "zone": "Indian/Reunion",
      "date": "2199-12-31",
      "time": "00:00",
      "timeKnown": true,
      "status": "compatible",
      "utc": "2199-12-30T20:00:00.000Z",
      "offsetMinutes": 240,
      "flags": [],
      "gapShiftMinutes": 0
    },
    {
      "zone": "Indian/Reunion",
      "date": "2199-12-31",
      "time": "23:59",
      "timeKnown": true,
      "status": "compatible",
      "utc": "2199-12-31T19:59:00.000Z",
      "offsetMinutes": 240,
      "flags": [],
      "gapShiftMinutes": 0
    },
    {
      "zone": "Indian/Reunion",
      "date": "2199-12-31",
      "time": "12:00",
      "timeKnown": false,
      "status": "compatible",
      "utc": "2199-12-31T08:00:00.000Z",
      "offsetMinutes": 240,
      "flags": [],
      "gapShiftMinutes": 0
    },
    {
      "zone": "Europe/Bucharest",
      "date": "1800-01-01",
      "time": "00:00",
      "timeKnown": true,
      "status": "compatible",
      "utc": "1799-12-31T22:15:36.000Z",
      "offsetMinutes": 104.4,
      "flags": [
        "lmt"
      ],
      "gapShiftMinutes": 0
    },
    {
      "zone": "Europe/Bucharest",
      "date": "1800-01-01",
      "time": "23:59",
      "timeKnown": true,
      "status": "compatible",
      "utc": "1800-01-01T22:14:36.000Z",
      "offsetMinutes": 104.4,
      "flags": [
        "lmt"
      ],
      "gapShiftMinutes": 0
    },
    {
      "zone": "Europe/Bucharest",
      "date": "1800-01-01",
      "time": "12:00",
      "timeKnown": false,
      "status": "compatible",
      "utc": "1800-01-01T10:15:36.000Z",
      "offsetMinutes": 104.4,
      "flags": [
        "lmt"
      ],
      "gapShiftMinutes": 0
    },
    {
      "zone": "Europe/Bucharest",
      "date": "2199-12-31",
      "time": "00:00",
      "timeKnown": true,
      "status": "compatible",
      "utc": "2199-12-30T22:00:00.000Z",
      "offsetMinutes": 120,
      "flags": [],
      "gapShiftMinutes": 0
    },
    {
      "zone": "Europe/Bucharest",
      "date": "2199-12-31",
      "time": "23:59",
      "timeKnown": true,
      "status": "compatible",
      "utc": "2199-12-31T21:59:00.000Z",
      "offsetMinutes": 120,
      "flags": [],
      "gapShiftMinutes": 0
    },
    {
      "zone": "Europe/Bucharest",
      "date": "2199-12-31",
      "time": "12:00",
      "timeKnown": false,
      "status": "compatible",
      "utc": "2199-12-31T10:00:00.000Z",
      "offsetMinutes": 120,
      "flags": [],
      "gapShiftMinutes": 0
    },
    {
      "zone": "Europe/Belgrade",
      "date": "1800-01-01",
      "time": "00:00",
      "timeKnown": true,
      "status": "compatible",
      "utc": "1799-12-31T22:38:00.000Z",
      "offsetMinutes": 82,
      "flags": [],
      "gapShiftMinutes": 0
    },
    {
      "zone": "Europe/Belgrade",
      "date": "1800-01-01",
      "time": "23:59",
      "timeKnown": true,
      "status": "compatible",
      "utc": "1800-01-01T22:37:00.000Z",
      "offsetMinutes": 82,
      "flags": [],
      "gapShiftMinutes": 0
    },
    {
      "zone": "Europe/Belgrade",
      "date": "1800-01-01",
      "time": "12:00",
      "timeKnown": false,
      "status": "compatible",
      "utc": "1800-01-01T10:38:00.000Z",
      "offsetMinutes": 82,
      "flags": [],
      "gapShiftMinutes": 0
    },
    {
      "zone": "Europe/Belgrade",
      "date": "2199-12-31",
      "time": "00:00",
      "timeKnown": true,
      "status": "compatible",
      "utc": "2199-12-30T23:00:00.000Z",
      "offsetMinutes": 60,
      "flags": [],
      "gapShiftMinutes": 0
    },
    {
      "zone": "Europe/Belgrade",
      "date": "2199-12-31",
      "time": "23:59",
      "timeKnown": true,
      "status": "compatible",
      "utc": "2199-12-31T22:59:00.000Z",
      "offsetMinutes": 60,
      "flags": [],
      "gapShiftMinutes": 0
    },
    {
      "zone": "Europe/Belgrade",
      "date": "2199-12-31",
      "time": "12:00",
      "timeKnown": false,
      "status": "compatible",
      "utc": "2199-12-31T11:00:00.000Z",
      "offsetMinutes": 60,
      "flags": [],
      "gapShiftMinutes": 0
    },
    {
      "zone": "Asia/Yekaterinburg",
      "date": "1800-01-01",
      "time": "00:00",
      "timeKnown": true,
      "status": "compatible",
      "utc": "1799-12-31T19:57:27.000Z",
      "offsetMinutes": 242.55,
      "flags": [
        "lmt"
      ],
      "gapShiftMinutes": 0
    },
    {
      "zone": "Asia/Yekaterinburg",
      "date": "1800-01-01",
      "time": "23:59",
      "timeKnown": true,
      "status": "compatible",
      "utc": "1800-01-01T19:56:27.000Z",
      "offsetMinutes": 242.55,
      "flags": [
        "lmt"
      ],
      "gapShiftMinutes": 0
    },
    {
      "zone": "Asia/Yekaterinburg",
      "date": "1800-01-01",
      "time": "12:00",
      "timeKnown": false,
      "status": "compatible",
      "utc": "1800-01-01T07:57:27.000Z",
      "offsetMinutes": 242.55,
      "flags": [
        "lmt"
      ],
      "gapShiftMinutes": 0
    },
    {
      "zone": "Asia/Yekaterinburg",
      "date": "2199-12-31",
      "time": "00:00",
      "timeKnown": true,
      "status": "compatible",
      "utc": "2199-12-30T19:00:00.000Z",
      "offsetMinutes": 300,
      "flags": [],
      "gapShiftMinutes": 0
    },
    {
      "zone": "Asia/Yekaterinburg",
      "date": "2199-12-31",
      "time": "23:59",
      "timeKnown": true,
      "status": "compatible",
      "utc": "2199-12-31T18:59:00.000Z",
      "offsetMinutes": 300,
      "flags": [],
      "gapShiftMinutes": 0
    },
    {
      "zone": "Asia/Yekaterinburg",
      "date": "2199-12-31",
      "time": "12:00",
      "timeKnown": false,
      "status": "compatible",
      "utc": "2199-12-31T07:00:00.000Z",
      "offsetMinutes": 300,
      "flags": [],
      "gapShiftMinutes": 0
    },
    {
      "zone": "Europe/Volgograd",
      "date": "1800-01-01",
      "time": "00:00",
      "timeKnown": true,
      "status": "compatible",
      "utc": "1799-12-31T21:02:20.000Z",
      "offsetMinutes": 177.66666666666666,
      "flags": [
        "lmt"
      ],
      "gapShiftMinutes": 0
    },
    {
      "zone": "Europe/Volgograd",
      "date": "1800-01-01",
      "time": "23:59",
      "timeKnown": true,
      "status": "compatible",
      "utc": "1800-01-01T21:01:20.000Z",
      "offsetMinutes": 177.66666666666666,
      "flags": [
        "lmt"
      ],
      "gapShiftMinutes": 0
    },
    {
      "zone": "Europe/Volgograd",
      "date": "1800-01-01",
      "time": "12:00",
      "timeKnown": false,
      "status": "compatible",
      "utc": "1800-01-01T09:02:20.000Z",
      "offsetMinutes": 177.66666666666666,
      "flags": [
        "lmt"
      ],
      "gapShiftMinutes": 0
    },
    {
      "zone": "Europe/Volgograd",
      "date": "2199-12-31",
      "time": "00:00",
      "timeKnown": true,
      "status": "compatible",
      "utc": "2199-12-30T21:00:00.000Z",
      "offsetMinutes": 180,
      "flags": [],
      "gapShiftMinutes": 0
    },
    {
      "zone": "Europe/Volgograd",
      "date": "2199-12-31",
      "time": "23:59",
      "timeKnown": true,
      "status": "compatible",
      "utc": "2199-12-31T20:59:00.000Z",
      "offsetMinutes": 180,
      "flags": [],
      "gapShiftMinutes": 0
    },
    {
      "zone": "Europe/Volgograd",
      "date": "2199-12-31",
      "time": "12:00",
      "timeKnown": false,
      "status": "compatible",
      "utc": "2199-12-31T09:00:00.000Z",
      "offsetMinutes": 180,
      "flags": [],
      "gapShiftMinutes": 0
    },
    {
      "zone": "Europe/Samara",
      "date": "1800-01-01",
      "time": "00:00",
      "timeKnown": true,
      "status": "compatible",
      "utc": "1799-12-31T20:39:40.000Z",
      "offsetMinutes": 200.33333333333334,
      "flags": [
        "lmt"
      ],
      "gapShiftMinutes": 0
    },
    {
      "zone": "Europe/Samara",
      "date": "1800-01-01",
      "time": "23:59",
      "timeKnown": true,
      "status": "compatible",
      "utc": "1800-01-01T20:38:40.000Z",
      "offsetMinutes": 200.33333333333334,
      "flags": [
        "lmt"
      ],
      "gapShiftMinutes": 0
    },
    {
      "zone": "Europe/Samara",
      "date": "1800-01-01",
      "time": "12:00",
      "timeKnown": false,
      "status": "compatible",
      "utc": "1800-01-01T08:39:40.000Z",
      "offsetMinutes": 200.33333333333334,
      "flags": [
        "lmt"
      ],
      "gapShiftMinutes": 0
    },
    {
      "zone": "Europe/Samara",
      "date": "2199-12-31",
      "time": "00:00",
      "timeKnown": true,
      "status": "compatible",
      "utc": "2199-12-30T20:00:00.000Z",
      "offsetMinutes": 240,
      "flags": [],
      "gapShiftMinutes": 0
    },
    {
      "zone": "Europe/Samara",
      "date": "2199-12-31",
      "time": "23:59",
      "timeKnown": true,
      "status": "compatible",
      "utc": "2199-12-31T19:59:00.000Z",
      "offsetMinutes": 240,
      "flags": [],
      "gapShiftMinutes": 0
    },
    {
      "zone": "Europe/Samara",
      "date": "2199-12-31",
      "time": "12:00",
      "timeKnown": false,
      "status": "compatible",
      "utc": "2199-12-31T08:00:00.000Z",
      "offsetMinutes": 240,
      "flags": [],
      "gapShiftMinutes": 0
    },
    {
      "zone": "Europe/Kaliningrad",
      "date": "1800-01-01",
      "time": "00:00",
      "timeKnown": true,
      "status": "compatible",
      "utc": "1799-12-31T22:38:00.000Z",
      "offsetMinutes": 82,
      "flags": [],
      "gapShiftMinutes": 0
    },
    {
      "zone": "Europe/Kaliningrad",
      "date": "1800-01-01",
      "time": "23:59",
      "timeKnown": true,
      "status": "compatible",
      "utc": "1800-01-01T22:37:00.000Z",
      "offsetMinutes": 82,
      "flags": [],
      "gapShiftMinutes": 0
    },
    {
      "zone": "Europe/Kaliningrad",
      "date": "1800-01-01",
      "time": "12:00",
      "timeKnown": false,
      "status": "compatible",
      "utc": "1800-01-01T10:38:00.000Z",
      "offsetMinutes": 82,
      "flags": [],
      "gapShiftMinutes": 0
    },
    {
      "zone": "Europe/Kaliningrad",
      "date": "2199-12-31",
      "time": "00:00",
      "timeKnown": true,
      "status": "compatible",
      "utc": "2199-12-30T22:00:00.000Z",
      "offsetMinutes": 120,
      "flags": [],
      "gapShiftMinutes": 0
    },
    {
      "zone": "Europe/Kaliningrad",
      "date": "2199-12-31",
      "time": "23:59",
      "timeKnown": true,
      "status": "compatible",
      "utc": "2199-12-31T21:59:00.000Z",
      "offsetMinutes": 120,
      "flags": [],
      "gapShiftMinutes": 0
    },
    {
      "zone": "Europe/Kaliningrad",
      "date": "2199-12-31",
      "time": "12:00",
      "timeKnown": false,
      "status": "compatible",
      "utc": "2199-12-31T10:00:00.000Z",
      "offsetMinutes": 120,
      "flags": [],
      "gapShiftMinutes": 0
    },
    {
      "zone": "Europe/Saratov",
      "date": "1800-01-01",
      "time": "00:00",
      "timeKnown": true,
      "status": "compatible",
      "utc": "1799-12-31T20:55:42.000Z",
      "offsetMinutes": 184.3,
      "flags": [
        "lmt"
      ],
      "gapShiftMinutes": 0
    },
    {
      "zone": "Europe/Saratov",
      "date": "1800-01-01",
      "time": "23:59",
      "timeKnown": true,
      "status": "compatible",
      "utc": "1800-01-01T20:54:42.000Z",
      "offsetMinutes": 184.3,
      "flags": [
        "lmt"
      ],
      "gapShiftMinutes": 0
    },
    {
      "zone": "Europe/Saratov",
      "date": "1800-01-01",
      "time": "12:00",
      "timeKnown": false,
      "status": "compatible",
      "utc": "1800-01-01T08:55:42.000Z",
      "offsetMinutes": 184.3,
      "flags": [
        "lmt"
      ],
      "gapShiftMinutes": 0
    },
    {
      "zone": "Europe/Saratov",
      "date": "2199-12-31",
      "time": "00:00",
      "timeKnown": true,
      "status": "compatible",
      "utc": "2199-12-30T20:00:00.000Z",
      "offsetMinutes": 240,
      "flags": [],
      "gapShiftMinutes": 0
    },
    {
      "zone": "Europe/Saratov",
      "date": "2199-12-31",
      "time": "23:59",
      "timeKnown": true,
      "status": "compatible",
      "utc": "2199-12-31T19:59:00.000Z",
      "offsetMinutes": 240,
      "flags": [],
      "gapShiftMinutes": 0
    },
    {
      "zone": "Europe/Saratov",
      "date": "2199-12-31",
      "time": "12:00",
      "timeKnown": false,
      "status": "compatible",
      "utc": "2199-12-31T08:00:00.000Z",
      "offsetMinutes": 240,
      "flags": [],
      "gapShiftMinutes": 0
    },
    {
      "zone": "Europe/Kirov",
      "date": "1800-01-01",
      "time": "00:00",
      "timeKnown": true,
      "status": "compatible",
      "utc": "1799-12-31T20:41:12.000Z",
      "offsetMinutes": 198.8,
      "flags": [
        "lmt"
      ],
      "gapShiftMinutes": 0
    },
    {
      "zone": "Europe/Kirov",
      "date": "1800-01-01",
      "time": "23:59",
      "timeKnown": true,
      "status": "compatible",
      "utc": "1800-01-01T20:40:12.000Z",
      "offsetMinutes": 198.8,
      "flags": [
        "lmt"
      ],
      "gapShiftMinutes": 0
    },
    {
      "zone": "Europe/Kirov",
      "date": "1800-01-01",
      "time": "12:00",
      "timeKnown": false,
      "status": "compatible",
      "utc": "1800-01-01T08:41:12.000Z",
      "offsetMinutes": 198.8,
      "flags": [
        "lmt"
      ],
      "gapShiftMinutes": 0
    },
    {
      "zone": "Europe/Kirov",
      "date": "2199-12-31",
      "time": "00:00",
      "timeKnown": true,
      "status": "compatible",
      "utc": "2199-12-30T21:00:00.000Z",
      "offsetMinutes": 180,
      "flags": [],
      "gapShiftMinutes": 0
    },
    {
      "zone": "Europe/Kirov",
      "date": "2199-12-31",
      "time": "23:59",
      "timeKnown": true,
      "status": "compatible",
      "utc": "2199-12-31T20:59:00.000Z",
      "offsetMinutes": 180,
      "flags": [],
      "gapShiftMinutes": 0
    },
    {
      "zone": "Europe/Kirov",
      "date": "2199-12-31",
      "time": "12:00",
      "timeKnown": false,
      "status": "compatible",
      "utc": "2199-12-31T09:00:00.000Z",
      "offsetMinutes": 180,
      "flags": [],
      "gapShiftMinutes": 0
    },
    {
      "zone": "Europe/Ulyanovsk",
      "date": "1800-01-01",
      "time": "00:00",
      "timeKnown": true,
      "status": "compatible",
      "utc": "1799-12-31T20:46:24.000Z",
      "offsetMinutes": 193.6,
      "flags": [
        "lmt"
      ],
      "gapShiftMinutes": 0
    },
    {
      "zone": "Europe/Ulyanovsk",
      "date": "1800-01-01",
      "time": "23:59",
      "timeKnown": true,
      "status": "compatible",
      "utc": "1800-01-01T20:45:24.000Z",
      "offsetMinutes": 193.6,
      "flags": [
        "lmt"
      ],
      "gapShiftMinutes": 0
    },
    {
      "zone": "Europe/Ulyanovsk",
      "date": "1800-01-01",
      "time": "12:00",
      "timeKnown": false,
      "status": "compatible",
      "utc": "1800-01-01T08:46:24.000Z",
      "offsetMinutes": 193.6,
      "flags": [
        "lmt"
      ],
      "gapShiftMinutes": 0
    },
    {
      "zone": "Europe/Ulyanovsk",
      "date": "2199-12-31",
      "time": "00:00",
      "timeKnown": true,
      "status": "compatible",
      "utc": "2199-12-30T20:00:00.000Z",
      "offsetMinutes": 240,
      "flags": [],
      "gapShiftMinutes": 0
    },
    {
      "zone": "Europe/Ulyanovsk",
      "date": "2199-12-31",
      "time": "23:59",
      "timeKnown": true,
      "status": "compatible",
      "utc": "2199-12-31T19:59:00.000Z",
      "offsetMinutes": 240,
      "flags": [],
      "gapShiftMinutes": 0
    },
    {
      "zone": "Europe/Ulyanovsk",
      "date": "2199-12-31",
      "time": "12:00",
      "timeKnown": false,
      "status": "compatible",
      "utc": "2199-12-31T08:00:00.000Z",
      "offsetMinutes": 240,
      "flags": [],
      "gapShiftMinutes": 0
    },
    {
      "zone": "Europe/Astrakhan",
      "date": "1800-01-01",
      "time": "00:00",
      "timeKnown": true,
      "status": "compatible",
      "utc": "1799-12-31T20:47:48.000Z",
      "offsetMinutes": 192.2,
      "flags": [
        "lmt"
      ],
      "gapShiftMinutes": 0
    },
    {
      "zone": "Europe/Astrakhan",
      "date": "1800-01-01",
      "time": "23:59",
      "timeKnown": true,
      "status": "compatible",
      "utc": "1800-01-01T20:46:48.000Z",
      "offsetMinutes": 192.2,
      "flags": [
        "lmt"
      ],
      "gapShiftMinutes": 0
    },
    {
      "zone": "Europe/Astrakhan",
      "date": "1800-01-01",
      "time": "12:00",
      "timeKnown": false,
      "status": "compatible",
      "utc": "1800-01-01T08:47:48.000Z",
      "offsetMinutes": 192.2,
      "flags": [
        "lmt"
      ],
      "gapShiftMinutes": 0
    },
    {
      "zone": "Europe/Astrakhan",
      "date": "2199-12-31",
      "time": "00:00",
      "timeKnown": true,
      "status": "compatible",
      "utc": "2199-12-30T20:00:00.000Z",
      "offsetMinutes": 240,
      "flags": [],
      "gapShiftMinutes": 0
    },
    {
      "zone": "Europe/Astrakhan",
      "date": "2199-12-31",
      "time": "23:59",
      "timeKnown": true,
      "status": "compatible",
      "utc": "2199-12-31T19:59:00.000Z",
      "offsetMinutes": 240,
      "flags": [],
      "gapShiftMinutes": 0
    },
    {
      "zone": "Europe/Astrakhan",
      "date": "2199-12-31",
      "time": "12:00",
      "timeKnown": false,
      "status": "compatible",
      "utc": "2199-12-31T08:00:00.000Z",
      "offsetMinutes": 240,
      "flags": [],
      "gapShiftMinutes": 0
    },
    {
      "zone": "Asia/Barnaul",
      "date": "1800-01-01",
      "time": "00:00",
      "timeKnown": true,
      "status": "compatible",
      "utc": "1799-12-31T18:25:00.000Z",
      "offsetMinutes": 335,
      "flags": [],
      "gapShiftMinutes": 0
    },
    {
      "zone": "Asia/Barnaul",
      "date": "1800-01-01",
      "time": "23:59",
      "timeKnown": true,
      "status": "compatible",
      "utc": "1800-01-01T18:24:00.000Z",
      "offsetMinutes": 335,
      "flags": [],
      "gapShiftMinutes": 0
    },
    {
      "zone": "Asia/Barnaul",
      "date": "1800-01-01",
      "time": "12:00",
      "timeKnown": false,
      "status": "compatible",
      "utc": "1800-01-01T06:25:00.000Z",
      "offsetMinutes": 335,
      "flags": [],
      "gapShiftMinutes": 0
    },
    {
      "zone": "Asia/Barnaul",
      "date": "2199-12-31",
      "time": "00:00",
      "timeKnown": true,
      "status": "compatible",
      "utc": "2199-12-30T17:00:00.000Z",
      "offsetMinutes": 420,
      "flags": [],
      "gapShiftMinutes": 0
    },
    {
      "zone": "Asia/Barnaul",
      "date": "2199-12-31",
      "time": "23:59",
      "timeKnown": true,
      "status": "compatible",
      "utc": "2199-12-31T16:59:00.000Z",
      "offsetMinutes": 420,
      "flags": [],
      "gapShiftMinutes": 0
    },
    {
      "zone": "Asia/Barnaul",
      "date": "2199-12-31",
      "time": "12:00",
      "timeKnown": false,
      "status": "compatible",
      "utc": "2199-12-31T05:00:00.000Z",
      "offsetMinutes": 420,
      "flags": [],
      "gapShiftMinutes": 0
    },
    {
      "zone": "Asia/Novokuznetsk",
      "date": "1800-01-01",
      "time": "00:00",
      "timeKnown": true,
      "status": "compatible",
      "utc": "1799-12-31T18:11:12.000Z",
      "offsetMinutes": 348.8,
      "flags": [
        "lmt"
      ],
      "gapShiftMinutes": 0
    },
    {
      "zone": "Asia/Novokuznetsk",
      "date": "1800-01-01",
      "time": "23:59",
      "timeKnown": true,
      "status": "compatible",
      "utc": "1800-01-01T18:10:12.000Z",
      "offsetMinutes": 348.8,
      "flags": [
        "lmt"
      ],
      "gapShiftMinutes": 0
    },
    {
      "zone": "Asia/Novokuznetsk",
      "date": "1800-01-01",
      "time": "12:00",
      "timeKnown": false,
      "status": "compatible",
      "utc": "1800-01-01T06:11:12.000Z",
      "offsetMinutes": 348.8,
      "flags": [
        "lmt"
      ],
      "gapShiftMinutes": 0
    },
    {
      "zone": "Asia/Novokuznetsk",
      "date": "2199-12-31",
      "time": "00:00",
      "timeKnown": true,
      "status": "compatible",
      "utc": "2199-12-30T17:00:00.000Z",
      "offsetMinutes": 420,
      "flags": [],
      "gapShiftMinutes": 0
    },
    {
      "zone": "Asia/Novokuznetsk",
      "date": "2199-12-31",
      "time": "23:59",
      "timeKnown": true,
      "status": "compatible",
      "utc": "2199-12-31T16:59:00.000Z",
      "offsetMinutes": 420,
      "flags": [],
      "gapShiftMinutes": 0
    },
    {
      "zone": "Asia/Novokuznetsk",
      "date": "2199-12-31",
      "time": "12:00",
      "timeKnown": false,
      "status": "compatible",
      "utc": "2199-12-31T05:00:00.000Z",
      "offsetMinutes": 420,
      "flags": [],
      "gapShiftMinutes": 0
    },
    {
      "zone": "Asia/Krasnoyarsk",
      "date": "1800-01-01",
      "time": "00:00",
      "timeKnown": true,
      "status": "compatible",
      "utc": "1799-12-31T17:48:34.000Z",
      "offsetMinutes": 371.43333333333334,
      "flags": [
        "lmt"
      ],
      "gapShiftMinutes": 0
    },
    {
      "zone": "Asia/Krasnoyarsk",
      "date": "1800-01-01",
      "time": "23:59",
      "timeKnown": true,
      "status": "compatible",
      "utc": "1800-01-01T17:47:34.000Z",
      "offsetMinutes": 371.43333333333334,
      "flags": [
        "lmt"
      ],
      "gapShiftMinutes": 0
    },
    {
      "zone": "Asia/Krasnoyarsk",
      "date": "1800-01-01",
      "time": "12:00",
      "timeKnown": false,
      "status": "compatible",
      "utc": "1800-01-01T05:48:34.000Z",
      "offsetMinutes": 371.43333333333334,
      "flags": [
        "lmt"
      ],
      "gapShiftMinutes": 0
    },
    {
      "zone": "Asia/Krasnoyarsk",
      "date": "2199-12-31",
      "time": "00:00",
      "timeKnown": true,
      "status": "compatible",
      "utc": "2199-12-30T17:00:00.000Z",
      "offsetMinutes": 420,
      "flags": [],
      "gapShiftMinutes": 0
    },
    {
      "zone": "Asia/Krasnoyarsk",
      "date": "2199-12-31",
      "time": "23:59",
      "timeKnown": true,
      "status": "compatible",
      "utc": "2199-12-31T16:59:00.000Z",
      "offsetMinutes": 420,
      "flags": [],
      "gapShiftMinutes": 0
    },
    {
      "zone": "Asia/Krasnoyarsk",
      "date": "2199-12-31",
      "time": "12:00",
      "timeKnown": false,
      "status": "compatible",
      "utc": "2199-12-31T05:00:00.000Z",
      "offsetMinutes": 420,
      "flags": [],
      "gapShiftMinutes": 0
    },
    {
      "zone": "Asia/Tomsk",
      "date": "1800-01-01",
      "time": "00:00",
      "timeKnown": true,
      "status": "compatible",
      "utc": "1799-12-31T18:20:09.000Z",
      "offsetMinutes": 339.85,
      "flags": [
        "lmt"
      ],
      "gapShiftMinutes": 0
    },
    {
      "zone": "Asia/Tomsk",
      "date": "1800-01-01",
      "time": "23:59",
      "timeKnown": true,
      "status": "compatible",
      "utc": "1800-01-01T18:19:09.000Z",
      "offsetMinutes": 339.85,
      "flags": [
        "lmt"
      ],
      "gapShiftMinutes": 0
    },
    {
      "zone": "Asia/Tomsk",
      "date": "1800-01-01",
      "time": "12:00",
      "timeKnown": false,
      "status": "compatible",
      "utc": "1800-01-01T06:20:09.000Z",
      "offsetMinutes": 339.85,
      "flags": [
        "lmt"
      ],
      "gapShiftMinutes": 0
    },
    {
      "zone": "Asia/Tomsk",
      "date": "2199-12-31",
      "time": "00:00",
      "timeKnown": true,
      "status": "compatible",
      "utc": "2199-12-30T17:00:00.000Z",
      "offsetMinutes": 420,
      "flags": [],
      "gapShiftMinutes": 0
    },
    {
      "zone": "Asia/Tomsk",
      "date": "2199-12-31",
      "time": "23:59",
      "timeKnown": true,
      "status": "compatible",
      "utc": "2199-12-31T16:59:00.000Z",
      "offsetMinutes": 420,
      "flags": [],
      "gapShiftMinutes": 0
    },
    {
      "zone": "Asia/Tomsk",
      "date": "2199-12-31",
      "time": "12:00",
      "timeKnown": false,
      "status": "compatible",
      "utc": "2199-12-31T05:00:00.000Z",
      "offsetMinutes": 420,
      "flags": [],
      "gapShiftMinutes": 0
    },
    {
      "zone": "Asia/Novosibirsk",
      "date": "1800-01-01",
      "time": "00:00",
      "timeKnown": true,
      "status": "compatible",
      "utc": "1799-12-31T18:28:20.000Z",
      "offsetMinutes": 331.6666666666667,
      "flags": [
        "lmt"
      ],
      "gapShiftMinutes": 0
    },
    {
      "zone": "Asia/Novosibirsk",
      "date": "1800-01-01",
      "time": "23:59",
      "timeKnown": true,
      "status": "compatible",
      "utc": "1800-01-01T18:27:20.000Z",
      "offsetMinutes": 331.6666666666667,
      "flags": [
        "lmt"
      ],
      "gapShiftMinutes": 0
    },
    {
      "zone": "Asia/Novosibirsk",
      "date": "1800-01-01",
      "time": "12:00",
      "timeKnown": false,
      "status": "compatible",
      "utc": "1800-01-01T06:28:20.000Z",
      "offsetMinutes": 331.6666666666667,
      "flags": [
        "lmt"
      ],
      "gapShiftMinutes": 0
    },
    {
      "zone": "Asia/Novosibirsk",
      "date": "2199-12-31",
      "time": "00:00",
      "timeKnown": true,
      "status": "compatible",
      "utc": "2199-12-30T17:00:00.000Z",
      "offsetMinutes": 420,
      "flags": [],
      "gapShiftMinutes": 0
    },
    {
      "zone": "Asia/Novosibirsk",
      "date": "2199-12-31",
      "time": "23:59",
      "timeKnown": true,
      "status": "compatible",
      "utc": "2199-12-31T16:59:00.000Z",
      "offsetMinutes": 420,
      "flags": [],
      "gapShiftMinutes": 0
    },
    {
      "zone": "Asia/Novosibirsk",
      "date": "2199-12-31",
      "time": "12:00",
      "timeKnown": false,
      "status": "compatible",
      "utc": "2199-12-31T05:00:00.000Z",
      "offsetMinutes": 420,
      "flags": [],
      "gapShiftMinutes": 0
    },
    {
      "zone": "Asia/Irkutsk",
      "date": "1800-01-01",
      "time": "00:00",
      "timeKnown": true,
      "status": "compatible",
      "utc": "1799-12-31T17:02:55.000Z",
      "offsetMinutes": 417.0833333333333,
      "flags": [
        "lmt"
      ],
      "gapShiftMinutes": 0
    },
    {
      "zone": "Asia/Irkutsk",
      "date": "1800-01-01",
      "time": "23:59",
      "timeKnown": true,
      "status": "compatible",
      "utc": "1800-01-01T17:01:55.000Z",
      "offsetMinutes": 417.0833333333333,
      "flags": [
        "lmt"
      ],
      "gapShiftMinutes": 0
    },
    {
      "zone": "Asia/Irkutsk",
      "date": "1800-01-01",
      "time": "12:00",
      "timeKnown": false,
      "status": "compatible",
      "utc": "1800-01-01T05:02:55.000Z",
      "offsetMinutes": 417.0833333333333,
      "flags": [
        "lmt"
      ],
      "gapShiftMinutes": 0
    },
    {
      "zone": "Asia/Irkutsk",
      "date": "2199-12-31",
      "time": "00:00",
      "timeKnown": true,
      "status": "compatible",
      "utc": "2199-12-30T16:00:00.000Z",
      "offsetMinutes": 480,
      "flags": [],
      "gapShiftMinutes": 0
    },
    {
      "zone": "Asia/Irkutsk",
      "date": "2199-12-31",
      "time": "23:59",
      "timeKnown": true,
      "status": "compatible",
      "utc": "2199-12-31T15:59:00.000Z",
      "offsetMinutes": 480,
      "flags": [],
      "gapShiftMinutes": 0
    },
    {
      "zone": "Asia/Irkutsk",
      "date": "2199-12-31",
      "time": "12:00",
      "timeKnown": false,
      "status": "compatible",
      "utc": "2199-12-31T04:00:00.000Z",
      "offsetMinutes": 480,
      "flags": [],
      "gapShiftMinutes": 0
    },
    {
      "zone": "Asia/Omsk",
      "date": "1800-01-01",
      "time": "00:00",
      "timeKnown": true,
      "status": "compatible",
      "utc": "1799-12-31T19:06:30.000Z",
      "offsetMinutes": 293.5,
      "flags": [
        "lmt"
      ],
      "gapShiftMinutes": 0
    },
    {
      "zone": "Asia/Omsk",
      "date": "1800-01-01",
      "time": "23:59",
      "timeKnown": true,
      "status": "compatible",
      "utc": "1800-01-01T19:05:30.000Z",
      "offsetMinutes": 293.5,
      "flags": [
        "lmt"
      ],
      "gapShiftMinutes": 0
    },
    {
      "zone": "Asia/Omsk",
      "date": "1800-01-01",
      "time": "12:00",
      "timeKnown": false,
      "status": "compatible",
      "utc": "1800-01-01T07:06:30.000Z",
      "offsetMinutes": 293.5,
      "flags": [
        "lmt"
      ],
      "gapShiftMinutes": 0
    },
    {
      "zone": "Asia/Omsk",
      "date": "2199-12-31",
      "time": "00:00",
      "timeKnown": true,
      "status": "compatible",
      "utc": "2199-12-30T18:00:00.000Z",
      "offsetMinutes": 360,
      "flags": [],
      "gapShiftMinutes": 0
    },
    {
      "zone": "Asia/Omsk",
      "date": "2199-12-31",
      "time": "23:59",
      "timeKnown": true,
      "status": "compatible",
      "utc": "2199-12-31T17:59:00.000Z",
      "offsetMinutes": 360,
      "flags": [],
      "gapShiftMinutes": 0
    },
    {
      "zone": "Asia/Omsk",
      "date": "2199-12-31",
      "time": "12:00",
      "timeKnown": false,
      "status": "compatible",
      "utc": "2199-12-31T06:00:00.000Z",
      "offsetMinutes": 360,
      "flags": [],
      "gapShiftMinutes": 0
    },
    {
      "zone": "Asia/Yakutsk",
      "date": "1800-01-01",
      "time": "00:00",
      "timeKnown": true,
      "status": "compatible",
      "utc": "1799-12-31T15:21:02.000Z",
      "offsetMinutes": 518.9666666666667,
      "flags": [
        "lmt"
      ],
      "gapShiftMinutes": 0
    },
    {
      "zone": "Asia/Yakutsk",
      "date": "1800-01-01",
      "time": "23:59",
      "timeKnown": true,
      "status": "compatible",
      "utc": "1800-01-01T15:20:02.000Z",
      "offsetMinutes": 518.9666666666667,
      "flags": [
        "lmt"
      ],
      "gapShiftMinutes": 0
    },
    {
      "zone": "Asia/Yakutsk",
      "date": "1800-01-01",
      "time": "12:00",
      "timeKnown": false,
      "status": "compatible",
      "utc": "1800-01-01T03:21:02.000Z",
      "offsetMinutes": 518.9666666666667,
      "flags": [
        "lmt"
      ],
      "gapShiftMinutes": 0
    },
    {
      "zone": "Asia/Yakutsk",
      "date": "2199-12-31",
      "time": "00:00",
      "timeKnown": true,
      "status": "compatible",
      "utc": "2199-12-30T15:00:00.000Z",
      "offsetMinutes": 540,
      "flags": [],
      "gapShiftMinutes": 0
    },
    {
      "zone": "Asia/Yakutsk",
      "date": "2199-12-31",
      "time": "23:59",
      "timeKnown": true,
      "status": "compatible",
      "utc": "2199-12-31T14:59:00.000Z",
      "offsetMinutes": 540,
      "flags": [],
      "gapShiftMinutes": 0
    },
    {
      "zone": "Asia/Yakutsk",
      "date": "2199-12-31",
      "time": "12:00",
      "timeKnown": false,
      "status": "compatible",
      "utc": "2199-12-31T03:00:00.000Z",
      "offsetMinutes": 540,
      "flags": [],
      "gapShiftMinutes": 0
    },
    {
      "zone": "Asia/Vladivostok",
      "date": "1800-01-01",
      "time": "00:00",
      "timeKnown": true,
      "status": "compatible",
      "utc": "1799-12-31T15:12:29.000Z",
      "offsetMinutes": 527.5166666666667,
      "flags": [
        "lmt"
      ],
      "gapShiftMinutes": 0
    },
    {
      "zone": "Asia/Vladivostok",
      "date": "1800-01-01",
      "time": "23:59",
      "timeKnown": true,
      "status": "compatible",
      "utc": "1800-01-01T15:11:29.000Z",
      "offsetMinutes": 527.5166666666667,
      "flags": [
        "lmt"
      ],
      "gapShiftMinutes": 0
    },
    {
      "zone": "Asia/Vladivostok",
      "date": "1800-01-01",
      "time": "12:00",
      "timeKnown": false,
      "status": "compatible",
      "utc": "1800-01-01T03:12:29.000Z",
      "offsetMinutes": 527.5166666666667,
      "flags": [
        "lmt"
      ],
      "gapShiftMinutes": 0
    },
    {
      "zone": "Asia/Vladivostok",
      "date": "2199-12-31",
      "time": "00:00",
      "timeKnown": true,
      "status": "compatible",
      "utc": "2199-12-30T14:00:00.000Z",
      "offsetMinutes": 600,
      "flags": [],
      "gapShiftMinutes": 0
    },
    {
      "zone": "Asia/Vladivostok",
      "date": "2199-12-31",
      "time": "23:59",
      "timeKnown": true,
      "status": "compatible",
      "utc": "2199-12-31T13:59:00.000Z",
      "offsetMinutes": 600,
      "flags": [],
      "gapShiftMinutes": 0
    },
    {
      "zone": "Asia/Vladivostok",
      "date": "2199-12-31",
      "time": "12:00",
      "timeKnown": false,
      "status": "compatible",
      "utc": "2199-12-31T02:00:00.000Z",
      "offsetMinutes": 600,
      "flags": [],
      "gapShiftMinutes": 0
    },
    {
      "zone": "Asia/Chita",
      "date": "1800-01-01",
      "time": "00:00",
      "timeKnown": true,
      "status": "compatible",
      "utc": "1799-12-31T16:26:08.000Z",
      "offsetMinutes": 453.8666666666667,
      "flags": [
        "lmt"
      ],
      "gapShiftMinutes": 0
    },
    {
      "zone": "Asia/Chita",
      "date": "1800-01-01",
      "time": "23:59",
      "timeKnown": true,
      "status": "compatible",
      "utc": "1800-01-01T16:25:08.000Z",
      "offsetMinutes": 453.8666666666667,
      "flags": [
        "lmt"
      ],
      "gapShiftMinutes": 0
    },
    {
      "zone": "Asia/Chita",
      "date": "1800-01-01",
      "time": "12:00",
      "timeKnown": false,
      "status": "compatible",
      "utc": "1800-01-01T04:26:08.000Z",
      "offsetMinutes": 453.8666666666667,
      "flags": [
        "lmt"
      ],
      "gapShiftMinutes": 0
    },
    {
      "zone": "Asia/Chita",
      "date": "2199-12-31",
      "time": "00:00",
      "timeKnown": true,
      "status": "compatible",
      "utc": "2199-12-30T15:00:00.000Z",
      "offsetMinutes": 540,
      "flags": [],
      "gapShiftMinutes": 0
    },
    {
      "zone": "Asia/Chita",
      "date": "2199-12-31",
      "time": "23:59",
      "timeKnown": true,
      "status": "compatible",
      "utc": "2199-12-31T14:59:00.000Z",
      "offsetMinutes": 540,
      "flags": [],
      "gapShiftMinutes": 0
    },
    {
      "zone": "Asia/Chita",
      "date": "2199-12-31",
      "time": "12:00",
      "timeKnown": false,
      "status": "compatible",
      "utc": "2199-12-31T03:00:00.000Z",
      "offsetMinutes": 540,
      "flags": [],
      "gapShiftMinutes": 0
    },
    {
      "zone": "Asia/Kamchatka",
      "date": "1800-01-01",
      "time": "00:00",
      "timeKnown": true,
      "status": "compatible",
      "utc": "1799-12-31T13:25:24.000Z",
      "offsetMinutes": 634.6,
      "flags": [
        "lmt"
      ],
      "gapShiftMinutes": 0
    },
    {
      "zone": "Asia/Kamchatka",
      "date": "1800-01-01",
      "time": "23:59",
      "timeKnown": true,
      "status": "compatible",
      "utc": "1800-01-01T13:24:24.000Z",
      "offsetMinutes": 634.6,
      "flags": [
        "lmt"
      ],
      "gapShiftMinutes": 0
    },
    {
      "zone": "Asia/Kamchatka",
      "date": "1800-01-01",
      "time": "12:00",
      "timeKnown": false,
      "status": "compatible",
      "utc": "1800-01-01T01:25:24.000Z",
      "offsetMinutes": 634.6,
      "flags": [
        "lmt"
      ],
      "gapShiftMinutes": 0
    },
    {
      "zone": "Asia/Kamchatka",
      "date": "2199-12-31",
      "time": "00:00",
      "timeKnown": true,
      "status": "compatible",
      "utc": "2199-12-30T12:00:00.000Z",
      "offsetMinutes": 720,
      "flags": [],
      "gapShiftMinutes": 0
    },
    {
      "zone": "Asia/Kamchatka",
      "date": "2199-12-31",
      "time": "23:59",
      "timeKnown": true,
      "status": "compatible",
      "utc": "2199-12-31T11:59:00.000Z",
      "offsetMinutes": 720,
      "flags": [],
      "gapShiftMinutes": 0
    },
    {
      "zone": "Asia/Kamchatka",
      "date": "2199-12-31",
      "time": "12:00",
      "timeKnown": false,
      "status": "compatible",
      "utc": "2199-12-31T00:00:00.000Z",
      "offsetMinutes": 720,
      "flags": [],
      "gapShiftMinutes": 0
    },
    {
      "zone": "Asia/Sakhalin",
      "date": "1800-01-01",
      "time": "00:00",
      "timeKnown": true,
      "status": "compatible",
      "utc": "1799-12-31T14:29:12.000Z",
      "offsetMinutes": 570.8,
      "flags": [
        "lmt"
      ],
      "gapShiftMinutes": 0
    },
    {
      "zone": "Asia/Sakhalin",
      "date": "1800-01-01",
      "time": "23:59",
      "timeKnown": true,
      "status": "compatible",
      "utc": "1800-01-01T14:28:12.000Z",
      "offsetMinutes": 570.8,
      "flags": [
        "lmt"
      ],
      "gapShiftMinutes": 0
    },
    {
      "zone": "Asia/Sakhalin",
      "date": "1800-01-01",
      "time": "12:00",
      "timeKnown": false,
      "status": "compatible",
      "utc": "1800-01-01T02:29:12.000Z",
      "offsetMinutes": 570.8,
      "flags": [
        "lmt"
      ],
      "gapShiftMinutes": 0
    },
    {
      "zone": "Asia/Sakhalin",
      "date": "2199-12-31",
      "time": "00:00",
      "timeKnown": true,
      "status": "compatible",
      "utc": "2199-12-30T13:00:00.000Z",
      "offsetMinutes": 660,
      "flags": [],
      "gapShiftMinutes": 0
    },
    {
      "zone": "Asia/Sakhalin",
      "date": "2199-12-31",
      "time": "23:59",
      "timeKnown": true,
      "status": "compatible",
      "utc": "2199-12-31T12:59:00.000Z",
      "offsetMinutes": 660,
      "flags": [],
      "gapShiftMinutes": 0
    },
    {
      "zone": "Asia/Sakhalin",
      "date": "2199-12-31",
      "time": "12:00",
      "timeKnown": false,
      "status": "compatible",
      "utc": "2199-12-31T01:00:00.000Z",
      "offsetMinutes": 660,
      "flags": [],
      "gapShiftMinutes": 0
    },
    {
      "zone": "Asia/Magadan",
      "date": "1800-01-01",
      "time": "00:00",
      "timeKnown": true,
      "status": "compatible",
      "utc": "1799-12-31T13:56:48.000Z",
      "offsetMinutes": 603.2,
      "flags": [
        "lmt"
      ],
      "gapShiftMinutes": 0
    },
    {
      "zone": "Asia/Magadan",
      "date": "1800-01-01",
      "time": "23:59",
      "timeKnown": true,
      "status": "compatible",
      "utc": "1800-01-01T13:55:48.000Z",
      "offsetMinutes": 603.2,
      "flags": [
        "lmt"
      ],
      "gapShiftMinutes": 0
    },
    {
      "zone": "Asia/Magadan",
      "date": "1800-01-01",
      "time": "12:00",
      "timeKnown": false,
      "status": "compatible",
      "utc": "1800-01-01T01:56:48.000Z",
      "offsetMinutes": 603.2,
      "flags": [
        "lmt"
      ],
      "gapShiftMinutes": 0
    },
    {
      "zone": "Asia/Magadan",
      "date": "2199-12-31",
      "time": "00:00",
      "timeKnown": true,
      "status": "compatible",
      "utc": "2199-12-30T13:00:00.000Z",
      "offsetMinutes": 660,
      "flags": [],
      "gapShiftMinutes": 0
    },
    {
      "zone": "Asia/Magadan",
      "date": "2199-12-31",
      "time": "23:59",
      "timeKnown": true,
      "status": "compatible",
      "utc": "2199-12-31T12:59:00.000Z",
      "offsetMinutes": 660,
      "flags": [],
      "gapShiftMinutes": 0
    },
    {
      "zone": "Asia/Magadan",
      "date": "2199-12-31",
      "time": "12:00",
      "timeKnown": false,
      "status": "compatible",
      "utc": "2199-12-31T01:00:00.000Z",
      "offsetMinutes": 660,
      "flags": [],
      "gapShiftMinutes": 0
    },
    {
      "zone": "Asia/Anadyr",
      "date": "1800-01-01",
      "time": "00:00",
      "timeKnown": true,
      "status": "compatible",
      "utc": "1799-12-31T12:10:04.000Z",
      "offsetMinutes": 709.9333333333333,
      "flags": [
        "lmt"
      ],
      "gapShiftMinutes": 0
    },
    {
      "zone": "Asia/Anadyr",
      "date": "1800-01-01",
      "time": "23:59",
      "timeKnown": true,
      "status": "compatible",
      "utc": "1800-01-01T12:09:04.000Z",
      "offsetMinutes": 709.9333333333333,
      "flags": [
        "lmt"
      ],
      "gapShiftMinutes": 0
    },
    {
      "zone": "Asia/Anadyr",
      "date": "1800-01-01",
      "time": "12:00",
      "timeKnown": false,
      "status": "compatible",
      "utc": "1800-01-01T00:10:04.000Z",
      "offsetMinutes": 709.9333333333333,
      "flags": [
        "lmt"
      ],
      "gapShiftMinutes": 0
    },
    {
      "zone": "Asia/Anadyr",
      "date": "2199-12-31",
      "time": "00:00",
      "timeKnown": true,
      "status": "compatible",
      "utc": "2199-12-30T12:00:00.000Z",
      "offsetMinutes": 720,
      "flags": [],
      "gapShiftMinutes": 0
    },
    {
      "zone": "Asia/Anadyr",
      "date": "2199-12-31",
      "time": "23:59",
      "timeKnown": true,
      "status": "compatible",
      "utc": "2199-12-31T11:59:00.000Z",
      "offsetMinutes": 720,
      "flags": [],
      "gapShiftMinutes": 0
    },
    {
      "zone": "Asia/Anadyr",
      "date": "2199-12-31",
      "time": "12:00",
      "timeKnown": false,
      "status": "compatible",
      "utc": "2199-12-31T00:00:00.000Z",
      "offsetMinutes": 720,
      "flags": [],
      "gapShiftMinutes": 0
    },
    {
      "zone": "Africa/Kigali",
      "date": "1800-01-01",
      "time": "00:00",
      "timeKnown": true,
      "status": "compatible",
      "utc": "1799-12-31T21:49:42.000Z",
      "offsetMinutes": 130.3,
      "flags": [
        "lmt"
      ],
      "gapShiftMinutes": 0
    },
    {
      "zone": "Africa/Kigali",
      "date": "1800-01-01",
      "time": "23:59",
      "timeKnown": true,
      "status": "compatible",
      "utc": "1800-01-01T21:48:42.000Z",
      "offsetMinutes": 130.3,
      "flags": [
        "lmt"
      ],
      "gapShiftMinutes": 0
    },
    {
      "zone": "Africa/Kigali",
      "date": "1800-01-01",
      "time": "12:00",
      "timeKnown": false,
      "status": "compatible",
      "utc": "1800-01-01T09:49:42.000Z",
      "offsetMinutes": 130.3,
      "flags": [
        "lmt"
      ],
      "gapShiftMinutes": 0
    },
    {
      "zone": "Africa/Kigali",
      "date": "2199-12-31",
      "time": "00:00",
      "timeKnown": true,
      "status": "compatible",
      "utc": "2199-12-30T22:00:00.000Z",
      "offsetMinutes": 120,
      "flags": [],
      "gapShiftMinutes": 0
    },
    {
      "zone": "Africa/Kigali",
      "date": "2199-12-31",
      "time": "23:59",
      "timeKnown": true,
      "status": "compatible",
      "utc": "2199-12-31T21:59:00.000Z",
      "offsetMinutes": 120,
      "flags": [],
      "gapShiftMinutes": 0
    },
    {
      "zone": "Africa/Kigali",
      "date": "2199-12-31",
      "time": "12:00",
      "timeKnown": false,
      "status": "compatible",
      "utc": "2199-12-31T10:00:00.000Z",
      "offsetMinutes": 120,
      "flags": [],
      "gapShiftMinutes": 0
    },
    {
      "zone": "Asia/Riyadh",
      "date": "1800-01-01",
      "time": "00:00",
      "timeKnown": true,
      "status": "compatible",
      "utc": "1799-12-31T20:53:08.000Z",
      "offsetMinutes": 186.86666666666667,
      "flags": [
        "lmt"
      ],
      "gapShiftMinutes": 0
    },
    {
      "zone": "Asia/Riyadh",
      "date": "1800-01-01",
      "time": "23:59",
      "timeKnown": true,
      "status": "compatible",
      "utc": "1800-01-01T20:52:08.000Z",
      "offsetMinutes": 186.86666666666667,
      "flags": [
        "lmt"
      ],
      "gapShiftMinutes": 0
    },
    {
      "zone": "Asia/Riyadh",
      "date": "1800-01-01",
      "time": "12:00",
      "timeKnown": false,
      "status": "compatible",
      "utc": "1800-01-01T08:53:08.000Z",
      "offsetMinutes": 186.86666666666667,
      "flags": [
        "lmt"
      ],
      "gapShiftMinutes": 0
    },
    {
      "zone": "Asia/Riyadh",
      "date": "2199-12-31",
      "time": "00:00",
      "timeKnown": true,
      "status": "compatible",
      "utc": "2199-12-30T21:00:00.000Z",
      "offsetMinutes": 180,
      "flags": [],
      "gapShiftMinutes": 0
    },
    {
      "zone": "Asia/Riyadh",
      "date": "2199-12-31",
      "time": "23:59",
      "timeKnown": true,
      "status": "compatible",
      "utc": "2199-12-31T20:59:00.000Z",
      "offsetMinutes": 180,
      "flags": [],
      "gapShiftMinutes": 0
    },
    {
      "zone": "Asia/Riyadh",
      "date": "2199-12-31",
      "time": "12:00",
      "timeKnown": false,
      "status": "compatible",
      "utc": "2199-12-31T09:00:00.000Z",
      "offsetMinutes": 180,
      "flags": [],
      "gapShiftMinutes": 0
    },
    {
      "zone": "Pacific/Guadalcanal",
      "date": "1800-01-01",
      "time": "00:00",
      "timeKnown": true,
      "status": "compatible",
      "utc": "1799-12-31T13:20:12.000Z",
      "offsetMinutes": 639.8,
      "flags": [
        "lmt"
      ],
      "gapShiftMinutes": 0
    },
    {
      "zone": "Pacific/Guadalcanal",
      "date": "1800-01-01",
      "time": "23:59",
      "timeKnown": true,
      "status": "compatible",
      "utc": "1800-01-01T13:19:12.000Z",
      "offsetMinutes": 639.8,
      "flags": [
        "lmt"
      ],
      "gapShiftMinutes": 0
    },
    {
      "zone": "Pacific/Guadalcanal",
      "date": "1800-01-01",
      "time": "12:00",
      "timeKnown": false,
      "status": "compatible",
      "utc": "1800-01-01T01:20:12.000Z",
      "offsetMinutes": 639.8,
      "flags": [
        "lmt"
      ],
      "gapShiftMinutes": 0
    },
    {
      "zone": "Pacific/Guadalcanal",
      "date": "2199-12-31",
      "time": "00:00",
      "timeKnown": true,
      "status": "compatible",
      "utc": "2199-12-30T13:00:00.000Z",
      "offsetMinutes": 660,
      "flags": [],
      "gapShiftMinutes": 0
    },
    {
      "zone": "Pacific/Guadalcanal",
      "date": "2199-12-31",
      "time": "23:59",
      "timeKnown": true,
      "status": "compatible",
      "utc": "2199-12-31T12:59:00.000Z",
      "offsetMinutes": 660,
      "flags": [],
      "gapShiftMinutes": 0
    },
    {
      "zone": "Pacific/Guadalcanal",
      "date": "2199-12-31",
      "time": "12:00",
      "timeKnown": false,
      "status": "compatible",
      "utc": "2199-12-31T01:00:00.000Z",
      "offsetMinutes": 660,
      "flags": [],
      "gapShiftMinutes": 0
    },
    {
      "zone": "Indian/Mahe",
      "date": "1800-01-01",
      "time": "00:00",
      "timeKnown": true,
      "status": "compatible",
      "utc": "1799-12-31T20:18:48.000Z",
      "offsetMinutes": 221.2,
      "flags": [
        "lmt"
      ],
      "gapShiftMinutes": 0
    },
    {
      "zone": "Indian/Mahe",
      "date": "1800-01-01",
      "time": "23:59",
      "timeKnown": true,
      "status": "compatible",
      "utc": "1800-01-01T20:17:48.000Z",
      "offsetMinutes": 221.2,
      "flags": [
        "lmt"
      ],
      "gapShiftMinutes": 0
    },
    {
      "zone": "Indian/Mahe",
      "date": "1800-01-01",
      "time": "12:00",
      "timeKnown": false,
      "status": "compatible",
      "utc": "1800-01-01T08:18:48.000Z",
      "offsetMinutes": 221.2,
      "flags": [
        "lmt"
      ],
      "gapShiftMinutes": 0
    },
    {
      "zone": "Indian/Mahe",
      "date": "2199-12-31",
      "time": "00:00",
      "timeKnown": true,
      "status": "compatible",
      "utc": "2199-12-30T20:00:00.000Z",
      "offsetMinutes": 240,
      "flags": [],
      "gapShiftMinutes": 0
    },
    {
      "zone": "Indian/Mahe",
      "date": "2199-12-31",
      "time": "23:59",
      "timeKnown": true,
      "status": "compatible",
      "utc": "2199-12-31T19:59:00.000Z",
      "offsetMinutes": 240,
      "flags": [],
      "gapShiftMinutes": 0
    },
    {
      "zone": "Indian/Mahe",
      "date": "2199-12-31",
      "time": "12:00",
      "timeKnown": false,
      "status": "compatible",
      "utc": "2199-12-31T08:00:00.000Z",
      "offsetMinutes": 240,
      "flags": [],
      "gapShiftMinutes": 0
    },
    {
      "zone": "Africa/Khartoum",
      "date": "1800-01-01",
      "time": "00:00",
      "timeKnown": true,
      "status": "compatible",
      "utc": "1799-12-31T21:49:52.000Z",
      "offsetMinutes": 130.13333333333333,
      "flags": [
        "lmt"
      ],
      "gapShiftMinutes": 0
    },
    {
      "zone": "Africa/Khartoum",
      "date": "1800-01-01",
      "time": "23:59",
      "timeKnown": true,
      "status": "compatible",
      "utc": "1800-01-01T21:48:52.000Z",
      "offsetMinutes": 130.13333333333333,
      "flags": [
        "lmt"
      ],
      "gapShiftMinutes": 0
    },
    {
      "zone": "Africa/Khartoum",
      "date": "1800-01-01",
      "time": "12:00",
      "timeKnown": false,
      "status": "compatible",
      "utc": "1800-01-01T09:49:52.000Z",
      "offsetMinutes": 130.13333333333333,
      "flags": [
        "lmt"
      ],
      "gapShiftMinutes": 0
    },
    {
      "zone": "Africa/Khartoum",
      "date": "2199-12-31",
      "time": "00:00",
      "timeKnown": true,
      "status": "compatible",
      "utc": "2199-12-30T22:00:00.000Z",
      "offsetMinutes": 120,
      "flags": [],
      "gapShiftMinutes": 0
    },
    {
      "zone": "Africa/Khartoum",
      "date": "2199-12-31",
      "time": "23:59",
      "timeKnown": true,
      "status": "compatible",
      "utc": "2199-12-31T21:59:00.000Z",
      "offsetMinutes": 120,
      "flags": [],
      "gapShiftMinutes": 0
    },
    {
      "zone": "Africa/Khartoum",
      "date": "2199-12-31",
      "time": "12:00",
      "timeKnown": false,
      "status": "compatible",
      "utc": "2199-12-31T10:00:00.000Z",
      "offsetMinutes": 120,
      "flags": [],
      "gapShiftMinutes": 0
    },
    {
      "zone": "Europe/Stockholm",
      "date": "1800-01-01",
      "time": "00:00",
      "timeKnown": true,
      "status": "compatible",
      "utc": "1799-12-31T23:06:32.000Z",
      "offsetMinutes": 53.46666666666667,
      "flags": [
        "lmt"
      ],
      "gapShiftMinutes": 0
    },
    {
      "zone": "Europe/Stockholm",
      "date": "1800-01-01",
      "time": "23:59",
      "timeKnown": true,
      "status": "compatible",
      "utc": "1800-01-01T23:05:32.000Z",
      "offsetMinutes": 53.46666666666667,
      "flags": [
        "lmt"
      ],
      "gapShiftMinutes": 0
    },
    {
      "zone": "Europe/Stockholm",
      "date": "1800-01-01",
      "time": "12:00",
      "timeKnown": false,
      "status": "compatible",
      "utc": "1800-01-01T11:06:32.000Z",
      "offsetMinutes": 53.46666666666667,
      "flags": [
        "lmt"
      ],
      "gapShiftMinutes": 0
    },
    {
      "zone": "Europe/Stockholm",
      "date": "2199-12-31",
      "time": "00:00",
      "timeKnown": true,
      "status": "compatible",
      "utc": "2199-12-30T23:00:00.000Z",
      "offsetMinutes": 60,
      "flags": [],
      "gapShiftMinutes": 0
    },
    {
      "zone": "Europe/Stockholm",
      "date": "2199-12-31",
      "time": "23:59",
      "timeKnown": true,
      "status": "compatible",
      "utc": "2199-12-31T22:59:00.000Z",
      "offsetMinutes": 60,
      "flags": [],
      "gapShiftMinutes": 0
    },
    {
      "zone": "Europe/Stockholm",
      "date": "2199-12-31",
      "time": "12:00",
      "timeKnown": false,
      "status": "compatible",
      "utc": "2199-12-31T11:00:00.000Z",
      "offsetMinutes": 60,
      "flags": [],
      "gapShiftMinutes": 0
    },
    {
      "zone": "Asia/Singapore",
      "date": "1800-01-01",
      "time": "00:00",
      "timeKnown": true,
      "status": "compatible",
      "utc": "1799-12-31T17:04:35.000Z",
      "offsetMinutes": 415.4166666666667,
      "flags": [
        "lmt"
      ],
      "gapShiftMinutes": 0
    },
    {
      "zone": "Asia/Singapore",
      "date": "1800-01-01",
      "time": "23:59",
      "timeKnown": true,
      "status": "compatible",
      "utc": "1800-01-01T17:03:35.000Z",
      "offsetMinutes": 415.4166666666667,
      "flags": [
        "lmt"
      ],
      "gapShiftMinutes": 0
    },
    {
      "zone": "Asia/Singapore",
      "date": "1800-01-01",
      "time": "12:00",
      "timeKnown": false,
      "status": "compatible",
      "utc": "1800-01-01T05:04:35.000Z",
      "offsetMinutes": 415.4166666666667,
      "flags": [
        "lmt"
      ],
      "gapShiftMinutes": 0
    },
    {
      "zone": "Asia/Singapore",
      "date": "2199-12-31",
      "time": "00:00",
      "timeKnown": true,
      "status": "compatible",
      "utc": "2199-12-30T16:00:00.000Z",
      "offsetMinutes": 480,
      "flags": [],
      "gapShiftMinutes": 0
    },
    {
      "zone": "Asia/Singapore",
      "date": "2199-12-31",
      "time": "23:59",
      "timeKnown": true,
      "status": "compatible",
      "utc": "2199-12-31T15:59:00.000Z",
      "offsetMinutes": 480,
      "flags": [],
      "gapShiftMinutes": 0
    },
    {
      "zone": "Asia/Singapore",
      "date": "2199-12-31",
      "time": "12:00",
      "timeKnown": false,
      "status": "compatible",
      "utc": "2199-12-31T04:00:00.000Z",
      "offsetMinutes": 480,
      "flags": [],
      "gapShiftMinutes": 0
    },
    {
      "zone": "Atlantic/St_Helena",
      "date": "1800-01-01",
      "time": "00:00",
      "timeKnown": true,
      "status": "compatible",
      "utc": "1800-01-01T00:16:08.000Z",
      "offsetMinutes": -16.133333333333333,
      "flags": [
        "lmt"
      ],
      "gapShiftMinutes": 0
    },
    {
      "zone": "Atlantic/St_Helena",
      "date": "1800-01-01",
      "time": "23:59",
      "timeKnown": true,
      "status": "compatible",
      "utc": "1800-01-02T00:15:08.000Z",
      "offsetMinutes": -16.133333333333333,
      "flags": [
        "lmt"
      ],
      "gapShiftMinutes": 0
    },
    {
      "zone": "Atlantic/St_Helena",
      "date": "1800-01-01",
      "time": "12:00",
      "timeKnown": false,
      "status": "compatible",
      "utc": "1800-01-01T12:16:08.000Z",
      "offsetMinutes": -16.133333333333333,
      "flags": [
        "lmt"
      ],
      "gapShiftMinutes": 0
    },
    {
      "zone": "Atlantic/St_Helena",
      "date": "2199-12-31",
      "time": "00:00",
      "timeKnown": true,
      "status": "compatible",
      "utc": "2199-12-31T00:00:00.000Z",
      "offsetMinutes": 0,
      "flags": [],
      "gapShiftMinutes": 0
    },
    {
      "zone": "Atlantic/St_Helena",
      "date": "2199-12-31",
      "time": "23:59",
      "timeKnown": true,
      "status": "compatible",
      "utc": "2199-12-31T23:59:00.000Z",
      "offsetMinutes": 0,
      "flags": [],
      "gapShiftMinutes": 0
    },
    {
      "zone": "Atlantic/St_Helena",
      "date": "2199-12-31",
      "time": "12:00",
      "timeKnown": false,
      "status": "compatible",
      "utc": "2199-12-31T12:00:00.000Z",
      "offsetMinutes": 0,
      "flags": [],
      "gapShiftMinutes": 0
    },
    {
      "zone": "Europe/Ljubljana",
      "date": "1800-01-01",
      "time": "00:00",
      "timeKnown": true,
      "status": "compatible",
      "utc": "1799-12-31T22:38:00.000Z",
      "offsetMinutes": 82,
      "flags": [],
      "gapShiftMinutes": 0
    },
    {
      "zone": "Europe/Ljubljana",
      "date": "1800-01-01",
      "time": "23:59",
      "timeKnown": true,
      "status": "compatible",
      "utc": "1800-01-01T22:37:00.000Z",
      "offsetMinutes": 82,
      "flags": [],
      "gapShiftMinutes": 0
    },
    {
      "zone": "Europe/Ljubljana",
      "date": "1800-01-01",
      "time": "12:00",
      "timeKnown": false,
      "status": "compatible",
      "utc": "1800-01-01T10:38:00.000Z",
      "offsetMinutes": 82,
      "flags": [],
      "gapShiftMinutes": 0
    },
    {
      "zone": "Europe/Ljubljana",
      "date": "2199-12-31",
      "time": "00:00",
      "timeKnown": true,
      "status": "compatible",
      "utc": "2199-12-30T23:00:00.000Z",
      "offsetMinutes": 60,
      "flags": [],
      "gapShiftMinutes": 0
    },
    {
      "zone": "Europe/Ljubljana",
      "date": "2199-12-31",
      "time": "23:59",
      "timeKnown": true,
      "status": "compatible",
      "utc": "2199-12-31T22:59:00.000Z",
      "offsetMinutes": 60,
      "flags": [],
      "gapShiftMinutes": 0
    },
    {
      "zone": "Europe/Ljubljana",
      "date": "2199-12-31",
      "time": "12:00",
      "timeKnown": false,
      "status": "compatible",
      "utc": "2199-12-31T11:00:00.000Z",
      "offsetMinutes": 60,
      "flags": [],
      "gapShiftMinutes": 0
    },
    {
      "zone": "Arctic/Longyearbyen",
      "date": "1800-01-01",
      "time": "00:00",
      "timeKnown": true,
      "status": "compatible",
      "utc": "1799-12-31T23:06:32.000Z",
      "offsetMinutes": 53.46666666666667,
      "flags": [
        "lmt"
      ],
      "gapShiftMinutes": 0
    },
    {
      "zone": "Arctic/Longyearbyen",
      "date": "1800-01-01",
      "time": "23:59",
      "timeKnown": true,
      "status": "compatible",
      "utc": "1800-01-01T23:05:32.000Z",
      "offsetMinutes": 53.46666666666667,
      "flags": [
        "lmt"
      ],
      "gapShiftMinutes": 0
    },
    {
      "zone": "Arctic/Longyearbyen",
      "date": "1800-01-01",
      "time": "12:00",
      "timeKnown": false,
      "status": "compatible",
      "utc": "1800-01-01T11:06:32.000Z",
      "offsetMinutes": 53.46666666666667,
      "flags": [
        "lmt"
      ],
      "gapShiftMinutes": 0
    },
    {
      "zone": "Arctic/Longyearbyen",
      "date": "2199-12-31",
      "time": "00:00",
      "timeKnown": true,
      "status": "compatible",
      "utc": "2199-12-30T23:00:00.000Z",
      "offsetMinutes": 60,
      "flags": [],
      "gapShiftMinutes": 0
    },
    {
      "zone": "Arctic/Longyearbyen",
      "date": "2199-12-31",
      "time": "23:59",
      "timeKnown": true,
      "status": "compatible",
      "utc": "2199-12-31T22:59:00.000Z",
      "offsetMinutes": 60,
      "flags": [],
      "gapShiftMinutes": 0
    },
    {
      "zone": "Arctic/Longyearbyen",
      "date": "2199-12-31",
      "time": "12:00",
      "timeKnown": false,
      "status": "compatible",
      "utc": "2199-12-31T11:00:00.000Z",
      "offsetMinutes": 60,
      "flags": [],
      "gapShiftMinutes": 0
    },
    {
      "zone": "Europe/Bratislava",
      "date": "1800-01-01",
      "time": "00:00",
      "timeKnown": true,
      "status": "compatible",
      "utc": "1799-12-31T23:02:16.000Z",
      "offsetMinutes": 57.733333333333334,
      "flags": [
        "lmt"
      ],
      "gapShiftMinutes": 0
    },
    {
      "zone": "Europe/Bratislava",
      "date": "1800-01-01",
      "time": "23:59",
      "timeKnown": true,
      "status": "compatible",
      "utc": "1800-01-01T23:01:16.000Z",
      "offsetMinutes": 57.733333333333334,
      "flags": [
        "lmt"
      ],
      "gapShiftMinutes": 0
    },
    {
      "zone": "Europe/Bratislava",
      "date": "1800-01-01",
      "time": "12:00",
      "timeKnown": false,
      "status": "compatible",
      "utc": "1800-01-01T11:02:16.000Z",
      "offsetMinutes": 57.733333333333334,
      "flags": [
        "lmt"
      ],
      "gapShiftMinutes": 0
    },
    {
      "zone": "Europe/Bratislava",
      "date": "2199-12-31",
      "time": "00:00",
      "timeKnown": true,
      "status": "compatible",
      "utc": "2199-12-30T23:00:00.000Z",
      "offsetMinutes": 60,
      "flags": [],
      "gapShiftMinutes": 0
    },
    {
      "zone": "Europe/Bratislava",
      "date": "2199-12-31",
      "time": "23:59",
      "timeKnown": true,
      "status": "compatible",
      "utc": "2199-12-31T22:59:00.000Z",
      "offsetMinutes": 60,
      "flags": [],
      "gapShiftMinutes": 0
    },
    {
      "zone": "Europe/Bratislava",
      "date": "2199-12-31",
      "time": "12:00",
      "timeKnown": false,
      "status": "compatible",
      "utc": "2199-12-31T11:00:00.000Z",
      "offsetMinutes": 60,
      "flags": [],
      "gapShiftMinutes": 0
    },
    {
      "zone": "Africa/Freetown",
      "date": "1800-01-01",
      "time": "00:00",
      "timeKnown": true,
      "status": "compatible",
      "utc": "1800-01-01T00:16:08.000Z",
      "offsetMinutes": -16.133333333333333,
      "flags": [
        "lmt"
      ],
      "gapShiftMinutes": 0
    },
    {
      "zone": "Africa/Freetown",
      "date": "1800-01-01",
      "time": "23:59",
      "timeKnown": true,
      "status": "compatible",
      "utc": "1800-01-02T00:15:08.000Z",
      "offsetMinutes": -16.133333333333333,
      "flags": [
        "lmt"
      ],
      "gapShiftMinutes": 0
    },
    {
      "zone": "Africa/Freetown",
      "date": "1800-01-01",
      "time": "12:00",
      "timeKnown": false,
      "status": "compatible",
      "utc": "1800-01-01T12:16:08.000Z",
      "offsetMinutes": -16.133333333333333,
      "flags": [
        "lmt"
      ],
      "gapShiftMinutes": 0
    },
    {
      "zone": "Africa/Freetown",
      "date": "2199-12-31",
      "time": "00:00",
      "timeKnown": true,
      "status": "compatible",
      "utc": "2199-12-31T00:00:00.000Z",
      "offsetMinutes": 0,
      "flags": [],
      "gapShiftMinutes": 0
    },
    {
      "zone": "Africa/Freetown",
      "date": "2199-12-31",
      "time": "23:59",
      "timeKnown": true,
      "status": "compatible",
      "utc": "2199-12-31T23:59:00.000Z",
      "offsetMinutes": 0,
      "flags": [],
      "gapShiftMinutes": 0
    },
    {
      "zone": "Africa/Freetown",
      "date": "2199-12-31",
      "time": "12:00",
      "timeKnown": false,
      "status": "compatible",
      "utc": "2199-12-31T12:00:00.000Z",
      "offsetMinutes": 0,
      "flags": [],
      "gapShiftMinutes": 0
    },
    {
      "zone": "Europe/San_Marino",
      "date": "1800-01-01",
      "time": "00:00",
      "timeKnown": true,
      "status": "compatible",
      "utc": "1799-12-31T23:10:04.000Z",
      "offsetMinutes": 49.93333333333333,
      "flags": [
        "lmt"
      ],
      "gapShiftMinutes": 0
    },
    {
      "zone": "Europe/San_Marino",
      "date": "1800-01-01",
      "time": "23:59",
      "timeKnown": true,
      "status": "compatible",
      "utc": "1800-01-01T23:09:04.000Z",
      "offsetMinutes": 49.93333333333333,
      "flags": [
        "lmt"
      ],
      "gapShiftMinutes": 0
    },
    {
      "zone": "Europe/San_Marino",
      "date": "1800-01-01",
      "time": "12:00",
      "timeKnown": false,
      "status": "compatible",
      "utc": "1800-01-01T11:10:04.000Z",
      "offsetMinutes": 49.93333333333333,
      "flags": [
        "lmt"
      ],
      "gapShiftMinutes": 0
    },
    {
      "zone": "Europe/San_Marino",
      "date": "2199-12-31",
      "time": "00:00",
      "timeKnown": true,
      "status": "compatible",
      "utc": "2199-12-30T23:00:00.000Z",
      "offsetMinutes": 60,
      "flags": [],
      "gapShiftMinutes": 0
    },
    {
      "zone": "Europe/San_Marino",
      "date": "2199-12-31",
      "time": "23:59",
      "timeKnown": true,
      "status": "compatible",
      "utc": "2199-12-31T22:59:00.000Z",
      "offsetMinutes": 60,
      "flags": [],
      "gapShiftMinutes": 0
    },
    {
      "zone": "Europe/San_Marino",
      "date": "2199-12-31",
      "time": "12:00",
      "timeKnown": false,
      "status": "compatible",
      "utc": "2199-12-31T11:00:00.000Z",
      "offsetMinutes": 60,
      "flags": [],
      "gapShiftMinutes": 0
    },
    {
      "zone": "Africa/Dakar",
      "date": "1800-01-01",
      "time": "00:00",
      "timeKnown": true,
      "status": "compatible",
      "utc": "1800-01-01T00:16:08.000Z",
      "offsetMinutes": -16.133333333333333,
      "flags": [
        "lmt"
      ],
      "gapShiftMinutes": 0
    },
    {
      "zone": "Africa/Dakar",
      "date": "1800-01-01",
      "time": "23:59",
      "timeKnown": true,
      "status": "compatible",
      "utc": "1800-01-02T00:15:08.000Z",
      "offsetMinutes": -16.133333333333333,
      "flags": [
        "lmt"
      ],
      "gapShiftMinutes": 0
    },
    {
      "zone": "Africa/Dakar",
      "date": "1800-01-01",
      "time": "12:00",
      "timeKnown": false,
      "status": "compatible",
      "utc": "1800-01-01T12:16:08.000Z",
      "offsetMinutes": -16.133333333333333,
      "flags": [
        "lmt"
      ],
      "gapShiftMinutes": 0
    },
    {
      "zone": "Africa/Dakar",
      "date": "2199-12-31",
      "time": "00:00",
      "timeKnown": true,
      "status": "compatible",
      "utc": "2199-12-31T00:00:00.000Z",
      "offsetMinutes": 0,
      "flags": [],
      "gapShiftMinutes": 0
    },
    {
      "zone": "Africa/Dakar",
      "date": "2199-12-31",
      "time": "23:59",
      "timeKnown": true,
      "status": "compatible",
      "utc": "2199-12-31T23:59:00.000Z",
      "offsetMinutes": 0,
      "flags": [],
      "gapShiftMinutes": 0
    },
    {
      "zone": "Africa/Dakar",
      "date": "2199-12-31",
      "time": "12:00",
      "timeKnown": false,
      "status": "compatible",
      "utc": "2199-12-31T12:00:00.000Z",
      "offsetMinutes": 0,
      "flags": [],
      "gapShiftMinutes": 0
    },
    {
      "zone": "Africa/Mogadishu",
      "date": "1800-01-01",
      "time": "00:00",
      "timeKnown": true,
      "status": "compatible",
      "utc": "1799-12-31T21:32:44.000Z",
      "offsetMinutes": 147.26666666666668,
      "flags": [
        "lmt"
      ],
      "gapShiftMinutes": 0
    },
    {
      "zone": "Africa/Mogadishu",
      "date": "1800-01-01",
      "time": "23:59",
      "timeKnown": true,
      "status": "compatible",
      "utc": "1800-01-01T21:31:44.000Z",
      "offsetMinutes": 147.26666666666668,
      "flags": [
        "lmt"
      ],
      "gapShiftMinutes": 0
    },
    {
      "zone": "Africa/Mogadishu",
      "date": "1800-01-01",
      "time": "12:00",
      "timeKnown": false,
      "status": "compatible",
      "utc": "1800-01-01T09:32:44.000Z",
      "offsetMinutes": 147.26666666666668,
      "flags": [
        "lmt"
      ],
      "gapShiftMinutes": 0
    },
    {
      "zone": "Africa/Mogadishu",
      "date": "2199-12-31",
      "time": "00:00",
      "timeKnown": true,
      "status": "compatible",
      "utc": "2199-12-30T21:00:00.000Z",
      "offsetMinutes": 180,
      "flags": [],
      "gapShiftMinutes": 0
    },
    {
      "zone": "Africa/Mogadishu",
      "date": "2199-12-31",
      "time": "23:59",
      "timeKnown": true,
      "status": "compatible",
      "utc": "2199-12-31T20:59:00.000Z",
      "offsetMinutes": 180,
      "flags": [],
      "gapShiftMinutes": 0
    },
    {
      "zone": "Africa/Mogadishu",
      "date": "2199-12-31",
      "time": "12:00",
      "timeKnown": false,
      "status": "compatible",
      "utc": "2199-12-31T09:00:00.000Z",
      "offsetMinutes": 180,
      "flags": [],
      "gapShiftMinutes": 0
    },
    {
      "zone": "America/Paramaribo",
      "date": "1800-01-01",
      "time": "00:00",
      "timeKnown": true,
      "status": "compatible",
      "utc": "1800-01-01T03:40:40.000Z",
      "offsetMinutes": -220.66666666666666,
      "flags": [
        "lmt"
      ],
      "gapShiftMinutes": 0
    },
    {
      "zone": "America/Paramaribo",
      "date": "1800-01-01",
      "time": "23:59",
      "timeKnown": true,
      "status": "compatible",
      "utc": "1800-01-02T03:39:40.000Z",
      "offsetMinutes": -220.66666666666666,
      "flags": [
        "lmt"
      ],
      "gapShiftMinutes": 0
    },
    {
      "zone": "America/Paramaribo",
      "date": "1800-01-01",
      "time": "12:00",
      "timeKnown": false,
      "status": "compatible",
      "utc": "1800-01-01T15:40:40.000Z",
      "offsetMinutes": -220.66666666666666,
      "flags": [
        "lmt"
      ],
      "gapShiftMinutes": 0
    },
    {
      "zone": "America/Paramaribo",
      "date": "2199-12-31",
      "time": "00:00",
      "timeKnown": true,
      "status": "compatible",
      "utc": "2199-12-31T03:00:00.000Z",
      "offsetMinutes": -180,
      "flags": [],
      "gapShiftMinutes": 0
    },
    {
      "zone": "America/Paramaribo",
      "date": "2199-12-31",
      "time": "23:59",
      "timeKnown": true,
      "status": "compatible",
      "utc": "2200-01-01T02:59:00.000Z",
      "offsetMinutes": -180,
      "flags": [],
      "gapShiftMinutes": 0
    },
    {
      "zone": "America/Paramaribo",
      "date": "2199-12-31",
      "time": "12:00",
      "timeKnown": false,
      "status": "compatible",
      "utc": "2199-12-31T15:00:00.000Z",
      "offsetMinutes": -180,
      "flags": [],
      "gapShiftMinutes": 0
    },
    {
      "zone": "Africa/Juba",
      "date": "1800-01-01",
      "time": "00:00",
      "timeKnown": true,
      "status": "compatible",
      "utc": "1799-12-31T21:53:32.000Z",
      "offsetMinutes": 126.46666666666667,
      "flags": [
        "lmt"
      ],
      "gapShiftMinutes": 0
    },
    {
      "zone": "Africa/Juba",
      "date": "1800-01-01",
      "time": "23:59",
      "timeKnown": true,
      "status": "compatible",
      "utc": "1800-01-01T21:52:32.000Z",
      "offsetMinutes": 126.46666666666667,
      "flags": [
        "lmt"
      ],
      "gapShiftMinutes": 0
    },
    {
      "zone": "Africa/Juba",
      "date": "1800-01-01",
      "time": "12:00",
      "timeKnown": false,
      "status": "compatible",
      "utc": "1800-01-01T09:53:32.000Z",
      "offsetMinutes": 126.46666666666667,
      "flags": [
        "lmt"
      ],
      "gapShiftMinutes": 0
    },
    {
      "zone": "Africa/Juba",
      "date": "2199-12-31",
      "time": "00:00",
      "timeKnown": true,
      "status": "compatible",
      "utc": "2199-12-30T22:00:00.000Z",
      "offsetMinutes": 120,
      "flags": [],
      "gapShiftMinutes": 0
    },
    {
      "zone": "Africa/Juba",
      "date": "2199-12-31",
      "time": "23:59",
      "timeKnown": true,
      "status": "compatible",
      "utc": "2199-12-31T21:59:00.000Z",
      "offsetMinutes": 120,
      "flags": [],
      "gapShiftMinutes": 0
    },
    {
      "zone": "Africa/Juba",
      "date": "2199-12-31",
      "time": "12:00",
      "timeKnown": false,
      "status": "compatible",
      "utc": "2199-12-31T10:00:00.000Z",
      "offsetMinutes": 120,
      "flags": [],
      "gapShiftMinutes": 0
    },
    {
      "zone": "Africa/Sao_Tome",
      "date": "1800-01-01",
      "time": "00:00",
      "timeKnown": true,
      "status": "compatible",
      "utc": "1799-12-31T23:33:04.000Z",
      "offsetMinutes": 26.933333333333334,
      "flags": [
        "lmt"
      ],
      "gapShiftMinutes": 0
    },
    {
      "zone": "Africa/Sao_Tome",
      "date": "1800-01-01",
      "time": "23:59",
      "timeKnown": true,
      "status": "compatible",
      "utc": "1800-01-01T23:32:04.000Z",
      "offsetMinutes": 26.933333333333334,
      "flags": [
        "lmt"
      ],
      "gapShiftMinutes": 0
    },
    {
      "zone": "Africa/Sao_Tome",
      "date": "1800-01-01",
      "time": "12:00",
      "timeKnown": false,
      "status": "compatible",
      "utc": "1800-01-01T11:33:04.000Z",
      "offsetMinutes": 26.933333333333334,
      "flags": [
        "lmt"
      ],
      "gapShiftMinutes": 0
    },
    {
      "zone": "Africa/Sao_Tome",
      "date": "2199-12-31",
      "time": "00:00",
      "timeKnown": true,
      "status": "compatible",
      "utc": "2199-12-31T00:00:00.000Z",
      "offsetMinutes": 0,
      "flags": [],
      "gapShiftMinutes": 0
    },
    {
      "zone": "Africa/Sao_Tome",
      "date": "2199-12-31",
      "time": "23:59",
      "timeKnown": true,
      "status": "compatible",
      "utc": "2199-12-31T23:59:00.000Z",
      "offsetMinutes": 0,
      "flags": [],
      "gapShiftMinutes": 0
    },
    {
      "zone": "Africa/Sao_Tome",
      "date": "2199-12-31",
      "time": "12:00",
      "timeKnown": false,
      "status": "compatible",
      "utc": "2199-12-31T12:00:00.000Z",
      "offsetMinutes": 0,
      "flags": [],
      "gapShiftMinutes": 0
    },
    {
      "zone": "America/El_Salvador",
      "date": "1800-01-01",
      "time": "00:00",
      "timeKnown": true,
      "status": "compatible",
      "utc": "1800-01-01T05:56:48.000Z",
      "offsetMinutes": -356.8,
      "flags": [
        "lmt"
      ],
      "gapShiftMinutes": 0
    },
    {
      "zone": "America/El_Salvador",
      "date": "1800-01-01",
      "time": "23:59",
      "timeKnown": true,
      "status": "compatible",
      "utc": "1800-01-02T05:55:48.000Z",
      "offsetMinutes": -356.8,
      "flags": [
        "lmt"
      ],
      "gapShiftMinutes": 0
    },
    {
      "zone": "America/El_Salvador",
      "date": "1800-01-01",
      "time": "12:00",
      "timeKnown": false,
      "status": "compatible",
      "utc": "1800-01-01T17:56:48.000Z",
      "offsetMinutes": -356.8,
      "flags": [
        "lmt"
      ],
      "gapShiftMinutes": 0
    },
    {
      "zone": "America/El_Salvador",
      "date": "2199-12-31",
      "time": "00:00",
      "timeKnown": true,
      "status": "compatible",
      "utc": "2199-12-31T06:00:00.000Z",
      "offsetMinutes": -360,
      "flags": [],
      "gapShiftMinutes": 0
    },
    {
      "zone": "America/El_Salvador",
      "date": "2199-12-31",
      "time": "23:59",
      "timeKnown": true,
      "status": "compatible",
      "utc": "2200-01-01T05:59:00.000Z",
      "offsetMinutes": -360,
      "flags": [],
      "gapShiftMinutes": 0
    },
    {
      "zone": "America/El_Salvador",
      "date": "2199-12-31",
      "time": "12:00",
      "timeKnown": false,
      "status": "compatible",
      "utc": "2199-12-31T18:00:00.000Z",
      "offsetMinutes": -360,
      "flags": [],
      "gapShiftMinutes": 0
    },
    {
      "zone": "America/Lower_Princes",
      "date": "1800-01-01",
      "time": "00:00",
      "timeKnown": true,
      "status": "compatible",
      "utc": "1800-01-01T04:24:25.000Z",
      "offsetMinutes": -264.4166666666667,
      "flags": [
        "lmt"
      ],
      "gapShiftMinutes": 0
    },
    {
      "zone": "America/Lower_Princes",
      "date": "1800-01-01",
      "time": "23:59",
      "timeKnown": true,
      "status": "compatible",
      "utc": "1800-01-02T04:23:25.000Z",
      "offsetMinutes": -264.4166666666667,
      "flags": [
        "lmt"
      ],
      "gapShiftMinutes": 0
    },
    {
      "zone": "America/Lower_Princes",
      "date": "1800-01-01",
      "time": "12:00",
      "timeKnown": false,
      "status": "compatible",
      "utc": "1800-01-01T16:24:25.000Z",
      "offsetMinutes": -264.4166666666667,
      "flags": [
        "lmt"
      ],
      "gapShiftMinutes": 0
    },
    {
      "zone": "America/Lower_Princes",
      "date": "2199-12-31",
      "time": "00:00",
      "timeKnown": true,
      "status": "compatible",
      "utc": "2199-12-31T04:00:00.000Z",
      "offsetMinutes": -240,
      "flags": [],
      "gapShiftMinutes": 0
    },
    {
      "zone": "America/Lower_Princes",
      "date": "2199-12-31",
      "time": "23:59",
      "timeKnown": true,
      "status": "compatible",
      "utc": "2200-01-01T03:59:00.000Z",
      "offsetMinutes": -240,
      "flags": [],
      "gapShiftMinutes": 0
    },
    {
      "zone": "America/Lower_Princes",
      "date": "2199-12-31",
      "time": "12:00",
      "timeKnown": false,
      "status": "compatible",
      "utc": "2199-12-31T16:00:00.000Z",
      "offsetMinutes": -240,
      "flags": [],
      "gapShiftMinutes": 0
    },
    {
      "zone": "Asia/Damascus",
      "date": "1800-01-01",
      "time": "00:00",
      "timeKnown": true,
      "status": "compatible",
      "utc": "1799-12-31T21:34:48.000Z",
      "offsetMinutes": 145.2,
      "flags": [
        "lmt"
      ],
      "gapShiftMinutes": 0
    },
    {
      "zone": "Asia/Damascus",
      "date": "1800-01-01",
      "time": "23:59",
      "timeKnown": true,
      "status": "compatible",
      "utc": "1800-01-01T21:33:48.000Z",
      "offsetMinutes": 145.2,
      "flags": [
        "lmt"
      ],
      "gapShiftMinutes": 0
    },
    {
      "zone": "Asia/Damascus",
      "date": "1800-01-01",
      "time": "12:00",
      "timeKnown": false,
      "status": "compatible",
      "utc": "1800-01-01T09:34:48.000Z",
      "offsetMinutes": 145.2,
      "flags": [
        "lmt"
      ],
      "gapShiftMinutes": 0
    },
    {
      "zone": "Asia/Damascus",
      "date": "2199-12-31",
      "time": "00:00",
      "timeKnown": true,
      "status": "compatible",
      "utc": "2199-12-30T21:00:00.000Z",
      "offsetMinutes": 180,
      "flags": [],
      "gapShiftMinutes": 0
    },
    {
      "zone": "Asia/Damascus",
      "date": "2199-12-31",
      "time": "23:59",
      "timeKnown": true,
      "status": "compatible",
      "utc": "2199-12-31T20:59:00.000Z",
      "offsetMinutes": 180,
      "flags": [],
      "gapShiftMinutes": 0
    },
    {
      "zone": "Asia/Damascus",
      "date": "2199-12-31",
      "time": "12:00",
      "timeKnown": false,
      "status": "compatible",
      "utc": "2199-12-31T09:00:00.000Z",
      "offsetMinutes": 180,
      "flags": [],
      "gapShiftMinutes": 0
    },
    {
      "zone": "Africa/Mbabane",
      "date": "1800-01-01",
      "time": "00:00",
      "timeKnown": true,
      "status": "compatible",
      "utc": "1799-12-31T22:08:00.000Z",
      "offsetMinutes": 112,
      "flags": [],
      "gapShiftMinutes": 0
    },
    {
      "zone": "Africa/Mbabane",
      "date": "1800-01-01",
      "time": "23:59",
      "timeKnown": true,
      "status": "compatible",
      "utc": "1800-01-01T22:07:00.000Z",
      "offsetMinutes": 112,
      "flags": [],
      "gapShiftMinutes": 0
    },
    {
      "zone": "Africa/Mbabane",
      "date": "1800-01-01",
      "time": "12:00",
      "timeKnown": false,
      "status": "compatible",
      "utc": "1800-01-01T10:08:00.000Z",
      "offsetMinutes": 112,
      "flags": [],
      "gapShiftMinutes": 0
    },
    {
      "zone": "Africa/Mbabane",
      "date": "2199-12-31",
      "time": "00:00",
      "timeKnown": true,
      "status": "compatible",
      "utc": "2199-12-30T22:00:00.000Z",
      "offsetMinutes": 120,
      "flags": [],
      "gapShiftMinutes": 0
    },
    {
      "zone": "Africa/Mbabane",
      "date": "2199-12-31",
      "time": "23:59",
      "timeKnown": true,
      "status": "compatible",
      "utc": "2199-12-31T21:59:00.000Z",
      "offsetMinutes": 120,
      "flags": [],
      "gapShiftMinutes": 0
    },
    {
      "zone": "Africa/Mbabane",
      "date": "2199-12-31",
      "time": "12:00",
      "timeKnown": false,
      "status": "compatible",
      "utc": "2199-12-31T10:00:00.000Z",
      "offsetMinutes": 120,
      "flags": [],
      "gapShiftMinutes": 0
    },
    {
      "zone": "America/Grand_Turk",
      "date": "1800-01-01",
      "time": "00:00",
      "timeKnown": true,
      "status": "compatible",
      "utc": "1800-01-01T04:44:32.000Z",
      "offsetMinutes": -284.53333333333336,
      "flags": [
        "lmt"
      ],
      "gapShiftMinutes": 0
    },
    {
      "zone": "America/Grand_Turk",
      "date": "1800-01-01",
      "time": "23:59",
      "timeKnown": true,
      "status": "compatible",
      "utc": "1800-01-02T04:43:32.000Z",
      "offsetMinutes": -284.53333333333336,
      "flags": [
        "lmt"
      ],
      "gapShiftMinutes": 0
    },
    {
      "zone": "America/Grand_Turk",
      "date": "1800-01-01",
      "time": "12:00",
      "timeKnown": false,
      "status": "compatible",
      "utc": "1800-01-01T16:44:32.000Z",
      "offsetMinutes": -284.53333333333336,
      "flags": [
        "lmt"
      ],
      "gapShiftMinutes": 0
    },
    {
      "zone": "America/Grand_Turk",
      "date": "2199-12-31",
      "time": "00:00",
      "timeKnown": true,
      "status": "compatible",
      "utc": "2199-12-31T05:00:00.000Z",
      "offsetMinutes": -300,
      "flags": [],
      "gapShiftMinutes": 0
    },
    {
      "zone": "America/Grand_Turk",
      "date": "2199-12-31",
      "time": "23:59",
      "timeKnown": true,
      "status": "compatible",
      "utc": "2200-01-01T04:59:00.000Z",
      "offsetMinutes": -300,
      "flags": [],
      "gapShiftMinutes": 0
    },
    {
      "zone": "America/Grand_Turk",
      "date": "2199-12-31",
      "time": "12:00",
      "timeKnown": false,
      "status": "compatible",
      "utc": "2199-12-31T17:00:00.000Z",
      "offsetMinutes": -300,
      "flags": [],
      "gapShiftMinutes": 0
    },
    {
      "zone": "Africa/Ndjamena",
      "date": "1800-01-01",
      "time": "00:00",
      "timeKnown": true,
      "status": "compatible",
      "utc": "1799-12-31T22:59:48.000Z",
      "offsetMinutes": 60.2,
      "flags": [
        "lmt"
      ],
      "gapShiftMinutes": 0
    },
    {
      "zone": "Africa/Ndjamena",
      "date": "1800-01-01",
      "time": "23:59",
      "timeKnown": true,
      "status": "compatible",
      "utc": "1800-01-01T22:58:48.000Z",
      "offsetMinutes": 60.2,
      "flags": [
        "lmt"
      ],
      "gapShiftMinutes": 0
    },
    {
      "zone": "Africa/Ndjamena",
      "date": "1800-01-01",
      "time": "12:00",
      "timeKnown": false,
      "status": "compatible",
      "utc": "1800-01-01T10:59:48.000Z",
      "offsetMinutes": 60.2,
      "flags": [
        "lmt"
      ],
      "gapShiftMinutes": 0
    },
    {
      "zone": "Africa/Ndjamena",
      "date": "2199-12-31",
      "time": "00:00",
      "timeKnown": true,
      "status": "compatible",
      "utc": "2199-12-30T23:00:00.000Z",
      "offsetMinutes": 60,
      "flags": [],
      "gapShiftMinutes": 0
    },
    {
      "zone": "Africa/Ndjamena",
      "date": "2199-12-31",
      "time": "23:59",
      "timeKnown": true,
      "status": "compatible",
      "utc": "2199-12-31T22:59:00.000Z",
      "offsetMinutes": 60,
      "flags": [],
      "gapShiftMinutes": 0
    },
    {
      "zone": "Africa/Ndjamena",
      "date": "2199-12-31",
      "time": "12:00",
      "timeKnown": false,
      "status": "compatible",
      "utc": "2199-12-31T11:00:00.000Z",
      "offsetMinutes": 60,
      "flags": [],
      "gapShiftMinutes": 0
    },
    {
      "zone": "Indian/Kerguelen",
      "date": "1800-01-01",
      "time": "00:00",
      "timeKnown": true,
      "status": "compatible",
      "utc": "1799-12-31T19:06:00.000Z",
      "offsetMinutes": 294,
      "flags": [],
      "gapShiftMinutes": 0
    },
    {
      "zone": "Indian/Kerguelen",
      "date": "1800-01-01",
      "time": "23:59",
      "timeKnown": true,
      "status": "compatible",
      "utc": "1800-01-01T19:05:00.000Z",
      "offsetMinutes": 294,
      "flags": [],
      "gapShiftMinutes": 0
    },
    {
      "zone": "Indian/Kerguelen",
      "date": "1800-01-01",
      "time": "12:00",
      "timeKnown": false,
      "status": "compatible",
      "utc": "1800-01-01T07:06:00.000Z",
      "offsetMinutes": 294,
      "flags": [],
      "gapShiftMinutes": 0
    },
    {
      "zone": "Indian/Kerguelen",
      "date": "2199-12-31",
      "time": "00:00",
      "timeKnown": true,
      "status": "compatible",
      "utc": "2199-12-30T19:00:00.000Z",
      "offsetMinutes": 300,
      "flags": [],
      "gapShiftMinutes": 0
    },
    {
      "zone": "Indian/Kerguelen",
      "date": "2199-12-31",
      "time": "23:59",
      "timeKnown": true,
      "status": "compatible",
      "utc": "2199-12-31T18:59:00.000Z",
      "offsetMinutes": 300,
      "flags": [],
      "gapShiftMinutes": 0
    },
    {
      "zone": "Indian/Kerguelen",
      "date": "2199-12-31",
      "time": "12:00",
      "timeKnown": false,
      "status": "compatible",
      "utc": "2199-12-31T07:00:00.000Z",
      "offsetMinutes": 300,
      "flags": [],
      "gapShiftMinutes": 0
    },
    {
      "zone": "Africa/Lome",
      "date": "1800-01-01",
      "time": "00:00",
      "timeKnown": true,
      "status": "compatible",
      "utc": "1800-01-01T00:16:08.000Z",
      "offsetMinutes": -16.133333333333333,
      "flags": [
        "lmt"
      ],
      "gapShiftMinutes": 0
    },
    {
      "zone": "Africa/Lome",
      "date": "1800-01-01",
      "time": "23:59",
      "timeKnown": true,
      "status": "compatible",
      "utc": "1800-01-02T00:15:08.000Z",
      "offsetMinutes": -16.133333333333333,
      "flags": [
        "lmt"
      ],
      "gapShiftMinutes": 0
    },
    {
      "zone": "Africa/Lome",
      "date": "1800-01-01",
      "time": "12:00",
      "timeKnown": false,
      "status": "compatible",
      "utc": "1800-01-01T12:16:08.000Z",
      "offsetMinutes": -16.133333333333333,
      "flags": [
        "lmt"
      ],
      "gapShiftMinutes": 0
    },
    {
      "zone": "Africa/Lome",
      "date": "2199-12-31",
      "time": "00:00",
      "timeKnown": true,
      "status": "compatible",
      "utc": "2199-12-31T00:00:00.000Z",
      "offsetMinutes": 0,
      "flags": [],
      "gapShiftMinutes": 0
    },
    {
      "zone": "Africa/Lome",
      "date": "2199-12-31",
      "time": "23:59",
      "timeKnown": true,
      "status": "compatible",
      "utc": "2199-12-31T23:59:00.000Z",
      "offsetMinutes": 0,
      "flags": [],
      "gapShiftMinutes": 0
    },
    {
      "zone": "Africa/Lome",
      "date": "2199-12-31",
      "time": "12:00",
      "timeKnown": false,
      "status": "compatible",
      "utc": "2199-12-31T12:00:00.000Z",
      "offsetMinutes": 0,
      "flags": [],
      "gapShiftMinutes": 0
    },
    {
      "zone": "Asia/Bangkok",
      "date": "1800-01-01",
      "time": "00:00",
      "timeKnown": true,
      "status": "compatible",
      "utc": "1799-12-31T17:17:56.000Z",
      "offsetMinutes": 402.06666666666666,
      "flags": [
        "lmt"
      ],
      "gapShiftMinutes": 0
    },
    {
      "zone": "Asia/Bangkok",
      "date": "1800-01-01",
      "time": "23:59",
      "timeKnown": true,
      "status": "compatible",
      "utc": "1800-01-01T17:16:56.000Z",
      "offsetMinutes": 402.06666666666666,
      "flags": [
        "lmt"
      ],
      "gapShiftMinutes": 0
    },
    {
      "zone": "Asia/Bangkok",
      "date": "1800-01-01",
      "time": "12:00",
      "timeKnown": false,
      "status": "compatible",
      "utc": "1800-01-01T05:17:56.000Z",
      "offsetMinutes": 402.06666666666666,
      "flags": [
        "lmt"
      ],
      "gapShiftMinutes": 0
    },
    {
      "zone": "Asia/Bangkok",
      "date": "2199-12-31",
      "time": "00:00",
      "timeKnown": true,
      "status": "compatible",
      "utc": "2199-12-30T17:00:00.000Z",
      "offsetMinutes": 420,
      "flags": [],
      "gapShiftMinutes": 0
    },
    {
      "zone": "Asia/Bangkok",
      "date": "2199-12-31",
      "time": "23:59",
      "timeKnown": true,
      "status": "compatible",
      "utc": "2199-12-31T16:59:00.000Z",
      "offsetMinutes": 420,
      "flags": [],
      "gapShiftMinutes": 0
    },
    {
      "zone": "Asia/Bangkok",
      "date": "2199-12-31",
      "time": "12:00",
      "timeKnown": false,
      "status": "compatible",
      "utc": "2199-12-31T05:00:00.000Z",
      "offsetMinutes": 420,
      "flags": [],
      "gapShiftMinutes": 0
    },
    {
      "zone": "Asia/Dushanbe",
      "date": "1800-01-01",
      "time": "00:00",
      "timeKnown": true,
      "status": "compatible",
      "utc": "1799-12-31T19:24:48.000Z",
      "offsetMinutes": 275.2,
      "flags": [
        "lmt"
      ],
      "gapShiftMinutes": 0
    },
    {
      "zone": "Asia/Dushanbe",
      "date": "1800-01-01",
      "time": "23:59",
      "timeKnown": true,
      "status": "compatible",
      "utc": "1800-01-01T19:23:48.000Z",
      "offsetMinutes": 275.2,
      "flags": [
        "lmt"
      ],
      "gapShiftMinutes": 0
    },
    {
      "zone": "Asia/Dushanbe",
      "date": "1800-01-01",
      "time": "12:00",
      "timeKnown": false,
      "status": "compatible",
      "utc": "1800-01-01T07:24:48.000Z",
      "offsetMinutes": 275.2,
      "flags": [
        "lmt"
      ],
      "gapShiftMinutes": 0
    },
    {
      "zone": "Asia/Dushanbe",
      "date": "2199-12-31",
      "time": "00:00",
      "timeKnown": true,
      "status": "compatible",
      "utc": "2199-12-30T19:00:00.000Z",
      "offsetMinutes": 300,
      "flags": [],
      "gapShiftMinutes": 0
    },
    {
      "zone": "Asia/Dushanbe",
      "date": "2199-12-31",
      "time": "23:59",
      "timeKnown": true,
      "status": "compatible",
      "utc": "2199-12-31T18:59:00.000Z",
      "offsetMinutes": 300,
      "flags": [],
      "gapShiftMinutes": 0
    },
    {
      "zone": "Asia/Dushanbe",
      "date": "2199-12-31",
      "time": "12:00",
      "timeKnown": false,
      "status": "compatible",
      "utc": "2199-12-31T07:00:00.000Z",
      "offsetMinutes": 300,
      "flags": [],
      "gapShiftMinutes": 0
    },
    {
      "zone": "Asia/Dili",
      "date": "1800-01-01",
      "time": "00:00",
      "timeKnown": true,
      "status": "compatible",
      "utc": "1799-12-31T15:37:40.000Z",
      "offsetMinutes": 502.3333333333333,
      "flags": [
        "lmt"
      ],
      "gapShiftMinutes": 0
    },
    {
      "zone": "Asia/Dili",
      "date": "1800-01-01",
      "time": "23:59",
      "timeKnown": true,
      "status": "compatible",
      "utc": "1800-01-01T15:36:40.000Z",
      "offsetMinutes": 502.3333333333333,
      "flags": [
        "lmt"
      ],
      "gapShiftMinutes": 0
    },
    {
      "zone": "Asia/Dili",
      "date": "1800-01-01",
      "time": "12:00",
      "timeKnown": false,
      "status": "compatible",
      "utc": "1800-01-01T03:37:40.000Z",
      "offsetMinutes": 502.3333333333333,
      "flags": [
        "lmt"
      ],
      "gapShiftMinutes": 0
    },
    {
      "zone": "Asia/Dili",
      "date": "2199-12-31",
      "time": "00:00",
      "timeKnown": true,
      "status": "compatible",
      "utc": "2199-12-30T15:00:00.000Z",
      "offsetMinutes": 540,
      "flags": [],
      "gapShiftMinutes": 0
    },
    {
      "zone": "Asia/Dili",
      "date": "2199-12-31",
      "time": "23:59",
      "timeKnown": true,
      "status": "compatible",
      "utc": "2199-12-31T14:59:00.000Z",
      "offsetMinutes": 540,
      "flags": [],
      "gapShiftMinutes": 0
    },
    {
      "zone": "Asia/Dili",
      "date": "2199-12-31",
      "time": "12:00",
      "timeKnown": false,
      "status": "compatible",
      "utc": "2199-12-31T03:00:00.000Z",
      "offsetMinutes": 540,
      "flags": [],
      "gapShiftMinutes": 0
    },
    {
      "zone": "Asia/Ashgabat",
      "date": "1800-01-01",
      "time": "00:00",
      "timeKnown": true,
      "status": "compatible",
      "utc": "1799-12-31T20:06:28.000Z",
      "offsetMinutes": 233.53333333333333,
      "flags": [
        "lmt"
      ],
      "gapShiftMinutes": 0
    },
    {
      "zone": "Asia/Ashgabat",
      "date": "1800-01-01",
      "time": "23:59",
      "timeKnown": true,
      "status": "compatible",
      "utc": "1800-01-01T20:05:28.000Z",
      "offsetMinutes": 233.53333333333333,
      "flags": [
        "lmt"
      ],
      "gapShiftMinutes": 0
    },
    {
      "zone": "Asia/Ashgabat",
      "date": "1800-01-01",
      "time": "12:00",
      "timeKnown": false,
      "status": "compatible",
      "utc": "1800-01-01T08:06:28.000Z",
      "offsetMinutes": 233.53333333333333,
      "flags": [
        "lmt"
      ],
      "gapShiftMinutes": 0
    },
    {
      "zone": "Asia/Ashgabat",
      "date": "2199-12-31",
      "time": "00:00",
      "timeKnown": true,
      "status": "compatible",
      "utc": "2199-12-30T19:00:00.000Z",
      "offsetMinutes": 300,
      "flags": [],
      "gapShiftMinutes": 0
    },
    {
      "zone": "Asia/Ashgabat",
      "date": "2199-12-31",
      "time": "23:59",
      "timeKnown": true,
      "status": "compatible",
      "utc": "2199-12-31T18:59:00.000Z",
      "offsetMinutes": 300,
      "flags": [],
      "gapShiftMinutes": 0
    },
    {
      "zone": "Asia/Ashgabat",
      "date": "2199-12-31",
      "time": "12:00",
      "timeKnown": false,
      "status": "compatible",
      "utc": "2199-12-31T07:00:00.000Z",
      "offsetMinutes": 300,
      "flags": [],
      "gapShiftMinutes": 0
    },
    {
      "zone": "Africa/Tunis",
      "date": "1800-01-01",
      "time": "00:00",
      "timeKnown": true,
      "status": "compatible",
      "utc": "1799-12-31T23:19:16.000Z",
      "offsetMinutes": 40.733333333333334,
      "flags": [
        "lmt"
      ],
      "gapShiftMinutes": 0
    },
    {
      "zone": "Africa/Tunis",
      "date": "1800-01-01",
      "time": "23:59",
      "timeKnown": true,
      "status": "compatible",
      "utc": "1800-01-01T23:18:16.000Z",
      "offsetMinutes": 40.733333333333334,
      "flags": [
        "lmt"
      ],
      "gapShiftMinutes": 0
    },
    {
      "zone": "Africa/Tunis",
      "date": "1800-01-01",
      "time": "12:00",
      "timeKnown": false,
      "status": "compatible",
      "utc": "1800-01-01T11:19:16.000Z",
      "offsetMinutes": 40.733333333333334,
      "flags": [
        "lmt"
      ],
      "gapShiftMinutes": 0
    },
    {
      "zone": "Africa/Tunis",
      "date": "2199-12-31",
      "time": "00:00",
      "timeKnown": true,
      "status": "compatible",
      "utc": "2199-12-30T23:00:00.000Z",
      "offsetMinutes": 60,
      "flags": [],
      "gapShiftMinutes": 0
    },
    {
      "zone": "Africa/Tunis",
      "date": "2199-12-31",
      "time": "23:59",
      "timeKnown": true,
      "status": "compatible",
      "utc": "2199-12-31T22:59:00.000Z",
      "offsetMinutes": 60,
      "flags": [],
      "gapShiftMinutes": 0
    },
    {
      "zone": "Africa/Tunis",
      "date": "2199-12-31",
      "time": "12:00",
      "timeKnown": false,
      "status": "compatible",
      "utc": "2199-12-31T11:00:00.000Z",
      "offsetMinutes": 60,
      "flags": [],
      "gapShiftMinutes": 0
    },
    {
      "zone": "Pacific/Tongatapu",
      "date": "1800-01-01",
      "time": "00:00",
      "timeKnown": true,
      "status": "compatible",
      "utc": "1799-12-31T11:40:48.000Z",
      "offsetMinutes": 739.2,
      "flags": [
        "lmt"
      ],
      "gapShiftMinutes": 0
    },
    {
      "zone": "Pacific/Tongatapu",
      "date": "1800-01-01",
      "time": "23:59",
      "timeKnown": true,
      "status": "compatible",
      "utc": "1800-01-01T11:39:48.000Z",
      "offsetMinutes": 739.2,
      "flags": [
        "lmt"
      ],
      "gapShiftMinutes": 0
    },
    {
      "zone": "Pacific/Tongatapu",
      "date": "1800-01-01",
      "time": "12:00",
      "timeKnown": false,
      "status": "compatible",
      "utc": "1799-12-31T23:40:48.000Z",
      "offsetMinutes": 739.2,
      "flags": [
        "lmt"
      ],
      "gapShiftMinutes": 0
    },
    {
      "zone": "Pacific/Tongatapu",
      "date": "2199-12-31",
      "time": "00:00",
      "timeKnown": true,
      "status": "compatible",
      "utc": "2199-12-30T11:00:00.000Z",
      "offsetMinutes": 780,
      "flags": [],
      "gapShiftMinutes": 0
    },
    {
      "zone": "Pacific/Tongatapu",
      "date": "2199-12-31",
      "time": "23:59",
      "timeKnown": true,
      "status": "compatible",
      "utc": "2199-12-31T10:59:00.000Z",
      "offsetMinutes": 780,
      "flags": [],
      "gapShiftMinutes": 0
    },
    {
      "zone": "Pacific/Tongatapu",
      "date": "2199-12-31",
      "time": "12:00",
      "timeKnown": false,
      "status": "compatible",
      "utc": "2199-12-30T23:00:00.000Z",
      "offsetMinutes": 780,
      "flags": [],
      "gapShiftMinutes": 0
    },
    {
      "zone": "Europe/Istanbul",
      "date": "1800-01-01",
      "time": "00:00",
      "timeKnown": true,
      "status": "compatible",
      "utc": "1799-12-31T22:04:08.000Z",
      "offsetMinutes": 115.86666666666666,
      "flags": [
        "lmt"
      ],
      "gapShiftMinutes": 0
    },
    {
      "zone": "Europe/Istanbul",
      "date": "1800-01-01",
      "time": "23:59",
      "timeKnown": true,
      "status": "compatible",
      "utc": "1800-01-01T22:03:08.000Z",
      "offsetMinutes": 115.86666666666666,
      "flags": [
        "lmt"
      ],
      "gapShiftMinutes": 0
    },
    {
      "zone": "Europe/Istanbul",
      "date": "1800-01-01",
      "time": "12:00",
      "timeKnown": false,
      "status": "compatible",
      "utc": "1800-01-01T10:04:08.000Z",
      "offsetMinutes": 115.86666666666666,
      "flags": [
        "lmt"
      ],
      "gapShiftMinutes": 0
    },
    {
      "zone": "Europe/Istanbul",
      "date": "2199-12-31",
      "time": "00:00",
      "timeKnown": true,
      "status": "compatible",
      "utc": "2199-12-30T21:00:00.000Z",
      "offsetMinutes": 180,
      "flags": [],
      "gapShiftMinutes": 0
    },
    {
      "zone": "Europe/Istanbul",
      "date": "2199-12-31",
      "time": "23:59",
      "timeKnown": true,
      "status": "compatible",
      "utc": "2199-12-31T20:59:00.000Z",
      "offsetMinutes": 180,
      "flags": [],
      "gapShiftMinutes": 0
    },
    {
      "zone": "Europe/Istanbul",
      "date": "2199-12-31",
      "time": "12:00",
      "timeKnown": false,
      "status": "compatible",
      "utc": "2199-12-31T09:00:00.000Z",
      "offsetMinutes": 180,
      "flags": [],
      "gapShiftMinutes": 0
    },
    {
      "zone": "America/Port_of_Spain",
      "date": "1800-01-01",
      "time": "00:00",
      "timeKnown": true,
      "status": "compatible",
      "utc": "1800-01-01T04:24:25.000Z",
      "offsetMinutes": -264.4166666666667,
      "flags": [
        "lmt"
      ],
      "gapShiftMinutes": 0
    },
    {
      "zone": "America/Port_of_Spain",
      "date": "1800-01-01",
      "time": "23:59",
      "timeKnown": true,
      "status": "compatible",
      "utc": "1800-01-02T04:23:25.000Z",
      "offsetMinutes": -264.4166666666667,
      "flags": [
        "lmt"
      ],
      "gapShiftMinutes": 0
    },
    {
      "zone": "America/Port_of_Spain",
      "date": "1800-01-01",
      "time": "12:00",
      "timeKnown": false,
      "status": "compatible",
      "utc": "1800-01-01T16:24:25.000Z",
      "offsetMinutes": -264.4166666666667,
      "flags": [
        "lmt"
      ],
      "gapShiftMinutes": 0
    },
    {
      "zone": "America/Port_of_Spain",
      "date": "2199-12-31",
      "time": "00:00",
      "timeKnown": true,
      "status": "compatible",
      "utc": "2199-12-31T04:00:00.000Z",
      "offsetMinutes": -240,
      "flags": [],
      "gapShiftMinutes": 0
    },
    {
      "zone": "America/Port_of_Spain",
      "date": "2199-12-31",
      "time": "23:59",
      "timeKnown": true,
      "status": "compatible",
      "utc": "2200-01-01T03:59:00.000Z",
      "offsetMinutes": -240,
      "flags": [],
      "gapShiftMinutes": 0
    },
    {
      "zone": "America/Port_of_Spain",
      "date": "2199-12-31",
      "time": "12:00",
      "timeKnown": false,
      "status": "compatible",
      "utc": "2199-12-31T16:00:00.000Z",
      "offsetMinutes": -240,
      "flags": [],
      "gapShiftMinutes": 0
    },
    {
      "zone": "Pacific/Funafuti",
      "date": "1800-01-01",
      "time": "00:00",
      "timeKnown": true,
      "status": "compatible",
      "utc": "1799-12-31T12:27:56.000Z",
      "offsetMinutes": 692.0666666666667,
      "flags": [
        "lmt"
      ],
      "gapShiftMinutes": 0
    },
    {
      "zone": "Pacific/Funafuti",
      "date": "1800-01-01",
      "time": "23:59",
      "timeKnown": true,
      "status": "compatible",
      "utc": "1800-01-01T12:26:56.000Z",
      "offsetMinutes": 692.0666666666667,
      "flags": [
        "lmt"
      ],
      "gapShiftMinutes": 0
    },
    {
      "zone": "Pacific/Funafuti",
      "date": "1800-01-01",
      "time": "12:00",
      "timeKnown": false,
      "status": "compatible",
      "utc": "1800-01-01T00:27:56.000Z",
      "offsetMinutes": 692.0666666666667,
      "flags": [
        "lmt"
      ],
      "gapShiftMinutes": 0
    },
    {
      "zone": "Pacific/Funafuti",
      "date": "2199-12-31",
      "time": "00:00",
      "timeKnown": true,
      "status": "compatible",
      "utc": "2199-12-30T12:00:00.000Z",
      "offsetMinutes": 720,
      "flags": [],
      "gapShiftMinutes": 0
    },
    {
      "zone": "Pacific/Funafuti",
      "date": "2199-12-31",
      "time": "23:59",
      "timeKnown": true,
      "status": "compatible",
      "utc": "2199-12-31T11:59:00.000Z",
      "offsetMinutes": 720,
      "flags": [],
      "gapShiftMinutes": 0
    },
    {
      "zone": "Pacific/Funafuti",
      "date": "2199-12-31",
      "time": "12:00",
      "timeKnown": false,
      "status": "compatible",
      "utc": "2199-12-31T00:00:00.000Z",
      "offsetMinutes": 720,
      "flags": [],
      "gapShiftMinutes": 0
    },
    {
      "zone": "Asia/Taipei",
      "date": "1800-01-01",
      "time": "00:00",
      "timeKnown": true,
      "status": "compatible",
      "utc": "1799-12-31T15:54:00.000Z",
      "offsetMinutes": 486,
      "flags": [],
      "gapShiftMinutes": 0
    },
    {
      "zone": "Asia/Taipei",
      "date": "1800-01-01",
      "time": "23:59",
      "timeKnown": true,
      "status": "compatible",
      "utc": "1800-01-01T15:53:00.000Z",
      "offsetMinutes": 486,
      "flags": [],
      "gapShiftMinutes": 0
    },
    {
      "zone": "Asia/Taipei",
      "date": "1800-01-01",
      "time": "12:00",
      "timeKnown": false,
      "status": "compatible",
      "utc": "1800-01-01T03:54:00.000Z",
      "offsetMinutes": 486,
      "flags": [],
      "gapShiftMinutes": 0
    },
    {
      "zone": "Asia/Taipei",
      "date": "2199-12-31",
      "time": "00:00",
      "timeKnown": true,
      "status": "compatible",
      "utc": "2199-12-30T16:00:00.000Z",
      "offsetMinutes": 480,
      "flags": [],
      "gapShiftMinutes": 0
    },
    {
      "zone": "Asia/Taipei",
      "date": "2199-12-31",
      "time": "23:59",
      "timeKnown": true,
      "status": "compatible",
      "utc": "2199-12-31T15:59:00.000Z",
      "offsetMinutes": 480,
      "flags": [],
      "gapShiftMinutes": 0
    },
    {
      "zone": "Asia/Taipei",
      "date": "2199-12-31",
      "time": "12:00",
      "timeKnown": false,
      "status": "compatible",
      "utc": "2199-12-31T04:00:00.000Z",
      "offsetMinutes": 480,
      "flags": [],
      "gapShiftMinutes": 0
    },
    {
      "zone": "Africa/Dar_es_Salaam",
      "date": "1800-01-01",
      "time": "00:00",
      "timeKnown": true,
      "status": "compatible",
      "utc": "1799-12-31T21:32:44.000Z",
      "offsetMinutes": 147.26666666666668,
      "flags": [
        "lmt"
      ],
      "gapShiftMinutes": 0
    },
    {
      "zone": "Africa/Dar_es_Salaam",
      "date": "1800-01-01",
      "time": "23:59",
      "timeKnown": true,
      "status": "compatible",
      "utc": "1800-01-01T21:31:44.000Z",
      "offsetMinutes": 147.26666666666668,
      "flags": [
        "lmt"
      ],
      "gapShiftMinutes": 0
    },
    {
      "zone": "Africa/Dar_es_Salaam",
      "date": "1800-01-01",
      "time": "12:00",
      "timeKnown": false,
      "status": "compatible",
      "utc": "1800-01-01T09:32:44.000Z",
      "offsetMinutes": 147.26666666666668,
      "flags": [
        "lmt"
      ],
      "gapShiftMinutes": 0
    },
    {
      "zone": "Africa/Dar_es_Salaam",
      "date": "2199-12-31",
      "time": "00:00",
      "timeKnown": true,
      "status": "compatible",
      "utc": "2199-12-30T21:00:00.000Z",
      "offsetMinutes": 180,
      "flags": [],
      "gapShiftMinutes": 0
    },
    {
      "zone": "Africa/Dar_es_Salaam",
      "date": "2199-12-31",
      "time": "23:59",
      "timeKnown": true,
      "status": "compatible",
      "utc": "2199-12-31T20:59:00.000Z",
      "offsetMinutes": 180,
      "flags": [],
      "gapShiftMinutes": 0
    },
    {
      "zone": "Africa/Dar_es_Salaam",
      "date": "2199-12-31",
      "time": "12:00",
      "timeKnown": false,
      "status": "compatible",
      "utc": "2199-12-31T09:00:00.000Z",
      "offsetMinutes": 180,
      "flags": [],
      "gapShiftMinutes": 0
    },
    {
      "zone": "Europe/Kyiv",
      "date": "1800-01-01",
      "time": "00:00",
      "timeKnown": true,
      "status": "compatible",
      "utc": "1799-12-31T21:57:56.000Z",
      "offsetMinutes": 122.06666666666666,
      "flags": [
        "lmt"
      ],
      "gapShiftMinutes": 0
    },
    {
      "zone": "Europe/Kyiv",
      "date": "1800-01-01",
      "time": "23:59",
      "timeKnown": true,
      "status": "compatible",
      "utc": "1800-01-01T21:56:56.000Z",
      "offsetMinutes": 122.06666666666666,
      "flags": [
        "lmt"
      ],
      "gapShiftMinutes": 0
    },
    {
      "zone": "Europe/Kyiv",
      "date": "1800-01-01",
      "time": "12:00",
      "timeKnown": false,
      "status": "compatible",
      "utc": "1800-01-01T09:57:56.000Z",
      "offsetMinutes": 122.06666666666666,
      "flags": [
        "lmt"
      ],
      "gapShiftMinutes": 0
    },
    {
      "zone": "Europe/Kyiv",
      "date": "2199-12-31",
      "time": "00:00",
      "timeKnown": true,
      "status": "compatible",
      "utc": "2199-12-30T22:00:00.000Z",
      "offsetMinutes": 120,
      "flags": [],
      "gapShiftMinutes": 0
    },
    {
      "zone": "Europe/Kyiv",
      "date": "2199-12-31",
      "time": "23:59",
      "timeKnown": true,
      "status": "compatible",
      "utc": "2199-12-31T21:59:00.000Z",
      "offsetMinutes": 120,
      "flags": [],
      "gapShiftMinutes": 0
    },
    {
      "zone": "Europe/Kyiv",
      "date": "2199-12-31",
      "time": "12:00",
      "timeKnown": false,
      "status": "compatible",
      "utc": "2199-12-31T10:00:00.000Z",
      "offsetMinutes": 120,
      "flags": [],
      "gapShiftMinutes": 0
    },
    {
      "zone": "Europe/Simferopol",
      "date": "1800-01-01",
      "time": "00:00",
      "timeKnown": true,
      "status": "compatible",
      "utc": "1799-12-31T21:43:36.000Z",
      "offsetMinutes": 136.4,
      "flags": [
        "lmt"
      ],
      "gapShiftMinutes": 0
    },
    {
      "zone": "Europe/Simferopol",
      "date": "1800-01-01",
      "time": "23:59",
      "timeKnown": true,
      "status": "compatible",
      "utc": "1800-01-01T21:42:36.000Z",
      "offsetMinutes": 136.4,
      "flags": [
        "lmt"
      ],
      "gapShiftMinutes": 0
    },
    {
      "zone": "Europe/Simferopol",
      "date": "1800-01-01",
      "time": "12:00",
      "timeKnown": false,
      "status": "compatible",
      "utc": "1800-01-01T09:43:36.000Z",
      "offsetMinutes": 136.4,
      "flags": [
        "lmt"
      ],
      "gapShiftMinutes": 0
    },
    {
      "zone": "Europe/Simferopol",
      "date": "2199-12-31",
      "time": "00:00",
      "timeKnown": true,
      "status": "compatible",
      "utc": "2199-12-30T21:00:00.000Z",
      "offsetMinutes": 180,
      "flags": [],
      "gapShiftMinutes": 0
    },
    {
      "zone": "Europe/Simferopol",
      "date": "2199-12-31",
      "time": "23:59",
      "timeKnown": true,
      "status": "compatible",
      "utc": "2199-12-31T20:59:00.000Z",
      "offsetMinutes": 180,
      "flags": [],
      "gapShiftMinutes": 0
    },
    {
      "zone": "Europe/Simferopol",
      "date": "2199-12-31",
      "time": "12:00",
      "timeKnown": false,
      "status": "compatible",
      "utc": "2199-12-31T09:00:00.000Z",
      "offsetMinutes": 180,
      "flags": [],
      "gapShiftMinutes": 0
    },
    {
      "zone": "Africa/Kampala",
      "date": "1800-01-01",
      "time": "00:00",
      "timeKnown": true,
      "status": "compatible",
      "utc": "1799-12-31T21:32:44.000Z",
      "offsetMinutes": 147.26666666666668,
      "flags": [
        "lmt"
      ],
      "gapShiftMinutes": 0
    },
    {
      "zone": "Africa/Kampala",
      "date": "1800-01-01",
      "time": "23:59",
      "timeKnown": true,
      "status": "compatible",
      "utc": "1800-01-01T21:31:44.000Z",
      "offsetMinutes": 147.26666666666668,
      "flags": [
        "lmt"
      ],
      "gapShiftMinutes": 0
    },
    {
      "zone": "Africa/Kampala",
      "date": "1800-01-01",
      "time": "12:00",
      "timeKnown": false,
      "status": "compatible",
      "utc": "1800-01-01T09:32:44.000Z",
      "offsetMinutes": 147.26666666666668,
      "flags": [
        "lmt"
      ],
      "gapShiftMinutes": 0
    },
    {
      "zone": "Africa/Kampala",
      "date": "2199-12-31",
      "time": "00:00",
      "timeKnown": true,
      "status": "compatible",
      "utc": "2199-12-30T21:00:00.000Z",
      "offsetMinutes": 180,
      "flags": [],
      "gapShiftMinutes": 0
    },
    {
      "zone": "Africa/Kampala",
      "date": "2199-12-31",
      "time": "23:59",
      "timeKnown": true,
      "status": "compatible",
      "utc": "2199-12-31T20:59:00.000Z",
      "offsetMinutes": 180,
      "flags": [],
      "gapShiftMinutes": 0
    },
    {
      "zone": "Africa/Kampala",
      "date": "2199-12-31",
      "time": "12:00",
      "timeKnown": false,
      "status": "compatible",
      "utc": "2199-12-31T09:00:00.000Z",
      "offsetMinutes": 180,
      "flags": [],
      "gapShiftMinutes": 0
    },
    {
      "zone": "America/New_York",
      "date": "1800-01-01",
      "time": "00:00",
      "timeKnown": true,
      "status": "compatible",
      "utc": "1800-01-01T04:56:02.000Z",
      "offsetMinutes": -296.03333333333336,
      "flags": [
        "lmt"
      ],
      "gapShiftMinutes": 0
    },
    {
      "zone": "America/New_York",
      "date": "1800-01-01",
      "time": "23:59",
      "timeKnown": true,
      "status": "compatible",
      "utc": "1800-01-02T04:55:02.000Z",
      "offsetMinutes": -296.03333333333336,
      "flags": [
        "lmt"
      ],
      "gapShiftMinutes": 0
    },
    {
      "zone": "America/New_York",
      "date": "1800-01-01",
      "time": "12:00",
      "timeKnown": false,
      "status": "compatible",
      "utc": "1800-01-01T16:56:02.000Z",
      "offsetMinutes": -296.03333333333336,
      "flags": [
        "lmt"
      ],
      "gapShiftMinutes": 0
    },
    {
      "zone": "America/New_York",
      "date": "2199-12-31",
      "time": "00:00",
      "timeKnown": true,
      "status": "compatible",
      "utc": "2199-12-31T05:00:00.000Z",
      "offsetMinutes": -300,
      "flags": [],
      "gapShiftMinutes": 0
    },
    {
      "zone": "America/New_York",
      "date": "2199-12-31",
      "time": "23:59",
      "timeKnown": true,
      "status": "compatible",
      "utc": "2200-01-01T04:59:00.000Z",
      "offsetMinutes": -300,
      "flags": [],
      "gapShiftMinutes": 0
    },
    {
      "zone": "America/New_York",
      "date": "2199-12-31",
      "time": "12:00",
      "timeKnown": false,
      "status": "compatible",
      "utc": "2199-12-31T17:00:00.000Z",
      "offsetMinutes": -300,
      "flags": [],
      "gapShiftMinutes": 0
    },
    {
      "zone": "America/Chicago",
      "date": "1800-01-01",
      "time": "00:00",
      "timeKnown": true,
      "status": "compatible",
      "utc": "1800-01-01T05:50:36.000Z",
      "offsetMinutes": -350.6,
      "flags": [
        "lmt"
      ],
      "gapShiftMinutes": 0
    },
    {
      "zone": "America/Chicago",
      "date": "1800-01-01",
      "time": "23:59",
      "timeKnown": true,
      "status": "compatible",
      "utc": "1800-01-02T05:49:36.000Z",
      "offsetMinutes": -350.6,
      "flags": [
        "lmt"
      ],
      "gapShiftMinutes": 0
    },
    {
      "zone": "America/Chicago",
      "date": "1800-01-01",
      "time": "12:00",
      "timeKnown": false,
      "status": "compatible",
      "utc": "1800-01-01T17:50:36.000Z",
      "offsetMinutes": -350.6,
      "flags": [
        "lmt"
      ],
      "gapShiftMinutes": 0
    },
    {
      "zone": "America/Chicago",
      "date": "2199-12-31",
      "time": "00:00",
      "timeKnown": true,
      "status": "compatible",
      "utc": "2199-12-31T06:00:00.000Z",
      "offsetMinutes": -360,
      "flags": [],
      "gapShiftMinutes": 0
    },
    {
      "zone": "America/Chicago",
      "date": "2199-12-31",
      "time": "23:59",
      "timeKnown": true,
      "status": "compatible",
      "utc": "2200-01-01T05:59:00.000Z",
      "offsetMinutes": -360,
      "flags": [],
      "gapShiftMinutes": 0
    },
    {
      "zone": "America/Chicago",
      "date": "2199-12-31",
      "time": "12:00",
      "timeKnown": false,
      "status": "compatible",
      "utc": "2199-12-31T18:00:00.000Z",
      "offsetMinutes": -360,
      "flags": [],
      "gapShiftMinutes": 0
    },
    {
      "zone": "America/Indiana/Indianapolis",
      "date": "1800-01-01",
      "time": "00:00",
      "timeKnown": true,
      "status": "compatible",
      "utc": "1800-01-01T05:44:38.000Z",
      "offsetMinutes": -344.6333333333333,
      "flags": [
        "lmt"
      ],
      "gapShiftMinutes": 0
    },
    {
      "zone": "America/Indiana/Indianapolis",
      "date": "1800-01-01",
      "time": "23:59",
      "timeKnown": true,
      "status": "compatible",
      "utc": "1800-01-02T05:43:38.000Z",
      "offsetMinutes": -344.6333333333333,
      "flags": [
        "lmt"
      ],
      "gapShiftMinutes": 0
    },
    {
      "zone": "America/Indiana/Indianapolis",
      "date": "1800-01-01",
      "time": "12:00",
      "timeKnown": false,
      "status": "compatible",
      "utc": "1800-01-01T17:44:38.000Z",
      "offsetMinutes": -344.6333333333333,
      "flags": [
        "lmt"
      ],
      "gapShiftMinutes": 0
    },
    {
      "zone": "America/Indiana/Indianapolis",
      "date": "2199-12-31",
      "time": "00:00",
      "timeKnown": true,
      "status": "compatible",
      "utc": "2199-12-31T05:00:00.000Z",
      "offsetMinutes": -300,
      "flags": [],
      "gapShiftMinutes": 0
    },
    {
      "zone": "America/Indiana/Indianapolis",
      "date": "2199-12-31",
      "time": "23:59",
      "timeKnown": true,
      "status": "compatible",
      "utc": "2200-01-01T04:59:00.000Z",
      "offsetMinutes": -300,
      "flags": [],
      "gapShiftMinutes": 0
    },
    {
      "zone": "America/Indiana/Indianapolis",
      "date": "2199-12-31",
      "time": "12:00",
      "timeKnown": false,
      "status": "compatible",
      "utc": "2199-12-31T17:00:00.000Z",
      "offsetMinutes": -300,
      "flags": [],
      "gapShiftMinutes": 0
    },
    {
      "zone": "America/Kentucky/Louisville",
      "date": "1800-01-01",
      "time": "00:00",
      "timeKnown": true,
      "status": "compatible",
      "utc": "1800-01-01T05:43:02.000Z",
      "offsetMinutes": -343.03333333333336,
      "flags": [
        "lmt"
      ],
      "gapShiftMinutes": 0
    },
    {
      "zone": "America/Kentucky/Louisville",
      "date": "1800-01-01",
      "time": "23:59",
      "timeKnown": true,
      "status": "compatible",
      "utc": "1800-01-02T05:42:02.000Z",
      "offsetMinutes": -343.03333333333336,
      "flags": [
        "lmt"
      ],
      "gapShiftMinutes": 0
    },
    {
      "zone": "America/Kentucky/Louisville",
      "date": "1800-01-01",
      "time": "12:00",
      "timeKnown": false,
      "status": "compatible",
      "utc": "1800-01-01T17:43:02.000Z",
      "offsetMinutes": -343.03333333333336,
      "flags": [
        "lmt"
      ],
      "gapShiftMinutes": 0
    },
    {
      "zone": "America/Kentucky/Louisville",
      "date": "2199-12-31",
      "time": "00:00",
      "timeKnown": true,
      "status": "compatible",
      "utc": "2199-12-31T05:00:00.000Z",
      "offsetMinutes": -300,
      "flags": [],
      "gapShiftMinutes": 0
    },
    {
      "zone": "America/Kentucky/Louisville",
      "date": "2199-12-31",
      "time": "23:59",
      "timeKnown": true,
      "status": "compatible",
      "utc": "2200-01-01T04:59:00.000Z",
      "offsetMinutes": -300,
      "flags": [],
      "gapShiftMinutes": 0
    },
    {
      "zone": "America/Kentucky/Louisville",
      "date": "2199-12-31",
      "time": "12:00",
      "timeKnown": false,
      "status": "compatible",
      "utc": "2199-12-31T17:00:00.000Z",
      "offsetMinutes": -300,
      "flags": [],
      "gapShiftMinutes": 0
    },
    {
      "zone": "America/Indiana/Vincennes",
      "date": "1800-01-01",
      "time": "00:00",
      "timeKnown": true,
      "status": "compatible",
      "utc": "1800-01-01T05:50:07.000Z",
      "offsetMinutes": -350.1166666666667,
      "flags": [
        "lmt"
      ],
      "gapShiftMinutes": 0
    },
    {
      "zone": "America/Indiana/Vincennes",
      "date": "1800-01-01",
      "time": "23:59",
      "timeKnown": true,
      "status": "compatible",
      "utc": "1800-01-02T05:49:07.000Z",
      "offsetMinutes": -350.1166666666667,
      "flags": [
        "lmt"
      ],
      "gapShiftMinutes": 0
    },
    {
      "zone": "America/Indiana/Vincennes",
      "date": "1800-01-01",
      "time": "12:00",
      "timeKnown": false,
      "status": "compatible",
      "utc": "1800-01-01T17:50:07.000Z",
      "offsetMinutes": -350.1166666666667,
      "flags": [
        "lmt"
      ],
      "gapShiftMinutes": 0
    },
    {
      "zone": "America/Indiana/Vincennes",
      "date": "2199-12-31",
      "time": "00:00",
      "timeKnown": true,
      "status": "compatible",
      "utc": "2199-12-31T05:00:00.000Z",
      "offsetMinutes": -300,
      "flags": [],
      "gapShiftMinutes": 0
    },
    {
      "zone": "America/Indiana/Vincennes",
      "date": "2199-12-31",
      "time": "23:59",
      "timeKnown": true,
      "status": "compatible",
      "utc": "2200-01-01T04:59:00.000Z",
      "offsetMinutes": -300,
      "flags": [],
      "gapShiftMinutes": 0
    },
    {
      "zone": "America/Indiana/Vincennes",
      "date": "2199-12-31",
      "time": "12:00",
      "timeKnown": false,
      "status": "compatible",
      "utc": "2199-12-31T17:00:00.000Z",
      "offsetMinutes": -300,
      "flags": [],
      "gapShiftMinutes": 0
    },
    {
      "zone": "America/Detroit",
      "date": "1800-01-01",
      "time": "00:00",
      "timeKnown": true,
      "status": "compatible",
      "utc": "1800-01-01T05:32:11.000Z",
      "offsetMinutes": -332.18333333333334,
      "flags": [
        "lmt"
      ],
      "gapShiftMinutes": 0
    },
    {
      "zone": "America/Detroit",
      "date": "1800-01-01",
      "time": "23:59",
      "timeKnown": true,
      "status": "compatible",
      "utc": "1800-01-02T05:31:11.000Z",
      "offsetMinutes": -332.18333333333334,
      "flags": [
        "lmt"
      ],
      "gapShiftMinutes": 0
    },
    {
      "zone": "America/Detroit",
      "date": "1800-01-01",
      "time": "12:00",
      "timeKnown": false,
      "status": "compatible",
      "utc": "1800-01-01T17:32:11.000Z",
      "offsetMinutes": -332.18333333333334,
      "flags": [
        "lmt"
      ],
      "gapShiftMinutes": 0
    },
    {
      "zone": "America/Detroit",
      "date": "2199-12-31",
      "time": "00:00",
      "timeKnown": true,
      "status": "compatible",
      "utc": "2199-12-31T05:00:00.000Z",
      "offsetMinutes": -300,
      "flags": [],
      "gapShiftMinutes": 0
    },
    {
      "zone": "America/Detroit",
      "date": "2199-12-31",
      "time": "23:59",
      "timeKnown": true,
      "status": "compatible",
      "utc": "2200-01-01T04:59:00.000Z",
      "offsetMinutes": -300,
      "flags": [],
      "gapShiftMinutes": 0
    },
    {
      "zone": "America/Detroit",
      "date": "2199-12-31",
      "time": "12:00",
      "timeKnown": false,
      "status": "compatible",
      "utc": "2199-12-31T17:00:00.000Z",
      "offsetMinutes": -300,
      "flags": [],
      "gapShiftMinutes": 0
    },
    {
      "zone": "America/Los_Angeles",
      "date": "1800-01-01",
      "time": "00:00",
      "timeKnown": true,
      "status": "compatible",
      "utc": "1800-01-01T07:52:58.000Z",
      "offsetMinutes": -472.96666666666664,
      "flags": [
        "lmt"
      ],
      "gapShiftMinutes": 0
    },
    {
      "zone": "America/Los_Angeles",
      "date": "1800-01-01",
      "time": "23:59",
      "timeKnown": true,
      "status": "compatible",
      "utc": "1800-01-02T07:51:58.000Z",
      "offsetMinutes": -472.96666666666664,
      "flags": [
        "lmt"
      ],
      "gapShiftMinutes": 0
    },
    {
      "zone": "America/Los_Angeles",
      "date": "1800-01-01",
      "time": "12:00",
      "timeKnown": false,
      "status": "compatible",
      "utc": "1800-01-01T19:52:58.000Z",
      "offsetMinutes": -472.96666666666664,
      "flags": [
        "lmt"
      ],
      "gapShiftMinutes": 0
    },
    {
      "zone": "America/Los_Angeles",
      "date": "2199-12-31",
      "time": "00:00",
      "timeKnown": true,
      "status": "compatible",
      "utc": "2199-12-31T08:00:00.000Z",
      "offsetMinutes": -480,
      "flags": [],
      "gapShiftMinutes": 0
    },
    {
      "zone": "America/Los_Angeles",
      "date": "2199-12-31",
      "time": "23:59",
      "timeKnown": true,
      "status": "compatible",
      "utc": "2200-01-01T07:59:00.000Z",
      "offsetMinutes": -480,
      "flags": [],
      "gapShiftMinutes": 0
    },
    {
      "zone": "America/Los_Angeles",
      "date": "2199-12-31",
      "time": "12:00",
      "timeKnown": false,
      "status": "compatible",
      "utc": "2199-12-31T20:00:00.000Z",
      "offsetMinutes": -480,
      "flags": [],
      "gapShiftMinutes": 0
    },
    {
      "zone": "America/Phoenix",
      "date": "1800-01-01",
      "time": "00:00",
      "timeKnown": true,
      "status": "compatible",
      "utc": "1800-01-01T07:28:18.000Z",
      "offsetMinutes": -448.3,
      "flags": [
        "lmt"
      ],
      "gapShiftMinutes": 0
    },
    {
      "zone": "America/Phoenix",
      "date": "1800-01-01",
      "time": "23:59",
      "timeKnown": true,
      "status": "compatible",
      "utc": "1800-01-02T07:27:18.000Z",
      "offsetMinutes": -448.3,
      "flags": [
        "lmt"
      ],
      "gapShiftMinutes": 0
    },
    {
      "zone": "America/Phoenix",
      "date": "1800-01-01",
      "time": "12:00",
      "timeKnown": false,
      "status": "compatible",
      "utc": "1800-01-01T19:28:18.000Z",
      "offsetMinutes": -448.3,
      "flags": [
        "lmt"
      ],
      "gapShiftMinutes": 0
    },
    {
      "zone": "America/Phoenix",
      "date": "2199-12-31",
      "time": "00:00",
      "timeKnown": true,
      "status": "compatible",
      "utc": "2199-12-31T07:00:00.000Z",
      "offsetMinutes": -420,
      "flags": [],
      "gapShiftMinutes": 0
    },
    {
      "zone": "America/Phoenix",
      "date": "2199-12-31",
      "time": "23:59",
      "timeKnown": true,
      "status": "compatible",
      "utc": "2200-01-01T06:59:00.000Z",
      "offsetMinutes": -420,
      "flags": [],
      "gapShiftMinutes": 0
    },
    {
      "zone": "America/Phoenix",
      "date": "2199-12-31",
      "time": "12:00",
      "timeKnown": false,
      "status": "compatible",
      "utc": "2199-12-31T19:00:00.000Z",
      "offsetMinutes": -420,
      "flags": [],
      "gapShiftMinutes": 0
    },
    {
      "zone": "America/Denver",
      "date": "1800-01-01",
      "time": "00:00",
      "timeKnown": true,
      "status": "compatible",
      "utc": "1800-01-01T06:59:56.000Z",
      "offsetMinutes": -419.93333333333334,
      "flags": [
        "lmt"
      ],
      "gapShiftMinutes": 0
    },
    {
      "zone": "America/Denver",
      "date": "1800-01-01",
      "time": "23:59",
      "timeKnown": true,
      "status": "compatible",
      "utc": "1800-01-02T06:58:56.000Z",
      "offsetMinutes": -419.93333333333334,
      "flags": [
        "lmt"
      ],
      "gapShiftMinutes": 0
    },
    {
      "zone": "America/Denver",
      "date": "1800-01-01",
      "time": "12:00",
      "timeKnown": false,
      "status": "compatible",
      "utc": "1800-01-01T18:59:56.000Z",
      "offsetMinutes": -419.93333333333334,
      "flags": [
        "lmt"
      ],
      "gapShiftMinutes": 0
    },
    {
      "zone": "America/Denver",
      "date": "2199-12-31",
      "time": "00:00",
      "timeKnown": true,
      "status": "compatible",
      "utc": "2199-12-31T07:00:00.000Z",
      "offsetMinutes": -420,
      "flags": [],
      "gapShiftMinutes": 0
    },
    {
      "zone": "America/Denver",
      "date": "2199-12-31",
      "time": "23:59",
      "timeKnown": true,
      "status": "compatible",
      "utc": "2200-01-01T06:59:00.000Z",
      "offsetMinutes": -420,
      "flags": [],
      "gapShiftMinutes": 0
    },
    {
      "zone": "America/Denver",
      "date": "2199-12-31",
      "time": "12:00",
      "timeKnown": false,
      "status": "compatible",
      "utc": "2199-12-31T19:00:00.000Z",
      "offsetMinutes": -420,
      "flags": [],
      "gapShiftMinutes": 0
    },
    {
      "zone": "America/Juneau",
      "date": "1800-01-01",
      "time": "00:00",
      "timeKnown": true,
      "status": "compatible",
      "utc": "1799-12-31T08:57:41.000Z",
      "offsetMinutes": 902.3166666666667,
      "flags": [
        "lmt"
      ],
      "gapShiftMinutes": 0
    },
    {
      "zone": "America/Juneau",
      "date": "1800-01-01",
      "time": "23:59",
      "timeKnown": true,
      "status": "compatible",
      "utc": "1800-01-01T08:56:41.000Z",
      "offsetMinutes": 902.3166666666667,
      "flags": [
        "lmt"
      ],
      "gapShiftMinutes": 0
    },
    {
      "zone": "America/Juneau",
      "date": "1800-01-01",
      "time": "12:00",
      "timeKnown": false,
      "status": "compatible",
      "utc": "1799-12-31T20:57:41.000Z",
      "offsetMinutes": 902.3166666666667,
      "flags": [
        "lmt"
      ],
      "gapShiftMinutes": 0
    },
    {
      "zone": "America/Juneau",
      "date": "2199-12-31",
      "time": "00:00",
      "timeKnown": true,
      "status": "compatible",
      "utc": "2199-12-31T09:00:00.000Z",
      "offsetMinutes": -540,
      "flags": [],
      "gapShiftMinutes": 0
    },
    {
      "zone": "America/Juneau",
      "date": "2199-12-31",
      "time": "23:59",
      "timeKnown": true,
      "status": "compatible",
      "utc": "2200-01-01T08:59:00.000Z",
      "offsetMinutes": -540,
      "flags": [],
      "gapShiftMinutes": 0
    },
    {
      "zone": "America/Juneau",
      "date": "2199-12-31",
      "time": "12:00",
      "timeKnown": false,
      "status": "compatible",
      "utc": "2199-12-31T21:00:00.000Z",
      "offsetMinutes": -540,
      "flags": [],
      "gapShiftMinutes": 0
    },
    {
      "zone": "America/Boise",
      "date": "1800-01-01",
      "time": "00:00",
      "timeKnown": true,
      "status": "compatible",
      "utc": "1800-01-01T07:44:49.000Z",
      "offsetMinutes": -464.81666666666666,
      "flags": [
        "lmt"
      ],
      "gapShiftMinutes": 0
    },
    {
      "zone": "America/Boise",
      "date": "1800-01-01",
      "time": "23:59",
      "timeKnown": true,
      "status": "compatible",
      "utc": "1800-01-02T07:43:49.000Z",
      "offsetMinutes": -464.81666666666666,
      "flags": [
        "lmt"
      ],
      "gapShiftMinutes": 0
    },
    {
      "zone": "America/Boise",
      "date": "1800-01-01",
      "time": "12:00",
      "timeKnown": false,
      "status": "compatible",
      "utc": "1800-01-01T19:44:49.000Z",
      "offsetMinutes": -464.81666666666666,
      "flags": [
        "lmt"
      ],
      "gapShiftMinutes": 0
    },
    {
      "zone": "America/Boise",
      "date": "2199-12-31",
      "time": "00:00",
      "timeKnown": true,
      "status": "compatible",
      "utc": "2199-12-31T07:00:00.000Z",
      "offsetMinutes": -420,
      "flags": [],
      "gapShiftMinutes": 0
    },
    {
      "zone": "America/Boise",
      "date": "2199-12-31",
      "time": "23:59",
      "timeKnown": true,
      "status": "compatible",
      "utc": "2200-01-01T06:59:00.000Z",
      "offsetMinutes": -420,
      "flags": [],
      "gapShiftMinutes": 0
    },
    {
      "zone": "America/Boise",
      "date": "2199-12-31",
      "time": "12:00",
      "timeKnown": false,
      "status": "compatible",
      "utc": "2199-12-31T19:00:00.000Z",
      "offsetMinutes": -420,
      "flags": [],
      "gapShiftMinutes": 0
    },
    {
      "zone": "America/North_Dakota/New_Salem",
      "date": "1800-01-01",
      "time": "00:00",
      "timeKnown": true,
      "status": "compatible",
      "utc": "1800-01-01T06:45:39.000Z",
      "offsetMinutes": -405.65,
      "flags": [
        "lmt"
      ],
      "gapShiftMinutes": 0
    },
    {
      "zone": "America/North_Dakota/New_Salem",
      "date": "1800-01-01",
      "time": "23:59",
      "timeKnown": true,
      "status": "compatible",
      "utc": "1800-01-02T06:44:39.000Z",
      "offsetMinutes": -405.65,
      "flags": [
        "lmt"
      ],
      "gapShiftMinutes": 0
    },
    {
      "zone": "America/North_Dakota/New_Salem",
      "date": "1800-01-01",
      "time": "12:00",
      "timeKnown": false,
      "status": "compatible",
      "utc": "1800-01-01T18:45:39.000Z",
      "offsetMinutes": -405.65,
      "flags": [
        "lmt"
      ],
      "gapShiftMinutes": 0
    },
    {
      "zone": "America/North_Dakota/New_Salem",
      "date": "2199-12-31",
      "time": "00:00",
      "timeKnown": true,
      "status": "compatible",
      "utc": "2199-12-31T06:00:00.000Z",
      "offsetMinutes": -360,
      "flags": [],
      "gapShiftMinutes": 0
    },
    {
      "zone": "America/North_Dakota/New_Salem",
      "date": "2199-12-31",
      "time": "23:59",
      "timeKnown": true,
      "status": "compatible",
      "utc": "2200-01-01T05:59:00.000Z",
      "offsetMinutes": -360,
      "flags": [],
      "gapShiftMinutes": 0
    },
    {
      "zone": "America/North_Dakota/New_Salem",
      "date": "2199-12-31",
      "time": "12:00",
      "timeKnown": false,
      "status": "compatible",
      "utc": "2199-12-31T18:00:00.000Z",
      "offsetMinutes": -360,
      "flags": [],
      "gapShiftMinutes": 0
    },
    {
      "zone": "Pacific/Honolulu",
      "date": "1800-01-01",
      "time": "00:00",
      "timeKnown": true,
      "status": "compatible",
      "utc": "1800-01-01T10:31:26.000Z",
      "offsetMinutes": -631.4333333333333,
      "flags": [
        "lmt"
      ],
      "gapShiftMinutes": 0
    },
    {
      "zone": "Pacific/Honolulu",
      "date": "1800-01-01",
      "time": "23:59",
      "timeKnown": true,
      "status": "compatible",
      "utc": "1800-01-02T10:30:26.000Z",
      "offsetMinutes": -631.4333333333333,
      "flags": [
        "lmt"
      ],
      "gapShiftMinutes": 0
    },
    {
      "zone": "Pacific/Honolulu",
      "date": "1800-01-01",
      "time": "12:00",
      "timeKnown": false,
      "status": "compatible",
      "utc": "1800-01-01T22:31:26.000Z",
      "offsetMinutes": -631.4333333333333,
      "flags": [
        "lmt"
      ],
      "gapShiftMinutes": 0
    },
    {
      "zone": "Pacific/Honolulu",
      "date": "2199-12-31",
      "time": "00:00",
      "timeKnown": true,
      "status": "compatible",
      "utc": "2199-12-31T10:00:00.000Z",
      "offsetMinutes": -600,
      "flags": [],
      "gapShiftMinutes": 0
    },
    {
      "zone": "Pacific/Honolulu",
      "date": "2199-12-31",
      "time": "23:59",
      "timeKnown": true,
      "status": "compatible",
      "utc": "2200-01-01T09:59:00.000Z",
      "offsetMinutes": -600,
      "flags": [],
      "gapShiftMinutes": 0
    },
    {
      "zone": "Pacific/Honolulu",
      "date": "2199-12-31",
      "time": "12:00",
      "timeKnown": false,
      "status": "compatible",
      "utc": "2199-12-31T22:00:00.000Z",
      "offsetMinutes": -600,
      "flags": [],
      "gapShiftMinutes": 0
    },
    {
      "zone": "America/Anchorage",
      "date": "1800-01-01",
      "time": "00:00",
      "timeKnown": true,
      "status": "compatible",
      "utc": "1799-12-31T09:59:36.000Z",
      "offsetMinutes": 840.4,
      "flags": [
        "lmt"
      ],
      "gapShiftMinutes": 0
    },
    {
      "zone": "America/Anchorage",
      "date": "1800-01-01",
      "time": "23:59",
      "timeKnown": true,
      "status": "compatible",
      "utc": "1800-01-01T09:58:36.000Z",
      "offsetMinutes": 840.4,
      "flags": [
        "lmt"
      ],
      "gapShiftMinutes": 0
    },
    {
      "zone": "America/Anchorage",
      "date": "1800-01-01",
      "time": "12:00",
      "timeKnown": false,
      "status": "compatible",
      "utc": "1799-12-31T21:59:36.000Z",
      "offsetMinutes": 840.4,
      "flags": [
        "lmt"
      ],
      "gapShiftMinutes": 0
    },
    {
      "zone": "America/Anchorage",
      "date": "2199-12-31",
      "time": "00:00",
      "timeKnown": true,
      "status": "compatible",
      "utc": "2199-12-31T09:00:00.000Z",
      "offsetMinutes": -540,
      "flags": [],
      "gapShiftMinutes": 0
    },
    {
      "zone": "America/Anchorage",
      "date": "2199-12-31",
      "time": "23:59",
      "timeKnown": true,
      "status": "compatible",
      "utc": "2200-01-01T08:59:00.000Z",
      "offsetMinutes": -540,
      "flags": [],
      "gapShiftMinutes": 0
    },
    {
      "zone": "America/Anchorage",
      "date": "2199-12-31",
      "time": "12:00",
      "timeKnown": false,
      "status": "compatible",
      "utc": "2199-12-31T21:00:00.000Z",
      "offsetMinutes": -540,
      "flags": [],
      "gapShiftMinutes": 0
    },
    {
      "zone": "America/Montevideo",
      "date": "1800-01-01",
      "time": "00:00",
      "timeKnown": true,
      "status": "compatible",
      "utc": "1800-01-01T03:44:51.000Z",
      "offsetMinutes": -224.85,
      "flags": [
        "lmt"
      ],
      "gapShiftMinutes": 0
    },
    {
      "zone": "America/Montevideo",
      "date": "1800-01-01",
      "time": "23:59",
      "timeKnown": true,
      "status": "compatible",
      "utc": "1800-01-02T03:43:51.000Z",
      "offsetMinutes": -224.85,
      "flags": [
        "lmt"
      ],
      "gapShiftMinutes": 0
    },
    {
      "zone": "America/Montevideo",
      "date": "1800-01-01",
      "time": "12:00",
      "timeKnown": false,
      "status": "compatible",
      "utc": "1800-01-01T15:44:51.000Z",
      "offsetMinutes": -224.85,
      "flags": [
        "lmt"
      ],
      "gapShiftMinutes": 0
    },
    {
      "zone": "America/Montevideo",
      "date": "2199-12-31",
      "time": "00:00",
      "timeKnown": true,
      "status": "compatible",
      "utc": "2199-12-31T03:00:00.000Z",
      "offsetMinutes": -180,
      "flags": [],
      "gapShiftMinutes": 0
    },
    {
      "zone": "America/Montevideo",
      "date": "2199-12-31",
      "time": "23:59",
      "timeKnown": true,
      "status": "compatible",
      "utc": "2200-01-01T02:59:00.000Z",
      "offsetMinutes": -180,
      "flags": [],
      "gapShiftMinutes": 0
    },
    {
      "zone": "America/Montevideo",
      "date": "2199-12-31",
      "time": "12:00",
      "timeKnown": false,
      "status": "compatible",
      "utc": "2199-12-31T15:00:00.000Z",
      "offsetMinutes": -180,
      "flags": [],
      "gapShiftMinutes": 0
    },
    {
      "zone": "Asia/Samarkand",
      "date": "1800-01-01",
      "time": "00:00",
      "timeKnown": true,
      "status": "compatible",
      "utc": "1799-12-31T19:32:07.000Z",
      "offsetMinutes": 267.8833333333333,
      "flags": [
        "lmt"
      ],
      "gapShiftMinutes": 0
    },
    {
      "zone": "Asia/Samarkand",
      "date": "1800-01-01",
      "time": "23:59",
      "timeKnown": true,
      "status": "compatible",
      "utc": "1800-01-01T19:31:07.000Z",
      "offsetMinutes": 267.8833333333333,
      "flags": [
        "lmt"
      ],
      "gapShiftMinutes": 0
    },
    {
      "zone": "Asia/Samarkand",
      "date": "1800-01-01",
      "time": "12:00",
      "timeKnown": false,
      "status": "compatible",
      "utc": "1800-01-01T07:32:07.000Z",
      "offsetMinutes": 267.8833333333333,
      "flags": [
        "lmt"
      ],
      "gapShiftMinutes": 0
    },
    {
      "zone": "Asia/Samarkand",
      "date": "2199-12-31",
      "time": "00:00",
      "timeKnown": true,
      "status": "compatible",
      "utc": "2199-12-30T19:00:00.000Z",
      "offsetMinutes": 300,
      "flags": [],
      "gapShiftMinutes": 0
    },
    {
      "zone": "Asia/Samarkand",
      "date": "2199-12-31",
      "time": "23:59",
      "timeKnown": true,
      "status": "compatible",
      "utc": "2199-12-31T18:59:00.000Z",
      "offsetMinutes": 300,
      "flags": [],
      "gapShiftMinutes": 0
    },
    {
      "zone": "Asia/Samarkand",
      "date": "2199-12-31",
      "time": "12:00",
      "timeKnown": false,
      "status": "compatible",
      "utc": "2199-12-31T07:00:00.000Z",
      "offsetMinutes": 300,
      "flags": [],
      "gapShiftMinutes": 0
    },
    {
      "zone": "Asia/Tashkent",
      "date": "1800-01-01",
      "time": "00:00",
      "timeKnown": true,
      "status": "compatible",
      "utc": "1799-12-31T19:22:49.000Z",
      "offsetMinutes": 277.18333333333334,
      "flags": [
        "lmt"
      ],
      "gapShiftMinutes": 0
    },
    {
      "zone": "Asia/Tashkent",
      "date": "1800-01-01",
      "time": "23:59",
      "timeKnown": true,
      "status": "compatible",
      "utc": "1800-01-01T19:21:49.000Z",
      "offsetMinutes": 277.18333333333334,
      "flags": [
        "lmt"
      ],
      "gapShiftMinutes": 0
    },
    {
      "zone": "Asia/Tashkent",
      "date": "1800-01-01",
      "time": "12:00",
      "timeKnown": false,
      "status": "compatible",
      "utc": "1800-01-01T07:22:49.000Z",
      "offsetMinutes": 277.18333333333334,
      "flags": [
        "lmt"
      ],
      "gapShiftMinutes": 0
    },
    {
      "zone": "Asia/Tashkent",
      "date": "2199-12-31",
      "time": "00:00",
      "timeKnown": true,
      "status": "compatible",
      "utc": "2199-12-30T19:00:00.000Z",
      "offsetMinutes": 300,
      "flags": [],
      "gapShiftMinutes": 0
    },
    {
      "zone": "Asia/Tashkent",
      "date": "2199-12-31",
      "time": "23:59",
      "timeKnown": true,
      "status": "compatible",
      "utc": "2199-12-31T18:59:00.000Z",
      "offsetMinutes": 300,
      "flags": [],
      "gapShiftMinutes": 0
    },
    {
      "zone": "Asia/Tashkent",
      "date": "2199-12-31",
      "time": "12:00",
      "timeKnown": false,
      "status": "compatible",
      "utc": "2199-12-31T07:00:00.000Z",
      "offsetMinutes": 300,
      "flags": [],
      "gapShiftMinutes": 0
    },
    {
      "zone": "Europe/Vatican",
      "date": "1800-01-01",
      "time": "00:00",
      "timeKnown": true,
      "status": "compatible",
      "utc": "1799-12-31T23:10:04.000Z",
      "offsetMinutes": 49.93333333333333,
      "flags": [
        "lmt"
      ],
      "gapShiftMinutes": 0
    },
    {
      "zone": "Europe/Vatican",
      "date": "1800-01-01",
      "time": "23:59",
      "timeKnown": true,
      "status": "compatible",
      "utc": "1800-01-01T23:09:04.000Z",
      "offsetMinutes": 49.93333333333333,
      "flags": [
        "lmt"
      ],
      "gapShiftMinutes": 0
    },
    {
      "zone": "Europe/Vatican",
      "date": "1800-01-01",
      "time": "12:00",
      "timeKnown": false,
      "status": "compatible",
      "utc": "1800-01-01T11:10:04.000Z",
      "offsetMinutes": 49.93333333333333,
      "flags": [
        "lmt"
      ],
      "gapShiftMinutes": 0
    },
    {
      "zone": "Europe/Vatican",
      "date": "2199-12-31",
      "time": "00:00",
      "timeKnown": true,
      "status": "compatible",
      "utc": "2199-12-30T23:00:00.000Z",
      "offsetMinutes": 60,
      "flags": [],
      "gapShiftMinutes": 0
    },
    {
      "zone": "Europe/Vatican",
      "date": "2199-12-31",
      "time": "23:59",
      "timeKnown": true,
      "status": "compatible",
      "utc": "2199-12-31T22:59:00.000Z",
      "offsetMinutes": 60,
      "flags": [],
      "gapShiftMinutes": 0
    },
    {
      "zone": "Europe/Vatican",
      "date": "2199-12-31",
      "time": "12:00",
      "timeKnown": false,
      "status": "compatible",
      "utc": "2199-12-31T11:00:00.000Z",
      "offsetMinutes": 60,
      "flags": [],
      "gapShiftMinutes": 0
    },
    {
      "zone": "America/St_Vincent",
      "date": "1800-01-01",
      "time": "00:00",
      "timeKnown": true,
      "status": "compatible",
      "utc": "1800-01-01T04:24:25.000Z",
      "offsetMinutes": -264.4166666666667,
      "flags": [
        "lmt"
      ],
      "gapShiftMinutes": 0
    },
    {
      "zone": "America/St_Vincent",
      "date": "1800-01-01",
      "time": "23:59",
      "timeKnown": true,
      "status": "compatible",
      "utc": "1800-01-02T04:23:25.000Z",
      "offsetMinutes": -264.4166666666667,
      "flags": [
        "lmt"
      ],
      "gapShiftMinutes": 0
    },
    {
      "zone": "America/St_Vincent",
      "date": "1800-01-01",
      "time": "12:00",
      "timeKnown": false,
      "status": "compatible",
      "utc": "1800-01-01T16:24:25.000Z",
      "offsetMinutes": -264.4166666666667,
      "flags": [
        "lmt"
      ],
      "gapShiftMinutes": 0
    },
    {
      "zone": "America/St_Vincent",
      "date": "2199-12-31",
      "time": "00:00",
      "timeKnown": true,
      "status": "compatible",
      "utc": "2199-12-31T04:00:00.000Z",
      "offsetMinutes": -240,
      "flags": [],
      "gapShiftMinutes": 0
    },
    {
      "zone": "America/St_Vincent",
      "date": "2199-12-31",
      "time": "23:59",
      "timeKnown": true,
      "status": "compatible",
      "utc": "2200-01-01T03:59:00.000Z",
      "offsetMinutes": -240,
      "flags": [],
      "gapShiftMinutes": 0
    },
    {
      "zone": "America/St_Vincent",
      "date": "2199-12-31",
      "time": "12:00",
      "timeKnown": false,
      "status": "compatible",
      "utc": "2199-12-31T16:00:00.000Z",
      "offsetMinutes": -240,
      "flags": [],
      "gapShiftMinutes": 0
    },
    {
      "zone": "America/Caracas",
      "date": "1800-01-01",
      "time": "00:00",
      "timeKnown": true,
      "status": "compatible",
      "utc": "1800-01-01T04:27:44.000Z",
      "offsetMinutes": -267.73333333333335,
      "flags": [
        "lmt"
      ],
      "gapShiftMinutes": 0
    },
    {
      "zone": "America/Caracas",
      "date": "1800-01-01",
      "time": "23:59",
      "timeKnown": true,
      "status": "compatible",
      "utc": "1800-01-02T04:26:44.000Z",
      "offsetMinutes": -267.73333333333335,
      "flags": [
        "lmt"
      ],
      "gapShiftMinutes": 0
    },
    {
      "zone": "America/Caracas",
      "date": "1800-01-01",
      "time": "12:00",
      "timeKnown": false,
      "status": "compatible",
      "utc": "1800-01-01T16:27:44.000Z",
      "offsetMinutes": -267.73333333333335,
      "flags": [
        "lmt"
      ],
      "gapShiftMinutes": 0
    },
    {
      "zone": "America/Caracas",
      "date": "2199-12-31",
      "time": "00:00",
      "timeKnown": true,
      "status": "compatible",
      "utc": "2199-12-31T04:00:00.000Z",
      "offsetMinutes": -240,
      "flags": [],
      "gapShiftMinutes": 0
    },
    {
      "zone": "America/Caracas",
      "date": "2199-12-31",
      "time": "23:59",
      "timeKnown": true,
      "status": "compatible",
      "utc": "2200-01-01T03:59:00.000Z",
      "offsetMinutes": -240,
      "flags": [],
      "gapShiftMinutes": 0
    },
    {
      "zone": "America/Caracas",
      "date": "2199-12-31",
      "time": "12:00",
      "timeKnown": false,
      "status": "compatible",
      "utc": "2199-12-31T16:00:00.000Z",
      "offsetMinutes": -240,
      "flags": [],
      "gapShiftMinutes": 0
    },
    {
      "zone": "America/Tortola",
      "date": "1800-01-01",
      "time": "00:00",
      "timeKnown": true,
      "status": "compatible",
      "utc": "1800-01-01T04:24:25.000Z",
      "offsetMinutes": -264.4166666666667,
      "flags": [
        "lmt"
      ],
      "gapShiftMinutes": 0
    },
    {
      "zone": "America/Tortola",
      "date": "1800-01-01",
      "time": "23:59",
      "timeKnown": true,
      "status": "compatible",
      "utc": "1800-01-02T04:23:25.000Z",
      "offsetMinutes": -264.4166666666667,
      "flags": [
        "lmt"
      ],
      "gapShiftMinutes": 0
    },
    {
      "zone": "America/Tortola",
      "date": "1800-01-01",
      "time": "12:00",
      "timeKnown": false,
      "status": "compatible",
      "utc": "1800-01-01T16:24:25.000Z",
      "offsetMinutes": -264.4166666666667,
      "flags": [
        "lmt"
      ],
      "gapShiftMinutes": 0
    },
    {
      "zone": "America/Tortola",
      "date": "2199-12-31",
      "time": "00:00",
      "timeKnown": true,
      "status": "compatible",
      "utc": "2199-12-31T04:00:00.000Z",
      "offsetMinutes": -240,
      "flags": [],
      "gapShiftMinutes": 0
    },
    {
      "zone": "America/Tortola",
      "date": "2199-12-31",
      "time": "23:59",
      "timeKnown": true,
      "status": "compatible",
      "utc": "2200-01-01T03:59:00.000Z",
      "offsetMinutes": -240,
      "flags": [],
      "gapShiftMinutes": 0
    },
    {
      "zone": "America/Tortola",
      "date": "2199-12-31",
      "time": "12:00",
      "timeKnown": false,
      "status": "compatible",
      "utc": "2199-12-31T16:00:00.000Z",
      "offsetMinutes": -240,
      "flags": [],
      "gapShiftMinutes": 0
    },
    {
      "zone": "America/St_Thomas",
      "date": "1800-01-01",
      "time": "00:00",
      "timeKnown": true,
      "status": "compatible",
      "utc": "1800-01-01T04:24:25.000Z",
      "offsetMinutes": -264.4166666666667,
      "flags": [
        "lmt"
      ],
      "gapShiftMinutes": 0
    },
    {
      "zone": "America/St_Thomas",
      "date": "1800-01-01",
      "time": "23:59",
      "timeKnown": true,
      "status": "compatible",
      "utc": "1800-01-02T04:23:25.000Z",
      "offsetMinutes": -264.4166666666667,
      "flags": [
        "lmt"
      ],
      "gapShiftMinutes": 0
    },
    {
      "zone": "America/St_Thomas",
      "date": "1800-01-01",
      "time": "12:00",
      "timeKnown": false,
      "status": "compatible",
      "utc": "1800-01-01T16:24:25.000Z",
      "offsetMinutes": -264.4166666666667,
      "flags": [
        "lmt"
      ],
      "gapShiftMinutes": 0
    },
    {
      "zone": "America/St_Thomas",
      "date": "2199-12-31",
      "time": "00:00",
      "timeKnown": true,
      "status": "compatible",
      "utc": "2199-12-31T04:00:00.000Z",
      "offsetMinutes": -240,
      "flags": [],
      "gapShiftMinutes": 0
    },
    {
      "zone": "America/St_Thomas",
      "date": "2199-12-31",
      "time": "23:59",
      "timeKnown": true,
      "status": "compatible",
      "utc": "2200-01-01T03:59:00.000Z",
      "offsetMinutes": -240,
      "flags": [],
      "gapShiftMinutes": 0
    },
    {
      "zone": "America/St_Thomas",
      "date": "2199-12-31",
      "time": "12:00",
      "timeKnown": false,
      "status": "compatible",
      "utc": "2199-12-31T16:00:00.000Z",
      "offsetMinutes": -240,
      "flags": [],
      "gapShiftMinutes": 0
    },
    {
      "zone": "Pacific/Efate",
      "date": "1800-01-01",
      "time": "00:00",
      "timeKnown": true,
      "status": "compatible",
      "utc": "1799-12-31T12:46:44.000Z",
      "offsetMinutes": 673.2666666666667,
      "flags": [
        "lmt"
      ],
      "gapShiftMinutes": 0
    },
    {
      "zone": "Pacific/Efate",
      "date": "1800-01-01",
      "time": "23:59",
      "timeKnown": true,
      "status": "compatible",
      "utc": "1800-01-01T12:45:44.000Z",
      "offsetMinutes": 673.2666666666667,
      "flags": [
        "lmt"
      ],
      "gapShiftMinutes": 0
    },
    {
      "zone": "Pacific/Efate",
      "date": "1800-01-01",
      "time": "12:00",
      "timeKnown": false,
      "status": "compatible",
      "utc": "1800-01-01T00:46:44.000Z",
      "offsetMinutes": 673.2666666666667,
      "flags": [
        "lmt"
      ],
      "gapShiftMinutes": 0
    },
    {
      "zone": "Pacific/Efate",
      "date": "2199-12-31",
      "time": "00:00",
      "timeKnown": true,
      "status": "compatible",
      "utc": "2199-12-30T13:00:00.000Z",
      "offsetMinutes": 660,
      "flags": [],
      "gapShiftMinutes": 0
    },
    {
      "zone": "Pacific/Efate",
      "date": "2199-12-31",
      "time": "23:59",
      "timeKnown": true,
      "status": "compatible",
      "utc": "2199-12-31T12:59:00.000Z",
      "offsetMinutes": 660,
      "flags": [],
      "gapShiftMinutes": 0
    },
    {
      "zone": "Pacific/Efate",
      "date": "2199-12-31",
      "time": "12:00",
      "timeKnown": false,
      "status": "compatible",
      "utc": "2199-12-31T01:00:00.000Z",
      "offsetMinutes": 660,
      "flags": [],
      "gapShiftMinutes": 0
    },
    {
      "zone": "Pacific/Wallis",
      "date": "1800-01-01",
      "time": "00:00",
      "timeKnown": true,
      "status": "compatible",
      "utc": "1799-12-31T12:27:56.000Z",
      "offsetMinutes": 692.0666666666667,
      "flags": [
        "lmt"
      ],
      "gapShiftMinutes": 0
    },
    {
      "zone": "Pacific/Wallis",
      "date": "1800-01-01",
      "time": "23:59",
      "timeKnown": true,
      "status": "compatible",
      "utc": "1800-01-01T12:26:56.000Z",
      "offsetMinutes": 692.0666666666667,
      "flags": [
        "lmt"
      ],
      "gapShiftMinutes": 0
    },
    {
      "zone": "Pacific/Wallis",
      "date": "1800-01-01",
      "time": "12:00",
      "timeKnown": false,
      "status": "compatible",
      "utc": "1800-01-01T00:27:56.000Z",
      "offsetMinutes": 692.0666666666667,
      "flags": [
        "lmt"
      ],
      "gapShiftMinutes": 0
    },
    {
      "zone": "Pacific/Wallis",
      "date": "2199-12-31",
      "time": "00:00",
      "timeKnown": true,
      "status": "compatible",
      "utc": "2199-12-30T12:00:00.000Z",
      "offsetMinutes": 720,
      "flags": [],
      "gapShiftMinutes": 0
    },
    {
      "zone": "Pacific/Wallis",
      "date": "2199-12-31",
      "time": "23:59",
      "timeKnown": true,
      "status": "compatible",
      "utc": "2199-12-31T11:59:00.000Z",
      "offsetMinutes": 720,
      "flags": [],
      "gapShiftMinutes": 0
    },
    {
      "zone": "Pacific/Wallis",
      "date": "2199-12-31",
      "time": "12:00",
      "timeKnown": false,
      "status": "compatible",
      "utc": "2199-12-31T00:00:00.000Z",
      "offsetMinutes": 720,
      "flags": [],
      "gapShiftMinutes": 0
    },
    {
      "zone": "Pacific/Apia",
      "date": "1800-01-01",
      "time": "00:00",
      "timeKnown": true,
      "status": "compatible",
      "utc": "1799-12-31T11:26:56.000Z",
      "offsetMinutes": 753.0666666666667,
      "flags": [
        "lmt"
      ],
      "gapShiftMinutes": 0
    },
    {
      "zone": "Pacific/Apia",
      "date": "1800-01-01",
      "time": "23:59",
      "timeKnown": true,
      "status": "compatible",
      "utc": "1800-01-01T11:25:56.000Z",
      "offsetMinutes": 753.0666666666667,
      "flags": [
        "lmt"
      ],
      "gapShiftMinutes": 0
    },
    {
      "zone": "Pacific/Apia",
      "date": "1800-01-01",
      "time": "12:00",
      "timeKnown": false,
      "status": "compatible",
      "utc": "1799-12-31T23:26:56.000Z",
      "offsetMinutes": 753.0666666666667,
      "flags": [
        "lmt"
      ],
      "gapShiftMinutes": 0
    },
    {
      "zone": "Pacific/Apia",
      "date": "2199-12-31",
      "time": "00:00",
      "timeKnown": true,
      "status": "compatible",
      "utc": "2199-12-30T11:00:00.000Z",
      "offsetMinutes": 780,
      "flags": [],
      "gapShiftMinutes": 0
    },
    {
      "zone": "Pacific/Apia",
      "date": "2199-12-31",
      "time": "23:59",
      "timeKnown": true,
      "status": "compatible",
      "utc": "2199-12-31T10:59:00.000Z",
      "offsetMinutes": 780,
      "flags": [],
      "gapShiftMinutes": 0
    },
    {
      "zone": "Pacific/Apia",
      "date": "2199-12-31",
      "time": "12:00",
      "timeKnown": false,
      "status": "compatible",
      "utc": "2199-12-30T23:00:00.000Z",
      "offsetMinutes": 780,
      "flags": [],
      "gapShiftMinutes": 0
    },
    {
      "zone": "Asia/Aden",
      "date": "1800-01-01",
      "time": "00:00",
      "timeKnown": true,
      "status": "compatible",
      "utc": "1799-12-31T20:53:08.000Z",
      "offsetMinutes": 186.86666666666667,
      "flags": [
        "lmt"
      ],
      "gapShiftMinutes": 0
    },
    {
      "zone": "Asia/Aden",
      "date": "1800-01-01",
      "time": "23:59",
      "timeKnown": true,
      "status": "compatible",
      "utc": "1800-01-01T20:52:08.000Z",
      "offsetMinutes": 186.86666666666667,
      "flags": [
        "lmt"
      ],
      "gapShiftMinutes": 0
    },
    {
      "zone": "Asia/Aden",
      "date": "1800-01-01",
      "time": "12:00",
      "timeKnown": false,
      "status": "compatible",
      "utc": "1800-01-01T08:53:08.000Z",
      "offsetMinutes": 186.86666666666667,
      "flags": [
        "lmt"
      ],
      "gapShiftMinutes": 0
    },
    {
      "zone": "Asia/Aden",
      "date": "2199-12-31",
      "time": "00:00",
      "timeKnown": true,
      "status": "compatible",
      "utc": "2199-12-30T21:00:00.000Z",
      "offsetMinutes": 180,
      "flags": [],
      "gapShiftMinutes": 0
    },
    {
      "zone": "Asia/Aden",
      "date": "2199-12-31",
      "time": "23:59",
      "timeKnown": true,
      "status": "compatible",
      "utc": "2199-12-31T20:59:00.000Z",
      "offsetMinutes": 180,
      "flags": [],
      "gapShiftMinutes": 0
    },
    {
      "zone": "Asia/Aden",
      "date": "2199-12-31",
      "time": "12:00",
      "timeKnown": false,
      "status": "compatible",
      "utc": "2199-12-31T09:00:00.000Z",
      "offsetMinutes": 180,
      "flags": [],
      "gapShiftMinutes": 0
    },
    {
      "zone": "Indian/Mayotte",
      "date": "1800-01-01",
      "time": "00:00",
      "timeKnown": true,
      "status": "compatible",
      "utc": "1799-12-31T21:32:44.000Z",
      "offsetMinutes": 147.26666666666668,
      "flags": [
        "lmt"
      ],
      "gapShiftMinutes": 0
    },
    {
      "zone": "Indian/Mayotte",
      "date": "1800-01-01",
      "time": "23:59",
      "timeKnown": true,
      "status": "compatible",
      "utc": "1800-01-01T21:31:44.000Z",
      "offsetMinutes": 147.26666666666668,
      "flags": [
        "lmt"
      ],
      "gapShiftMinutes": 0
    },
    {
      "zone": "Indian/Mayotte",
      "date": "1800-01-01",
      "time": "12:00",
      "timeKnown": false,
      "status": "compatible",
      "utc": "1800-01-01T09:32:44.000Z",
      "offsetMinutes": 147.26666666666668,
      "flags": [
        "lmt"
      ],
      "gapShiftMinutes": 0
    },
    {
      "zone": "Indian/Mayotte",
      "date": "2199-12-31",
      "time": "00:00",
      "timeKnown": true,
      "status": "compatible",
      "utc": "2199-12-30T21:00:00.000Z",
      "offsetMinutes": 180,
      "flags": [],
      "gapShiftMinutes": 0
    },
    {
      "zone": "Indian/Mayotte",
      "date": "2199-12-31",
      "time": "23:59",
      "timeKnown": true,
      "status": "compatible",
      "utc": "2199-12-31T20:59:00.000Z",
      "offsetMinutes": 180,
      "flags": [],
      "gapShiftMinutes": 0
    },
    {
      "zone": "Indian/Mayotte",
      "date": "2199-12-31",
      "time": "12:00",
      "timeKnown": false,
      "status": "compatible",
      "utc": "2199-12-31T09:00:00.000Z",
      "offsetMinutes": 180,
      "flags": [],
      "gapShiftMinutes": 0
    },
    {
      "zone": "Africa/Johannesburg",
      "date": "1800-01-01",
      "time": "00:00",
      "timeKnown": true,
      "status": "compatible",
      "utc": "1799-12-31T22:08:00.000Z",
      "offsetMinutes": 112,
      "flags": [],
      "gapShiftMinutes": 0
    },
    {
      "zone": "Africa/Johannesburg",
      "date": "1800-01-01",
      "time": "23:59",
      "timeKnown": true,
      "status": "compatible",
      "utc": "1800-01-01T22:07:00.000Z",
      "offsetMinutes": 112,
      "flags": [],
      "gapShiftMinutes": 0
    },
    {
      "zone": "Africa/Johannesburg",
      "date": "1800-01-01",
      "time": "12:00",
      "timeKnown": false,
      "status": "compatible",
      "utc": "1800-01-01T10:08:00.000Z",
      "offsetMinutes": 112,
      "flags": [],
      "gapShiftMinutes": 0
    },
    {
      "zone": "Africa/Johannesburg",
      "date": "2199-12-31",
      "time": "00:00",
      "timeKnown": true,
      "status": "compatible",
      "utc": "2199-12-30T22:00:00.000Z",
      "offsetMinutes": 120,
      "flags": [],
      "gapShiftMinutes": 0
    },
    {
      "zone": "Africa/Johannesburg",
      "date": "2199-12-31",
      "time": "23:59",
      "timeKnown": true,
      "status": "compatible",
      "utc": "2199-12-31T21:59:00.000Z",
      "offsetMinutes": 120,
      "flags": [],
      "gapShiftMinutes": 0
    },
    {
      "zone": "Africa/Johannesburg",
      "date": "2199-12-31",
      "time": "12:00",
      "timeKnown": false,
      "status": "compatible",
      "utc": "2199-12-31T10:00:00.000Z",
      "offsetMinutes": 120,
      "flags": [],
      "gapShiftMinutes": 0
    },
    {
      "zone": "Africa/Lusaka",
      "date": "1800-01-01",
      "time": "00:00",
      "timeKnown": true,
      "status": "compatible",
      "utc": "1799-12-31T21:49:42.000Z",
      "offsetMinutes": 130.3,
      "flags": [
        "lmt"
      ],
      "gapShiftMinutes": 0
    },
    {
      "zone": "Africa/Lusaka",
      "date": "1800-01-01",
      "time": "23:59",
      "timeKnown": true,
      "status": "compatible",
      "utc": "1800-01-01T21:48:42.000Z",
      "offsetMinutes": 130.3,
      "flags": [
        "lmt"
      ],
      "gapShiftMinutes": 0
    },
    {
      "zone": "Africa/Lusaka",
      "date": "1800-01-01",
      "time": "12:00",
      "timeKnown": false,
      "status": "compatible",
      "utc": "1800-01-01T09:49:42.000Z",
      "offsetMinutes": 130.3,
      "flags": [
        "lmt"
      ],
      "gapShiftMinutes": 0
    },
    {
      "zone": "Africa/Lusaka",
      "date": "2199-12-31",
      "time": "00:00",
      "timeKnown": true,
      "status": "compatible",
      "utc": "2199-12-30T22:00:00.000Z",
      "offsetMinutes": 120,
      "flags": [],
      "gapShiftMinutes": 0
    },
    {
      "zone": "Africa/Lusaka",
      "date": "2199-12-31",
      "time": "23:59",
      "timeKnown": true,
      "status": "compatible",
      "utc": "2199-12-31T21:59:00.000Z",
      "offsetMinutes": 120,
      "flags": [],
      "gapShiftMinutes": 0
    },
    {
      "zone": "Africa/Lusaka",
      "date": "2199-12-31",
      "time": "12:00",
      "timeKnown": false,
      "status": "compatible",
      "utc": "2199-12-31T10:00:00.000Z",
      "offsetMinutes": 120,
      "flags": [],
      "gapShiftMinutes": 0
    },
    {
      "zone": "Africa/Harare",
      "date": "1800-01-01",
      "time": "00:00",
      "timeKnown": true,
      "status": "compatible",
      "utc": "1799-12-31T21:49:42.000Z",
      "offsetMinutes": 130.3,
      "flags": [
        "lmt"
      ],
      "gapShiftMinutes": 0
    },
    {
      "zone": "Africa/Harare",
      "date": "1800-01-01",
      "time": "23:59",
      "timeKnown": true,
      "status": "compatible",
      "utc": "1800-01-01T21:48:42.000Z",
      "offsetMinutes": 130.3,
      "flags": [
        "lmt"
      ],
      "gapShiftMinutes": 0
    },
    {
      "zone": "Africa/Harare",
      "date": "1800-01-01",
      "time": "12:00",
      "timeKnown": false,
      "status": "compatible",
      "utc": "1800-01-01T09:49:42.000Z",
      "offsetMinutes": 130.3,
      "flags": [
        "lmt"
      ],
      "gapShiftMinutes": 0
    },
    {
      "zone": "Africa/Harare",
      "date": "2199-12-31",
      "time": "00:00",
      "timeKnown": true,
      "status": "compatible",
      "utc": "2199-12-30T22:00:00.000Z",
      "offsetMinutes": 120,
      "flags": [],
      "gapShiftMinutes": 0
    },
    {
      "zone": "Africa/Harare",
      "date": "2199-12-31",
      "time": "23:59",
      "timeKnown": true,
      "status": "compatible",
      "utc": "2199-12-31T21:59:00.000Z",
      "offsetMinutes": 120,
      "flags": [],
      "gapShiftMinutes": 0
    },
    {
      "zone": "Africa/Harare",
      "date": "2199-12-31",
      "time": "12:00",
      "timeKnown": false,
      "status": "compatible",
      "utc": "2199-12-31T10:00:00.000Z",
      "offsetMinutes": 120,
      "flags": [],
      "gapShiftMinutes": 0
    }
  ]
}
