{
  "startedAt": "2026-09-08T07:42:58.489Z",
  "completedAt": "2026-09-08T07:44:02.576Z",
  "node": "v22.23.2",
  "browser": "Chrome152",
  "identity": {
    "freeze": 2,
    "timestamp": "2026-09-08T05:41:09.965065+00:00",
    "baseCommit": "c761a49c55d125bca48ff38d81b0a9ff6fd5adcf",
    "sourceCheckout": "/private/tmp/zodiacs-platform-site-receipt-export",
    "files": {
      "src/islands/ChartCalculator.actions.test.ts": "a5291e6c274afb02c462de68e22df45f4598e5aea36dfb7ca2499f870af1a902",
      "src/islands/ChartCalculator.tsx": "a55cbae08d115c32f3cecb4f95b141fa6480f63cf75fa2f8e35345a233d39d11",
      "src/lib/engine/calculator-receipt.test.ts": "aeeb9ee59ed3093a7f2b375be4c53a5f60d1577e4ab2da10ef2930a338c10168",
      "src/lib/engine/calculator-receipt.ts": "eef1861e9c284e5f365b643ca36895ec3eeafd0afcb595aa7ae715d437ac5c3d",
      "src/lib/i18n/index.test.ts": "5d5435b23bdc12d9a35ae23af75f41b47c1d40a2d0d9534fed74f78051b171c4",
      "src/lib/i18n/ui/en.ts": "0d9d6be58d1e9c9de2093e754866ec8219267266140278478cded09e3313a890",
      "src/lib/i18n/ui/es.ts": "a7765491183cb21cc94f18e50f7de7f7749ce84e4a841726eb537a645483af7f",
      "src/lib/i18n/ui/fr.ts": "39d594d153d8d86190a7210a24e3f4e5fc863764310619f8cc1239a26375712f",
      "src/lib/i18n/ui/it.ts": "5db6cc6f90d31fa4f053addaff09de38d1b724d6f1ca22eb9af258976ef4f4f5",
      "src/lib/i18n/ui/pt.ts": "53534df49cd4a8dcd7245e806c696b5f521ecea8bdf6a9bf4cf16415c24019b3",
      "src/lib/i18n/ui/ru.test.ts": "30e63d628acb48176abf238ed41b661bb37b662d781cbd9f7f18bdcd97e63809",
      "src/lib/i18n/ui/ru.ts": "7658f2fffbc1de4541db893e969528ea041bfab0dee2e8e3428d4aa3c454673e",
      "src/lib/receipt-download.test.ts": "a3f039e77b4a234f7ab6dc46afa9819f7dd1c5de10a97a330654fb727b973ac6",
      "src/lib/receipt-download.ts": "6b11d3c850a5669eae98684cac629a150d3645854f657df4c5fc5f95cee33d6d",
      "src/client-directives/interaction.ts": "ea5784fcd35b661ea9584e510fb680a00955ba481b1abf16084d3848dfc74fc7",
      "tests/interaction-replay-drive.mjs": "611651b6d74d5901adc2680bb6f26c0896cb19ec5af884af463f78b0c61e4a58",
      "package.json": "a37af7beb612ad7dd8e19e5f3cdcacdc9f424e41fa134a014b34f32417636c7c",
      "package-lock.json": "bfd8e7f262ea6ecc8692a7551b77b5ecde39850b8bd4520cfd04a3bab6f6ebc3",
      "vendor/zodiacs-engine-0.1.1-rc.6.tgz": "09c3e63432f8ba2e9df05af137c42f65ab039740a207a89418d9e6470ea3db3e",
      "vendor/zodiacs-engine-0.1.1-rc.6.sha256": "3a861a7109205e914a8b8ee7efccd891b0b8c0d06df247cc3b41d7b32e188ada",
      "src/lib/time/localToUtc.ts": "934b6955ca7be98c36161b77fd1d749fbdd603315ad2537af173a5c3a80038fd",
      "src/lib/time/localToUtc-precision.test.ts": "6fd56daa5dc6d7853622db478d20e7e90d8988ad2247ec1abc3e16637599f34f",
      "src/lib/engine/package-integration.test.ts": "1c912cf6c73a5821255f2da6f1588a12ad1561145314742c4d369f575fd2363b",
      "src/lib/scene/__snapshots__/scene.test.ts.snap": "f28c039c5092bd311da23af4f229c91b80f7875aee4eaed9968c1ef3a09470c1",
      "vendor/README.md": "91fde60c2d6c91a8fd5939424e6160facdf5f4d29db1dd1f084170cdfa96339e",
      "src/data/platform-engine-candidate.json": "5afa2e8e2fbc328c4f7abe6bad1cedfdce58c0ecabedef4bc58fae78eac4792c",
      "public/llms-full.txt": "142c518a3fc0d2772f8e4d4e49d19797e908fd718dc79660822dfa656cced3e9"
    },
    "patchSha256": "d6639f7bd46ed9adce30c1d1f374394356350593234dacdcc82baa20086fa425",
    "focusedTestCount": 126,
    "astroCheck": {
      "errors": 0,
      "warnings": 0,
      "hints": 11
    },
    "extremeCompatibilityCases": 2136,
    "browserStatus": "pending",
    "rootEdited": false,
    "interactionCorrection": {
      "freeze": 1,
      "timestamp": "2026-09-08T06:11:04.236158+00:00",
      "baseCommit": "c761a49c55d125bca48ff38d81b0a9ff6fd5adcf",
      "sourceCheckout": "/private/tmp/zodiacs-platform-site-receipt-export",
      "files": {
        "src/client-directives/interaction.ts": "ea5784fcd35b661ea9584e510fb680a00955ba481b1abf16084d3848dfc74fc7",
        "tests/interaction-replay-drive.mjs": "611651b6d74d5901adc2680bb6f26c0896cb19ec5af884af463f78b0c61e4a58"
      },
      "patchSha256": "b44a9b79db41a48ededa2e172f44f11512e59b177c4ecb110ab5883e5ad28110",
      "receiptFreeze2Unchanged": true,
      "nativeControls": 16,
      "nativeResult": "interaction-final/interaction-result.json",
      "strictTypecheckExitCode": 0,
      "oldNativeFailuresRetained": "interaction-baseline/interaction-result.json",
      "independentReview": "pending",
      "actualRussianSiteFlow": "pending"
    },
    "adoption": "rc.6; actual original freezes plus reviewed adoption/companion/metadata overlays",
    "sourceCommit": "30b41cd8f1a353cce0cee36bc76c1e9fa21b4c14",
    "deployment": {
      "observedAt": "2026-09-08T07:40:44.643Z",
      "tool": "vercel_get_deployment",
      "deployment": {
        "id": "dpl_DCmR76jrfuTxvB4M4b5Xfw55iR11",
        "url": "zodiacs-4qqy7ml63-zodiacsofficial.vercel.app",
        "state": "READY",
        "readyState": "READY",
        "target": null,
        "commit": "30b41cd8f1a353cce0cee36bc76c1e9fa21b4c14",
        "branch": "codex/platform-engine-rc6",
        "repository": "ZodiacsOfficial/site",
        "projectId": "prj_nRTO3q3aNYLfaM3dotAowOc028fO",
        "source": "git",
        "createdAt": 1788852939536,
        "buildingAt": 1788852940832,
        "providerReadyTimestamp": 1788853166599
      }
    }
  },
  "origin": "https://zodiacs-4qqy7ml63-zodiacsofficial.vercel.app",
  "run": "/private/tmp/zodiacs-platform-rc6-preview-review/browser-1788853378375",
  "harnessSha256": "783b7ff6f0aae172cdeebb5a1d2d2a1e1ee82c69b6bc8ca2d4e3d4aa978cf841",
  "staticFileHashesAvailable": false,
  "results": [
    {
      "name": "fresh-desktop",
      "status": "passed",
      "first": {
        "envelope": {
          "receipt": {
            "conventions": {
              "angles": "gast-and-mean-obliquity",
              "aspects": "major-aspects;sun-moon-eight-planets;no-nodes",
              "calendar": "proleptic-gregorian",
              "longitudeUnit": "degrees-[0,360)",
              "moonNodes": "instantaneous-geocentric-moon-orbit-plane",
              "moonPosition": "astronomy-engine-ecliptic-geo-moon",
              "planetPositions": "apparent-geocentric-ecliptic-of-date",
              "speed": "degrees-per-day;central-difference-plus-minus-0.25-day",
              "zodiac": "tropical"
            },
            "coordinates": {
              "latitude": 78.22,
              "longitude": 15.65
            },
            "coverage": {
              "angleExclusions": "exact-geographic-poles-and-ecliptic-horizon-coincidence",
              "assessment": "finite-reference-cases-only",
              "broadDateRange": "not-certified",
              "inputSyntax": "not-an-astronomical-accuracy-guarantee"
            },
            "engine": {
              "name": "@zodiacs/engine",
              "version": "0.1.1-rc.6"
            },
            "houses": {
              "absenceReason": null,
              "actual": "whole",
              "requested": "placidus"
            },
            "inputFlags": [],
            "instant": "2001-12-21T07:30:00.000Z",
            "localResolution": {
              "date": "2001-12-21",
              "gapShiftMinutes": 0,
              "offsetMinutes": 60,
              "policy": {
                "fold": "earlier",
                "gap": "shift-forward"
              },
              "time": "08:30",
              "timeZone": "Arctic/Longyearbyen"
            },
            "provenance": null,
            "reference": "supplied-instant",
            "resultFlags": [
              "polar-fallback"
            ],
            "schema": "zodiacs.calculation-receipt.draft-v1",
            "sourceInstant": null,
            "timeKnown": true
          },
          "requiredFeatures": [],
          "result": {
            "angles": {
              "asc": 30.40248211995413,
              "dsc": 210.40248211995413,
              "ic": 40.50521766697142,
              "mc": 220.50521766697142
            },
            "aspects": [
              {
                "a": "Mercury",
                "applying": true,
                "b": "Mars",
                "orb": 0.3659411087531339,
                "type": "sextile"
              },
              {
                "a": "Moon",
                "applying": false,
                "b": "Jupiter",
                "orb": 0.46084777364922047,
                "type": "trine"
              },
              {
                "a": "Mars",
                "applying": true,
                "b": "Saturn",
                "orb": 1.0148884033735612,
                "type": "square"
              },
              {
                "a": "Venus",
                "applying": false,
                "b": "Uranus",
                "orb": 1.719922577936245,
                "type": "sextile"
              },
              {
                "a": "Moon",
                "applying": false,
                "b": "Saturn",
                "orb": 2.4840223817725473,
                "type": "square"
              },
              {
                "a": "Saturn",
                "applying": true,
                "b": "Neptune",
                "orb": 2.9779166315076964,
                "type": "trine"
              },
              {
                "a": "Mars",
                "applying": true,
                "b": "Jupiter",
                "orb": 3.038063011496888,
                "type": "trine"
              },
              {
                "a": "Moon",
                "applying": true,
                "b": "Pluto",
                "orb": 3.0883410039651835,
                "type": "square"
              },
              {
                "a": "Mercury",
                "applying": true,
                "b": "Jupiter",
                "orb": 3.404004120249965,
                "type": "opposition"
              },
              {
                "a": "Moon",
                "applying": false,
                "b": "Mars",
                "orb": 3.4989107851461085,
                "type": "conjunction"
              },
              {
                "a": "Moon",
                "applying": false,
                "b": "Mercury",
                "orb": 3.8648518938992424,
                "type": "sextile"
              },
              {
                "a": "Saturn",
                "applying": false,
                "b": "Pluto",
                "orb": 5.572363385737731,
                "type": "opposition"
              },
              {
                "a": "Sun",
                "applying": true,
                "b": "Venus",
                "orb": 5.784642973872053,
                "type": "conjunction"
              },
              {
                "a": "Mars",
                "applying": true,
                "b": "Pluto",
                "orb": 6.587251789111292,
                "type": "square"
              },
              {
                "a": "Sun",
                "applying": false,
                "b": "Mercury",
                "orb": 9.193597573030502,
                "type": "conjunction"
              }
            ],
            "bodies": [
              {
                "body": "Sun",
                "degree": 29.496879214716046,
                "lat": 0.000003040346685192411,
                "lon": 269.496879214716,
                "retrograde": false,
                "sign": "sagittarius",
                "speed": 1.0184314662897123
              },
              {
                "body": "Moon",
                "degree": 12.555328681645733,
                "lat": -5.1158240054154716,
                "lon": 342.55532868164573,
                "retrograde": false,
                "sign": "pisces",
                "speed": 11.864897824013497
              },
              {
                "body": "Mercury",
                "degree": 8.690476787746547,
                "lat": -2.1058829096395493,
                "lon": 278.6904767877465,
                "retrograde": false,
                "sign": "capricorn",
                "speed": 1.5892082151447084
              },
              {
                "body": "Venus",
                "degree": 23.712236240843936,
                "lat": 0.020915211057427937,
                "lon": 263.71223624084394,
                "retrograde": false,
                "sign": "sagittarius",
                "speed": 1.2585807874534112
              },
              {
                "body": "Mars",
                "degree": 9.056417896499624,
                "lat": -0.9207778456377302,
                "lon": 339.0564178964996,
                "retrograde": false,
                "sign": "pisces",
                "speed": 0.7318980816442036
              },
              {
                "body": "Jupiter",
                "degree": 12.094480907996456,
                "lat": -0.02101003519843011,
                "lon": 102.09448090799646,
                "retrograde": true,
                "sign": "cancer",
                "speed": -0.12968594065796424
              },
              {
                "body": "Saturn",
                "degree": 10.071306299873186,
                "lat": -1.8372993005464635,
                "lon": 70.07130629987319,
                "retrograde": true,
                "sign": "gemini",
                "speed": -0.07480879549109432
              },
              {
                "body": "Uranus",
                "degree": 21.99231366290769,
                "lat": -0.7072480387808754,
                "lon": 321.9923136629077,
                "retrograde": false,
                "sign": "aquarius",
                "speed": 0.0402495475619844
              },
              {
                "body": "Neptune",
                "degree": 7.093389668365489,
                "lat": 0.1094862639813205,
                "lon": 307.0933896683655,
                "retrograde": false,
                "sign": "aquarius",
                "speed": 0.03156913604152578
              },
              {
                "body": "Pluto",
                "degree": 15.643669685610917,
                "lat": 9.75935121766358,
                "lon": 255.64366968561092,
                "retrograde": false,
                "sign": "sagittarius",
                "speed": 0.0376143999592955
              },
              {
                "body": "North Node",
                "degree": 27.143689748355143,
                "lat": 0,
                "lon": 87.14368974835514,
                "retrograde": true,
                "sign": "gemini",
                "speed": -0.00258076829879883
              },
              {
                "body": "South Node",
                "degree": 27.1436897483552,
                "lat": 0,
                "lon": 267.1436897483552,
                "retrograde": true,
                "sign": "sagittarius",
                "speed": -0.00258076829879883
              }
            ],
            "houses": {
              "cusps": [
                30,
                60,
                90,
                120,
                150,
                180,
                210,
                240,
                270,
                300,
                330,
                0
              ],
              "system": "whole"
            }
          },
          "schema": "zodiacs.natal-envelope.draft-v1"
        },
        "sha256": "cfc6eb832e764c5a1cf1a55be860a9650ebeff8f3842fcf6b29028c1eb9f6308",
        "bytes": 4695,
        "before": {
          "calculations": 1,
          "created": [],
          "revoked": [],
          "storage": {
            "zodiacs.install.compute-count.v1": "1"
          }
        },
        "after": {
          "calculations": 1,
          "created": [
            "blob:https://zodiacs-4qqy7ml63-zodiacsofficial.vercel.app/90fdc35c-cbbe-4703-9f85-b75b0791b8c1"
          ],
          "revoked": [
            "blob:https://zodiacs-4qqy7ml63-zodiacsofficial.vercel.app/90fdc35c-cbbe-4703-9f85-b75b0791b8c1"
          ],
          "storage": {
            "zodiacs.install.compute-count.v1": "1"
          }
        },
        "requests": [
          {
            "method": "GET",
            "path": "/assets/zodiac-icons/48/capricorn.avif",
            "kind": "image",
            "source": "browser-preview"
          }
        ]
      },
      "second": {
        "envelope": {
          "receipt": {
            "conventions": {
              "angles": "gast-and-mean-obliquity",
              "aspects": "major-aspects;sun-moon-eight-planets;no-nodes",
              "calendar": "proleptic-gregorian",
              "longitudeUnit": "degrees-[0,360)",
              "moonNodes": "instantaneous-geocentric-moon-orbit-plane",
              "moonPosition": "astronomy-engine-ecliptic-geo-moon",
              "planetPositions": "apparent-geocentric-ecliptic-of-date",
              "speed": "degrees-per-day;central-difference-plus-minus-0.25-day",
              "zodiac": "tropical"
            },
            "coordinates": {
              "latitude": 78.22,
              "longitude": 15.65
            },
            "coverage": {
              "angleExclusions": "exact-geographic-poles-and-ecliptic-horizon-coincidence",
              "assessment": "finite-reference-cases-only",
              "broadDateRange": "not-certified",
              "inputSyntax": "not-an-astronomical-accuracy-guarantee"
            },
            "engine": {
              "name": "@zodiacs/engine",
              "version": "0.1.1-rc.6"
            },
            "houses": {
              "absenceReason": null,
              "actual": "whole",
              "requested": "placidus"
            },
            "inputFlags": [],
            "instant": "2002-12-21T07:30:00.000Z",
            "localResolution": {
              "date": "2002-12-21",
              "gapShiftMinutes": 0,
              "offsetMinutes": 60,
              "policy": {
                "fold": "earlier",
                "gap": "shift-forward"
              },
              "time": "08:30",
              "timeZone": "Arctic/Longyearbyen"
            },
            "provenance": null,
            "reference": "supplied-instant",
            "resultFlags": [
              "polar-fallback"
            ],
            "schema": "zodiacs.calculation-receipt.draft-v1",
            "sourceInstant": null,
            "timeKnown": true
          },
          "requiredFeatures": [],
          "result": {
            "angles": {
              "asc": 30.42783911329923,
              "dsc": 210.42783911329923,
              "ic": 40.26265763464198,
              "mc": 220.262657634642
            },
            "aspects": [
              {
                "a": "Jupiter",
                "applying": false,
                "b": "Pluto",
                "orb": 0.24019662118899987,
                "type": "trine"
              },
              {
                "a": "Saturn",
                "applying": false,
                "b": "Uranus",
                "orb": 0.5191025799129534,
                "type": "trine"
              },
              {
                "a": "Moon",
                "applying": true,
                "b": "Mercury",
                "orb": 0.9861789632153659,
                "type": "opposition"
              },
              {
                "a": "Venus",
                "applying": false,
                "b": "Mars",
                "orb": 1.6042620698362953,
                "type": "conjunction"
              },
              {
                "a": "Moon",
                "applying": false,
                "b": "Venus",
                "orb": 2.920984947454315,
                "type": "trine"
              },
              {
                "a": "Venus",
                "applying": true,
                "b": "Jupiter",
                "orb": 3.3595141644154296,
                "type": "square"
              },
              {
                "a": "Sun",
                "applying": false,
                "b": "Uranus",
                "orb": 3.4226924229464544,
                "type": "sextile"
              },
              {
                "a": "Mars",
                "applying": false,
                "b": "Neptune",
                "orb": 3.459856929758871,
                "type": "square"
              },
              {
                "a": "Mercury",
                "applying": false,
                "b": "Venus",
                "orb": 3.9071639106696807,
                "type": "sextile"
              },
              {
                "a": "Sun",
                "applying": false,
                "b": "Saturn",
                "orb": 3.9417950028594078,
                "type": "opposition"
              },
              {
                "a": "Moon",
                "applying": false,
                "b": "Mars",
                "orb": 4.52524701729061,
                "type": "trine"
              },
              {
                "a": "Mars",
                "applying": true,
                "b": "Jupiter",
                "orb": 4.963776234251725,
                "type": "square"
              },
              {
                "a": "Venus",
                "applying": false,
                "b": "Neptune",
                "orb": 5.064118999595166,
                "type": "square"
              },
              {
                "a": "Saturn",
                "applying": true,
                "b": "Pluto",
                "orb": 7.421046925704388,
                "type": "opposition"
              }
            ],
            "bodies": [
              {
                "body": "Sun",
                "degree": 29.247364124886985,
                "lat": 0.000005023359156731593,
                "lon": 269.247364124887,
                "retrograde": false,
                "sign": "sagittarius",
                "speed": 1.017996822710188
              },
              {
                "body": "Moon",
                "degree": 17.205796358173075,
                "lat": 3.2751918792935357,
                "lon": 107.20579635817307,
                "retrograde": false,
                "sign": "cancer",
                "speed": 13.062460743612633
              },
              {
                "body": "Mercury",
                "degree": 18.19197532138844,
                "lat": -2.009958233528927,
                "lon": 288.19197532138844,
                "retrograde": false,
                "sign": "capricorn",
                "speed": 1.3236388189808395
              },
              {
                "body": "Venus",
                "degree": 14.284811410718703,
                "lat": 3.225072431239617,
                "lon": 224.28481141071876,
                "retrograde": false,
                "sign": "scorpio",
                "speed": 0.8093279748896407
              },
              {
                "body": "Mars",
                "degree": 12.680549340882408,
                "lat": 0.7658380929264461,
                "lon": 222.68054934088246,
                "retrograde": false,
                "sign": "scorpio",
                "speed": 0.6440192022416795
              },
              {
                "body": "Jupiter",
                "degree": 17.64432557513419,
                "lat": 0.7326478913747406,
                "lon": 137.6443255751342,
                "retrograde": true,
                "sign": "leo",
                "speed": -0.05441549307499827
              },
              {
                "body": "Saturn",
                "degree": 25.305569122027578,
                "lat": -1.3075872532880557,
                "lon": 85.30556912202758,
                "retrograde": true,
                "sign": "gemini",
                "speed": -0.08212920177004435
              },
              {
                "body": "Uranus",
                "degree": 25.824671701940588,
                "lat": -0.724797476173065,
                "lon": 325.82467170194053,
                "retrograde": false,
                "sign": "aquarius",
                "speed": 0.037482531953287435
              },
              {
                "body": "Neptune",
                "degree": 9.220692411123537,
                "lat": 0.04394514079197206,
                "lon": 309.2206924111236,
                "retrograde": false,
                "sign": "aquarius",
                "speed": 0.030789398418278324
              },
              {
                "body": "Pluto",
                "degree": 17.884522196323132,
                "lat": 9.199959552658544,
                "lon": 257.8845221963232,
                "retrograde": false,
                "sign": "sagittarius",
                "speed": 0.03768711018801696
              },
              {
                "body": "North Node",
                "degree": 8.64752853116778,
                "lat": 0,
                "lon": 68.64752853116778,
                "retrograde": true,
                "sign": "gemini",
                "speed": -0.04817322707276617
              },
              {
                "body": "South Node",
                "degree": 8.647528531167836,
                "lat": 0,
                "lon": 248.64752853116784,
                "retrograde": true,
                "sign": "sagittarius",
                "speed": -0.04817322707276617
              }
            ],
            "houses": {
              "cusps": [
                30,
                60,
                90,
                120,
                150,
                180,
                210,
                240,
                270,
                300,
                330,
                0
              ],
              "system": "whole"
            }
          },
          "schema": "zodiacs.natal-envelope.draft-v1"
        },
        "sha256": "847d8bb3e992d31a8df9b5f62a18cf8f45c527bcc53c20c852ea3ae59f9bd566",
        "bytes": 4598,
        "before": {
          "calculations": 2,
          "created": [
            "blob:https://zodiacs-4qqy7ml63-zodiacsofficial.vercel.app/90fdc35c-cbbe-4703-9f85-b75b0791b8c1"
          ],
          "revoked": [
            "blob:https://zodiacs-4qqy7ml63-zodiacsofficial.vercel.app/90fdc35c-cbbe-4703-9f85-b75b0791b8c1"
          ],
          "storage": {
            "zodiacs.install.compute-count.v1": "2"
          }
        },
        "after": {
          "calculations": 2,
          "created": [
            "blob:https://zodiacs-4qqy7ml63-zodiacsofficial.vercel.app/90fdc35c-cbbe-4703-9f85-b75b0791b8c1",
            "blob:https://zodiacs-4qqy7ml63-zodiacsofficial.vercel.app/54c236cd-aa7a-4ba8-82e6-eaa4e858cc56"
          ],
          "revoked": [
            "blob:https://zodiacs-4qqy7ml63-zodiacsofficial.vercel.app/90fdc35c-cbbe-4703-9f85-b75b0791b8c1",
            "blob:https://zodiacs-4qqy7ml63-zodiacsofficial.vercel.app/54c236cd-aa7a-4ba8-82e6-eaa4e858cc56"
          ],
          "storage": {
            "zodiacs.install.compute-count.v1": "2"
          }
        },
        "requests": [
          {
            "method": "GET",
            "path": "/assets/app-icons/v3/icon-512.png",
            "kind": "fetch",
            "source": "browser-preview"
          },
          {
            "method": "GET",
            "path": "/assets/app-icons/v3/icon-512.png",
            "kind": "fetch",
            "source": "browser-preview"
          }
        ]
      },
      "retry": {
        "envelope": {
          "receipt": {
            "conventions": {
              "angles": "gast-and-mean-obliquity",
              "aspects": "major-aspects;sun-moon-eight-planets;no-nodes",
              "calendar": "proleptic-gregorian",
              "longitudeUnit": "degrees-[0,360)",
              "moonNodes": "instantaneous-geocentric-moon-orbit-plane",
              "moonPosition": "astronomy-engine-ecliptic-geo-moon",
              "planetPositions": "apparent-geocentric-ecliptic-of-date",
              "speed": "degrees-per-day;central-difference-plus-minus-0.25-day",
              "zodiac": "tropical"
            },
            "coordinates": {
              "latitude": 78.22,
              "longitude": 15.65
            },
            "coverage": {
              "angleExclusions": "exact-geographic-poles-and-ecliptic-horizon-coincidence",
              "assessment": "finite-reference-cases-only",
              "broadDateRange": "not-certified",
              "inputSyntax": "not-an-astronomical-accuracy-guarantee"
            },
            "engine": {
              "name": "@zodiacs/engine",
              "version": "0.1.1-rc.6"
            },
            "houses": {
              "absenceReason": null,
              "actual": "whole",
              "requested": "placidus"
            },
            "inputFlags": [],
            "instant": "2002-12-21T07:30:00.000Z",
            "localResolution": {
              "date": "2002-12-21",
              "gapShiftMinutes": 0,
              "offsetMinutes": 60,
              "policy": {
                "fold": "earlier",
                "gap": "shift-forward"
              },
              "time": "08:30",
              "timeZone": "Arctic/Longyearbyen"
            },
            "provenance": null,
            "reference": "supplied-instant",
            "resultFlags": [
              "polar-fallback"
            ],
            "schema": "zodiacs.calculation-receipt.draft-v1",
            "sourceInstant": null,
            "timeKnown": true
          },
          "requiredFeatures": [],
          "result": {
            "angles": {
              "asc": 30.42783911329923,
              "dsc": 210.42783911329923,
              "ic": 40.26265763464198,
              "mc": 220.262657634642
            },
            "aspects": [
              {
                "a": "Jupiter",
                "applying": false,
                "b": "Pluto",
                "orb": 0.24019662118899987,
                "type": "trine"
              },
              {
                "a": "Saturn",
                "applying": false,
                "b": "Uranus",
                "orb": 0.5191025799129534,
                "type": "trine"
              },
              {
                "a": "Moon",
                "applying": true,
                "b": "Mercury",
                "orb": 0.9861789632153659,
                "type": "opposition"
              },
              {
                "a": "Venus",
                "applying": false,
                "b": "Mars",
                "orb": 1.6042620698362953,
                "type": "conjunction"
              },
              {
                "a": "Moon",
                "applying": false,
                "b": "Venus",
                "orb": 2.920984947454315,
                "type": "trine"
              },
              {
                "a": "Venus",
                "applying": true,
                "b": "Jupiter",
                "orb": 3.3595141644154296,
                "type": "square"
              },
              {
                "a": "Sun",
                "applying": false,
                "b": "Uranus",
                "orb": 3.4226924229464544,
                "type": "sextile"
              },
              {
                "a": "Mars",
                "applying": false,
                "b": "Neptune",
                "orb": 3.459856929758871,
                "type": "square"
              },
              {
                "a": "Mercury",
                "applying": false,
                "b": "Venus",
                "orb": 3.9071639106696807,
                "type": "sextile"
              },
              {
                "a": "Sun",
                "applying": false,
                "b": "Saturn",
                "orb": 3.9417950028594078,
                "type": "opposition"
              },
              {
                "a": "Moon",
                "applying": false,
                "b": "Mars",
                "orb": 4.52524701729061,
                "type": "trine"
              },
              {
                "a": "Mars",
                "applying": true,
                "b": "Jupiter",
                "orb": 4.963776234251725,
                "type": "square"
              },
              {
                "a": "Venus",
                "applying": false,
                "b": "Neptune",
                "orb": 5.064118999595166,
                "type": "square"
              },
              {
                "a": "Saturn",
                "applying": true,
                "b": "Pluto",
                "orb": 7.421046925704388,
                "type": "opposition"
              }
            ],
            "bodies": [
              {
                "body": "Sun",
                "degree": 29.247364124886985,
                "lat": 0.000005023359156731593,
                "lon": 269.247364124887,
                "retrograde": false,
                "sign": "sagittarius",
                "speed": 1.017996822710188
              },
              {
                "body": "Moon",
                "degree": 17.205796358173075,
                "lat": 3.2751918792935357,
                "lon": 107.20579635817307,
                "retrograde": false,
                "sign": "cancer",
                "speed": 13.062460743612633
              },
              {
                "body": "Mercury",
                "degree": 18.19197532138844,
                "lat": -2.009958233528927,
                "lon": 288.19197532138844,
                "retrograde": false,
                "sign": "capricorn",
                "speed": 1.3236388189808395
              },
              {
                "body": "Venus",
                "degree": 14.284811410718703,
                "lat": 3.225072431239617,
                "lon": 224.28481141071876,
                "retrograde": false,
                "sign": "scorpio",
                "speed": 0.8093279748896407
              },
              {
                "body": "Mars",
                "degree": 12.680549340882408,
                "lat": 0.7658380929264461,
                "lon": 222.68054934088246,
                "retrograde": false,
                "sign": "scorpio",
                "speed": 0.6440192022416795
              },
              {
                "body": "Jupiter",
                "degree": 17.64432557513419,
                "lat": 0.7326478913747406,
                "lon": 137.6443255751342,
                "retrograde": true,
                "sign": "leo",
                "speed": -0.05441549307499827
              },
              {
                "body": "Saturn",
                "degree": 25.305569122027578,
                "lat": -1.3075872532880557,
                "lon": 85.30556912202758,
                "retrograde": true,
                "sign": "gemini",
                "speed": -0.08212920177004435
              },
              {
                "body": "Uranus",
                "degree": 25.824671701940588,
                "lat": -0.724797476173065,
                "lon": 325.82467170194053,
                "retrograde": false,
                "sign": "aquarius",
                "speed": 0.037482531953287435
              },
              {
                "body": "Neptune",
                "degree": 9.220692411123537,
                "lat": 0.04394514079197206,
                "lon": 309.2206924111236,
                "retrograde": false,
                "sign": "aquarius",
                "speed": 0.030789398418278324
              },
              {
                "body": "Pluto",
                "degree": 17.884522196323132,
                "lat": 9.199959552658544,
                "lon": 257.8845221963232,
                "retrograde": false,
                "sign": "sagittarius",
                "speed": 0.03768711018801696
              },
              {
                "body": "North Node",
                "degree": 8.64752853116778,
                "lat": 0,
                "lon": 68.64752853116778,
                "retrograde": true,
                "sign": "gemini",
                "speed": -0.04817322707276617
              },
              {
                "body": "South Node",
                "degree": 8.647528531167836,
                "lat": 0,
                "lon": 248.64752853116784,
                "retrograde": true,
                "sign": "sagittarius",
                "speed": -0.04817322707276617
              }
            ],
            "houses": {
              "cusps": [
                30,
                60,
                90,
                120,
                150,
                180,
                210,
                240,
                270,
                300,
                330,
                0
              ],
              "system": "whole"
            }
          },
          "schema": "zodiacs.natal-envelope.draft-v1"
        },
        "sha256": "847d8bb3e992d31a8df9b5f62a18cf8f45c527bcc53c20c852ea3ae59f9bd566",
        "bytes": 4598,
        "before": {
          "calculations": 2,
          "created": [
            "blob:https://zodiacs-4qqy7ml63-zodiacsofficial.vercel.app/90fdc35c-cbbe-4703-9f85-b75b0791b8c1",
            "blob:https://zodiacs-4qqy7ml63-zodiacsofficial.vercel.app/54c236cd-aa7a-4ba8-82e6-eaa4e858cc56"
          ],
          "revoked": [
            "blob:https://zodiacs-4qqy7ml63-zodiacsofficial.vercel.app/90fdc35c-cbbe-4703-9f85-b75b0791b8c1",
            "blob:https://zodiacs-4qqy7ml63-zodiacsofficial.vercel.app/54c236cd-aa7a-4ba8-82e6-eaa4e858cc56"
          ],
          "storage": {
            "zodiacs.install.compute-count.v1": "2"
          }
        },
        "after": {
          "calculations": 2,
          "created": [
            "blob:https://zodiacs-4qqy7ml63-zodiacsofficial.vercel.app/90fdc35c-cbbe-4703-9f85-b75b0791b8c1",
            "blob:https://zodiacs-4qqy7ml63-zodiacsofficial.vercel.app/54c236cd-aa7a-4ba8-82e6-eaa4e858cc56",
            "blob:https://zodiacs-4qqy7ml63-zodiacsofficial.vercel.app/7618b55a-cd39-4674-b065-bf711e9a9806"
          ],
          "revoked": [
            "blob:https://zodiacs-4qqy7ml63-zodiacsofficial.vercel.app/90fdc35c-cbbe-4703-9f85-b75b0791b8c1",
            "blob:https://zodiacs-4qqy7ml63-zodiacsofficial.vercel.app/54c236cd-aa7a-4ba8-82e6-eaa4e858cc56",
            "blob:https://zodiacs-4qqy7ml63-zodiacsofficial.vercel.app/7618b55a-cd39-4674-b065-bf711e9a9806"
          ],
          "storage": {
            "zodiacs.install.compute-count.v1": "2"
          }
        },
        "requests": []
      },
      "unknown": {
        "envelope": {
          "receipt": {
            "conventions": {
              "angles": "gast-and-mean-obliquity",
              "aspects": "major-aspects;sun-moon-eight-planets;no-nodes",
              "calendar": "proleptic-gregorian",
              "longitudeUnit": "degrees-[0,360)",
              "moonNodes": "instantaneous-geocentric-moon-orbit-plane",
              "moonPosition": "astronomy-engine-ecliptic-geo-moon",
              "planetPositions": "apparent-geocentric-ecliptic-of-date",
              "speed": "degrees-per-day;central-difference-plus-minus-0.25-day",
              "zodiac": "tropical"
            },
            "coordinates": {
              "latitude": 78.22,
              "longitude": 15.65
            },
            "coverage": {
              "angleExclusions": "exact-geographic-poles-and-ecliptic-horizon-coincidence",
              "assessment": "finite-reference-cases-only",
              "broadDateRange": "not-certified",
              "inputSyntax": "not-an-astronomical-accuracy-guarantee"
            },
            "engine": {
              "name": "@zodiacs/engine",
              "version": "0.1.1-rc.6"
            },
            "houses": {
              "absenceReason": "unknown-time",
              "actual": null,
              "requested": "placidus"
            },
            "inputFlags": [],
            "instant": "2002-12-21T11:00:00.000Z",
            "localResolution": {
              "date": "2002-12-21",
              "gapShiftMinutes": 0,
              "offsetMinutes": 60,
              "policy": {
                "fold": "earlier",
                "gap": "shift-forward"
              },
              "time": "12:00",
              "timeZone": "Arctic/Longyearbyen"
            },
            "provenance": null,
            "reference": "local-noon",
            "resultFlags": [
              "no-time"
            ],
            "schema": "zodiacs.calculation-receipt.draft-v1",
            "sourceInstant": null,
            "timeKnown": false
          },
          "requiredFeatures": [],
          "result": {
            "angles": null,
            "aspects": [
              {
                "a": "Jupiter",
                "applying": false,
                "b": "Pluto",
                "orb": 0.2536602004486781,
                "type": "trine"
              },
              {
                "a": "Saturn",
                "applying": false,
                "b": "Uranus",
                "orb": 0.5365512259928096,
                "type": "trine"
              },
              {
                "a": "Moon",
                "applying": false,
                "b": "Mercury",
                "orb": 0.7286668003342243,
                "type": "opposition"
              },
              {
                "a": "Venus",
                "applying": false,
                "b": "Mars",
                "orb": 1.62852633481657,
                "type": "conjunction"
              },
              {
                "a": "Venus",
                "applying": true,
                "b": "Jupiter",
                "orb": 3.2333607902213544,
                "type": "square"
              },
              {
                "a": "Mars",
                "applying": false,
                "b": "Neptune",
                "orb": 3.5492836610391123,
                "type": "square"
              },
              {
                "a": "Sun",
                "applying": false,
                "b": "Uranus",
                "orb": 3.5656789323990665,
                "type": "sextile"
              },
              {
                "a": "Mercury",
                "applying": false,
                "b": "Venus",
                "orb": 3.9815945010745963,
                "type": "sextile"
              },
              {
                "a": "Sun",
                "applying": false,
                "b": "Saturn",
                "orb": 4.102230158391876,
                "type": "opposition"
              },
              {
                "a": "Moon",
                "applying": false,
                "b": "Venus",
                "orb": 4.710261301408821,
                "type": "trine"
              },
              {
                "a": "Mars",
                "applying": true,
                "b": "Jupiter",
                "orb": 4.861887125037924,
                "type": "square"
              },
              {
                "a": "Venus",
                "applying": false,
                "b": "Neptune",
                "orb": 5.177809995855682,
                "type": "square"
              },
              {
                "a": "Moon",
                "applying": false,
                "b": "Mars",
                "orb": 6.338787636225419,
                "type": "trine"
              },
              {
                "a": "Saturn",
                "applying": true,
                "b": "Pluto",
                "orb": 7.403576501999908,
                "type": "opposition"
              }
            ],
            "bodies": [
              {
                "body": "Sun",
                "degree": 29.39582373890562,
                "lat": 0.000005052152486246626,
                "lon": 269.39582373890556,
                "retrograde": false,
                "sign": "sagittarius",
                "speed": 1.0180207747483792
              },
              {
                "body": "Moon",
                "degree": 19.113257389252567,
                "lat": 3.4098130055400264,
                "lon": 109.11325738925257,
                "retrograde": false,
                "sign": "cancer",
                "speed": 13.096711565342844
              },
              {
                "body": "Mercury",
                "degree": 18.3845905889184,
                "lat": -1.9979761483049272,
                "lon": 288.38459058891834,
                "retrograde": false,
                "sign": "capricorn",
                "speed": 1.3177816494963963
              },
              {
                "body": "Venus",
                "degree": 14.402996087843803,
                "lat": 3.2325342400798953,
                "lon": 224.40299608784375,
                "retrograde": false,
                "sign": "scorpio",
                "speed": 0.8114765670646307
              },
              {
                "body": "Mars",
                "degree": 12.77446975302712,
                "lat": 0.7648077780993661,
                "lon": 222.77446975302715,
                "retrograde": false,
                "sign": "scorpio",
                "speed": 0.6440321208461341
              },
              {
                "body": "Jupiter",
                "degree": 17.6363568780651,
                "lat": 0.7331930693967148,
                "lon": 137.6363568780651,
                "retrograde": true,
                "sign": "leo",
                "speed": -0.054869009703679694
              },
              {
                "body": "Saturn",
                "degree": 25.293593580513686,
                "lat": -1.3073245952549366,
                "lon": 85.29359358051369,
                "retrograde": true,
                "sign": "gemini",
                "speed": -0.0821057889874055
              },
              {
                "body": "Uranus",
                "degree": 25.830144806506496,
                "lat": -0.7247288738684129,
                "lon": 325.8301448065065,
                "retrograde": false,
                "sign": "aquarius",
                "speed": 0.03757688826692629
              },
              {
                "body": "Neptune",
                "degree": 9.225186091988007,
                "lat": 0.04391658028217324,
                "lon": 309.22518609198806,
                "retrograde": false,
                "sign": "aquarius",
                "speed": 0.030837955793344918
              },
              {
                "body": "Pluto",
                "degree": 17.89001707851378,
                "lat": 9.199881522554374,
                "lon": 257.8900170785138,
                "retrograde": false,
                "sign": "sagittarius",
                "speed": 0.037670970750923516
              },
              {
                "body": "North Node",
                "degree": 8.640370497039896,
                "lat": 0,
                "lon": 68.6403704970399,
                "retrograde": true,
                "sign": "gemini",
                "speed": -0.049851272278942815
              },
              {
                "body": "South Node",
                "degree": 8.64037049703984,
                "lat": 0,
                "lon": 248.64037049703984,
                "retrograde": true,
                "sign": "sagittarius",
                "speed": -0.049851272278942815
              }
            ],
            "houses": null
          },
          "schema": "zodiacs.natal-envelope.draft-v1"
        },
        "sha256": "fe8684d44ea9fcfb2a3b16cffe8070541dcff73cb1c1576ae76eea443f2b0232",
        "bytes": 4436,
        "before": {
          "calculations": 3,
          "created": [
            "blob:https://zodiacs-4qqy7ml63-zodiacsofficial.vercel.app/90fdc35c-cbbe-4703-9f85-b75b0791b8c1",
            "blob:https://zodiacs-4qqy7ml63-zodiacsofficial.vercel.app/54c236cd-aa7a-4ba8-82e6-eaa4e858cc56",
            "blob:https://zodiacs-4qqy7ml63-zodiacsofficial.vercel.app/7618b55a-cd39-4674-b065-bf711e9a9806"
          ],
          "revoked": [
            "blob:https://zodiacs-4qqy7ml63-zodiacsofficial.vercel.app/90fdc35c-cbbe-4703-9f85-b75b0791b8c1",
            "blob:https://zodiacs-4qqy7ml63-zodiacsofficial.vercel.app/54c236cd-aa7a-4ba8-82e6-eaa4e858cc56",
            "blob:https://zodiacs-4qqy7ml63-zodiacsofficial.vercel.app/7618b55a-cd39-4674-b065-bf711e9a9806"
          ],
          "storage": {
            "zodiacs.install.compute-count.v1": "2"
          }
        },
        "after": {
          "calculations": 3,
          "created": [
            "blob:https://zodiacs-4qqy7ml63-zodiacsofficial.vercel.app/90fdc35c-cbbe-4703-9f85-b75b0791b8c1",
            "blob:https://zodiacs-4qqy7ml63-zodiacsofficial.vercel.app/54c236cd-aa7a-4ba8-82e6-eaa4e858cc56",
            "blob:https://zodiacs-4qqy7ml63-zodiacsofficial.vercel.app/7618b55a-cd39-4674-b065-bf711e9a9806",
            "blob:https://zodiacs-4qqy7ml63-zodiacsofficial.vercel.app/23b5e513-5d47-4fa8-881a-ffbceffa6086"
          ],
          "revoked": [
            "blob:https://zodiacs-4qqy7ml63-zodiacsofficial.vercel.app/90fdc35c-cbbe-4703-9f85-b75b0791b8c1",
            "blob:https://zodiacs-4qqy7ml63-zodiacsofficial.vercel.app/54c236cd-aa7a-4ba8-82e6-eaa4e858cc56",
            "blob:https://zodiacs-4qqy7ml63-zodiacsofficial.vercel.app/7618b55a-cd39-4674-b065-bf711e9a9806",
            "blob:https://zodiacs-4qqy7ml63-zodiacsofficial.vercel.app/23b5e513-5d47-4fa8-881a-ffbceffa6086"
          ],
          "storage": {
            "zodiacs.install.compute-count.v1": "2"
          }
        },
        "requests": [
          {
            "method": "GET",
            "path": "/assets/app-icons/v3/icon-512.png",
            "kind": "fetch",
            "source": "browser-preview"
          },
          {
            "method": "GET",
            "path": "/assets/app-icons/v3/icon-512.png",
            "kind": "fetch",
            "source": "browser-preview"
          }
        ]
      },
      "observerNegativeControls": {
        "created": 1,
        "revoked": 1,
        "calculations": 1
      },
      "staleDomClickSuppressed": true,
      "allocationFailureGeneric": true,
      "errors": [],
      "consoleErrors": [
        "Failed to load resource: net::ERR_FAILED"
      ],
      "external": [
        "https://plausible.io/js/pa-HwF2IBb5Sw8eboNPSOgHv.js"
      ]
    },
    {
      "name": "locale-en",
      "status": "passed",
      "file": {
        "envelope": {
          "receipt": {
            "conventions": {
              "angles": "gast-and-mean-obliquity",
              "aspects": "major-aspects;sun-moon-eight-planets;no-nodes",
              "calendar": "proleptic-gregorian",
              "longitudeUnit": "degrees-[0,360)",
              "moonNodes": "instantaneous-geocentric-moon-orbit-plane",
              "moonPosition": "astronomy-engine-ecliptic-geo-moon",
              "planetPositions": "apparent-geocentric-ecliptic-of-date",
              "speed": "degrees-per-day;central-difference-plus-minus-0.25-day",
              "zodiac": "tropical"
            },
            "coordinates": {
              "latitude": 40.71,
              "longitude": -74
            },
            "coverage": {
              "angleExclusions": "exact-geographic-poles-and-ecliptic-horizon-coincidence",
              "assessment": "finite-reference-cases-only",
              "broadDateRange": "not-certified",
              "inputSyntax": "not-an-astronomical-accuracy-guarantee"
            },
            "engine": {
              "name": "@zodiacs/engine",
              "version": "0.1.1-rc.6"
            },
            "houses": {
              "absenceReason": null,
              "actual": "placidus",
              "requested": "placidus"
            },
            "inputFlags": [],
            "instant": "1990-06-15T18:30:00.000Z",
            "localResolution": {
              "date": "1990-06-15",
              "gapShiftMinutes": 0,
              "offsetMinutes": -240,
              "policy": {
                "fold": "earlier",
                "gap": "shift-forward"
              },
              "time": "14:30",
              "timeZone": "America/New_York"
            },
            "provenance": null,
            "reference": "supplied-instant",
            "resultFlags": [],
            "schema": "zodiacs.calculation-receipt.draft-v1",
            "sourceInstant": null,
            "timeKnown": true
          },
          "requiredFeatures": [],
          "result": {
            "angles": {
              "asc": 193.70064627770046,
              "dsc": 13.700646277700457,
              "ic": 285.9278605485997,
              "mc": 105.92786054859971
            },
            "aspects": [
              {
                "a": "Moon",
                "applying": false,
                "b": "Venus",
                "orb": 0.10559814579914928,
                "type": "sextile"
              },
              {
                "a": "Jupiter",
                "applying": false,
                "b": "Pluto",
                "orb": 0.5514512247785888,
                "type": "trine"
              },
              {
                "a": "Neptune",
                "applying": false,
                "b": "Pluto",
                "orb": 1.6866649980763668,
                "type": "sextile"
              },
              {
                "a": "Jupiter",
                "applying": false,
                "b": "Neptune",
                "orb": 2.2381162228549556,
                "type": "opposition"
              },
              {
                "a": "Mars",
                "applying": true,
                "b": "Neptune",
                "orb": 2.4743284608699128,
                "type": "square"
              },
              {
                "a": "Moon",
                "applying": false,
                "b": "Jupiter",
                "orb": 3.0421271628713384,
                "type": "trine"
              },
              {
                "a": "Mars",
                "applying": false,
                "b": "Uranus",
                "orb": 3.0823497329998304,
                "type": "square"
              },
              {
                "a": "Venus",
                "applying": false,
                "b": "Jupiter",
                "orb": 3.1477253086705446,
                "type": "sextile"
              },
              {
                "a": "Moon",
                "applying": false,
                "b": "Pluto",
                "orb": 3.593578387649927,
                "type": "trine"
              },
              {
                "a": "Venus",
                "applying": false,
                "b": "Pluto",
                "orb": 3.6991765334491333,
                "type": "opposition"
              },
              {
                "a": "Mars",
                "applying": true,
                "b": "Jupiter",
                "orb": 4.712444683724868,
                "type": "square"
              },
              {
                "a": "Venus",
                "applying": true,
                "b": "Saturn",
                "orb": 4.920043290478986,
                "type": "trine"
              },
              {
                "a": "Venus",
                "applying": false,
                "b": "Neptune",
                "orb": 5.3858415315255,
                "type": "trine"
              },
              {
                "a": "Sun",
                "applying": true,
                "b": "Moon",
                "orb": 5.397758499208919,
                "type": "square"
              },
              {
                "a": "Uranus",
                "applying": false,
                "b": "Neptune",
                "orb": 5.556678193869743,
                "type": "conjunction"
              },
              {
                "a": "Jupiter",
                "applying": false,
                "b": "Uranus",
                "orb": 7.794794416724699,
                "type": "opposition"
              }
            ],
            "bodies": [
              {
                "body": "Sun",
                "degree": 24.38806838882266,
                "lat": -0.000018326192502257773,
                "lon": 84.38806838882266,
                "retrograde": false,
                "sign": "gemini",
                "speed": 0.9551104147061551
              },
              {
                "body": "Moon",
                "degree": 18.99030988961374,
                "lat": 3.3842213273293904,
                "lon": 348.99030988961374,
                "retrograde": false,
                "sign": "pisces",
                "speed": 13.460189788680736
              },
              {
                "body": "Mercury",
                "degree": 6.1572311277366225,
                "lat": -1.6142353062273656,
                "lon": 66.15723112773662,
                "retrograde": false,
                "sign": "gemini",
                "speed": 1.7284739310201758
              },
              {
                "body": "Venus",
                "degree": 19.095908035412947,
                "lat": -1.940929961108859,
                "lon": 49.09590803541295,
                "retrograde": false,
                "sign": "taurus",
                "speed": 1.1762528516813973
              },
              {
                "body": "Mars",
                "degree": 11.235738043017534,
                "lat": -1.9868614420981217,
                "lon": 11.235738043017534,
                "retrograde": false,
                "sign": "aries",
                "speed": 0.718636323303258
              },
              {
                "body": "Jupiter",
                "degree": 15.948182726742402,
                "lat": 0.1871716099511118,
                "lon": 105.9481827267424,
                "retrograde": false,
                "sign": "cancer",
                "speed": 0.21679477053703522
              },
              {
                "body": "Saturn",
                "degree": 24.015951325891933,
                "lat": 0.11686454323479858,
                "lon": 294.01595132589193,
                "retrograde": true,
                "sign": "capricorn",
                "speed": -0.05891268223240331
              },
              {
                "body": "Uranus",
                "degree": 8.153388310017704,
                "lat": -0.3256214332496984,
                "lon": 278.1533883100177,
                "retrograde": true,
                "sign": "capricorn",
                "speed": -0.03899153655356713
              },
              {
                "body": "Neptune",
                "degree": 13.710066503887447,
                "lat": 0.8770498906832855,
                "lon": 283.71006650388745,
                "retrograde": true,
                "sign": "capricorn",
                "speed": -0.025079460958295385
              },
              {
                "body": "Pluto",
                "degree": 15.396731501963814,
                "lat": 15.851941577540304,
                "lon": 225.3967315019638,
                "retrograde": true,
                "sign": "scorpio",
                "speed": -0.020074698786061163
              },
              {
                "body": "North Node",
                "degree": 8.124618784703898,
                "lat": 0,
                "lon": 308.1246187847039,
                "retrograde": false,
                "sign": "aquarius",
                "speed": 0.008885639102004461
              },
              {
                "body": "South Node",
                "degree": 8.124618784703898,
                "lat": 0,
                "lon": 128.1246187847039,
                "retrograde": false,
                "sign": "leo",
                "speed": 0.008885639102004461
              }
            ],
            "houses": {
              "cusps": [
                193.70064627770046,
                220.7773387268603,
                251.92559321336816,
                285.9278605485997,
                319.31058215970825,
                348.90768856562704,
                13.700646277700457,
                40.77733872686031,
                71.92559321336819,
                105.92786054859971,
                139.3105821597083,
                168.90768856562704
              ],
              "system": "placidus"
            }
          },
          "schema": "zodiacs.natal-envelope.draft-v1"
        },
        "sha256": "ad44a0c8a0f5d2d24cf2ebffa2a7ca5e3825d1bae236ea1f9555f5f54e8efc7a",
        "bytes": 4937,
        "before": {
          "calculations": 1,
          "created": [],
          "revoked": [],
          "storage": {
            "zodiacs.install.compute-count.v1": "1"
          }
        },
        "after": {
          "calculations": 1,
          "created": [
            "blob:https://zodiacs-4qqy7ml63-zodiacsofficial.vercel.app/8698f919-ce41-4219-b3c6-fa67a694d8bc"
          ],
          "revoked": [
            "blob:https://zodiacs-4qqy7ml63-zodiacsofficial.vercel.app/8698f919-ce41-4219-b3c6-fa67a694d8bc"
          ],
          "storage": {
            "zodiacs.install.compute-count.v1": "1"
          }
        },
        "requests": [
          {
            "method": "GET",
            "path": "/assets/zodiac-icons/48/aries.avif",
            "kind": "image",
            "source": "browser-preview"
          },
          {
            "method": "GET",
            "path": "/assets/zodiac-icons/48/gemini.avif",
            "kind": "image",
            "source": "browser-preview"
          },
          {
            "method": "GET",
            "path": "/assets/zodiac-icons/48/pisces.avif",
            "kind": "image",
            "source": "browser-preview"
          }
        ]
      },
      "width": {
        "viewport": 360,
        "document": 360
      },
      "errors": [],
      "consoleErrors": [
        "Failed to load resource: net::ERR_FAILED"
      ],
      "external": [
        "https://plausible.io/js/pa-HwF2IBb5Sw8eboNPSOgHv.js"
      ]
    },
    {
      "name": "locale-es",
      "status": "passed",
      "file": {
        "envelope": {
          "receipt": {
            "conventions": {
              "angles": "gast-and-mean-obliquity",
              "aspects": "major-aspects;sun-moon-eight-planets;no-nodes",
              "calendar": "proleptic-gregorian",
              "longitudeUnit": "degrees-[0,360)",
              "moonNodes": "instantaneous-geocentric-moon-orbit-plane",
              "moonPosition": "astronomy-engine-ecliptic-geo-moon",
              "planetPositions": "apparent-geocentric-ecliptic-of-date",
              "speed": "degrees-per-day;central-difference-plus-minus-0.25-day",
              "zodiac": "tropical"
            },
            "coordinates": {
              "latitude": 40.71,
              "longitude": -74
            },
            "coverage": {
              "angleExclusions": "exact-geographic-poles-and-ecliptic-horizon-coincidence",
              "assessment": "finite-reference-cases-only",
              "broadDateRange": "not-certified",
              "inputSyntax": "not-an-astronomical-accuracy-guarantee"
            },
            "engine": {
              "name": "@zodiacs/engine",
              "version": "0.1.1-rc.6"
            },
            "houses": {
              "absenceReason": null,
              "actual": "placidus",
              "requested": "placidus"
            },
            "inputFlags": [],
            "instant": "1990-06-15T18:30:00.000Z",
            "localResolution": {
              "date": "1990-06-15",
              "gapShiftMinutes": 0,
              "offsetMinutes": -240,
              "policy": {
                "fold": "earlier",
                "gap": "shift-forward"
              },
              "time": "14:30",
              "timeZone": "America/New_York"
            },
            "provenance": null,
            "reference": "supplied-instant",
            "resultFlags": [],
            "schema": "zodiacs.calculation-receipt.draft-v1",
            "sourceInstant": null,
            "timeKnown": true
          },
          "requiredFeatures": [],
          "result": {
            "angles": {
              "asc": 193.70064627770046,
              "dsc": 13.700646277700457,
              "ic": 285.9278605485997,
              "mc": 105.92786054859971
            },
            "aspects": [
              {
                "a": "Moon",
                "applying": false,
                "b": "Venus",
                "orb": 0.10559814579914928,
                "type": "sextile"
              },
              {
                "a": "Jupiter",
                "applying": false,
                "b": "Pluto",
                "orb": 0.5514512247785888,
                "type": "trine"
              },
              {
                "a": "Neptune",
                "applying": false,
                "b": "Pluto",
                "orb": 1.6866649980763668,
                "type": "sextile"
              },
              {
                "a": "Jupiter",
                "applying": false,
                "b": "Neptune",
                "orb": 2.2381162228549556,
                "type": "opposition"
              },
              {
                "a": "Mars",
                "applying": true,
                "b": "Neptune",
                "orb": 2.4743284608699128,
                "type": "square"
              },
              {
                "a": "Moon",
                "applying": false,
                "b": "Jupiter",
                "orb": 3.0421271628713384,
                "type": "trine"
              },
              {
                "a": "Mars",
                "applying": false,
                "b": "Uranus",
                "orb": 3.0823497329998304,
                "type": "square"
              },
              {
                "a": "Venus",
                "applying": false,
                "b": "Jupiter",
                "orb": 3.1477253086705446,
                "type": "sextile"
              },
              {
                "a": "Moon",
                "applying": false,
                "b": "Pluto",
                "orb": 3.593578387649927,
                "type": "trine"
              },
              {
                "a": "Venus",
                "applying": false,
                "b": "Pluto",
                "orb": 3.6991765334491333,
                "type": "opposition"
              },
              {
                "a": "Mars",
                "applying": true,
                "b": "Jupiter",
                "orb": 4.712444683724868,
                "type": "square"
              },
              {
                "a": "Venus",
                "applying": true,
                "b": "Saturn",
                "orb": 4.920043290478986,
                "type": "trine"
              },
              {
                "a": "Venus",
                "applying": false,
                "b": "Neptune",
                "orb": 5.3858415315255,
                "type": "trine"
              },
              {
                "a": "Sun",
                "applying": true,
                "b": "Moon",
                "orb": 5.397758499208919,
                "type": "square"
              },
              {
                "a": "Uranus",
                "applying": false,
                "b": "Neptune",
                "orb": 5.556678193869743,
                "type": "conjunction"
              },
              {
                "a": "Jupiter",
                "applying": false,
                "b": "Uranus",
                "orb": 7.794794416724699,
                "type": "opposition"
              }
            ],
            "bodies": [
              {
                "body": "Sun",
                "degree": 24.38806838882266,
                "lat": -0.000018326192502257773,
                "lon": 84.38806838882266,
                "retrograde": false,
                "sign": "gemini",
                "speed": 0.9551104147061551
              },
              {
                "body": "Moon",
                "degree": 18.99030988961374,
                "lat": 3.3842213273293904,
                "lon": 348.99030988961374,
                "retrograde": false,
                "sign": "pisces",
                "speed": 13.460189788680736
              },
              {
                "body": "Mercury",
                "degree": 6.1572311277366225,
                "lat": -1.6142353062273656,
                "lon": 66.15723112773662,
                "retrograde": false,
                "sign": "gemini",
                "speed": 1.7284739310201758
              },
              {
                "body": "Venus",
                "degree": 19.095908035412947,
                "lat": -1.940929961108859,
                "lon": 49.09590803541295,
                "retrograde": false,
                "sign": "taurus",
                "speed": 1.1762528516813973
              },
              {
                "body": "Mars",
                "degree": 11.235738043017534,
                "lat": -1.9868614420981217,
                "lon": 11.235738043017534,
                "retrograde": false,
                "sign": "aries",
                "speed": 0.718636323303258
              },
              {
                "body": "Jupiter",
                "degree": 15.948182726742402,
                "lat": 0.1871716099511118,
                "lon": 105.9481827267424,
                "retrograde": false,
                "sign": "cancer",
                "speed": 0.21679477053703522
              },
              {
                "body": "Saturn",
                "degree": 24.015951325891933,
                "lat": 0.11686454323479858,
                "lon": 294.01595132589193,
                "retrograde": true,
                "sign": "capricorn",
                "speed": -0.05891268223240331
              },
              {
                "body": "Uranus",
                "degree": 8.153388310017704,
                "lat": -0.3256214332496984,
                "lon": 278.1533883100177,
                "retrograde": true,
                "sign": "capricorn",
                "speed": -0.03899153655356713
              },
              {
                "body": "Neptune",
                "degree": 13.710066503887447,
                "lat": 0.8770498906832855,
                "lon": 283.71006650388745,
                "retrograde": true,
                "sign": "capricorn",
                "speed": -0.025079460958295385
              },
              {
                "body": "Pluto",
                "degree": 15.396731501963814,
                "lat": 15.851941577540304,
                "lon": 225.3967315019638,
                "retrograde": true,
                "sign": "scorpio",
                "speed": -0.020074698786061163
              },
              {
                "body": "North Node",
                "degree": 8.124618784703898,
                "lat": 0,
                "lon": 308.1246187847039,
                "retrograde": false,
                "sign": "aquarius",
                "speed": 0.008885639102004461
              },
              {
                "body": "South Node",
                "degree": 8.124618784703898,
                "lat": 0,
                "lon": 128.1246187847039,
                "retrograde": false,
                "sign": "leo",
                "speed": 0.008885639102004461
              }
            ],
            "houses": {
              "cusps": [
                193.70064627770046,
                220.7773387268603,
                251.92559321336816,
                285.9278605485997,
                319.31058215970825,
                348.90768856562704,
                13.700646277700457,
                40.77733872686031,
                71.92559321336819,
                105.92786054859971,
                139.3105821597083,
                168.90768856562704
              ],
              "system": "placidus"
            }
          },
          "schema": "zodiacs.natal-envelope.draft-v1"
        },
        "sha256": "ad44a0c8a0f5d2d24cf2ebffa2a7ca5e3825d1bae236ea1f9555f5f54e8efc7a",
        "bytes": 4937,
        "before": {
          "calculations": 1,
          "created": [],
          "revoked": [],
          "storage": {
            "zodiacs.install.compute-count.v1": "1"
          }
        },
        "after": {
          "calculations": 1,
          "created": [
            "blob:https://zodiacs-4qqy7ml63-zodiacsofficial.vercel.app/29bc6674-f3e1-4637-9a29-f472db6c4ea9"
          ],
          "revoked": [
            "blob:https://zodiacs-4qqy7ml63-zodiacsofficial.vercel.app/29bc6674-f3e1-4637-9a29-f472db6c4ea9"
          ],
          "storage": {
            "zodiacs.install.compute-count.v1": "1"
          }
        },
        "requests": []
      },
      "width": {
        "viewport": 360,
        "document": 360
      },
      "errors": [],
      "consoleErrors": [
        "Failed to load resource: net::ERR_FAILED"
      ],
      "external": [
        "https://plausible.io/js/pa-HwF2IBb5Sw8eboNPSOgHv.js"
      ]
    },
    {
      "name": "locale-pt",
      "status": "passed",
      "file": {
        "envelope": {
          "receipt": {
            "conventions": {
              "angles": "gast-and-mean-obliquity",
              "aspects": "major-aspects;sun-moon-eight-planets;no-nodes",
              "calendar": "proleptic-gregorian",
              "longitudeUnit": "degrees-[0,360)",
              "moonNodes": "instantaneous-geocentric-moon-orbit-plane",
              "moonPosition": "astronomy-engine-ecliptic-geo-moon",
              "planetPositions": "apparent-geocentric-ecliptic-of-date",
              "speed": "degrees-per-day;central-difference-plus-minus-0.25-day",
              "zodiac": "tropical"
            },
            "coordinates": {
              "latitude": 40.71,
              "longitude": -74
            },
            "coverage": {
              "angleExclusions": "exact-geographic-poles-and-ecliptic-horizon-coincidence",
              "assessment": "finite-reference-cases-only",
              "broadDateRange": "not-certified",
              "inputSyntax": "not-an-astronomical-accuracy-guarantee"
            },
            "engine": {
              "name": "@zodiacs/engine",
              "version": "0.1.1-rc.6"
            },
            "houses": {
              "absenceReason": null,
              "actual": "placidus",
              "requested": "placidus"
            },
            "inputFlags": [],
            "instant": "1990-06-15T18:30:00.000Z",
            "localResolution": {
              "date": "1990-06-15",
              "gapShiftMinutes": 0,
              "offsetMinutes": -240,
              "policy": {
                "fold": "earlier",
                "gap": "shift-forward"
              },
              "time": "14:30",
              "timeZone": "America/New_York"
            },
            "provenance": null,
            "reference": "supplied-instant",
            "resultFlags": [],
            "schema": "zodiacs.calculation-receipt.draft-v1",
            "sourceInstant": null,
            "timeKnown": true
          },
          "requiredFeatures": [],
          "result": {
            "angles": {
              "asc": 193.70064627770046,
              "dsc": 13.700646277700457,
              "ic": 285.9278605485997,
              "mc": 105.92786054859971
            },
            "aspects": [
              {
                "a": "Moon",
                "applying": false,
                "b": "Venus",
                "orb": 0.10559814579914928,
                "type": "sextile"
              },
              {
                "a": "Jupiter",
                "applying": false,
                "b": "Pluto",
                "orb": 0.5514512247785888,
                "type": "trine"
              },
              {
                "a": "Neptune",
                "applying": false,
                "b": "Pluto",
                "orb": 1.6866649980763668,
                "type": "sextile"
              },
              {
                "a": "Jupiter",
                "applying": false,
                "b": "Neptune",
                "orb": 2.2381162228549556,
                "type": "opposition"
              },
              {
                "a": "Mars",
                "applying": true,
                "b": "Neptune",
                "orb": 2.4743284608699128,
                "type": "square"
              },
              {
                "a": "Moon",
                "applying": false,
                "b": "Jupiter",
                "orb": 3.0421271628713384,
                "type": "trine"
              },
              {
                "a": "Mars",
                "applying": false,
                "b": "Uranus",
                "orb": 3.0823497329998304,
                "type": "square"
              },
              {
                "a": "Venus",
                "applying": false,
                "b": "Jupiter",
                "orb": 3.1477253086705446,
                "type": "sextile"
              },
              {
                "a": "Moon",
                "applying": false,
                "b": "Pluto",
                "orb": 3.593578387649927,
                "type": "trine"
              },
              {
                "a": "Venus",
                "applying": false,
                "b": "Pluto",
                "orb": 3.6991765334491333,
                "type": "opposition"
              },
              {
                "a": "Mars",
                "applying": true,
                "b": "Jupiter",
                "orb": 4.712444683724868,
                "type": "square"
              },
              {
                "a": "Venus",
                "applying": true,
                "b": "Saturn",
                "orb": 4.920043290478986,
                "type": "trine"
              },
              {
                "a": "Venus",
                "applying": false,
                "b": "Neptune",
                "orb": 5.3858415315255,
                "type": "trine"
              },
              {
                "a": "Sun",
                "applying": true,
                "b": "Moon",
                "orb": 5.397758499208919,
                "type": "square"
              },
              {
                "a": "Uranus",
                "applying": false,
                "b": "Neptune",
                "orb": 5.556678193869743,
                "type": "conjunction"
              },
              {
                "a": "Jupiter",
                "applying": false,
                "b": "Uranus",
                "orb": 7.794794416724699,
                "type": "opposition"
              }
            ],
            "bodies": [
              {
                "body": "Sun",
                "degree": 24.38806838882266,
                "lat": -0.000018326192502257773,
                "lon": 84.38806838882266,
                "retrograde": false,
                "sign": "gemini",
                "speed": 0.9551104147061551
              },
              {
                "body": "Moon",
                "degree": 18.99030988961374,
                "lat": 3.3842213273293904,
                "lon": 348.99030988961374,
                "retrograde": false,
                "sign": "pisces",
                "speed": 13.460189788680736
              },
              {
                "body": "Mercury",
                "degree": 6.1572311277366225,
                "lat": -1.6142353062273656,
                "lon": 66.15723112773662,
                "retrograde": false,
                "sign": "gemini",
                "speed": 1.7284739310201758
              },
              {
                "body": "Venus",
                "degree": 19.095908035412947,
                "lat": -1.940929961108859,
                "lon": 49.09590803541295,
                "retrograde": false,
                "sign": "taurus",
                "speed": 1.1762528516813973
              },
              {
                "body": "Mars",
                "degree": 11.235738043017534,
                "lat": -1.9868614420981217,
                "lon": 11.235738043017534,
                "retrograde": false,
                "sign": "aries",
                "speed": 0.718636323303258
              },
              {
                "body": "Jupiter",
                "degree": 15.948182726742402,
                "lat": 0.1871716099511118,
                "lon": 105.9481827267424,
                "retrograde": false,
                "sign": "cancer",
                "speed": 0.21679477053703522
              },
              {
                "body": "Saturn",
                "degree": 24.015951325891933,
                "lat": 0.11686454323479858,
                "lon": 294.01595132589193,
                "retrograde": true,
                "sign": "capricorn",
                "speed": -0.05891268223240331
              },
              {
                "body": "Uranus",
                "degree": 8.153388310017704,
                "lat": -0.3256214332496984,
                "lon": 278.1533883100177,
                "retrograde": true,
                "sign": "capricorn",
                "speed": -0.03899153655356713
              },
              {
                "body": "Neptune",
                "degree": 13.710066503887447,
                "lat": 0.8770498906832855,
                "lon": 283.71006650388745,
                "retrograde": true,
                "sign": "capricorn",
                "speed": -0.025079460958295385
              },
              {
                "body": "Pluto",
                "degree": 15.396731501963814,
                "lat": 15.851941577540304,
                "lon": 225.3967315019638,
                "retrograde": true,
                "sign": "scorpio",
                "speed": -0.020074698786061163
              },
              {
                "body": "North Node",
                "degree": 8.124618784703898,
                "lat": 0,
                "lon": 308.1246187847039,
                "retrograde": false,
                "sign": "aquarius",
                "speed": 0.008885639102004461
              },
              {
                "body": "South Node",
                "degree": 8.124618784703898,
                "lat": 0,
                "lon": 128.1246187847039,
                "retrograde": false,
                "sign": "leo",
                "speed": 0.008885639102004461
              }
            ],
            "houses": {
              "cusps": [
                193.70064627770046,
                220.7773387268603,
                251.92559321336816,
                285.9278605485997,
                319.31058215970825,
                348.90768856562704,
                13.700646277700457,
                40.77733872686031,
                71.92559321336819,
                105.92786054859971,
                139.3105821597083,
                168.90768856562704
              ],
              "system": "placidus"
            }
          },
          "schema": "zodiacs.natal-envelope.draft-v1"
        },
        "sha256": "ad44a0c8a0f5d2d24cf2ebffa2a7ca5e3825d1bae236ea1f9555f5f54e8efc7a",
        "bytes": 4937,
        "before": {
          "calculations": 1,
          "created": [],
          "revoked": [],
          "storage": {
            "zodiacs.install.compute-count.v1": "1"
          }
        },
        "after": {
          "calculations": 1,
          "created": [
            "blob:https://zodiacs-4qqy7ml63-zodiacsofficial.vercel.app/690c6bfe-82c9-4fee-99ea-944aeaa72e11"
          ],
          "revoked": [
            "blob:https://zodiacs-4qqy7ml63-zodiacsofficial.vercel.app/690c6bfe-82c9-4fee-99ea-944aeaa72e11"
          ],
          "storage": {
            "zodiacs.install.compute-count.v1": "1"
          }
        },
        "requests": []
      },
      "width": {
        "viewport": 360,
        "document": 360
      },
      "errors": [],
      "consoleErrors": [
        "Failed to load resource: net::ERR_FAILED"
      ],
      "external": [
        "https://plausible.io/js/pa-HwF2IBb5Sw8eboNPSOgHv.js"
      ]
    },
    {
      "name": "locale-fr",
      "status": "passed",
      "file": {
        "envelope": {
          "receipt": {
            "conventions": {
              "angles": "gast-and-mean-obliquity",
              "aspects": "major-aspects;sun-moon-eight-planets;no-nodes",
              "calendar": "proleptic-gregorian",
              "longitudeUnit": "degrees-[0,360)",
              "moonNodes": "instantaneous-geocentric-moon-orbit-plane",
              "moonPosition": "astronomy-engine-ecliptic-geo-moon",
              "planetPositions": "apparent-geocentric-ecliptic-of-date",
              "speed": "degrees-per-day;central-difference-plus-minus-0.25-day",
              "zodiac": "tropical"
            },
            "coordinates": {
              "latitude": 40.71,
              "longitude": -74
            },
            "coverage": {
              "angleExclusions": "exact-geographic-poles-and-ecliptic-horizon-coincidence",
              "assessment": "finite-reference-cases-only",
              "broadDateRange": "not-certified",
              "inputSyntax": "not-an-astronomical-accuracy-guarantee"
            },
            "engine": {
              "name": "@zodiacs/engine",
              "version": "0.1.1-rc.6"
            },
            "houses": {
              "absenceReason": null,
              "actual": "placidus",
              "requested": "placidus"
            },
            "inputFlags": [],
            "instant": "1990-06-15T18:30:00.000Z",
            "localResolution": {
              "date": "1990-06-15",
              "gapShiftMinutes": 0,
              "offsetMinutes": -240,
              "policy": {
                "fold": "earlier",
                "gap": "shift-forward"
              },
              "time": "14:30",
              "timeZone": "America/New_York"
            },
            "provenance": null,
            "reference": "supplied-instant",
            "resultFlags": [],
            "schema": "zodiacs.calculation-receipt.draft-v1",
            "sourceInstant": null,
            "timeKnown": true
          },
          "requiredFeatures": [],
          "result": {
            "angles": {
              "asc": 193.70064627770046,
              "dsc": 13.700646277700457,
              "ic": 285.9278605485997,
              "mc": 105.92786054859971
            },
            "aspects": [
              {
                "a": "Moon",
                "applying": false,
                "b": "Venus",
                "orb": 0.10559814579914928,
                "type": "sextile"
              },
              {
                "a": "Jupiter",
                "applying": false,
                "b": "Pluto",
                "orb": 0.5514512247785888,
                "type": "trine"
              },
              {
                "a": "Neptune",
                "applying": false,
                "b": "Pluto",
                "orb": 1.6866649980763668,
                "type": "sextile"
              },
              {
                "a": "Jupiter",
                "applying": false,
                "b": "Neptune",
                "orb": 2.2381162228549556,
                "type": "opposition"
              },
              {
                "a": "Mars",
                "applying": true,
                "b": "Neptune",
                "orb": 2.4743284608699128,
                "type": "square"
              },
              {
                "a": "Moon",
                "applying": false,
                "b": "Jupiter",
                "orb": 3.0421271628713384,
                "type": "trine"
              },
              {
                "a": "Mars",
                "applying": false,
                "b": "Uranus",
                "orb": 3.0823497329998304,
                "type": "square"
              },
              {
                "a": "Venus",
                "applying": false,
                "b": "Jupiter",
                "orb": 3.1477253086705446,
                "type": "sextile"
              },
              {
                "a": "Moon",
                "applying": false,
                "b": "Pluto",
                "orb": 3.593578387649927,
                "type": "trine"
              },
              {
                "a": "Venus",
                "applying": false,
                "b": "Pluto",
                "orb": 3.6991765334491333,
                "type": "opposition"
              },
              {
                "a": "Mars",
                "applying": true,
                "b": "Jupiter",
                "orb": 4.712444683724868,
                "type": "square"
              },
              {
                "a": "Venus",
                "applying": true,
                "b": "Saturn",
                "orb": 4.920043290478986,
                "type": "trine"
              },
              {
                "a": "Venus",
                "applying": false,
                "b": "Neptune",
                "orb": 5.3858415315255,
                "type": "trine"
              },
              {
                "a": "Sun",
                "applying": true,
                "b": "Moon",
                "orb": 5.397758499208919,
                "type": "square"
              },
              {
                "a": "Uranus",
                "applying": false,
                "b": "Neptune",
                "orb": 5.556678193869743,
                "type": "conjunction"
              },
              {
                "a": "Jupiter",
                "applying": false,
                "b": "Uranus",
                "orb": 7.794794416724699,
                "type": "opposition"
              }
            ],
            "bodies": [
              {
                "body": "Sun",
                "degree": 24.38806838882266,
                "lat": -0.000018326192502257773,
                "lon": 84.38806838882266,
                "retrograde": false,
                "sign": "gemini",
                "speed": 0.9551104147061551
              },
              {
                "body": "Moon",
                "degree": 18.99030988961374,
                "lat": 3.3842213273293904,
                "lon": 348.99030988961374,
                "retrograde": false,
                "sign": "pisces",
                "speed": 13.460189788680736
              },
              {
                "body": "Mercury",
                "degree": 6.1572311277366225,
                "lat": -1.6142353062273656,
                "lon": 66.15723112773662,
                "retrograde": false,
                "sign": "gemini",
                "speed": 1.7284739310201758
              },
              {
                "body": "Venus",
                "degree": 19.095908035412947,
                "lat": -1.940929961108859,
                "lon": 49.09590803541295,
                "retrograde": false,
                "sign": "taurus",
                "speed": 1.1762528516813973
              },
              {
                "body": "Mars",
                "degree": 11.235738043017534,
                "lat": -1.9868614420981217,
                "lon": 11.235738043017534,
                "retrograde": false,
                "sign": "aries",
                "speed": 0.718636323303258
              },
              {
                "body": "Jupiter",
                "degree": 15.948182726742402,
                "lat": 0.1871716099511118,
                "lon": 105.9481827267424,
                "retrograde": false,
                "sign": "cancer",
                "speed": 0.21679477053703522
              },
              {
                "body": "Saturn",
                "degree": 24.015951325891933,
                "lat": 0.11686454323479858,
                "lon": 294.01595132589193,
                "retrograde": true,
                "sign": "capricorn",
                "speed": -0.05891268223240331
              },
              {
                "body": "Uranus",
                "degree": 8.153388310017704,
                "lat": -0.3256214332496984,
                "lon": 278.1533883100177,
                "retrograde": true,
                "sign": "capricorn",
                "speed": -0.03899153655356713
              },
              {
                "body": "Neptune",
                "degree": 13.710066503887447,
                "lat": 0.8770498906832855,
                "lon": 283.71006650388745,
                "retrograde": true,
                "sign": "capricorn",
                "speed": -0.025079460958295385
              },
              {
                "body": "Pluto",
                "degree": 15.396731501963814,
                "lat": 15.851941577540304,
                "lon": 225.3967315019638,
                "retrograde": true,
                "sign": "scorpio",
                "speed": -0.020074698786061163
              },
              {
                "body": "North Node",
                "degree": 8.124618784703898,
                "lat": 0,
                "lon": 308.1246187847039,
                "retrograde": false,
                "sign": "aquarius",
                "speed": 0.008885639102004461
              },
              {
                "body": "South Node",
                "degree": 8.124618784703898,
                "lat": 0,
                "lon": 128.1246187847039,
                "retrograde": false,
                "sign": "leo",
                "speed": 0.008885639102004461
              }
            ],
            "houses": {
              "cusps": [
                193.70064627770046,
                220.7773387268603,
                251.92559321336816,
                285.9278605485997,
                319.31058215970825,
                348.90768856562704,
                13.700646277700457,
                40.77733872686031,
                71.92559321336819,
                105.92786054859971,
                139.3105821597083,
                168.90768856562704
              ],
              "system": "placidus"
            }
          },
          "schema": "zodiacs.natal-envelope.draft-v1"
        },
        "sha256": "ad44a0c8a0f5d2d24cf2ebffa2a7ca5e3825d1bae236ea1f9555f5f54e8efc7a",
        "bytes": 4937,
        "before": {
          "calculations": 1,
          "created": [],
          "revoked": [],
          "storage": {
            "zodiacs.install.compute-count.v1": "1"
          }
        },
        "after": {
          "calculations": 1,
          "created": [
            "blob:https://zodiacs-4qqy7ml63-zodiacsofficial.vercel.app/a109ad25-f96f-4196-8270-bea0398e2bee"
          ],
          "revoked": [
            "blob:https://zodiacs-4qqy7ml63-zodiacsofficial.vercel.app/a109ad25-f96f-4196-8270-bea0398e2bee"
          ],
          "storage": {
            "zodiacs.install.compute-count.v1": "1"
          }
        },
        "requests": []
      },
      "width": {
        "viewport": 360,
        "document": 360
      },
      "errors": [],
      "consoleErrors": [
        "Failed to load resource: net::ERR_FAILED"
      ],
      "external": [
        "https://plausible.io/js/pa-HwF2IBb5Sw8eboNPSOgHv.js"
      ]
    },
    {
      "name": "locale-it",
      "status": "passed",
      "file": {
        "envelope": {
          "receipt": {
            "conventions": {
              "angles": "gast-and-mean-obliquity",
              "aspects": "major-aspects;sun-moon-eight-planets;no-nodes",
              "calendar": "proleptic-gregorian",
              "longitudeUnit": "degrees-[0,360)",
              "moonNodes": "instantaneous-geocentric-moon-orbit-plane",
              "moonPosition": "astronomy-engine-ecliptic-geo-moon",
              "planetPositions": "apparent-geocentric-ecliptic-of-date",
              "speed": "degrees-per-day;central-difference-plus-minus-0.25-day",
              "zodiac": "tropical"
            },
            "coordinates": {
              "latitude": 40.71,
              "longitude": -74
            },
            "coverage": {
              "angleExclusions": "exact-geographic-poles-and-ecliptic-horizon-coincidence",
              "assessment": "finite-reference-cases-only",
              "broadDateRange": "not-certified",
              "inputSyntax": "not-an-astronomical-accuracy-guarantee"
            },
            "engine": {
              "name": "@zodiacs/engine",
              "version": "0.1.1-rc.6"
            },
            "houses": {
              "absenceReason": null,
              "actual": "placidus",
              "requested": "placidus"
            },
            "inputFlags": [],
            "instant": "1990-06-15T18:30:00.000Z",
            "localResolution": {
              "date": "1990-06-15",
              "gapShiftMinutes": 0,
              "offsetMinutes": -240,
              "policy": {
                "fold": "earlier",
                "gap": "shift-forward"
              },
              "time": "14:30",
              "timeZone": "America/New_York"
            },
            "provenance": null,
            "reference": "supplied-instant",
            "resultFlags": [],
            "schema": "zodiacs.calculation-receipt.draft-v1",
            "sourceInstant": null,
            "timeKnown": true
          },
          "requiredFeatures": [],
          "result": {
            "angles": {
              "asc": 193.70064627770046,
              "dsc": 13.700646277700457,
              "ic": 285.9278605485997,
              "mc": 105.92786054859971
            },
            "aspects": [
              {
                "a": "Moon",
                "applying": false,
                "b": "Venus",
                "orb": 0.10559814579914928,
                "type": "sextile"
              },
              {
                "a": "Jupiter",
                "applying": false,
                "b": "Pluto",
                "orb": 0.5514512247785888,
                "type": "trine"
              },
              {
                "a": "Neptune",
                "applying": false,
                "b": "Pluto",
                "orb": 1.6866649980763668,
                "type": "sextile"
              },
              {
                "a": "Jupiter",
                "applying": false,
                "b": "Neptune",
                "orb": 2.2381162228549556,
                "type": "opposition"
              },
              {
                "a": "Mars",
                "applying": true,
                "b": "Neptune",
                "orb": 2.4743284608699128,
                "type": "square"
              },
              {
                "a": "Moon",
                "applying": false,
                "b": "Jupiter",
                "orb": 3.0421271628713384,
                "type": "trine"
              },
              {
                "a": "Mars",
                "applying": false,
                "b": "Uranus",
                "orb": 3.0823497329998304,
                "type": "square"
              },
              {
                "a": "Venus",
                "applying": false,
                "b": "Jupiter",
                "orb": 3.1477253086705446,
                "type": "sextile"
              },
              {
                "a": "Moon",
                "applying": false,
                "b": "Pluto",
                "orb": 3.593578387649927,
                "type": "trine"
              },
              {
                "a": "Venus",
                "applying": false,
                "b": "Pluto",
                "orb": 3.6991765334491333,
                "type": "opposition"
              },
              {
                "a": "Mars",
                "applying": true,
                "b": "Jupiter",
                "orb": 4.712444683724868,
                "type": "square"
              },
              {
                "a": "Venus",
                "applying": true,
                "b": "Saturn",
                "orb": 4.920043290478986,
                "type": "trine"
              },
              {
                "a": "Venus",
                "applying": false,
                "b": "Neptune",
                "orb": 5.3858415315255,
                "type": "trine"
              },
              {
                "a": "Sun",
                "applying": true,
                "b": "Moon",
                "orb": 5.397758499208919,
                "type": "square"
              },
              {
                "a": "Uranus",
                "applying": false,
                "b": "Neptune",
                "orb": 5.556678193869743,
                "type": "conjunction"
              },
              {
                "a": "Jupiter",
                "applying": false,
                "b": "Uranus",
                "orb": 7.794794416724699,
                "type": "opposition"
              }
            ],
            "bodies": [
              {
                "body": "Sun",
                "degree": 24.38806838882266,
                "lat": -0.000018326192502257773,
                "lon": 84.38806838882266,
                "retrograde": false,
                "sign": "gemini",
                "speed": 0.9551104147061551
              },
              {
                "body": "Moon",
                "degree": 18.99030988961374,
                "lat": 3.3842213273293904,
                "lon": 348.99030988961374,
                "retrograde": false,
                "sign": "pisces",
                "speed": 13.460189788680736
              },
              {
                "body": "Mercury",
                "degree": 6.1572311277366225,
                "lat": -1.6142353062273656,
                "lon": 66.15723112773662,
                "retrograde": false,
                "sign": "gemini",
                "speed": 1.7284739310201758
              },
              {
                "body": "Venus",
                "degree": 19.095908035412947,
                "lat": -1.940929961108859,
                "lon": 49.09590803541295,
                "retrograde": false,
                "sign": "taurus",
                "speed": 1.1762528516813973
              },
              {
                "body": "Mars",
                "degree": 11.235738043017534,
                "lat": -1.9868614420981217,
                "lon": 11.235738043017534,
                "retrograde": false,
                "sign": "aries",
                "speed": 0.718636323303258
              },
              {
                "body": "Jupiter",
                "degree": 15.948182726742402,
                "lat": 0.1871716099511118,
                "lon": 105.9481827267424,
                "retrograde": false,
                "sign": "cancer",
                "speed": 0.21679477053703522
              },
              {
                "body": "Saturn",
                "degree": 24.015951325891933,
                "lat": 0.11686454323479858,
                "lon": 294.01595132589193,
                "retrograde": true,
                "sign": "capricorn",
                "speed": -0.05891268223240331
              },
              {
                "body": "Uranus",
                "degree": 8.153388310017704,
                "lat": -0.3256214332496984,
                "lon": 278.1533883100177,
                "retrograde": true,
                "sign": "capricorn",
                "speed": -0.03899153655356713
              },
              {
                "body": "Neptune",
                "degree": 13.710066503887447,
                "lat": 0.8770498906832855,
                "lon": 283.71006650388745,
                "retrograde": true,
                "sign": "capricorn",
                "speed": -0.025079460958295385
              },
              {
                "body": "Pluto",
                "degree": 15.396731501963814,
                "lat": 15.851941577540304,
                "lon": 225.3967315019638,
                "retrograde": true,
                "sign": "scorpio",
                "speed": -0.020074698786061163
              },
              {
                "body": "North Node",
                "degree": 8.124618784703898,
                "lat": 0,
                "lon": 308.1246187847039,
                "retrograde": false,
                "sign": "aquarius",
                "speed": 0.008885639102004461
              },
              {
                "body": "South Node",
                "degree": 8.124618784703898,
                "lat": 0,
                "lon": 128.1246187847039,
                "retrograde": false,
                "sign": "leo",
                "speed": 0.008885639102004461
              }
            ],
            "houses": {
              "cusps": [
                193.70064627770046,
                220.7773387268603,
                251.92559321336816,
                285.9278605485997,
                319.31058215970825,
                348.90768856562704,
                13.700646277700457,
                40.77733872686031,
                71.92559321336819,
                105.92786054859971,
                139.3105821597083,
                168.90768856562704
              ],
              "system": "placidus"
            }
          },
          "schema": "zodiacs.natal-envelope.draft-v1"
        },
        "sha256": "ad44a0c8a0f5d2d24cf2ebffa2a7ca5e3825d1bae236ea1f9555f5f54e8efc7a",
        "bytes": 4937,
        "before": {
          "calculations": 1,
          "created": [],
          "revoked": [],
          "storage": {
            "zodiacs.install.compute-count.v1": "1"
          }
        },
        "after": {
          "calculations": 1,
          "created": [
            "blob:https://zodiacs-4qqy7ml63-zodiacsofficial.vercel.app/aae723e8-0321-4f73-8459-32dc4059e3ef"
          ],
          "revoked": [
            "blob:https://zodiacs-4qqy7ml63-zodiacsofficial.vercel.app/aae723e8-0321-4f73-8459-32dc4059e3ef"
          ],
          "storage": {
            "zodiacs.install.compute-count.v1": "1"
          }
        },
        "requests": []
      },
      "width": {
        "viewport": 360,
        "document": 360
      },
      "errors": [],
      "consoleErrors": [
        "Failed to load resource: net::ERR_FAILED"
      ],
      "external": [
        "https://plausible.io/js/pa-HwF2IBb5Sw8eboNPSOgHv.js"
      ]
    },
    {
      "name": "locale-ru",
      "status": "passed",
      "file": {
        "envelope": {
          "receipt": {
            "conventions": {
              "angles": "gast-and-mean-obliquity",
              "aspects": "major-aspects;sun-moon-eight-planets;no-nodes",
              "calendar": "proleptic-gregorian",
              "longitudeUnit": "degrees-[0,360)",
              "moonNodes": "instantaneous-geocentric-moon-orbit-plane",
              "moonPosition": "astronomy-engine-ecliptic-geo-moon",
              "planetPositions": "apparent-geocentric-ecliptic-of-date",
              "speed": "degrees-per-day;central-difference-plus-minus-0.25-day",
              "zodiac": "tropical"
            },
            "coordinates": {
              "latitude": 40.71,
              "longitude": -74
            },
            "coverage": {
              "angleExclusions": "exact-geographic-poles-and-ecliptic-horizon-coincidence",
              "assessment": "finite-reference-cases-only",
              "broadDateRange": "not-certified",
              "inputSyntax": "not-an-astronomical-accuracy-guarantee"
            },
            "engine": {
              "name": "@zodiacs/engine",
              "version": "0.1.1-rc.6"
            },
            "houses": {
              "absenceReason": null,
              "actual": "placidus",
              "requested": "placidus"
            },
            "inputFlags": [],
            "instant": "1990-06-15T18:30:00.000Z",
            "localResolution": {
              "date": "1990-06-15",
              "gapShiftMinutes": 0,
              "offsetMinutes": -240,
              "policy": {
                "fold": "earlier",
                "gap": "shift-forward"
              },
              "time": "14:30",
              "timeZone": "America/New_York"
            },
            "provenance": null,
            "reference": "supplied-instant",
            "resultFlags": [],
            "schema": "zodiacs.calculation-receipt.draft-v1",
            "sourceInstant": null,
            "timeKnown": true
          },
          "requiredFeatures": [],
          "result": {
            "angles": {
              "asc": 193.70064627770046,
              "dsc": 13.700646277700457,
              "ic": 285.9278605485997,
              "mc": 105.92786054859971
            },
            "aspects": [
              {
                "a": "Moon",
                "applying": false,
                "b": "Venus",
                "orb": 0.10559814579914928,
                "type": "sextile"
              },
              {
                "a": "Jupiter",
                "applying": false,
                "b": "Pluto",
                "orb": 0.5514512247785888,
                "type": "trine"
              },
              {
                "a": "Neptune",
                "applying": false,
                "b": "Pluto",
                "orb": 1.6866649980763668,
                "type": "sextile"
              },
              {
                "a": "Jupiter",
                "applying": false,
                "b": "Neptune",
                "orb": 2.2381162228549556,
                "type": "opposition"
              },
              {
                "a": "Mars",
                "applying": true,
                "b": "Neptune",
                "orb": 2.4743284608699128,
                "type": "square"
              },
              {
                "a": "Moon",
                "applying": false,
                "b": "Jupiter",
                "orb": 3.0421271628713384,
                "type": "trine"
              },
              {
                "a": "Mars",
                "applying": false,
                "b": "Uranus",
                "orb": 3.0823497329998304,
                "type": "square"
              },
              {
                "a": "Venus",
                "applying": false,
                "b": "Jupiter",
                "orb": 3.1477253086705446,
                "type": "sextile"
              },
              {
                "a": "Moon",
                "applying": false,
                "b": "Pluto",
                "orb": 3.593578387649927,
                "type": "trine"
              },
              {
                "a": "Venus",
                "applying": false,
                "b": "Pluto",
                "orb": 3.6991765334491333,
                "type": "opposition"
              },
              {
                "a": "Mars",
                "applying": true,
                "b": "Jupiter",
                "orb": 4.712444683724868,
                "type": "square"
              },
              {
                "a": "Venus",
                "applying": true,
                "b": "Saturn",
                "orb": 4.920043290478986,
                "type": "trine"
              },
              {
                "a": "Venus",
                "applying": false,
                "b": "Neptune",
                "orb": 5.3858415315255,
                "type": "trine"
              },
              {
                "a": "Sun",
                "applying": true,
                "b": "Moon",
                "orb": 5.397758499208919,
                "type": "square"
              },
              {
                "a": "Uranus",
                "applying": false,
                "b": "Neptune",
                "orb": 5.556678193869743,
                "type": "conjunction"
              },
              {
                "a": "Jupiter",
                "applying": false,
                "b": "Uranus",
                "orb": 7.794794416724699,
                "type": "opposition"
              }
            ],
            "bodies": [
              {
                "body": "Sun",
                "degree": 24.38806838882266,
                "lat": -0.000018326192502257773,
                "lon": 84.38806838882266,
                "retrograde": false,
                "sign": "gemini",
                "speed": 0.9551104147061551
              },
              {
                "body": "Moon",
                "degree": 18.99030988961374,
                "lat": 3.3842213273293904,
                "lon": 348.99030988961374,
                "retrograde": false,
                "sign": "pisces",
                "speed": 13.460189788680736
              },
              {
                "body": "Mercury",
                "degree": 6.1572311277366225,
                "lat": -1.6142353062273656,
                "lon": 66.15723112773662,
                "retrograde": false,
                "sign": "gemini",
                "speed": 1.7284739310201758
              },
              {
                "body": "Venus",
                "degree": 19.095908035412947,
                "lat": -1.940929961108859,
                "lon": 49.09590803541295,
                "retrograde": false,
                "sign": "taurus",
                "speed": 1.1762528516813973
              },
              {
                "body": "Mars",
                "degree": 11.235738043017534,
                "lat": -1.9868614420981217,
                "lon": 11.235738043017534,
                "retrograde": false,
                "sign": "aries",
                "speed": 0.718636323303258
              },
              {
                "body": "Jupiter",
                "degree": 15.948182726742402,
                "lat": 0.1871716099511118,
                "lon": 105.9481827267424,
                "retrograde": false,
                "sign": "cancer",
                "speed": 0.21679477053703522
              },
              {
                "body": "Saturn",
                "degree": 24.015951325891933,
                "lat": 0.11686454323479858,
                "lon": 294.01595132589193,
                "retrograde": true,
                "sign": "capricorn",
                "speed": -0.05891268223240331
              },
              {
                "body": "Uranus",
                "degree": 8.153388310017704,
                "lat": -0.3256214332496984,
                "lon": 278.1533883100177,
                "retrograde": true,
                "sign": "capricorn",
                "speed": -0.03899153655356713
              },
              {
                "body": "Neptune",
                "degree": 13.710066503887447,
                "lat": 0.8770498906832855,
                "lon": 283.71006650388745,
                "retrograde": true,
                "sign": "capricorn",
                "speed": -0.025079460958295385
              },
              {
                "body": "Pluto",
                "degree": 15.396731501963814,
                "lat": 15.851941577540304,
                "lon": 225.3967315019638,
                "retrograde": true,
                "sign": "scorpio",
                "speed": -0.020074698786061163
              },
              {
                "body": "North Node",
                "degree": 8.124618784703898,
                "lat": 0,
                "lon": 308.1246187847039,
                "retrograde": false,
                "sign": "aquarius",
                "speed": 0.008885639102004461
              },
              {
                "body": "South Node",
                "degree": 8.124618784703898,
                "lat": 0,
                "lon": 128.1246187847039,
                "retrograde": false,
                "sign": "leo",
                "speed": 0.008885639102004461
              }
            ],
            "houses": {
              "cusps": [
                193.70064627770046,
                220.7773387268603,
                251.92559321336816,
                285.9278605485997,
                319.31058215970825,
                348.90768856562704,
                13.700646277700457,
                40.77733872686031,
                71.92559321336819,
                105.92786054859971,
                139.3105821597083,
                168.90768856562704
              ],
              "system": "placidus"
            }
          },
          "schema": "zodiacs.natal-envelope.draft-v1"
        },
        "sha256": "ad44a0c8a0f5d2d24cf2ebffa2a7ca5e3825d1bae236ea1f9555f5f54e8efc7a",
        "bytes": 4937,
        "before": {
          "calculations": 1,
          "created": [],
          "revoked": [],
          "storage": {}
        },
        "after": {
          "calculations": 1,
          "created": [
            "blob:https://zodiacs-4qqy7ml63-zodiacsofficial.vercel.app/36848bff-3707-4bb0-9023-515219d180d5"
          ],
          "revoked": [
            "blob:https://zodiacs-4qqy7ml63-zodiacsofficial.vercel.app/36848bff-3707-4bb0-9023-515219d180d5"
          ],
          "storage": {}
        },
        "requests": []
      },
      "width": {
        "viewport": 360,
        "document": 360
      },
      "errors": [],
      "consoleErrors": [
        "Failed to load resource: net::ERR_FAILED"
      ],
      "external": [
        "https://plausible.io/js/pa-HwF2IBb5Sw8eboNPSOgHv.js"
      ]
    },
    {
      "name": "fixed-offset",
      "status": "passed",
      "state": {
        "calculations": 1,
        "created": [],
        "revoked": [],
        "storage": {
          "zodiacs.install.compute-count.v1": "1"
        }
      },
      "errors": [],
      "consoleErrors": [
        "Failed to load resource: net::ERR_FAILED"
      ],
      "external": [
        "https://plausible.io/js/pa-HwF2IBb5Sw8eboNPSOgHv.js"
      ]
    },
    {
      "name": "known-north-pole",
      "status": "passed",
      "state": {
        "calculations": 1,
        "created": [],
        "revoked": [],
        "storage": {
          "zodiacs.install.compute-count.v1": "1"
        }
      },
      "errors": [],
      "consoleErrors": [
        "Failed to load resource: net::ERR_FAILED"
      ],
      "external": [
        "https://plausible.io/js/pa-HwF2IBb5Sw8eboNPSOgHv.js"
      ]
    },
    {
      "name": "known-south-pole",
      "status": "passed",
      "state": {
        "calculations": 1,
        "created": [],
        "revoked": [],
        "storage": {
          "zodiacs.install.compute-count.v1": "1"
        }
      },
      "errors": [],
      "consoleErrors": [
        "Failed to load resource: net::ERR_FAILED"
      ],
      "external": [
        "https://plausible.io/js/pa-HwF2IBb5Sw8eboNPSOgHv.js"
      ]
    },
    {
      "name": "historical-America/Caracas",
      "status": "passed",
      "file": {
        "envelope": {
          "receipt": {
            "conventions": {
              "angles": "gast-and-mean-obliquity",
              "aspects": "major-aspects;sun-moon-eight-planets;no-nodes",
              "calendar": "proleptic-gregorian",
              "longitudeUnit": "degrees-[0,360)",
              "moonNodes": "instantaneous-geocentric-moon-orbit-plane",
              "moonPosition": "astronomy-engine-ecliptic-geo-moon",
              "planetPositions": "apparent-geocentric-ecliptic-of-date",
              "speed": "degrees-per-day;central-difference-plus-minus-0.25-day",
              "zodiac": "tropical"
            },
            "coordinates": {
              "latitude": -3.1,
              "longitude": -60.02
            },
            "coverage": {
              "angleExclusions": "exact-geographic-poles-and-ecliptic-horizon-coincidence",
              "assessment": "finite-reference-cases-only",
              "broadDateRange": "not-certified",
              "inputSyntax": "not-an-astronomical-accuracy-guarantee"
            },
            "engine": {
              "name": "@zodiacs/engine",
              "version": "0.1.1-rc.6"
            },
            "houses": {
              "absenceReason": null,
              "actual": "placidus",
              "requested": "placidus"
            },
            "inputFlags": [
              "dst-gap",
              "lmt"
            ],
            "instant": "1890-01-01T04:27:44.000Z",
            "localResolution": {
              "date": "1890-01-01",
              "gapShiftMinutes": 0.06666666666666667,
              "offsetMinutes": -267.6666666666667,
              "policy": {
                "fold": "earlier",
                "gap": "shift-forward"
              },
              "time": "00:00",
              "timeZone": "America/Caracas"
            },
            "provenance": null,
            "reference": "supplied-instant",
            "resultFlags": [
              "dst-gap",
              "lmt"
            ],
            "schema": "zodiacs.calculation-receipt.draft-v1",
            "sourceInstant": null,
            "timeKnown": true
          },
          "requiredFeatures": [],
          "result": {
            "angles": {
              "asc": 199.6215270897413,
              "dsc": 19.621527089741335,
              "ic": 286.3112579956039,
              "mc": 106.31125799560385
            },
            "aspects": [
              {
                "a": "Venus",
                "applying": true,
                "b": "Mars",
                "orb": 0.915803519045653,
                "type": "sextile"
              },
              {
                "a": "Saturn",
                "applying": true,
                "b": "Neptune",
                "orb": 1.4204511459038258,
                "type": "square"
              },
              {
                "a": "Mercury",
                "applying": true,
                "b": "Uranus",
                "orb": 1.6776811354087613,
                "type": "square"
              },
              {
                "a": "Saturn",
                "applying": false,
                "b": "Pluto",
                "orb": 1.7109347414605622,
                "type": "square"
              },
              {
                "a": "Moon",
                "applying": true,
                "b": "Jupiter",
                "orb": 2.339976641436351,
                "type": "trine"
              },
              {
                "a": "Venus",
                "applying": false,
                "b": "Uranus",
                "orb": 2.8719678457727014,
                "type": "sextile"
              },
              {
                "a": "Neptune",
                "applying": false,
                "b": "Pluto",
                "orb": 3.131385887364388,
                "type": "conjunction"
              },
              {
                "a": "Mars",
                "applying": true,
                "b": "Saturn",
                "orb": 3.528913143469026,
                "type": "sextile"
              },
              {
                "a": "Mars",
                "applying": false,
                "b": "Uranus",
                "orb": 3.7877713648183544,
                "type": "conjunction"
              },
              {
                "a": "Venus",
                "applying": true,
                "b": "Saturn",
                "orb": 4.444716662514679,
                "type": "trine"
              },
              {
                "a": "Sun",
                "applying": false,
                "b": "Moon",
                "orb": 4.760596964165757,
                "type": "trine"
              },
              {
                "a": "Mercury",
                "applying": true,
                "b": "Mars",
                "orb": 5.465452500227116,
                "type": "square"
              },
              {
                "a": "Mercury",
                "applying": false,
                "b": "Jupiter",
                "orb": 6.755736692305277,
                "type": "conjunction"
              },
              {
                "a": "Sun",
                "applying": true,
                "b": "Jupiter",
                "orb": 7.100573605602108,
                "type": "conjunction"
              },
              {
                "a": "Sun",
                "applying": false,
                "b": "Saturn",
                "orb": 7.1493240583964734,
                "type": "trine"
              }
            ],
            "bodies": [
              {
                "body": "Sun",
                "degree": 10.771417802539418,
                "lat": -0.00019210830457180357,
                "lon": 280.7714178025394,
                "retrograde": false,
                "sign": "capricorn",
                "speed": 1.0192446700485789
              },
              {
                "body": "Moon",
                "degree": 15.532014766705174,
                "lat": -3.9124579642524004,
                "lon": 45.532014766705174,
                "retrograde": false,
                "sign": "taurus",
                "speed": 12.315479380485613
              },
              {
                "body": "Mercury",
                "degree": 24.627728100446802,
                "lat": -2.083228388137528,
                "lon": 294.6277281004468,
                "retrograde": false,
                "sign": "capricorn",
                "speed": 1.5872818003509792
              },
              {
                "body": "Venus",
                "degree": 29.177377081628265,
                "lat": 0.05954163783240044,
                "lon": 269.17737708162826,
                "retrograde": false,
                "sign": "sagittarius",
                "speed": 1.2569498757269457
              },
              {
                "body": "Mars",
                "degree": 0.09318060067391798,
                "lat": 1.438586313136317,
                "lon": 210.09318060067392,
                "retrograde": false,
                "sign": "scorpio",
                "speed": 0.5627572174576017
              },
              {
                "body": "Jupiter",
                "degree": 17.871991408141525,
                "lat": -0.19031473909164634,
                "lon": 287.8719914081415,
                "retrograde": false,
                "sign": "capricorn",
                "speed": 0.2329513438264712
              },
              {
                "body": "Saturn",
                "degree": 3.622093744142944,
                "lat": 1.568573455534522,
                "lon": 153.62209374414294,
                "retrograde": true,
                "sign": "virgo",
                "speed": -0.03232122754889133
              },
              {
                "body": "Uranus",
                "degree": 26.305409235855564,
                "lat": 0.5866937073084831,
                "lon": 206.30540923585554,
                "retrograde": false,
                "sign": "libra",
                "speed": 0.02700790159377675
              },
              {
                "body": "Neptune",
                "degree": 2.2016425982391183,
                "lat": -1.6857300277501348,
                "lon": 62.20164259823912,
                "retrograde": true,
                "sign": "gemini",
                "speed": -0.02075439435543558
              },
              {
                "body": "Pluto",
                "degree": 5.333028485603506,
                "lat": -12.039347568236876,
                "lon": 65.3330284856035,
                "retrograde": true,
                "sign": "gemini",
                "speed": -0.01502166227919588
              },
              {
                "body": "North Node",
                "degree": 3.0330749182963928,
                "lat": 0,
                "lon": 93.03307491829639,
                "retrograde": false,
                "sign": "cancer",
                "speed": 0.013379856744563767
              },
              {
                "body": "South Node",
                "degree": 3.0330749182963928,
                "lat": 0,
                "lon": 273.0330749182964,
                "retrograde": false,
                "sign": "capricorn",
                "speed": 0.013379856744563767
              }
            ],
            "houses": {
              "cusps": [
                199.6215270897413,
                230.80085485889865,
                259.0872402296963,
                286.3112579956039,
                314.9206617666847,
                346.4119427850351,
                19.621527089741335,
                50.800854858898674,
                79.0872402296963,
                106.31125799560385,
                134.9206617666847,
                166.41194278503508
              ],
              "system": "placidus"
            }
          },
          "schema": "zodiacs.natal-envelope.draft-v1"
        },
        "sha256": "a8920b11733330016d26c9e4df48f26ce45e3023e2fe58ab28d08242e4273e16",
        "bytes": 4915,
        "before": {
          "calculations": 1,
          "created": [],
          "revoked": [],
          "storage": {
            "zodiacs.install.compute-count.v1": "1"
          }
        },
        "after": {
          "calculations": 1,
          "created": [
            "blob:https://zodiacs-4qqy7ml63-zodiacsofficial.vercel.app/62eccb45-14d1-404f-9bfe-1b6eef87408c"
          ],
          "revoked": [
            "blob:https://zodiacs-4qqy7ml63-zodiacsofficial.vercel.app/62eccb45-14d1-404f-9bfe-1b6eef87408c"
          ],
          "storage": {
            "zodiacs.install.compute-count.v1": "1"
          }
        },
        "requests": [
          {
            "method": "GET",
            "path": "/assets/zodiac-icons/48/libra.avif",
            "kind": "image",
            "source": "browser-preview"
          },
          {
            "method": "GET",
            "path": "/assets/zodiac-icons/48/capricorn.avif",
            "kind": "image",
            "source": "browser-preview"
          },
          {
            "method": "GET",
            "path": "/assets/zodiac-icons/48/taurus.avif",
            "kind": "image",
            "source": "browser-preview"
          },
          {
            "method": "GET",
            "path": "/assets/zodiac-icons/48/scorpio.avif",
            "kind": "image",
            "source": "browser-preview"
          }
        ]
      },
      "expectedInstant": "1890-01-01T04:27:44.000Z",
      "expectedShift": 0.06666666666666667,
      "errors": [],
      "consoleErrors": [
        "Failed to load resource: net::ERR_FAILED"
      ],
      "external": [
        "https://plausible.io/js/pa-HwF2IBb5Sw8eboNPSOgHv.js"
      ]
    },
    {
      "name": "historical-America/Dawson_Creek",
      "status": "passed",
      "file": {
        "envelope": {
          "receipt": {
            "conventions": {
              "angles": "gast-and-mean-obliquity",
              "aspects": "major-aspects;sun-moon-eight-planets;no-nodes",
              "calendar": "proleptic-gregorian",
              "longitudeUnit": "degrees-[0,360)",
              "moonNodes": "instantaneous-geocentric-moon-orbit-plane",
              "moonPosition": "astronomy-engine-ecliptic-geo-moon",
              "planetPositions": "apparent-geocentric-ecliptic-of-date",
              "speed": "degrees-per-day;central-difference-plus-minus-0.25-day",
              "zodiac": "tropical"
            },
            "coordinates": {
              "latitude": -3.1,
              "longitude": -60.02
            },
            "coverage": {
              "angleExclusions": "exact-geographic-poles-and-ecliptic-horizon-coincidence",
              "assessment": "finite-reference-cases-only",
              "broadDateRange": "not-certified",
              "inputSyntax": "not-an-astronomical-accuracy-guarantee"
            },
            "engine": {
              "name": "@zodiacs/engine",
              "version": "0.1.1-rc.6"
            },
            "houses": {
              "absenceReason": null,
              "actual": "placidus",
              "requested": "placidus"
            },
            "inputFlags": [
              "dst-gap"
            ],
            "instant": "1884-01-01T08:00:56.000Z",
            "localResolution": {
              "date": "1884-01-01",
              "gapShiftMinutes": 0.9333333333333333,
              "offsetMinutes": -480,
              "policy": {
                "fold": "earlier",
                "gap": "shift-forward"
              },
              "time": "00:00",
              "timeZone": "America/Dawson_Creek"
            },
            "provenance": null,
            "reference": "supplied-instant",
            "resultFlags": [
              "dst-gap"
            ],
            "schema": "zodiacs.calculation-receipt.draft-v1",
            "sourceInstant": null,
            "timeKnown": true
          },
          "requiredFeatures": [],
          "result": {
            "angles": {
              "asc": 253.2952084408637,
              "dsc": 73.29520844086369,
              "ic": 339.0056094240067,
              "mc": 159.0056094240067
            },
            "aspects": [
              {
                "a": "Mercury",
                "applying": true,
                "b": "Pluto",
                "orb": 0.4489704111604169,
                "type": "trine"
              },
              {
                "a": "Mercury",
                "applying": false,
                "b": "Uranus",
                "orb": 0.9552589220338064,
                "type": "trine"
              },
              {
                "a": "Venus",
                "applying": false,
                "b": "Saturn",
                "orb": 1.3010773128935398,
                "type": "trine"
              },
              {
                "a": "Uranus",
                "applying": true,
                "b": "Pluto",
                "orb": 1.4042293331942801,
                "type": "trine"
              },
              {
                "a": "Jupiter",
                "applying": false,
                "b": "Saturn",
                "orb": 2.259447468387407,
                "type": "sextile"
              },
              {
                "a": "Jupiter",
                "applying": true,
                "b": "Pluto",
                "orb": 2.390827763921834,
                "type": "sextile"
              },
              {
                "a": "Mercury",
                "applying": true,
                "b": "Jupiter",
                "orb": 2.839798175082251,
                "type": "opposition"
              },
              {
                "a": "Mars",
                "applying": true,
                "b": "Neptune",
                "orb": 2.900962818956998,
                "type": "square"
              },
              {
                "a": "Venus",
                "applying": false,
                "b": "Jupiter",
                "orb": 3.5605247812809466,
                "type": "opposition"
              },
              {
                "a": "Jupiter",
                "applying": true,
                "b": "Uranus",
                "orb": 3.795057097116114,
                "type": "sextile"
              },
              {
                "a": "Saturn",
                "applying": true,
                "b": "Pluto",
                "orb": 4.650275232309241,
                "type": "conjunction"
              },
              {
                "a": "Mercury",
                "applying": true,
                "b": "Saturn",
                "orb": 5.099245643469658,
                "type": "trine"
              },
              {
                "a": "Moon",
                "applying": true,
                "b": "Neptune",
                "orb": 5.166134936813023,
                "type": "square"
              },
              {
                "a": "Venus",
                "applying": false,
                "b": "Pluto",
                "orb": 5.951352545202781,
                "type": "trine"
              },
              {
                "a": "Saturn",
                "applying": true,
                "b": "Uranus",
                "orb": 6.054504565503521,
                "type": "trine"
              },
              {
                "a": "Mercury",
                "applying": true,
                "b": "Venus",
                "orb": 6.400322956363254,
                "type": "conjunction"
              },
              {
                "a": "Moon",
                "applying": false,
                "b": "Venus",
                "orb": 7.823302740130089,
                "type": "conjunction"
              },
              {
                "a": "Moon",
                "applying": true,
                "b": "Mars",
                "orb": 8.067097755769964,
                "type": "opposition"
              }
            ],
            "bodies": [
              {
                "body": "Sun",
                "degree": 10.37089483711361,
                "lat": -0.00020100213790980262,
                "lon": 280.37089483711355,
                "retrograde": false,
                "sign": "capricorn",
                "speed": 1.0196845844000109
              },
              {
                "body": "Moon",
                "degree": 13.326240081785613,
                "lat": 4.885302168124808,
                "lon": 313.3262400817856,
                "retrograde": false,
                "sign": "aquarius",
                "speed": 13.098882796010002
              },
              {
                "body": "Mercury",
                "degree": 29.102614385292327,
                "lat": -1.521663004066711,
                "lon": 299.10261438529227,
                "retrograde": false,
                "sign": "capricorn",
                "speed": 1.2872319240016168
              },
              {
                "body": "Venus",
                "degree": 5.5029373416555245,
                "lat": -1.6554558868096407,
                "lon": 305.5029373416555,
                "retrograde": false,
                "sign": "aquarius",
                "speed": 1.2449765192880022
              },
              {
                "body": "Mars",
                "degree": 21.393337837555634,
                "lat": 3.7266473948444108,
                "lon": 141.39333783755563,
                "retrograde": true,
                "sign": "leo",
                "speed": -0.12244887799033677
              },
              {
                "body": "Jupiter",
                "degree": 1.9424125603745779,
                "lat": 0.5109692158807109,
                "lon": 121.94241256037458,
                "retrograde": true,
                "sign": "leo",
                "speed": -0.11718673461120943
              },
              {
                "body": "Saturn",
                "degree": 4.201860028761985,
                "lat": -1.9278617459046397,
                "lon": 64.20186002876198,
                "retrograde": true,
                "sign": "gemini",
                "speed": -0.057510987925525114
              },
              {
                "body": "Uranus",
                "degree": 28.147355463258464,
                "lat": 0.7649951578239889,
                "lon": 178.14735546325846,
                "retrograde": false,
                "sign": "virgo",
                "speed": 0.0014161769715883565
              },
              {
                "body": "Neptune",
                "degree": 18.492375018598636,
                "lat": -1.7941554215210507,
                "lon": 48.492375018598636,
                "retrograde": true,
                "sign": "taurus",
                "speed": -0.015006329711923172
              },
              {
                "body": "Pluto",
                "degree": 29.551584796452744,
                "lat": -13.197494536136835,
                "lon": 59.551584796452744,
                "retrograde": true,
                "sign": "taurus",
                "speed": -0.013682356010576768
              },
              {
                "body": "North Node",
                "degree": 29.33564897226961,
                "lat": 0,
                "lon": 209.33564897226958,
                "retrograde": true,
                "sign": "libra",
                "speed": -0.17929369565638353
              },
              {
                "body": "South Node",
                "degree": 29.33564897226961,
                "lat": 0,
                "lon": 29.33564897226961,
                "retrograde": true,
                "sign": "aries",
                "speed": -0.17929369565638353
              }
            ],
            "houses": {
              "cusps": [
                253.2952084408637,
                280.558587134921,
                308.51658199904085,
                339.0056094240067,
                11.626378492616766,
                43.656574347967364,
                73.29520844086369,
                100.55858713492103,
                128.51658199904085,
                159.0056094240067,
                191.62637849261677,
                223.65657434796736
              ],
              "system": "placidus"
            }
          },
          "schema": "zodiacs.natal-envelope.draft-v1"
        },
        "sha256": "02b27057c141e3b4b6fdb7b6a923d523ff9edc16460828f3c48ed4847c7a4892",
        "bytes": 5147,
        "before": {
          "calculations": 1,
          "created": [],
          "revoked": [],
          "storage": {
            "zodiacs.install.compute-count.v1": "1"
          }
        },
        "after": {
          "calculations": 1,
          "created": [
            "blob:https://zodiacs-4qqy7ml63-zodiacsofficial.vercel.app/90f1a358-c93b-4c9c-9b80-d0a2070adc98"
          ],
          "revoked": [
            "blob:https://zodiacs-4qqy7ml63-zodiacsofficial.vercel.app/90f1a358-c93b-4c9c-9b80-d0a2070adc98"
          ],
          "storage": {
            "zodiacs.install.compute-count.v1": "1"
          }
        },
        "requests": [
          {
            "method": "GET",
            "path": "/assets/zodiac-icons/48/capricorn.avif",
            "kind": "image",
            "source": "browser-preview"
          },
          {
            "method": "GET",
            "path": "/assets/zodiac-icons/48/aquarius.avif",
            "kind": "image",
            "source": "browser-preview"
          },
          {
            "method": "GET",
            "path": "/assets/zodiac-icons/48/leo.avif",
            "kind": "image",
            "source": "browser-preview"
          },
          {
            "method": "GET",
            "path": "/assets/zodiac-icons/48/sagittarius.avif",
            "kind": "image",
            "source": "browser-preview"
          }
        ]
      },
      "expectedInstant": "1884-01-01T08:00:56.000Z",
      "expectedShift": 0.9333333333333333,
      "errors": [],
      "consoleErrors": [
        "Failed to load resource: net::ERR_FAILED"
      ],
      "external": [
        "https://plausible.io/js/pa-HwF2IBb5Sw8eboNPSOgHv.js"
      ]
    },
    {
      "name": "historical-America/Goose_Bay",
      "status": "passed",
      "file": {
        "envelope": {
          "receipt": {
            "conventions": {
              "angles": "gast-and-mean-obliquity",
              "aspects": "major-aspects;sun-moon-eight-planets;no-nodes",
              "calendar": "proleptic-gregorian",
              "longitudeUnit": "degrees-[0,360)",
              "moonNodes": "instantaneous-geocentric-moon-orbit-plane",
              "moonPosition": "astronomy-engine-ecliptic-geo-moon",
              "planetPositions": "apparent-geocentric-ecliptic-of-date",
              "speed": "degrees-per-day;central-difference-plus-minus-0.25-day",
              "zodiac": "tropical"
            },
            "coordinates": {
              "latitude": -3.1,
              "longitude": -60.02
            },
            "coverage": {
              "angleExclusions": "exact-geographic-poles-and-ecliptic-horizon-coincidence",
              "assessment": "finite-reference-cases-only",
              "broadDateRange": "not-certified",
              "inputSyntax": "not-an-astronomical-accuracy-guarantee"
            },
            "engine": {
              "name": "@zodiacs/engine",
              "version": "0.1.1-rc.6"
            },
            "houses": {
              "absenceReason": null,
              "actual": "placidus",
              "requested": "placidus"
            },
            "inputFlags": [
              "dst-gap"
            ],
            "instant": "1935-03-30T03:30:52.000Z",
            "localResolution": {
              "date": "1935-03-30",
              "gapShiftMinutes": 0.8666666666666667,
              "offsetMinutes": -210,
              "policy": {
                "fold": "earlier",
                "gap": "shift-forward"
              },
              "time": "00:00",
              "timeZone": "America/Goose_Bay"
            },
            "provenance": null,
            "reference": "supplied-instant",
            "resultFlags": [
              "dst-gap"
            ],
            "schema": "zodiacs.calculation-receipt.draft-v1",
            "sourceInstant": null,
            "timeKnown": true
          },
          "requiredFeatures": [],
          "result": {
            "angles": {
              "asc": 270.5886443940751,
              "dsc": 90.58864439407512,
              "ic": 359.2323305134229,
              "mc": 179.23233051342288
            },
            "aspects": [
              {
                "a": "Sun",
                "applying": true,
                "b": "Moon",
                "orb": 0.2631449717632677,
                "type": "sextile"
              },
              {
                "a": "Moon",
                "applying": true,
                "b": "Venus",
                "orb": 1.1191839754000057,
                "type": "square"
              },
              {
                "a": "Jupiter",
                "applying": false,
                "b": "Pluto",
                "orb": 1.1707583167143412,
                "type": "trine"
              },
              {
                "a": "Mercury",
                "applying": false,
                "b": "Neptune",
                "orb": 2.1660512137273145,
                "type": "opposition"
              },
              {
                "a": "Venus",
                "applying": true,
                "b": "Neptune",
                "orb": 3.1705579255416296,
                "type": "trine"
              },
              {
                "a": "Mars",
                "applying": false,
                "b": "Pluto",
                "orb": 5.038024405176202,
                "type": "square"
              },
              {
                "a": "Uranus",
                "applying": false,
                "b": "Pluto",
                "orb": 6.260829740907127,
                "type": "square"
              },
              {
                "a": "Saturn",
                "applying": true,
                "b": "Neptune",
                "orb": 7.416566955840153,
                "type": "opposition"
              }
            ],
            "bodies": [
              {
                "body": "Sun",
                "degree": 8.509163113419163,
                "lat": -0.00010181092543964082,
                "lon": 8.509163113419163,
                "retrograde": false,
                "sign": "aries",
                "speed": 0.9881877936703631
              },
              {
                "body": "Moon",
                "degree": 8.246018141655895,
                "lat": 0.8604317900551937,
                "lon": 308.2460181416559,
                "retrograde": false,
                "sign": "aquarius",
                "speed": 14.405248200655478
              },
              {
                "body": "Mercury",
                "degree": 14.701811256324845,
                "lat": -2.3091319228069933,
                "lon": 344.70181125632485,
                "retrograde": false,
                "sign": "pisces",
                "speed": 1.4678904903382772
              },
              {
                "body": "Venus",
                "degree": 9.365202117055901,
                "lat": 0.2696404423695033,
                "lon": 39.3652021170559,
                "retrograde": false,
                "sign": "taurus",
                "speed": 1.2111478863917
              },
              {
                "body": "Mars",
                "degree": 18.811945168921852,
                "lat": 2.814878179102283,
                "lon": 198.81194516892182,
                "retrograde": true,
                "sign": "libra",
                "speed": -0.3527030551105099
              },
              {
                "body": "Jupiter",
                "degree": 22.6792112573836,
                "lat": 1.2391411375548744,
                "lon": 232.67921125738363,
                "retrograde": true,
                "sign": "scorpio",
                "speed": -0.06084318509857667
              },
              {
                "body": "Saturn",
                "degree": 5.119193086757377,
                "lat": -1.4386193543806856,
                "lon": 335.1191930867574,
                "retrograde": false,
                "sign": "pisces",
                "speed": 0.10819079414295629
              },
              {
                "body": "Uranus",
                "degree": 0.1107993150051243,
                "lat": -0.4985261777716088,
                "lon": 30.110799315005124,
                "retrograde": false,
                "sign": "taurus",
                "speed": 0.05430951578682652
              },
              {
                "body": "Neptune",
                "degree": 12.53576004259753,
                "lat": 0.9797635538084207,
                "lon": 162.53576004259753,
                "retrograde": true,
                "sign": "virgo",
                "speed": -0.024438901709345373
              },
              {
                "body": "Pluto",
                "degree": 23.849969574097997,
                "lat": 1.793504649059224,
                "lon": 113.849969574098,
                "retrograde": true,
                "sign": "cancer",
                "speed": -0.0034632307501851756
              },
              {
                "body": "North Node",
                "degree": 28.489683323734994,
                "lat": 0,
                "lon": 298.489683323735,
                "retrograde": true,
                "sign": "capricorn",
                "speed": -0.016188517284490445
              },
              {
                "body": "South Node",
                "degree": 28.489683323734994,
                "lat": 0,
                "lon": 118.489683323735,
                "retrograde": true,
                "sign": "cancer",
                "speed": -0.016188517284490445
              }
            ],
            "houses": {
              "cusps": [
                270.5886443940751,
                297.97805322230033,
                327.32110560799765,
                359.2323305134229,
                31.67948437842108,
                62.161048644369146,
                90.58864439407512,
                117.97805322230033,
                147.32110560799765,
                179.23233051342288,
                211.67948437842105,
                242.16104864436915
              ],
              "system": "placidus"
            }
          },
          "schema": "zodiacs.natal-envelope.draft-v1"
        },
        "sha256": "bb20fe73a51366de590734f9dd8853ac7dce2a2326e0bb4b0108ae15af551a91",
        "bytes": 4274,
        "before": {
          "calculations": 1,
          "created": [],
          "revoked": [],
          "storage": {
            "zodiacs.install.compute-count.v1": "1"
          }
        },
        "after": {
          "calculations": 1,
          "created": [
            "blob:https://zodiacs-4qqy7ml63-zodiacsofficial.vercel.app/51121f0a-c8b8-44c0-9563-ab4f5817bf35"
          ],
          "revoked": [
            "blob:https://zodiacs-4qqy7ml63-zodiacsofficial.vercel.app/51121f0a-c8b8-44c0-9563-ab4f5817bf35"
          ],
          "storage": {
            "zodiacs.install.compute-count.v1": "1"
          }
        },
        "requests": [
          {
            "method": "GET",
            "path": "/assets/zodiac-icons/48/capricorn.avif",
            "kind": "image",
            "source": "browser-preview"
          },
          {
            "method": "GET",
            "path": "/assets/zodiac-icons/48/pisces.avif",
            "kind": "image",
            "source": "browser-preview"
          },
          {
            "method": "GET",
            "path": "/assets/zodiac-icons/48/aquarius.avif",
            "kind": "image",
            "source": "browser-preview"
          },
          {
            "method": "GET",
            "path": "/assets/zodiac-icons/48/libra.avif",
            "kind": "image",
            "source": "browser-preview"
          }
        ]
      },
      "expectedInstant": "1935-03-30T03:30:52.000Z",
      "expectedShift": 0.8666666666666667,
      "errors": [],
      "consoleErrors": [
        "Failed to load resource: net::ERR_FAILED"
      ],
      "external": [
        "https://plausible.io/js/pa-HwF2IBb5Sw8eboNPSOgHv.js"
      ]
    },
    {
      "name": "historical-America/Manaus",
      "status": "passed",
      "file": {
        "envelope": {
          "receipt": {
            "conventions": {
              "angles": "gast-and-mean-obliquity",
              "aspects": "major-aspects;sun-moon-eight-planets;no-nodes",
              "calendar": "proleptic-gregorian",
              "longitudeUnit": "degrees-[0,360)",
              "moonNodes": "instantaneous-geocentric-moon-orbit-plane",
              "moonPosition": "astronomy-engine-ecliptic-geo-moon",
              "planetPositions": "apparent-geocentric-ecliptic-of-date",
              "speed": "degrees-per-day;central-difference-plus-minus-0.25-day",
              "zodiac": "tropical"
            },
            "coordinates": {
              "latitude": -3.1,
              "longitude": -60.02
            },
            "coverage": {
              "angleExclusions": "exact-geographic-poles-and-ecliptic-horizon-coincidence",
              "assessment": "finite-reference-cases-only",
              "broadDateRange": "not-certified",
              "inputSyntax": "not-an-astronomical-accuracy-guarantee"
            },
            "engine": {
              "name": "@zodiacs/engine",
              "version": "0.1.1-rc.6"
            },
            "houses": {
              "absenceReason": null,
              "actual": "placidus",
              "requested": "placidus"
            },
            "inputFlags": [
              "dst-gap"
            ],
            "instant": "1914-01-01T04:00:04.000Z",
            "localResolution": {
              "date": "1914-01-01",
              "gapShiftMinutes": 0.06666666666666667,
              "offsetMinutes": -240,
              "policy": {
                "fold": "earlier",
                "gap": "shift-forward"
              },
              "time": "00:00",
              "timeZone": "America/Manaus"
            },
            "provenance": null,
            "reference": "supplied-instant",
            "resultFlags": [
              "dst-gap"
            ],
            "schema": "zodiacs.calculation-receipt.draft-v1",
            "sourceInstant": null,
            "timeKnown": true
          },
          "requiredFeatures": [],
          "result": {
            "angles": {
              "asc": 191.09544763569377,
              "dsc": 11.095447635693745,
              "ic": 279.1525606501997,
              "mc": 99.15256065019969
            },
            "aspects": [
              {
                "a": "Venus",
                "applying": false,
                "b": "Pluto",
                "orb": 0.0038399027498599025,
                "type": "opposition"
              },
              {
                "a": "Jupiter",
                "applying": true,
                "b": "Neptune",
                "orb": 2.1078715162897197,
                "type": "opposition"
              },
              {
                "a": "Moon",
                "applying": false,
                "b": "Venus",
                "orb": 3.294187233333332,
                "type": "sextile"
              },
              {
                "a": "Moon",
                "applying": false,
                "b": "Pluto",
                "orb": 3.298027136083192,
                "type": "trine"
              },
              {
                "a": "Mercury",
                "applying": true,
                "b": "Pluto",
                "orb": 3.91210816769717,
                "type": "opposition"
              },
              {
                "a": "Mercury",
                "applying": true,
                "b": "Venus",
                "orb": 3.915948070446973,
                "type": "conjunction"
              },
              {
                "a": "Sun",
                "applying": true,
                "b": "Mars",
                "orb": 6.536707619283106,
                "type": "opposition"
              },
              {
                "a": "Saturn",
                "applying": true,
                "b": "Uranus",
                "orb": 6.720568200866694,
                "type": "trine"
              },
              {
                "a": "Sun",
                "applying": true,
                "b": "Venus",
                "orb": 9.989549659899694,
                "type": "conjunction"
              },
              {
                "a": "Sun",
                "applying": false,
                "b": "Pluto",
                "orb": 9.993389562649554,
                "type": "opposition"
              }
            ],
            "bodies": [
              {
                "body": "Sun",
                "degree": 9.915011525707769,
                "lat": -0.00015577210511528267,
                "lon": 279.91501152570777,
                "retrograde": false,
                "sign": "capricorn",
                "speed": 1.0196069052316261
              },
              {
                "body": "Moon",
                "degree": 3.2196490991414066,
                "lat": -1.22644635467208,
                "lon": 333.2196490991414,
                "retrograde": false,
                "sign": "pisces",
                "speed": 12.097774449737926
              },
              {
                "body": "Mercury",
                "degree": 26.009513795361045,
                "lat": -0.320717523281914,
                "lon": 266.0095137953611,
                "retrograde": false,
                "sign": "sagittarius",
                "speed": 1.5030762581002364
              },
              {
                "body": "Venus",
                "degree": 29.925461865808074,
                "lat": -0.011288853141455878,
                "lon": 269.9254618658081,
                "retrograde": false,
                "sign": "sagittarius",
                "speed": 1.2576883932088094
              },
              {
                "body": "Mars",
                "degree": 16.451719144990932,
                "lat": 3.8340023838028823,
                "lon": 106.45171914499093,
                "retrograde": true,
                "sign": "cancer",
                "speed": -0.3963841439239104
              },
              {
                "body": "Jupiter",
                "degree": 25.2016422876942,
                "lat": -0.35008312902395866,
                "lon": 295.2016422876942,
                "retrograde": false,
                "sign": "capricorn",
                "speed": 0.23136275764636594
              },
              {
                "body": "Saturn",
                "degree": 12.749645471384838,
                "lat": -1.6727147017145179,
                "lon": 72.74964547138484,
                "retrograde": true,
                "sign": "gemini",
                "speed": -0.06829721952146883
              },
              {
                "body": "Uranus",
                "degree": 6.029077270518201,
                "lat": -0.5978529402317925,
                "lon": 306.02907727051814,
                "retrograde": false,
                "sign": "aquarius",
                "speed": 0.05396809002934333
              },
              {
                "body": "Neptune",
                "degree": 27.30951380398392,
                "lat": -0.44691983470744756,
                "lon": 117.30951380398392,
                "retrograde": true,
                "sign": "cancer",
                "speed": -0.026677717617531016
              },
              {
                "body": "Pluto",
                "degree": 29.921621963058215,
                "lat": -5.864976684703688,
                "lon": 89.92162196305821,
                "retrograde": true,
                "sign": "gemini",
                "speed": -0.0197090842691523
              },
              {
                "body": "North Node",
                "degree": 17.170400515219853,
                "lat": 0,
                "lon": 347.17040051521985,
                "retrograde": true,
                "sign": "pisces",
                "speed": -0.033640844002206904
              },
              {
                "body": "South Node",
                "degree": 17.170400515219853,
                "lat": 0,
                "lon": 167.17040051521985,
                "retrograde": true,
                "sign": "virgo",
                "speed": -0.033640844002206904
              }
            ],
            "houses": {
              "cusps": [
                191.09544763569377,
                222.99728062598268,
                251.89369056271926,
                279.1525606501997,
                307.21121225992897,
                337.9852438116974,
                11.095447635693745,
                42.99728062598268,
                71.89369056271926,
                99.15256065019969,
                127.21121225992891,
                157.9852438116974
              ],
              "system": "placidus"
            }
          },
          "schema": "zodiacs.natal-envelope.draft-v1"
        },
        "sha256": "b8cfb8dca7ee60a72b9dc32abcd8c99f5000c2b59d921034a18ff36137414968",
        "bytes": 4478,
        "before": {
          "calculations": 1,
          "created": [],
          "revoked": [],
          "storage": {
            "zodiacs.install.compute-count.v1": "1"
          }
        },
        "after": {
          "calculations": 1,
          "created": [
            "blob:https://zodiacs-4qqy7ml63-zodiacsofficial.vercel.app/b8085a82-e910-4005-87b9-cab2141a263d"
          ],
          "revoked": [
            "blob:https://zodiacs-4qqy7ml63-zodiacsofficial.vercel.app/b8085a82-e910-4005-87b9-cab2141a263d"
          ],
          "storage": {
            "zodiacs.install.compute-count.v1": "1"
          }
        },
        "requests": [
          {
            "method": "GET",
            "path": "/assets/zodiac-icons/48/sagittarius.avif",
            "kind": "image",
            "source": "browser-preview"
          },
          {
            "method": "GET",
            "path": "/assets/zodiac-icons/48/pisces.avif",
            "kind": "image",
            "source": "browser-preview"
          },
          {
            "method": "GET",
            "path": "/assets/zodiac-icons/48/cancer.avif",
            "kind": "image",
            "source": "browser-preview"
          },
          {
            "method": "GET",
            "path": "/assets/zodiac-icons/48/libra.avif",
            "kind": "image",
            "source": "browser-preview"
          }
        ]
      },
      "expectedInstant": "1914-01-01T04:00:04.000Z",
      "expectedShift": 0.06666666666666667,
      "errors": [],
      "consoleErrors": [
        "Failed to load resource: net::ERR_FAILED"
      ],
      "external": [
        "https://plausible.io/js/pa-HwF2IBb5Sw8eboNPSOgHv.js"
      ]
    },
    {
      "name": "historical-America/Paramaribo",
      "status": "passed",
      "file": {
        "envelope": {
          "receipt": {
            "conventions": {
              "angles": "gast-and-mean-obliquity",
              "aspects": "major-aspects;sun-moon-eight-planets;no-nodes",
              "calendar": "proleptic-gregorian",
              "longitudeUnit": "degrees-[0,360)",
              "moonNodes": "instantaneous-geocentric-moon-orbit-plane",
              "moonPosition": "astronomy-engine-ecliptic-geo-moon",
              "planetPositions": "apparent-geocentric-ecliptic-of-date",
              "speed": "degrees-per-day;central-difference-plus-minus-0.25-day",
              "zodiac": "tropical"
            },
            "coordinates": {
              "latitude": -3.1,
              "longitude": -60.02
            },
            "coverage": {
              "angleExclusions": "exact-geographic-poles-and-ecliptic-horizon-coincidence",
              "assessment": "finite-reference-cases-only",
              "broadDateRange": "not-certified",
              "inputSyntax": "not-an-astronomical-accuracy-guarantee"
            },
            "engine": {
              "name": "@zodiacs/engine",
              "version": "0.1.1-rc.6"
            },
            "houses": {
              "absenceReason": null,
              "actual": "placidus",
              "requested": "placidus"
            },
            "inputFlags": [
              "dst-gap",
              "lmt"
            ],
            "instant": "1935-01-01T03:40:52.000Z",
            "localResolution": {
              "date": "1935-01-01",
              "gapShiftMinutes": 0.26666666666666666,
              "offsetMinutes": -220.6,
              "policy": {
                "fold": "earlier",
                "gap": "shift-forward"
              },
              "time": "00:00",
              "timeZone": "America/Paramaribo"
            },
            "provenance": null,
            "reference": "supplied-instant",
            "resultFlags": [
              "dst-gap",
              "lmt"
            ],
            "schema": "zodiacs.calculation-receipt.draft-v1",
            "sourceInstant": null,
            "timeKnown": true
          },
          "requiredFeatures": [],
          "result": {
            "angles": {
              "asc": 185.65111952400306,
              "dsc": 5.651119524003093,
              "ic": 274.6490777718079,
              "mc": 94.64907777180792
            },
            "aspects": [
              {
                "a": "Sun",
                "applying": false,
                "b": "Mars",
                "orb": 0.03296761374417656,
                "type": "square"
              },
              {
                "a": "Sun",
                "applying": false,
                "b": "Mercury",
                "orb": 0.6073415471390149,
                "type": "conjunction"
              },
              {
                "a": "Mercury",
                "applying": false,
                "b": "Mars",
                "orb": 0.6403091608831915,
                "type": "square"
              },
              {
                "a": "Moon",
                "applying": true,
                "b": "Jupiter",
                "orb": 0.9709582950096092,
                "type": "conjunction"
              },
              {
                "a": "Moon",
                "applying": false,
                "b": "Neptune",
                "orb": 1.3769320541398429,
                "type": "sextile"
              },
              {
                "a": "Uranus",
                "applying": false,
                "b": "Pluto",
                "orb": 2.220900042477467,
                "type": "square"
              },
              {
                "a": "Jupiter",
                "applying": false,
                "b": "Neptune",
                "orb": 2.347890349149452,
                "type": "sextile"
              },
              {
                "a": "Saturn",
                "applying": true,
                "b": "Uranus",
                "orb": 2.50095846701106,
                "type": "sextile"
              },
              {
                "a": "Venus",
                "applying": false,
                "b": "Jupiter",
                "orb": 3.339183157568641,
                "type": "sextile"
              },
              {
                "a": "Mercury",
                "applying": true,
                "b": "Neptune",
                "orb": 4.116662747716987,
                "type": "trine"
              },
              {
                "a": "Moon",
                "applying": true,
                "b": "Venus",
                "orb": 4.310141452578307,
                "type": "sextile"
              },
              {
                "a": "Sun",
                "applying": true,
                "b": "Neptune",
                "orb": 4.724004294856002,
                "type": "trine"
              },
              {
                "a": "Venus",
                "applying": true,
                "b": "Pluto",
                "orb": 5.077062538658993,
                "type": "opposition"
              },
              {
                "a": "Venus",
                "applying": false,
                "b": "Neptune",
                "orb": 5.68707350671815,
                "type": "trine"
              }
            ],
            "bodies": [
              {
                "body": "Sun",
                "degree": 9.801536201154477,
                "lat": -0.00012071632181662466,
                "lon": 279.80153620115453,
                "retrograde": false,
                "sign": "capricorn",
                "speed": 1.019572934577809
              },
              {
                "body": "Moon",
                "degree": 15.902472550150378,
                "lat": -5.087548052479159,
                "lon": 225.90247255015038,
                "retrograde": false,
                "sign": "scorpio",
                "speed": 13.428860213796952
              },
              {
                "body": "Mercury",
                "degree": 10.408877748293548,
                "lat": -1.8001105869136043,
                "lon": 280.40887774829355,
                "retrograde": false,
                "sign": "capricorn",
                "speed": 1.6109390012614995
              },
              {
                "body": "Venus",
                "degree": 20.212614002728742,
                "lat": -1.1029168168959766,
                "lon": 290.2126140027287,
                "retrograde": false,
                "sign": "capricorn",
                "speed": 1.2562334524366179
              },
              {
                "body": "Mars",
                "degree": 9.7685685874103,
                "lat": 2.2198367745856324,
                "lon": 189.76856858741036,
                "retrograde": false,
                "sign": "libra",
                "speed": 0.43548344100707936
              },
              {
                "body": "Jupiter",
                "degree": 16.873430845159987,
                "lat": 1.043627717585491,
                "lon": 226.87343084516002,
                "retrograde": false,
                "sign": "scorpio",
                "speed": 0.17019010021351733
              },
              {
                "body": "Saturn",
                "degree": 25.0096181168542,
                "lat": -1.3695295301854133,
                "lon": 325.00961811685414,
                "retrograde": false,
                "sign": "aquarius",
                "speed": 0.09702622924191928
              },
              {
                "body": "Uranus",
                "degree": 27.510576583865202,
                "lat": -0.5400223229678865,
                "lon": 27.510576583865202,
                "retrograde": true,
                "sign": "aries",
                "speed": -0.004550413335664416
              },
              {
                "body": "Neptune",
                "degree": 14.525540496010535,
                "lat": 0.9503081385279096,
                "lon": 164.52554049601054,
                "retrograde": true,
                "sign": "virgo",
                "speed": -0.008225320096244104
              },
              {
                "body": "Pluto",
                "degree": 25.289676541387735,
                "lat": 1.7253326792255232,
                "lon": 115.28967654138773,
                "retrograde": true,
                "sign": "cancer",
                "speed": -0.02092948667177552
              },
              {
                "body": "North Node",
                "degree": 1.2901113440607332,
                "lat": 0,
                "lon": 301.2901113440608,
                "retrograde": true,
                "sign": "aquarius",
                "speed": -0.04771556861544468
              },
              {
                "body": "South Node",
                "degree": 1.29011134406079,
                "lat": 0,
                "lon": 121.29011134406079,
                "retrograde": true,
                "sign": "leo",
                "speed": -0.04771556861544468
              }
            ],
            "houses": {
              "cusps": [
                185.65111952400306,
                217.9547182978393,
                247.28561596161248,
                274.6490777718079,
                302.4226124080018,
                332.7211958265823,
                5.651119524003093,
                37.95471829783929,
                67.2856159616125,
                94.64907777180792,
                122.42261240800178,
                152.7211958265823
              ],
              "system": "placidus"
            }
          },
          "schema": "zodiacs.natal-envelope.draft-v1"
        },
        "sha256": "44c497d7232437ec60c04566a54bf94b5b3db21964c390b0b8fcd3522f9c444f",
        "bytes": 4811,
        "before": {
          "calculations": 1,
          "created": [],
          "revoked": [],
          "storage": {
            "zodiacs.install.compute-count.v1": "1"
          }
        },
        "after": {
          "calculations": 1,
          "created": [
            "blob:https://zodiacs-4qqy7ml63-zodiacsofficial.vercel.app/f4c0fc80-bb96-425b-b005-44029308c957"
          ],
          "revoked": [
            "blob:https://zodiacs-4qqy7ml63-zodiacsofficial.vercel.app/f4c0fc80-bb96-425b-b005-44029308c957"
          ],
          "storage": {
            "zodiacs.install.compute-count.v1": "1"
          }
        },
        "requests": [
          {
            "method": "GET",
            "path": "/assets/zodiac-icons/48/capricorn.avif",
            "kind": "image",
            "source": "browser-preview"
          },
          {
            "method": "GET",
            "path": "/assets/zodiac-icons/48/scorpio.avif",
            "kind": "image",
            "source": "browser-preview"
          },
          {
            "method": "GET",
            "path": "/assets/zodiac-icons/48/libra.avif",
            "kind": "image",
            "source": "browser-preview"
          }
        ]
      },
      "expectedInstant": "1935-01-01T03:40:52.000Z",
      "expectedShift": 0.26666666666666666,
      "errors": [],
      "consoleErrors": [
        "Failed to load resource: net::ERR_FAILED"
      ],
      "external": [
        "https://plausible.io/js/pa-HwF2IBb5Sw8eboNPSOgHv.js"
      ]
    },
    {
      "name": "historical-America/Port-au-Prince",
      "status": "passed",
      "file": {
        "envelope": {
          "receipt": {
            "conventions": {
              "angles": "gast-and-mean-obliquity",
              "aspects": "major-aspects;sun-moon-eight-planets;no-nodes",
              "calendar": "proleptic-gregorian",
              "longitudeUnit": "degrees-[0,360)",
              "moonNodes": "instantaneous-geocentric-moon-orbit-plane",
              "moonPosition": "astronomy-engine-ecliptic-geo-moon",
              "planetPositions": "apparent-geocentric-ecliptic-of-date",
              "speed": "degrees-per-day;central-difference-plus-minus-0.25-day",
              "zodiac": "tropical"
            },
            "coordinates": {
              "latitude": -3.1,
              "longitude": -60.02
            },
            "coverage": {
              "angleExclusions": "exact-geographic-poles-and-ecliptic-horizon-coincidence",
              "assessment": "finite-reference-cases-only",
              "broadDateRange": "not-certified",
              "inputSyntax": "not-an-astronomical-accuracy-guarantee"
            },
            "engine": {
              "name": "@zodiacs/engine",
              "version": "0.1.1-rc.6"
            },
            "houses": {
              "absenceReason": null,
              "actual": "placidus",
              "requested": "placidus"
            },
            "inputFlags": [
              "dst-gap"
            ],
            "instant": "1890-01-01T04:49:20.000Z",
            "localResolution": {
              "date": "1890-01-01",
              "gapShiftMinutes": 0.3333333333333333,
              "offsetMinutes": -289,
              "policy": {
                "fold": "earlier",
                "gap": "shift-forward"
              },
              "time": "00:00",
              "timeZone": "America/Port-au-Prince"
            },
            "provenance": null,
            "reference": "supplied-instant",
            "resultFlags": [
              "dst-gap"
            ],
            "schema": "zodiacs.calculation-receipt.draft-v1",
            "sourceInstant": null,
            "timeKnown": true
          },
          "requiredFeatures": [],
          "result": {
            "angles": {
              "asc": 205.51492605664896,
              "dsc": 25.51492605664896,
              "ic": 291.3766704552039,
              "mc": 111.37667045520391
            },
            "aspects": [
              {
                "a": "Venus",
                "applying": true,
                "b": "Mars",
                "orb": 0.9053904943146449,
                "type": "sextile"
              },
              {
                "a": "Saturn",
                "applying": true,
                "b": "Neptune",
                "orb": 1.4202774053744065,
                "type": "square"
              },
              {
                "a": "Mercury",
                "applying": true,
                "b": "Uranus",
                "orb": 1.654277495070005,
                "type": "square"
              },
              {
                "a": "Saturn",
                "applying": false,
                "b": "Pluto",
                "orb": 1.711194454664735,
                "type": "square"
              },
              {
                "a": "Moon",
                "applying": true,
                "b": "Jupiter",
                "orb": 2.158773401666622,
                "type": "trine"
              },
              {
                "a": "Venus",
                "applying": false,
                "b": "Uranus",
                "orb": 2.8904170681888672,
                "type": "sextile"
              },
              {
                "a": "Neptune",
                "applying": false,
                "b": "Pluto",
                "orb": 3.1314718600391416,
                "type": "conjunction"
              },
              {
                "a": "Mars",
                "applying": true,
                "b": "Saturn",
                "orb": 3.5199869090758398,
                "type": "sextile"
              },
              {
                "a": "Mars",
                "applying": false,
                "b": "Uranus",
                "orb": 3.7958075625034553,
                "type": "conjunction"
              },
              {
                "a": "Venus",
                "applying": true,
                "b": "Saturn",
                "orb": 4.425377403390485,
                "type": "trine"
              },
              {
                "a": "Sun",
                "applying": false,
                "b": "Moon",
                "orb": 4.930005839013916,
                "type": "trine"
              },
              {
                "a": "Mercury",
                "applying": true,
                "b": "Mars",
                "orb": 5.45008505757346,
                "type": "square"
              },
              {
                "a": "Mercury",
                "applying": false,
                "b": "Jupiter",
                "orb": 6.776051058030987,
                "type": "conjunction"
              },
              {
                "a": "Sun",
                "applying": true,
                "b": "Jupiter",
                "orb": 7.088779240680537,
                "type": "conjunction"
              },
              {
                "a": "Sun",
                "applying": false,
                "b": "Saturn",
                "orb": 7.1650977346391755,
                "type": "trine"
              }
            ],
            "bodies": [
              {
                "body": "Sun",
                "degree": 10.78670646646708,
                "lat": -0.00019209111719523897,
                "lon": 280.7867064664671,
                "retrograde": false,
                "sign": "capricorn",
                "speed": 1.0192438288310086
              },
              {
                "body": "Moon",
                "degree": 15.716712305480996,
                "lat": -3.9009170839187477,
                "lon": 45.716712305480996,
                "retrograde": false,
                "sign": "taurus",
                "speed": 12.312079136472335
              },
              {
                "body": "Mercury",
                "degree": 24.651536765178662,
                "lat": -2.0826045332010836,
                "lon": 294.6515367651786,
                "retrograde": false,
                "sign": "capricorn",
                "speed": 1.58715437452679
              },
              {
                "body": "Venus",
                "degree": 29.19623132843742,
                "lat": 0.05892397744425158,
                "lon": 269.1962313284374,
                "retrograde": false,
                "sign": "sagittarius",
                "speed": 1.2569497311836813
              },
              {
                "body": "Mars",
                "degree": 0.10162182275212217,
                "lat": 1.4385773440446497,
                "lon": 210.10162182275207,
                "retrograde": false,
                "sign": "scorpio",
                "speed": 0.5627387976525711
              },
              {
                "body": "Jupiter",
                "degree": 17.875485707147618,
                "lat": -0.19033771981734682,
                "lon": 287.8754857071476,
                "retrograde": false,
                "sign": "capricorn",
                "speed": 0.23295477056637992
              },
              {
                "body": "Saturn",
                "degree": 3.621608731827905,
                "lat": 1.5686302830561856,
                "lon": 153.6216087318279,
                "retrograde": true,
                "sign": "virgo",
                "speed": -0.032346706025236927
              },
              {
                "body": "Uranus",
                "degree": 26.305814260248553,
                "lat": 0.5866999414741754,
                "lon": 206.30581426024858,
                "retrograde": false,
                "sign": "libra",
                "speed": 0.02699526158886556
              },
              {
                "body": "Neptune",
                "degree": 2.2013313264534986,
                "lat": -1.6857194909088236,
                "lon": 62.2013313264535,
                "retrograde": true,
                "sign": "gemini",
                "speed": -0.020748321044152362
              },
              {
                "body": "Pluto",
                "degree": 5.33280318649264,
                "lat": -12.039300941060771,
                "lon": 65.33280318649264,
                "retrograde": true,
                "sign": "gemini",
                "speed": -0.015018085027350025
              },
              {
                "body": "North Node",
                "degree": 3.0332953634580235,
                "lat": 0,
                "lon": 93.03329536345802,
                "retrograde": false,
                "sign": "cancer",
                "speed": 0.013419755286008694
              },
              {
                "body": "South Node",
                "degree": 3.0332953634580235,
                "lat": 0,
                "lon": 273.033295363458,
                "retrograde": false,
                "sign": "capricorn",
                "speed": 0.013419755286008694
              }
            ],
            "houses": {
              "cusps": [
                205.51492605664896,
                236.1521862109878,
                264.081479372768,
                291.3766704552039,
                320.43212635852603,
                352.37389134134105,
                25.51492605664896,
                56.15218621098779,
                84.081479372768,
                111.37667045520391,
                140.43212635852603,
                172.37389134134105
              ],
              "system": "placidus"
            }
          },
          "schema": "zodiacs.natal-envelope.draft-v1"
        },
        "sha256": "697efff6e7e152bd14c200203cdcb9768c52c11e1ff575e60502bafbc4248aa5",
        "bytes": 4893,
        "before": {
          "calculations": 1,
          "created": [],
          "revoked": [],
          "storage": {
            "zodiacs.install.compute-count.v1": "1"
          }
        },
        "after": {
          "calculations": 1,
          "created": [
            "blob:https://zodiacs-4qqy7ml63-zodiacsofficial.vercel.app/0178da66-be4f-44b9-84a6-4eeb0f00b338"
          ],
          "revoked": [
            "blob:https://zodiacs-4qqy7ml63-zodiacsofficial.vercel.app/0178da66-be4f-44b9-84a6-4eeb0f00b338"
          ],
          "storage": {
            "zodiacs.install.compute-count.v1": "1"
          }
        },
        "requests": [
          {
            "method": "GET",
            "path": "/assets/zodiac-icons/48/capricorn.avif",
            "kind": "image",
            "source": "browser-preview"
          },
          {
            "method": "GET",
            "path": "/assets/zodiac-icons/48/taurus.avif",
            "kind": "image",
            "source": "browser-preview"
          },
          {
            "method": "GET",
            "path": "/assets/zodiac-icons/48/scorpio.avif",
            "kind": "image",
            "source": "browser-preview"
          },
          {
            "method": "GET",
            "path": "/assets/zodiac-icons/48/libra.avif",
            "kind": "image",
            "source": "browser-preview"
          }
        ]
      },
      "expectedInstant": "1890-01-01T04:49:20.000Z",
      "expectedShift": 0.3333333333333333,
      "errors": [],
      "consoleErrors": [
        "Failed to load resource: net::ERR_FAILED"
      ],
      "external": [
        "https://plausible.io/js/pa-HwF2IBb5Sw8eboNPSOgHv.js"
      ]
    },
    {
      "name": "historical-America/Punta_Arenas",
      "status": "passed",
      "file": {
        "envelope": {
          "receipt": {
            "conventions": {
              "angles": "gast-and-mean-obliquity",
              "aspects": "major-aspects;sun-moon-eight-planets;no-nodes",
              "calendar": "proleptic-gregorian",
              "longitudeUnit": "degrees-[0,360)",
              "moonNodes": "instantaneous-geocentric-moon-orbit-plane",
              "moonPosition": "astronomy-engine-ecliptic-geo-moon",
              "planetPositions": "apparent-geocentric-ecliptic-of-date",
              "speed": "degrees-per-day;central-difference-plus-minus-0.25-day",
              "zodiac": "tropical"
            },
            "coordinates": {
              "latitude": -3.1,
              "longitude": -60.02
            },
            "coverage": {
              "angleExclusions": "exact-geographic-poles-and-ecliptic-horizon-coincidence",
              "assessment": "finite-reference-cases-only",
              "broadDateRange": "not-certified",
              "inputSyntax": "not-an-astronomical-accuracy-guarantee"
            },
            "engine": {
              "name": "@zodiacs/engine",
              "version": "0.1.1-rc.6"
            },
            "houses": {
              "absenceReason": null,
              "actual": "placidus",
              "requested": "placidus"
            },
            "inputFlags": [
              "dst-gap",
              "lmt"
            ],
            "instant": "1890-01-01T04:43:40.000Z",
            "localResolution": {
              "date": "1890-01-01",
              "gapShiftMinutes": 0.9166666666666666,
              "offsetMinutes": -282.75,
              "policy": {
                "fold": "earlier",
                "gap": "shift-forward"
              },
              "time": "00:00",
              "timeZone": "America/Punta_Arenas"
            },
            "provenance": null,
            "reference": "supplied-instant",
            "resultFlags": [
              "dst-gap",
              "lmt"
            ],
            "schema": "zodiacs.calculation-receipt.draft-v1",
            "sourceInstant": null,
            "timeKnown": true
          },
          "requiredFeatures": [],
          "result": {
            "angles": {
              "asc": 203.97613830218964,
              "dsc": 23.97613830218961,
              "ic": 290.0428036782555,
              "mc": 110.0428036782555
            },
            "aspects": [
              {
                "a": "Venus",
                "applying": true,
                "b": "Mars",
                "orb": 0.9081223328801684,
                "type": "sextile"
              },
              {
                "a": "Saturn",
                "applying": true,
                "b": "Neptune",
                "orb": 1.4203230312450614,
                "type": "square"
              },
              {
                "a": "Mercury",
                "applying": true,
                "b": "Uranus",
                "orb": 1.6604171724289358,
                "type": "square"
              },
              {
                "a": "Saturn",
                "applying": false,
                "b": "Pluto",
                "orb": 1.7111262778571472,
                "type": "square"
              },
              {
                "a": "Moon",
                "applying": true,
                "b": "Jupiter",
                "orb": 2.2063063509193057,
                "type": "trine"
              },
              {
                "a": "Venus",
                "applying": false,
                "b": "Uranus",
                "orb": 2.885576976270727,
                "type": "sextile"
              },
              {
                "a": "Neptune",
                "applying": false,
                "b": "Pluto",
                "orb": 3.1314493091022086,
                "type": "conjunction"
              },
              {
                "a": "Mars",
                "applying": true,
                "b": "Saturn",
                "orb": 3.5223286783458434,
                "type": "sextile"
              },
              {
                "a": "Mars",
                "applying": false,
                "b": "Uranus",
                "orb": 3.7936993091508953,
                "type": "conjunction"
              },
              {
                "a": "Venus",
                "applying": true,
                "b": "Saturn",
                "orb": 4.430451011226012,
                "type": "trine"
              },
              {
                "a": "Sun",
                "applying": false,
                "b": "Moon",
                "orb": 4.885567084245395,
                "type": "trine"
              },
              {
                "a": "Mercury",
                "applying": true,
                "b": "Mars",
                "orb": 5.454116481579831,
                "type": "square"
              },
              {
                "a": "Mercury",
                "applying": false,
                "b": "Jupiter",
                "orb": 6.770721861835,
                "type": "conjunction"
              },
              {
                "a": "Sun",
                "applying": true,
                "b": "Jupiter",
                "orb": 7.091873435164757,
                "type": "conjunction"
              },
              {
                "a": "Sun",
                "applying": false,
                "b": "Saturn",
                "orb": 7.1609595430745685,
                "type": "trine"
              }
            ],
            "bodies": [
              {
                "body": "Sun",
                "degree": 10.782695552765631,
                "lat": -0.00019209562588174138,
                "lon": 280.78269555276563,
                "retrograde": false,
                "sign": "capricorn",
                "speed": 1.0192440495191022
              },
              {
                "body": "Moon",
                "degree": 15.668262637011082,
                "lat": -3.9039484133737954,
                "lon": 45.66826263701108,
                "retrograde": false,
                "sign": "taurus",
                "speed": 12.31296990357123
              },
              {
                "body": "Mercury",
                "degree": 24.645290849765388,
                "lat": -2.0827684181747066,
                "lon": 294.6452908497654,
                "retrograde": false,
                "sign": "capricorn",
                "speed": 1.5871878589375683
              },
              {
                "body": "Venus",
                "degree": 29.191284998465107,
                "lat": 0.05908601671835096,
                "lon": 269.19128499846505,
                "retrograde": false,
                "sign": "sagittarius",
                "speed": 1.2569497691074503
              },
              {
                "body": "Mars",
                "degree": 0.09940733134521906,
                "lat": 1.4385796987768351,
                "lon": 210.09940733134522,
                "retrograde": false,
                "sign": "scorpio",
                "speed": 0.5627436302839328
              },
              {
                "body": "Jupiter",
                "degree": 17.874568987930388,
                "lat": -0.19033169080588594,
                "lon": 287.8745689879304,
                "retrograde": false,
                "sign": "capricorn",
                "speed": 0.23295387200835194
              },
              {
                "body": "Saturn",
                "degree": 3.6217360096910625,
                "lat": 1.5686153750935619,
                "lon": 153.62173600969106,
                "retrograde": true,
                "sign": "virgo",
                "speed": -0.03234002224917276
              },
              {
                "body": "Uranus",
                "degree": 26.305708022194267,
                "lat": 0.5866983058992513,
                "lon": 206.30570802219432,
                "retrograde": false,
                "sign": "libra",
                "speed": 0.026998577732570084
              },
              {
                "body": "Neptune",
                "degree": 2.201412978446001,
                "lat": -1.6857222554979674,
                "lon": 62.201412978446,
                "retrograde": true,
                "sign": "gemini",
                "speed": -0.0207499145485599
              },
              {
                "body": "Pluto",
                "degree": 5.33286228754821,
                "lat": -12.03931317485581,
                "lon": 65.33286228754821,
                "retrograde": true,
                "sign": "gemini",
                "speed": -0.015019023643162654
              },
              {
                "body": "North Node",
                "degree": 3.033232978259207,
                "lat": 0,
                "lon": 93.0332329782592,
                "retrograde": false,
                "sign": "cancer",
                "speed": 0.013428421100911692
              },
              {
                "body": "South Node",
                "degree": 3.033232978259207,
                "lat": 0,
                "lon": 273.0332329782592,
                "retrograde": false,
                "sign": "capricorn",
                "speed": 0.013428421100911692
              }
            ],
            "houses": {
              "cusps": [
                203.97613830218964,
                234.75700516141,
                262.77379519798984,
                290.0428036782555,
                318.97725482509475,
                350.80634560731676,
                23.97613830218961,
                54.75700516141001,
                82.77379519798984,
                110.0428036782555,
                138.97725482509475,
                170.80634560731676
              ],
              "system": "placidus"
            }
          },
          "schema": "zodiacs.natal-envelope.draft-v1"
        },
        "sha256": "57792e8a919bd3636999d2bfb325d1fac276cf6963eb20901f5509250bd25941",
        "bytes": 4905,
        "before": {
          "calculations": 1,
          "created": [],
          "revoked": [],
          "storage": {
            "zodiacs.install.compute-count.v1": "1"
          }
        },
        "after": {
          "calculations": 1,
          "created": [
            "blob:https://zodiacs-4qqy7ml63-zodiacsofficial.vercel.app/31a7ee80-af35-41b8-8279-a1d37304be6f"
          ],
          "revoked": [
            "blob:https://zodiacs-4qqy7ml63-zodiacsofficial.vercel.app/31a7ee80-af35-41b8-8279-a1d37304be6f"
          ],
          "storage": {
            "zodiacs.install.compute-count.v1": "1"
          }
        },
        "requests": [
          {
            "method": "GET",
            "path": "/assets/zodiac-icons/48/libra.avif",
            "kind": "image",
            "source": "browser-preview"
          },
          {
            "method": "GET",
            "path": "/assets/zodiac-icons/48/capricorn.avif",
            "kind": "image",
            "source": "browser-preview"
          },
          {
            "method": "GET",
            "path": "/assets/zodiac-icons/48/taurus.avif",
            "kind": "image",
            "source": "browser-preview"
          },
          {
            "method": "GET",
            "path": "/assets/zodiac-icons/48/scorpio.avif",
            "kind": "image",
            "source": "browser-preview"
          }
        ]
      },
      "expectedInstant": "1890-01-01T04:43:40.000Z",
      "expectedShift": 0.9166666666666666,
      "errors": [],
      "consoleErrors": [
        "Failed to load resource: net::ERR_FAILED"
      ],
      "external": [
        "https://plausible.io/js/pa-HwF2IBb5Sw8eboNPSOgHv.js"
      ]
    },
    {
      "name": "historical-America/St_Johns",
      "status": "passed",
      "file": {
        "envelope": {
          "receipt": {
            "conventions": {
              "angles": "gast-and-mean-obliquity",
              "aspects": "major-aspects;sun-moon-eight-planets;no-nodes",
              "calendar": "proleptic-gregorian",
              "longitudeUnit": "degrees-[0,360)",
              "moonNodes": "instantaneous-geocentric-moon-orbit-plane",
              "moonPosition": "astronomy-engine-ecliptic-geo-moon",
              "planetPositions": "apparent-geocentric-ecliptic-of-date",
              "speed": "degrees-per-day;central-difference-plus-minus-0.25-day",
              "zodiac": "tropical"
            },
            "coordinates": {
              "latitude": -3.1,
              "longitude": -60.02
            },
            "coverage": {
              "angleExclusions": "exact-geographic-poles-and-ecliptic-horizon-coincidence",
              "assessment": "finite-reference-cases-only",
              "broadDateRange": "not-certified",
              "inputSyntax": "not-an-astronomical-accuracy-guarantee"
            },
            "engine": {
              "name": "@zodiacs/engine",
              "version": "0.1.1-rc.6"
            },
            "houses": {
              "absenceReason": null,
              "actual": "placidus",
              "requested": "placidus"
            },
            "inputFlags": [
              "dst-gap"
            ],
            "instant": "1935-03-30T03:30:52.000Z",
            "localResolution": {
              "date": "1935-03-30",
              "gapShiftMinutes": 0.8666666666666667,
              "offsetMinutes": -210,
              "policy": {
                "fold": "earlier",
                "gap": "shift-forward"
              },
              "time": "00:00",
              "timeZone": "America/St_Johns"
            },
            "provenance": null,
            "reference": "supplied-instant",
            "resultFlags": [
              "dst-gap"
            ],
            "schema": "zodiacs.calculation-receipt.draft-v1",
            "sourceInstant": null,
            "timeKnown": true
          },
          "requiredFeatures": [],
          "result": {
            "angles": {
              "asc": 270.5886443940751,
              "dsc": 90.58864439407512,
              "ic": 359.2323305134229,
              "mc": 179.23233051342288
            },
            "aspects": [
              {
                "a": "Sun",
                "applying": true,
                "b": "Moon",
                "orb": 0.2631449717632677,
                "type": "sextile"
              },
              {
                "a": "Moon",
                "applying": true,
                "b": "Venus",
                "orb": 1.1191839754000057,
                "type": "square"
              },
              {
                "a": "Jupiter",
                "applying": false,
                "b": "Pluto",
                "orb": 1.1707583167143412,
                "type": "trine"
              },
              {
                "a": "Mercury",
                "applying": false,
                "b": "Neptune",
                "orb": 2.1660512137273145,
                "type": "opposition"
              },
              {
                "a": "Venus",
                "applying": true,
                "b": "Neptune",
                "orb": 3.1705579255416296,
                "type": "trine"
              },
              {
                "a": "Mars",
                "applying": false,
                "b": "Pluto",
                "orb": 5.038024405176202,
                "type": "square"
              },
              {
                "a": "Uranus",
                "applying": false,
                "b": "Pluto",
                "orb": 6.260829740907127,
                "type": "square"
              },
              {
                "a": "Saturn",
                "applying": true,
                "b": "Neptune",
                "orb": 7.416566955840153,
                "type": "opposition"
              }
            ],
            "bodies": [
              {
                "body": "Sun",
                "degree": 8.509163113419163,
                "lat": -0.00010181092543964082,
                "lon": 8.509163113419163,
                "retrograde": false,
                "sign": "aries",
                "speed": 0.9881877936703631
              },
              {
                "body": "Moon",
                "degree": 8.246018141655895,
                "lat": 0.8604317900551937,
                "lon": 308.2460181416559,
                "retrograde": false,
                "sign": "aquarius",
                "speed": 14.405248200655478
              },
              {
                "body": "Mercury",
                "degree": 14.701811256324845,
                "lat": -2.3091319228069933,
                "lon": 344.70181125632485,
                "retrograde": false,
                "sign": "pisces",
                "speed": 1.4678904903382772
              },
              {
                "body": "Venus",
                "degree": 9.365202117055901,
                "lat": 0.2696404423695033,
                "lon": 39.3652021170559,
                "retrograde": false,
                "sign": "taurus",
                "speed": 1.2111478863917
              },
              {
                "body": "Mars",
                "degree": 18.811945168921852,
                "lat": 2.814878179102283,
                "lon": 198.81194516892182,
                "retrograde": true,
                "sign": "libra",
                "speed": -0.3527030551105099
              },
              {
                "body": "Jupiter",
                "degree": 22.6792112573836,
                "lat": 1.2391411375548744,
                "lon": 232.67921125738363,
                "retrograde": true,
                "sign": "scorpio",
                "speed": -0.06084318509857667
              },
              {
                "body": "Saturn",
                "degree": 5.119193086757377,
                "lat": -1.4386193543806856,
                "lon": 335.1191930867574,
                "retrograde": false,
                "sign": "pisces",
                "speed": 0.10819079414295629
              },
              {
                "body": "Uranus",
                "degree": 0.1107993150051243,
                "lat": -0.4985261777716088,
                "lon": 30.110799315005124,
                "retrograde": false,
                "sign": "taurus",
                "speed": 0.05430951578682652
              },
              {
                "body": "Neptune",
                "degree": 12.53576004259753,
                "lat": 0.9797635538084207,
                "lon": 162.53576004259753,
                "retrograde": true,
                "sign": "virgo",
                "speed": -0.024438901709345373
              },
              {
                "body": "Pluto",
                "degree": 23.849969574097997,
                "lat": 1.793504649059224,
                "lon": 113.849969574098,
                "retrograde": true,
                "sign": "cancer",
                "speed": -0.0034632307501851756
              },
              {
                "body": "North Node",
                "degree": 28.489683323734994,
                "lat": 0,
                "lon": 298.489683323735,
                "retrograde": true,
                "sign": "capricorn",
                "speed": -0.016188517284490445
              },
              {
                "body": "South Node",
                "degree": 28.489683323734994,
                "lat": 0,
                "lon": 118.489683323735,
                "retrograde": true,
                "sign": "cancer",
                "speed": -0.016188517284490445
              }
            ],
            "houses": {
              "cusps": [
                270.5886443940751,
                297.97805322230033,
                327.32110560799765,
                359.2323305134229,
                31.67948437842108,
                62.161048644369146,
                90.58864439407512,
                117.97805322230033,
                147.32110560799765,
                179.23233051342288,
                211.67948437842105,
                242.16104864436915
              ],
              "system": "placidus"
            }
          },
          "schema": "zodiacs.natal-envelope.draft-v1"
        },
        "sha256": "4fac1ee74406072bdd0355ce70b9c16944ca99d4c2804451d5ee11acb45e3546",
        "bytes": 4273,
        "before": {
          "calculations": 1,
          "created": [],
          "revoked": [],
          "storage": {
            "zodiacs.install.compute-count.v1": "1"
          }
        },
        "after": {
          "calculations": 1,
          "created": [
            "blob:https://zodiacs-4qqy7ml63-zodiacsofficial.vercel.app/8cf90759-a968-45ff-8e7f-a9868aa38e88"
          ],
          "revoked": [
            "blob:https://zodiacs-4qqy7ml63-zodiacsofficial.vercel.app/8cf90759-a968-45ff-8e7f-a9868aa38e88"
          ],
          "storage": {
            "zodiacs.install.compute-count.v1": "1"
          }
        },
        "requests": [
          {
            "method": "GET",
            "path": "/assets/zodiac-icons/48/capricorn.avif",
            "kind": "image",
            "source": "browser-preview"
          },
          {
            "method": "GET",
            "path": "/assets/zodiac-icons/48/pisces.avif",
            "kind": "image",
            "source": "browser-preview"
          },
          {
            "method": "GET",
            "path": "/assets/zodiac-icons/48/aquarius.avif",
            "kind": "image",
            "source": "browser-preview"
          },
          {
            "method": "GET",
            "path": "/assets/zodiac-icons/48/libra.avif",
            "kind": "image",
            "source": "browser-preview"
          }
        ]
      },
      "expectedInstant": "1935-03-30T03:30:52.000Z",
      "expectedShift": 0.8666666666666667,
      "errors": [],
      "consoleErrors": [
        "Failed to load resource: net::ERR_FAILED"
      ],
      "external": [
        "https://plausible.io/js/pa-HwF2IBb5Sw8eboNPSOgHv.js"
      ]
    },
    {
      "name": "historical-America/Whitehorse",
      "status": "passed",
      "file": {
        "envelope": {
          "receipt": {
            "conventions": {
              "angles": "gast-and-mean-obliquity",
              "aspects": "major-aspects;sun-moon-eight-planets;no-nodes",
              "calendar": "proleptic-gregorian",
              "longitudeUnit": "degrees-[0,360)",
              "moonNodes": "instantaneous-geocentric-moon-orbit-plane",
              "moonPosition": "astronomy-engine-ecliptic-geo-moon",
              "planetPositions": "apparent-geocentric-ecliptic-of-date",
              "speed": "degrees-per-day;central-difference-plus-minus-0.25-day",
              "zodiac": "tropical"
            },
            "coordinates": {
              "latitude": -3.1,
              "longitude": -60.02
            },
            "coverage": {
              "angleExclusions": "exact-geographic-poles-and-ecliptic-horizon-coincidence",
              "assessment": "finite-reference-cases-only",
              "broadDateRange": "not-certified",
              "inputSyntax": "not-an-astronomical-accuracy-guarantee"
            },
            "engine": {
              "name": "@zodiacs/engine",
              "version": "0.1.1-rc.6"
            },
            "houses": {
              "absenceReason": null,
              "actual": "placidus",
              "requested": "placidus"
            },
            "inputFlags": [
              "dst-gap"
            ],
            "instant": "1900-08-20T09:00:12.000Z",
            "localResolution": {
              "date": "1900-08-20",
              "gapShiftMinutes": 0.2,
              "offsetMinutes": -540,
              "policy": {
                "fold": "earlier",
                "gap": "shift-forward"
              },
              "time": "00:00",
              "timeZone": "America/Whitehorse"
            },
            "provenance": null,
            "reference": "supplied-instant",
            "resultFlags": [
              "dst-gap"
            ],
            "schema": "zodiacs.calculation-receipt.draft-v1",
            "sourceInstant": null,
            "timeKnown": true
          },
          "requiredFeatures": [],
          "result": {
            "angles": {
              "asc": 129.8305442876433,
              "dsc": 309.8305442876433,
              "ic": 225.74136784994926,
              "mc": 45.74136784994931
            },
            "aspects": [
              {
                "a": "Mercury",
                "applying": true,
                "b": "Uranus",
                "orb": 0.08825585148738924,
                "type": "trine"
              },
              {
                "a": "Saturn",
                "applying": false,
                "b": "Neptune",
                "orb": 0.179254018523352,
                "type": "opposition"
              },
              {
                "a": "Sun",
                "applying": true,
                "b": "Saturn",
                "orb": 1.719100359907543,
                "type": "trine"
              },
              {
                "a": "Sun",
                "applying": true,
                "b": "Neptune",
                "orb": 1.898354378430838,
                "type": "sextile"
              },
              {
                "a": "Moon",
                "applying": false,
                "b": "Neptune",
                "orb": 3.4213325020837715,
                "type": "conjunction"
              },
              {
                "a": "Moon",
                "applying": false,
                "b": "Saturn",
                "orb": 3.6005865206070666,
                "type": "opposition"
              },
              {
                "a": "Moon",
                "applying": true,
                "b": "Mars",
                "orb": 4.589900092068717,
                "type": "conjunction"
              },
              {
                "a": "Sun",
                "applying": true,
                "b": "Jupiter",
                "orb": 4.909679467146134,
                "type": "square"
              },
              {
                "a": "Mercury",
                "applying": false,
                "b": "Jupiter",
                "orb": 6.604047650034914,
                "type": "trine"
              },
              {
                "a": "Jupiter",
                "applying": true,
                "b": "Uranus",
                "orb": 6.692303501522304,
                "type": "conjunction"
              }
            ],
            "bodies": [
              {
                "body": "Sun",
                "degree": 26.853499673267493,
                "lat": -0.0002674799915762154,
                "lon": 146.8534996732675,
                "retrograde": false,
                "sign": "leo",
                "speed": 0.9632543012105543
              },
              {
                "body": "Moon",
                "degree": 2.1731865537821022,
                "lat": -2.085788652782196,
                "lon": 92.1731865537821,
                "retrograde": false,
                "sign": "cancer",
                "speed": 12.814016741344858
              },
              {
                "body": "Mercury",
                "degree": 8.367226790448512,
                "lat": -0.6097064606116902,
                "lon": 128.3672267904485,
                "retrograde": false,
                "sign": "leo",
                "speed": 1.0337699008384789
              },
              {
                "body": "Venus",
                "degree": 14.852147763475955,
                "lat": -4.967353228907703,
                "lon": 104.85214776347595,
                "retrograde": false,
                "sign": "cancer",
                "speed": 0.6231930344177954
              },
              {
                "body": "Mars",
                "degree": 6.763086645850819,
                "lat": 0.42395273435891956,
                "lon": 96.76308664585082,
                "retrograde": false,
                "sign": "cancer",
                "speed": 0.6487559493298249
              },
              {
                "body": "Jupiter",
                "degree": 1.7631791404136266,
                "lat": 0.6097789916419953,
                "lon": 241.7631791404136,
                "retrograde": false,
                "sign": "sagittarius",
                "speed": 0.0660454484644788
              },
              {
                "body": "Saturn",
                "degree": 28.572600033175036,
                "lat": 0.8758413453238605,
                "lon": 268.57260003317504,
                "retrograde": true,
                "sign": "sagittarius",
                "speed": -0.021200087604483997
              },
              {
                "body": "Uranus",
                "degree": 8.455482641935873,
                "lat": 0.030693658564156793,
                "lon": 248.4554826419359,
                "retrograde": false,
                "sign": "sagittarius",
                "speed": 0.00224814826998454
              },
              {
                "body": "Neptune",
                "degree": 28.75185405169833,
                "lat": -1.2066939397311072,
                "lon": 88.75185405169833,
                "retrograde": false,
                "sign": "gemini",
                "speed": 0.022692224869047095
              },
              {
                "body": "Pluto",
                "degree": 17.556236712469,
                "lat": -9.364919538183694,
                "lon": 77.556236712469,
                "retrograde": false,
                "sign": "gemini",
                "speed": 0.009968717379820191
              },
              {
                "body": "North Node",
                "degree": 7.760445385111325,
                "lat": 0,
                "lon": 247.76044538511127,
                "retrograde": true,
                "sign": "sagittarius",
                "speed": -0.051602610680561156
              },
              {
                "body": "South Node",
                "degree": 7.760445385111268,
                "lat": 0,
                "lon": 67.76044538511127,
                "retrograde": true,
                "sign": "gemini",
                "speed": -0.051602610680561156
              }
            ],
            "houses": {
              "cusps": [
                129.8305442876433,
                161.57979317218155,
                194.53175240980434,
                225.74136784994926,
                254.18713455935801,
                281.399852103374,
                309.8305442876433,
                341.57979317218155,
                14.531752409804312,
                45.74136784994931,
                74.18713455935801,
                101.39985210337397
              ],
              "system": "placidus"
            }
          },
          "schema": "zodiacs.natal-envelope.draft-v1"
        },
        "sha256": "dde82ede2f81c18a53098ade176d214d8d79a5bd1c47255da2fa40c72da88180",
        "bytes": 4452,
        "before": {
          "calculations": 1,
          "created": [],
          "revoked": [],
          "storage": {
            "zodiacs.install.compute-count.v1": "1"
          }
        },
        "after": {
          "calculations": 1,
          "created": [
            "blob:https://zodiacs-4qqy7ml63-zodiacsofficial.vercel.app/16115db1-c262-4af0-8504-87dc6f1f4a56"
          ],
          "revoked": [
            "blob:https://zodiacs-4qqy7ml63-zodiacsofficial.vercel.app/16115db1-c262-4af0-8504-87dc6f1f4a56"
          ],
          "storage": {
            "zodiacs.install.compute-count.v1": "1"
          }
        },
        "requests": [
          {
            "method": "GET",
            "path": "/assets/zodiac-icons/48/leo.avif",
            "kind": "image",
            "source": "browser-preview"
          },
          {
            "method": "GET",
            "path": "/assets/zodiac-icons/48/cancer.avif",
            "kind": "image",
            "source": "browser-preview"
          }
        ]
      },
      "expectedInstant": "1900-08-20T09:00:12.000Z",
      "expectedShift": 0.2,
      "errors": [],
      "consoleErrors": [
        "Failed to load resource: net::ERR_FAILED"
      ],
      "external": [
        "https://plausible.io/js/pa-HwF2IBb5Sw8eboNPSOgHv.js"
      ]
    },
    {
      "name": "historical-Asia/Colombo",
      "status": "passed",
      "file": {
        "envelope": {
          "receipt": {
            "conventions": {
              "angles": "gast-and-mean-obliquity",
              "aspects": "major-aspects;sun-moon-eight-planets;no-nodes",
              "calendar": "proleptic-gregorian",
              "longitudeUnit": "degrees-[0,360)",
              "moonNodes": "instantaneous-geocentric-moon-orbit-plane",
              "moonPosition": "astronomy-engine-ecliptic-geo-moon",
              "planetPositions": "apparent-geocentric-ecliptic-of-date",
              "speed": "degrees-per-day;central-difference-plus-minus-0.25-day",
              "zodiac": "tropical"
            },
            "coordinates": {
              "latitude": -3.1,
              "longitude": -60.02
            },
            "coverage": {
              "angleExclusions": "exact-geographic-poles-and-ecliptic-horizon-coincidence",
              "assessment": "finite-reference-cases-only",
              "broadDateRange": "not-certified",
              "inputSyntax": "not-an-astronomical-accuracy-guarantee"
            },
            "engine": {
              "name": "@zodiacs/engine",
              "version": "0.1.1-rc.6"
            },
            "houses": {
              "absenceReason": null,
              "actual": "placidus",
              "requested": "placidus"
            },
            "inputFlags": [
              "dst-gap",
              "lmt"
            ],
            "instant": "1879-12-31T18:40:36.000Z",
            "localResolution": {
              "date": "1880-01-01",
              "gapShiftMinutes": 0.13333333333333333,
              "offsetMinutes": 319.53333333333336,
              "policy": {
                "fold": "earlier",
                "gap": "shift-forward"
              },
              "time": "00:00",
              "timeZone": "Asia/Colombo"
            },
            "provenance": null,
            "reference": "supplied-instant",
            "resultFlags": [
              "dst-gap",
              "lmt"
            ],
            "schema": "zodiacs.calculation-receipt.draft-v1",
            "sourceInstant": null,
            "timeKnown": true
          },
          "requiredFeatures": [],
          "result": {
            "angles": {
              "asc": 51.360765740040506,
              "dsc": 231.3607657400405,
              "ic": 137.49674181902986,
              "mc": 317.49674181902986
            },
            "aspects": [
              {
                "a": "Jupiter",
                "applying": false,
                "b": "Uranus",
                "orb": 0.14015506681607803,
                "type": "opposition"
              },
              {
                "a": "Jupiter",
                "applying": true,
                "b": "Neptune",
                "orb": 0.34907078771948363,
                "type": "sextile"
              },
              {
                "a": "Moon",
                "applying": false,
                "b": "Mars",
                "orb": 0.4053202019480864,
                "type": "square"
              },
              {
                "a": "Sun",
                "applying": false,
                "b": "Neptune",
                "orb": 0.41008711938536635,
                "type": "trine"
              },
              {
                "a": "Sun",
                "applying": false,
                "b": "Saturn",
                "orb": 0.4659613906399045,
                "type": "square"
              },
              {
                "a": "Uranus",
                "applying": false,
                "b": "Neptune",
                "orb": 0.48922585453567535,
                "type": "trine"
              },
              {
                "a": "Sun",
                "applying": false,
                "b": "Jupiter",
                "orb": 0.7591579071049068,
                "type": "sextile"
              },
              {
                "a": "Venus",
                "applying": true,
                "b": "Pluto",
                "orb": 0.8233949068896891,
                "type": "opposition"
              },
              {
                "a": "Sun",
                "applying": false,
                "b": "Uranus",
                "orb": 0.8993129739210417,
                "type": "trine"
              },
              {
                "a": "Moon",
                "applying": true,
                "b": "Mercury",
                "orb": 2.4409969057717262,
                "type": "trine"
              },
              {
                "a": "Sun",
                "applying": true,
                "b": "Mars",
                "orb": 4.715645834053248,
                "type": "trine"
              },
              {
                "a": "Mars",
                "applying": false,
                "b": "Neptune",
                "orb": 5.125732953438558,
                "type": "conjunction"
              },
              {
                "a": "Moon",
                "applying": false,
                "b": "Neptune",
                "orb": 5.531053155386644,
                "type": "square"
              },
              {
                "a": "Moon",
                "applying": false,
                "b": "Saturn",
                "orb": 5.586927426641239,
                "type": "trine"
              },
              {
                "a": "Mars",
                "applying": false,
                "b": "Uranus",
                "orb": 5.614958807974233,
                "type": "trine"
              }
            ],
            "bodies": [
              {
                "body": "Sun",
                "degree": 9.77569544607536,
                "lat": -0.0002074425237224559,
                "lon": 279.77569544607536,
                "retrograde": false,
                "sign": "capricorn",
                "speed": 1.0191034801282512
              },
              {
                "body": "Moon",
                "degree": 14.896661482076638,
                "lat": -2.599965314148807,
                "lon": 134.89666148207664,
                "retrograde": false,
                "sign": "leo",
                "speed": 12.633666350626527
              },
              {
                "body": "Mercury",
                "degree": 17.337658387848364,
                "lat": 1.698120276724513,
                "lon": 257.33765838784836,
                "retrograde": false,
                "sign": "sagittarius",
                "speed": 1.092862001971639
              },
              {
                "body": "Venus",
                "degree": 24.89217001760926,
                "lat": 2.752045396201709,
                "lon": 234.89217001760926,
                "retrograde": false,
                "sign": "scorpio",
                "speed": 1.1414803135948546
              },
              {
                "body": "Mars",
                "degree": 14.491341280128552,
                "lat": 1.7501497957296668,
                "lon": 44.49134128012855,
                "retrograde": false,
                "sign": "taurus",
                "speed": 0.1816965224886644
              },
              {
                "body": "Jupiter",
                "degree": 9.016537538970397,
                "lat": -1.1308056431980698,
                "lon": 339.01653753897045,
                "retrograde": false,
                "sign": "pisces",
                "speed": 0.17713403998334343
              },
              {
                "body": "Saturn",
                "degree": 9.3097340554354,
                "lat": -2.483093296664346,
                "lon": 9.3097340554354,
                "retrograde": false,
                "sign": "aries",
                "speed": 0.035141730742907384
              },
              {
                "body": "Uranus",
                "degree": 8.876382472154319,
                "lat": 0.7878986517210825,
                "lon": 158.87638247215432,
                "retrograde": true,
                "sign": "virgo",
                "speed": -0.015598789550949732
              },
              {
                "body": "Neptune",
                "degree": 9.365608326689994,
                "lat": -1.811384188305382,
                "lon": 39.365608326689994,
                "retrograde": true,
                "sign": "taurus",
                "speed": -0.010716180808231002
              },
              {
                "body": "Pluto",
                "degree": 25.715564924499006,
                "lat": -13.891818172348316,
                "lon": 55.715564924499006,
                "retrograde": true,
                "sign": "taurus",
                "speed": -0.012821420749332901
              },
              {
                "body": "North Node",
                "degree": 15.542208260207417,
                "lat": 0,
                "lon": 285.5422082602075,
                "retrograde": false,
                "sign": "capricorn",
                "speed": 0.009394974967108283
              },
              {
                "body": "South Node",
                "degree": 15.542208260207474,
                "lat": 0,
                "lon": 105.54220826020747,
                "retrograde": false,
                "sign": "cancer",
                "speed": 0.009394974967108283
              }
            ],
            "houses": {
              "cusps": [
                51.360765740040506,
                79.94876719915993,
                108.01810298857453,
                137.49674181902986,
                169.14543763468328,
                201.26100268009031,
                231.3607657400405,
                259.9487671991599,
                288.0181029885746,
                317.49674181902986,
                349.1454376346833,
                21.26100268009037
              ],
              "system": "placidus"
            }
          },
          "schema": "zodiacs.natal-envelope.draft-v1"
        },
        "sha256": "9a24249db9c87e6558b3719a70e8d38ed71eb183a25abbcdd21570c6fd14ec74",
        "bytes": 4895,
        "before": {
          "calculations": 1,
          "created": [],
          "revoked": [],
          "storage": {
            "zodiacs.install.compute-count.v1": "1"
          }
        },
        "after": {
          "calculations": 1,
          "created": [
            "blob:https://zodiacs-4qqy7ml63-zodiacsofficial.vercel.app/054c9476-894e-43fe-bc90-00bc9b822124"
          ],
          "revoked": [
            "blob:https://zodiacs-4qqy7ml63-zodiacsofficial.vercel.app/054c9476-894e-43fe-bc90-00bc9b822124"
          ],
          "storage": {
            "zodiacs.install.compute-count.v1": "1"
          }
        },
        "requests": [
          {
            "method": "GET",
            "path": "/assets/zodiac-icons/48/sagittarius.avif",
            "kind": "image",
            "source": "browser-preview"
          },
          {
            "method": "GET",
            "path": "/assets/zodiac-icons/48/leo.avif",
            "kind": "image",
            "source": "browser-preview"
          },
          {
            "method": "GET",
            "path": "/assets/zodiac-icons/48/taurus.avif",
            "kind": "image",
            "source": "browser-preview"
          }
        ]
      },
      "expectedInstant": "1879-12-31T18:40:36.000Z",
      "expectedShift": 0.13333333333333333,
      "errors": [],
      "consoleErrors": [
        "Failed to load resource: net::ERR_FAILED"
      ],
      "external": [
        "https://plausible.io/js/pa-HwF2IBb5Sw8eboNPSOgHv.js"
      ]
    },
    {
      "name": "historical-Asia/Tbilisi",
      "status": "passed",
      "file": {
        "envelope": {
          "receipt": {
            "conventions": {
              "angles": "gast-and-mean-obliquity",
              "aspects": "major-aspects;sun-moon-eight-planets;no-nodes",
              "calendar": "proleptic-gregorian",
              "longitudeUnit": "degrees-[0,360)",
              "moonNodes": "instantaneous-geocentric-moon-orbit-plane",
              "moonPosition": "astronomy-engine-ecliptic-geo-moon",
              "planetPositions": "apparent-geocentric-ecliptic-of-date",
              "speed": "degrees-per-day;central-difference-plus-minus-0.25-day",
              "zodiac": "tropical"
            },
            "coordinates": {
              "latitude": -3.1,
              "longitude": -60.02
            },
            "coverage": {
              "angleExclusions": "exact-geographic-poles-and-ecliptic-horizon-coincidence",
              "assessment": "finite-reference-cases-only",
              "broadDateRange": "not-certified",
              "inputSyntax": "not-an-astronomical-accuracy-guarantee"
            },
            "engine": {
              "name": "@zodiacs/engine",
              "version": "0.1.1-rc.6"
            },
            "houses": {
              "absenceReason": null,
              "actual": "placidus",
              "requested": "placidus"
            },
            "inputFlags": [
              "dst-gap"
            ],
            "instant": "1924-05-01T21:00:49.000Z",
            "localResolution": {
              "date": "1924-05-02",
              "gapShiftMinutes": 0.8166666666666667,
              "offsetMinutes": 180,
              "policy": {
                "fold": "earlier",
                "gap": "shift-forward"
              },
              "time": "00:00",
              "timeZone": "Asia/Tbilisi"
            },
            "provenance": null,
            "reference": "supplied-instant",
            "resultFlags": [
              "dst-gap"
            ],
            "schema": "zodiacs.calculation-receipt.draft-v1",
            "sourceInstant": null,
            "timeKnown": true
          },
          "requiredFeatures": [],
          "result": {
            "angles": {
              "asc": 207.2230848796752,
              "dsc": 27.223084879675184,
              "ic": 292.8691604823648,
              "mc": 112.86916048236475
            },
            "aspects": [
              {
                "a": "Mercury",
                "applying": true,
                "b": "Uranus",
                "orb": 0.13032195731221918,
                "type": "sextile"
              },
              {
                "a": "Moon",
                "applying": false,
                "b": "Neptune",
                "orb": 0.48841679929756765,
                "type": "trine"
              },
              {
                "a": "Sun",
                "applying": false,
                "b": "Pluto",
                "orb": 0.6626466150689794,
                "type": "sextile"
              },
              {
                "a": "Moon",
                "applying": true,
                "b": "Jupiter",
                "orb": 0.8033954749079726,
                "type": "trine"
              },
              {
                "a": "Jupiter",
                "applying": true,
                "b": "Neptune",
                "orb": 1.2918122742055402,
                "type": "trine"
              },
              {
                "a": "Jupiter",
                "applying": false,
                "b": "Uranus",
                "orb": 1.4299756622219775,
                "type": "square"
              },
              {
                "a": "Venus",
                "applying": true,
                "b": "Saturn",
                "orb": 1.708773777470526,
                "type": "trine"
              },
              {
                "a": "Mercury",
                "applying": true,
                "b": "Neptune",
                "orb": 2.852109893739737,
                "type": "square"
              },
              {
                "a": "Venus",
                "applying": false,
                "b": "Uranus",
                "orb": 6.051242540671126,
                "type": "square"
              },
              {
                "a": "Mars",
                "applying": false,
                "b": "Saturn",
                "orb": 6.105953186506497,
                "type": "square"
              },
              {
                "a": "Sun",
                "applying": true,
                "b": "Neptune",
                "orb": 6.408451782274881,
                "type": "square"
              },
              {
                "a": "Sun",
                "applying": false,
                "b": "Mars",
                "orb": 7.003790776649453,
                "type": "square"
              },
              {
                "a": "Venus",
                "applying": false,
                "b": "Jupiter",
                "orb": 7.481218202893103,
                "type": "opposition"
              },
              {
                "a": "Moon",
                "applying": false,
                "b": "Pluto",
                "orb": 7.559515196641428,
                "type": "square"
              },
              {
                "a": "Sun",
                "applying": true,
                "b": "Mercury",
                "orb": 9.260561676014618,
                "type": "conjunction"
              },
              {
                "a": "Moon",
                "applying": true,
                "b": "Saturn",
                "orb": 9.993387455271602,
                "type": "opposition"
              }
            ],
            "bodies": [
              {
                "body": "Sun",
                "degree": 11.187042672138318,
                "lat": -0.00012804805279329222,
                "lon": 41.18704267213832,
                "retrograde": false,
                "sign": "taurus",
                "speed": 0.9701348452373395
              },
              {
                "body": "Moon",
                "degree": 18.083911253710767,
                "lat": -3.7707354272875793,
                "lon": 18.083911253710767,
                "retrograde": false,
                "sign": "aries",
                "speed": 12.172579159090333
              },
              {
                "body": "Mercury",
                "degree": 20.447604348152936,
                "lat": 1.6604525853364807,
                "lon": 50.447604348152936,
                "retrograde": true,
                "sign": "taurus",
                "speed": -0.37745705879160596
              },
              {
                "body": "Venus",
                "degree": 26.368524931511843,
                "lat": 3.6896936287851,
                "lon": 86.36852493151184,
                "retrograde": false,
                "sign": "gemini",
                "speed": 0.8872111601233428
              },
              {
                "body": "Mars",
                "degree": 4.183251895488866,
                "lat": -1.5239182527927697,
                "lon": 304.18325189548887,
                "retrograde": false,
                "sign": "aquarius",
                "speed": 0.5732592891295099
              },
              {
                "body": "Jupiter",
                "degree": 18.887306728618796,
                "lat": 0.714861303199393,
                "lon": 258.88730672861874,
                "retrograde": true,
                "sign": "sagittarius",
                "speed": -0.07652502665064276
              },
              {
                "body": "Saturn",
                "degree": 28.077298708982426,
                "lat": 2.7532766321876196,
                "lon": 208.07729870898237,
                "retrograde": true,
                "sign": "libra",
                "speed": -0.07341086302034228
              },
              {
                "body": "Uranus",
                "degree": 20.317282390840774,
                "lat": -0.7456248370987304,
                "lon": 350.3172823908407,
                "retrograde": false,
                "sign": "pisces",
                "speed": 0.0407693175922077
              },
              {
                "body": "Neptune",
                "degree": 17.5954944544132,
                "lat": 0.2664435570914558,
                "lon": 137.5954944544132,
                "retrograde": false,
                "sign": "leo",
                "speed": 0.0017759773372745258
              },
              {
                "body": "Pluto",
                "degree": 10.524396057069339,
                "lat": -2.3078311800636353,
                "lon": 100.52439605706934,
                "retrograde": false,
                "sign": "cancer",
                "speed": 0.014315471246277411
              },
              {
                "body": "North Node",
                "degree": 29.596286000563452,
                "lat": 0,
                "lon": 149.59628600056345,
                "retrograde": true,
                "sign": "leo",
                "speed": -0.15344095733405538
              },
              {
                "body": "South Node",
                "degree": 29.596286000563396,
                "lat": 0,
                "lon": 329.5962860005634,
                "retrograde": true,
                "sign": "aquarius",
                "speed": -0.15344095733405538
              }
            ],
            "houses": {
              "cusps": [
                207.2230848796752,
                237.69965172166792,
                265.5376183921693,
                292.8691604823648,
                322.06272320367214,
                354.124050528158,
                27.223084879675184,
                57.69965172166792,
                85.53761839216929,
                112.86916048236475,
                142.06272320367214,
                174.12405052815802
              ],
              "system": "placidus"
            }
          },
          "schema": "zodiacs.natal-envelope.draft-v1"
        },
        "sha256": "eb44f66513b49080a92f6720e60c82220d9e91e208ddd5f526ed3c1cd2871b32",
        "bytes": 4948,
        "before": {
          "calculations": 1,
          "created": [],
          "revoked": [],
          "storage": {
            "zodiacs.install.compute-count.v1": "1"
          }
        },
        "after": {
          "calculations": 1,
          "created": [
            "blob:https://zodiacs-4qqy7ml63-zodiacsofficial.vercel.app/c19d7e8b-cb43-4eed-a49f-a2e98d86788f"
          ],
          "revoked": [
            "blob:https://zodiacs-4qqy7ml63-zodiacsofficial.vercel.app/c19d7e8b-cb43-4eed-a49f-a2e98d86788f"
          ],
          "storage": {
            "zodiacs.install.compute-count.v1": "1"
          }
        },
        "requests": [
          {
            "method": "GET",
            "path": "/assets/zodiac-icons/48/taurus.avif",
            "kind": "image",
            "source": "browser-preview"
          },
          {
            "method": "GET",
            "path": "/assets/zodiac-icons/48/aries.avif",
            "kind": "image",
            "source": "browser-preview"
          },
          {
            "method": "GET",
            "path": "/assets/zodiac-icons/48/aquarius.avif",
            "kind": "image",
            "source": "browser-preview"
          },
          {
            "method": "GET",
            "path": "/assets/zodiac-icons/48/libra.avif",
            "kind": "image",
            "source": "browser-preview"
          }
        ]
      },
      "expectedInstant": "1924-05-01T21:00:49.000Z",
      "expectedShift": 0.8166666666666667,
      "errors": [],
      "consoleErrors": [
        "Failed to load resource: net::ERR_FAILED"
      ],
      "external": [
        "https://plausible.io/js/pa-HwF2IBb5Sw8eboNPSOgHv.js"
      ]
    },
    {
      "name": "historical-Brazil/West",
      "status": "passed",
      "file": {
        "envelope": {
          "receipt": {
            "conventions": {
              "angles": "gast-and-mean-obliquity",
              "aspects": "major-aspects;sun-moon-eight-planets;no-nodes",
              "calendar": "proleptic-gregorian",
              "longitudeUnit": "degrees-[0,360)",
              "moonNodes": "instantaneous-geocentric-moon-orbit-plane",
              "moonPosition": "astronomy-engine-ecliptic-geo-moon",
              "planetPositions": "apparent-geocentric-ecliptic-of-date",
              "speed": "degrees-per-day;central-difference-plus-minus-0.25-day",
              "zodiac": "tropical"
            },
            "coordinates": {
              "latitude": -3.1,
              "longitude": -60.02
            },
            "coverage": {
              "angleExclusions": "exact-geographic-poles-and-ecliptic-horizon-coincidence",
              "assessment": "finite-reference-cases-only",
              "broadDateRange": "not-certified",
              "inputSyntax": "not-an-astronomical-accuracy-guarantee"
            },
            "engine": {
              "name": "@zodiacs/engine",
              "version": "0.1.1-rc.6"
            },
            "houses": {
              "absenceReason": null,
              "actual": "placidus",
              "requested": "placidus"
            },
            "inputFlags": [
              "dst-gap"
            ],
            "instant": "1914-01-01T04:00:04.000Z",
            "localResolution": {
              "date": "1914-01-01",
              "gapShiftMinutes": 0.06666666666666667,
              "offsetMinutes": -240,
              "policy": {
                "fold": "earlier",
                "gap": "shift-forward"
              },
              "time": "00:00",
              "timeZone": "Brazil/West"
            },
            "provenance": null,
            "reference": "supplied-instant",
            "resultFlags": [
              "dst-gap"
            ],
            "schema": "zodiacs.calculation-receipt.draft-v1",
            "sourceInstant": null,
            "timeKnown": true
          },
          "requiredFeatures": [],
          "result": {
            "angles": {
              "asc": 191.09544763569377,
              "dsc": 11.095447635693745,
              "ic": 279.1525606501997,
              "mc": 99.15256065019969
            },
            "aspects": [
              {
                "a": "Venus",
                "applying": false,
                "b": "Pluto",
                "orb": 0.0038399027498599025,
                "type": "opposition"
              },
              {
                "a": "Jupiter",
                "applying": true,
                "b": "Neptune",
                "orb": 2.1078715162897197,
                "type": "opposition"
              },
              {
                "a": "Moon",
                "applying": false,
                "b": "Venus",
                "orb": 3.294187233333332,
                "type": "sextile"
              },
              {
                "a": "Moon",
                "applying": false,
                "b": "Pluto",
                "orb": 3.298027136083192,
                "type": "trine"
              },
              {
                "a": "Mercury",
                "applying": true,
                "b": "Pluto",
                "orb": 3.91210816769717,
                "type": "opposition"
              },
              {
                "a": "Mercury",
                "applying": true,
                "b": "Venus",
                "orb": 3.915948070446973,
                "type": "conjunction"
              },
              {
                "a": "Sun",
                "applying": true,
                "b": "Mars",
                "orb": 6.536707619283106,
                "type": "opposition"
              },
              {
                "a": "Saturn",
                "applying": true,
                "b": "Uranus",
                "orb": 6.720568200866694,
                "type": "trine"
              },
              {
                "a": "Sun",
                "applying": true,
                "b": "Venus",
                "orb": 9.989549659899694,
                "type": "conjunction"
              },
              {
                "a": "Sun",
                "applying": false,
                "b": "Pluto",
                "orb": 9.993389562649554,
                "type": "opposition"
              }
            ],
            "bodies": [
              {
                "body": "Sun",
                "degree": 9.915011525707769,
                "lat": -0.00015577210511528267,
                "lon": 279.91501152570777,
                "retrograde": false,
                "sign": "capricorn",
                "speed": 1.0196069052316261
              },
              {
                "body": "Moon",
                "degree": 3.2196490991414066,
                "lat": -1.22644635467208,
                "lon": 333.2196490991414,
                "retrograde": false,
                "sign": "pisces",
                "speed": 12.097774449737926
              },
              {
                "body": "Mercury",
                "degree": 26.009513795361045,
                "lat": -0.320717523281914,
                "lon": 266.0095137953611,
                "retrograde": false,
                "sign": "sagittarius",
                "speed": 1.5030762581002364
              },
              {
                "body": "Venus",
                "degree": 29.925461865808074,
                "lat": -0.011288853141455878,
                "lon": 269.9254618658081,
                "retrograde": false,
                "sign": "sagittarius",
                "speed": 1.2576883932088094
              },
              {
                "body": "Mars",
                "degree": 16.451719144990932,
                "lat": 3.8340023838028823,
                "lon": 106.45171914499093,
                "retrograde": true,
                "sign": "cancer",
                "speed": -0.3963841439239104
              },
              {
                "body": "Jupiter",
                "degree": 25.2016422876942,
                "lat": -0.35008312902395866,
                "lon": 295.2016422876942,
                "retrograde": false,
                "sign": "capricorn",
                "speed": 0.23136275764636594
              },
              {
                "body": "Saturn",
                "degree": 12.749645471384838,
                "lat": -1.6727147017145179,
                "lon": 72.74964547138484,
                "retrograde": true,
                "sign": "gemini",
                "speed": -0.06829721952146883
              },
              {
                "body": "Uranus",
                "degree": 6.029077270518201,
                "lat": -0.5978529402317925,
                "lon": 306.02907727051814,
                "retrograde": false,
                "sign": "aquarius",
                "speed": 0.05396809002934333
              },
              {
                "body": "Neptune",
                "degree": 27.30951380398392,
                "lat": -0.44691983470744756,
                "lon": 117.30951380398392,
                "retrograde": true,
                "sign": "cancer",
                "speed": -0.026677717617531016
              },
              {
                "body": "Pluto",
                "degree": 29.921621963058215,
                "lat": -5.864976684703688,
                "lon": 89.92162196305821,
                "retrograde": true,
                "sign": "gemini",
                "speed": -0.0197090842691523
              },
              {
                "body": "North Node",
                "degree": 17.170400515219853,
                "lat": 0,
                "lon": 347.17040051521985,
                "retrograde": true,
                "sign": "pisces",
                "speed": -0.033640844002206904
              },
              {
                "body": "South Node",
                "degree": 17.170400515219853,
                "lat": 0,
                "lon": 167.17040051521985,
                "retrograde": true,
                "sign": "virgo",
                "speed": -0.033640844002206904
              }
            ],
            "houses": {
              "cusps": [
                191.09544763569377,
                222.99728062598268,
                251.89369056271926,
                279.1525606501997,
                307.21121225992897,
                337.9852438116974,
                11.095447635693745,
                42.99728062598268,
                71.89369056271926,
                99.15256065019969,
                127.21121225992891,
                157.9852438116974
              ],
              "system": "placidus"
            }
          },
          "schema": "zodiacs.natal-envelope.draft-v1"
        },
        "sha256": "ed518ff1be66fa0331446605a456036d6752171f61e198811f2c274a52f0e316",
        "bytes": 4475,
        "before": {
          "calculations": 1,
          "created": [],
          "revoked": [],
          "storage": {
            "zodiacs.install.compute-count.v1": "1"
          }
        },
        "after": {
          "calculations": 1,
          "created": [
            "blob:https://zodiacs-4qqy7ml63-zodiacsofficial.vercel.app/2ce8fe7d-2b44-44f4-912e-e579a7bd18e1"
          ],
          "revoked": [
            "blob:https://zodiacs-4qqy7ml63-zodiacsofficial.vercel.app/2ce8fe7d-2b44-44f4-912e-e579a7bd18e1"
          ],
          "storage": {
            "zodiacs.install.compute-count.v1": "1"
          }
        },
        "requests": [
          {
            "method": "GET",
            "path": "/assets/zodiac-icons/48/libra.avif",
            "kind": "image",
            "source": "browser-preview"
          },
          {
            "method": "GET",
            "path": "/assets/zodiac-icons/48/sagittarius.avif",
            "kind": "image",
            "source": "browser-preview"
          },
          {
            "method": "GET",
            "path": "/assets/zodiac-icons/48/pisces.avif",
            "kind": "image",
            "source": "browser-preview"
          },
          {
            "method": "GET",
            "path": "/assets/zodiac-icons/48/cancer.avif",
            "kind": "image",
            "source": "browser-preview"
          }
        ]
      },
      "expectedInstant": "1914-01-01T04:00:04.000Z",
      "expectedShift": 0.06666666666666667,
      "errors": [],
      "consoleErrors": [
        "Failed to load resource: net::ERR_FAILED"
      ],
      "external": [
        "https://plausible.io/js/pa-HwF2IBb5Sw8eboNPSOgHv.js"
      ]
    },
    {
      "name": "historical-Canada/Newfoundland",
      "status": "passed",
      "file": {
        "envelope": {
          "receipt": {
            "conventions": {
              "angles": "gast-and-mean-obliquity",
              "aspects": "major-aspects;sun-moon-eight-planets;no-nodes",
              "calendar": "proleptic-gregorian",
              "longitudeUnit": "degrees-[0,360)",
              "moonNodes": "instantaneous-geocentric-moon-orbit-plane",
              "moonPosition": "astronomy-engine-ecliptic-geo-moon",
              "planetPositions": "apparent-geocentric-ecliptic-of-date",
              "speed": "degrees-per-day;central-difference-plus-minus-0.25-day",
              "zodiac": "tropical"
            },
            "coordinates": {
              "latitude": -3.1,
              "longitude": -60.02
            },
            "coverage": {
              "angleExclusions": "exact-geographic-poles-and-ecliptic-horizon-coincidence",
              "assessment": "finite-reference-cases-only",
              "broadDateRange": "not-certified",
              "inputSyntax": "not-an-astronomical-accuracy-guarantee"
            },
            "engine": {
              "name": "@zodiacs/engine",
              "version": "0.1.1-rc.6"
            },
            "houses": {
              "absenceReason": null,
              "actual": "placidus",
              "requested": "placidus"
            },
            "inputFlags": [
              "dst-gap"
            ],
            "instant": "1935-03-30T03:30:52.000Z",
            "localResolution": {
              "date": "1935-03-30",
              "gapShiftMinutes": 0.8666666666666667,
              "offsetMinutes": -210,
              "policy": {
                "fold": "earlier",
                "gap": "shift-forward"
              },
              "time": "00:00",
              "timeZone": "Canada/Newfoundland"
            },
            "provenance": null,
            "reference": "supplied-instant",
            "resultFlags": [
              "dst-gap"
            ],
            "schema": "zodiacs.calculation-receipt.draft-v1",
            "sourceInstant": null,
            "timeKnown": true
          },
          "requiredFeatures": [],
          "result": {
            "angles": {
              "asc": 270.5886443940751,
              "dsc": 90.58864439407512,
              "ic": 359.2323305134229,
              "mc": 179.23233051342288
            },
            "aspects": [
              {
                "a": "Sun",
                "applying": true,
                "b": "Moon",
                "orb": 0.2631449717632677,
                "type": "sextile"
              },
              {
                "a": "Moon",
                "applying": true,
                "b": "Venus",
                "orb": 1.1191839754000057,
                "type": "square"
              },
              {
                "a": "Jupiter",
                "applying": false,
                "b": "Pluto",
                "orb": 1.1707583167143412,
                "type": "trine"
              },
              {
                "a": "Mercury",
                "applying": false,
                "b": "Neptune",
                "orb": 2.1660512137273145,
                "type": "opposition"
              },
              {
                "a": "Venus",
                "applying": true,
                "b": "Neptune",
                "orb": 3.1705579255416296,
                "type": "trine"
              },
              {
                "a": "Mars",
                "applying": false,
                "b": "Pluto",
                "orb": 5.038024405176202,
                "type": "square"
              },
              {
                "a": "Uranus",
                "applying": false,
                "b": "Pluto",
                "orb": 6.260829740907127,
                "type": "square"
              },
              {
                "a": "Saturn",
                "applying": true,
                "b": "Neptune",
                "orb": 7.416566955840153,
                "type": "opposition"
              }
            ],
            "bodies": [
              {
                "body": "Sun",
                "degree": 8.509163113419163,
                "lat": -0.00010181092543964082,
                "lon": 8.509163113419163,
                "retrograde": false,
                "sign": "aries",
                "speed": 0.9881877936703631
              },
              {
                "body": "Moon",
                "degree": 8.246018141655895,
                "lat": 0.8604317900551937,
                "lon": 308.2460181416559,
                "retrograde": false,
                "sign": "aquarius",
                "speed": 14.405248200655478
              },
              {
                "body": "Mercury",
                "degree": 14.701811256324845,
                "lat": -2.3091319228069933,
                "lon": 344.70181125632485,
                "retrograde": false,
                "sign": "pisces",
                "speed": 1.4678904903382772
              },
              {
                "body": "Venus",
                "degree": 9.365202117055901,
                "lat": 0.2696404423695033,
                "lon": 39.3652021170559,
                "retrograde": false,
                "sign": "taurus",
                "speed": 1.2111478863917
              },
              {
                "body": "Mars",
                "degree": 18.811945168921852,
                "lat": 2.814878179102283,
                "lon": 198.81194516892182,
                "retrograde": true,
                "sign": "libra",
                "speed": -0.3527030551105099
              },
              {
                "body": "Jupiter",
                "degree": 22.6792112573836,
                "lat": 1.2391411375548744,
                "lon": 232.67921125738363,
                "retrograde": true,
                "sign": "scorpio",
                "speed": -0.06084318509857667
              },
              {
                "body": "Saturn",
                "degree": 5.119193086757377,
                "lat": -1.4386193543806856,
                "lon": 335.1191930867574,
                "retrograde": false,
                "sign": "pisces",
                "speed": 0.10819079414295629
              },
              {
                "body": "Uranus",
                "degree": 0.1107993150051243,
                "lat": -0.4985261777716088,
                "lon": 30.110799315005124,
                "retrograde": false,
                "sign": "taurus",
                "speed": 0.05430951578682652
              },
              {
                "body": "Neptune",
                "degree": 12.53576004259753,
                "lat": 0.9797635538084207,
                "lon": 162.53576004259753,
                "retrograde": true,
                "sign": "virgo",
                "speed": -0.024438901709345373
              },
              {
                "body": "Pluto",
                "degree": 23.849969574097997,
                "lat": 1.793504649059224,
                "lon": 113.849969574098,
                "retrograde": true,
                "sign": "cancer",
                "speed": -0.0034632307501851756
              },
              {
                "body": "North Node",
                "degree": 28.489683323734994,
                "lat": 0,
                "lon": 298.489683323735,
                "retrograde": true,
                "sign": "capricorn",
                "speed": -0.016188517284490445
              },
              {
                "body": "South Node",
                "degree": 28.489683323734994,
                "lat": 0,
                "lon": 118.489683323735,
                "retrograde": true,
                "sign": "cancer",
                "speed": -0.016188517284490445
              }
            ],
            "houses": {
              "cusps": [
                270.5886443940751,
                297.97805322230033,
                327.32110560799765,
                359.2323305134229,
                31.67948437842108,
                62.161048644369146,
                90.58864439407512,
                117.97805322230033,
                147.32110560799765,
                179.23233051342288,
                211.67948437842105,
                242.16104864436915
              ],
              "system": "placidus"
            }
          },
          "schema": "zodiacs.natal-envelope.draft-v1"
        },
        "sha256": "9e1e85edfec80149aaf67b6d59f676b6437793278e879b919c22f6d5364e12bd",
        "bytes": 4276,
        "before": {
          "calculations": 1,
          "created": [],
          "revoked": [],
          "storage": {
            "zodiacs.install.compute-count.v1": "1"
          }
        },
        "after": {
          "calculations": 1,
          "created": [
            "blob:https://zodiacs-4qqy7ml63-zodiacsofficial.vercel.app/fc4d6f24-ef27-44dd-b699-2eae33044ee2"
          ],
          "revoked": [
            "blob:https://zodiacs-4qqy7ml63-zodiacsofficial.vercel.app/fc4d6f24-ef27-44dd-b699-2eae33044ee2"
          ],
          "storage": {
            "zodiacs.install.compute-count.v1": "1"
          }
        },
        "requests": [
          {
            "method": "GET",
            "path": "/assets/zodiac-icons/48/capricorn.avif",
            "kind": "image",
            "source": "browser-preview"
          },
          {
            "method": "GET",
            "path": "/assets/zodiac-icons/48/pisces.avif",
            "kind": "image",
            "source": "browser-preview"
          },
          {
            "method": "GET",
            "path": "/assets/zodiac-icons/48/aquarius.avif",
            "kind": "image",
            "source": "browser-preview"
          },
          {
            "method": "GET",
            "path": "/assets/zodiac-icons/48/libra.avif",
            "kind": "image",
            "source": "browser-preview"
          }
        ]
      },
      "expectedInstant": "1935-03-30T03:30:52.000Z",
      "expectedShift": 0.8666666666666667,
      "errors": [],
      "consoleErrors": [
        "Failed to load resource: net::ERR_FAILED"
      ],
      "external": [
        "https://plausible.io/js/pa-HwF2IBb5Sw8eboNPSOgHv.js"
      ]
    },
    {
      "name": "historical-Canada/Yukon",
      "status": "passed",
      "file": {
        "envelope": {
          "receipt": {
            "conventions": {
              "angles": "gast-and-mean-obliquity",
              "aspects": "major-aspects;sun-moon-eight-planets;no-nodes",
              "calendar": "proleptic-gregorian",
              "longitudeUnit": "degrees-[0,360)",
              "moonNodes": "instantaneous-geocentric-moon-orbit-plane",
              "moonPosition": "astronomy-engine-ecliptic-geo-moon",
              "planetPositions": "apparent-geocentric-ecliptic-of-date",
              "speed": "degrees-per-day;central-difference-plus-minus-0.25-day",
              "zodiac": "tropical"
            },
            "coordinates": {
              "latitude": -3.1,
              "longitude": -60.02
            },
            "coverage": {
              "angleExclusions": "exact-geographic-poles-and-ecliptic-horizon-coincidence",
              "assessment": "finite-reference-cases-only",
              "broadDateRange": "not-certified",
              "inputSyntax": "not-an-astronomical-accuracy-guarantee"
            },
            "engine": {
              "name": "@zodiacs/engine",
              "version": "0.1.1-rc.6"
            },
            "houses": {
              "absenceReason": null,
              "actual": "placidus",
              "requested": "placidus"
            },
            "inputFlags": [
              "dst-gap"
            ],
            "instant": "1900-08-20T09:00:12.000Z",
            "localResolution": {
              "date": "1900-08-20",
              "gapShiftMinutes": 0.2,
              "offsetMinutes": -540,
              "policy": {
                "fold": "earlier",
                "gap": "shift-forward"
              },
              "time": "00:00",
              "timeZone": "Canada/Yukon"
            },
            "provenance": null,
            "reference": "supplied-instant",
            "resultFlags": [
              "dst-gap"
            ],
            "schema": "zodiacs.calculation-receipt.draft-v1",
            "sourceInstant": null,
            "timeKnown": true
          },
          "requiredFeatures": [],
          "result": {
            "angles": {
              "asc": 129.8305442876433,
              "dsc": 309.8305442876433,
              "ic": 225.74136784994926,
              "mc": 45.74136784994931
            },
            "aspects": [
              {
                "a": "Mercury",
                "applying": true,
                "b": "Uranus",
                "orb": 0.08825585148738924,
                "type": "trine"
              },
              {
                "a": "Saturn",
                "applying": false,
                "b": "Neptune",
                "orb": 0.179254018523352,
                "type": "opposition"
              },
              {
                "a": "Sun",
                "applying": true,
                "b": "Saturn",
                "orb": 1.719100359907543,
                "type": "trine"
              },
              {
                "a": "Sun",
                "applying": true,
                "b": "Neptune",
                "orb": 1.898354378430838,
                "type": "sextile"
              },
              {
                "a": "Moon",
                "applying": false,
                "b": "Neptune",
                "orb": 3.4213325020837715,
                "type": "conjunction"
              },
              {
                "a": "Moon",
                "applying": false,
                "b": "Saturn",
                "orb": 3.6005865206070666,
                "type": "opposition"
              },
              {
                "a": "Moon",
                "applying": true,
                "b": "Mars",
                "orb": 4.589900092068717,
                "type": "conjunction"
              },
              {
                "a": "Sun",
                "applying": true,
                "b": "Jupiter",
                "orb": 4.909679467146134,
                "type": "square"
              },
              {
                "a": "Mercury",
                "applying": false,
                "b": "Jupiter",
                "orb": 6.604047650034914,
                "type": "trine"
              },
              {
                "a": "Jupiter",
                "applying": true,
                "b": "Uranus",
                "orb": 6.692303501522304,
                "type": "conjunction"
              }
            ],
            "bodies": [
              {
                "body": "Sun",
                "degree": 26.853499673267493,
                "lat": -0.0002674799915762154,
                "lon": 146.8534996732675,
                "retrograde": false,
                "sign": "leo",
                "speed": 0.9632543012105543
              },
              {
                "body": "Moon",
                "degree": 2.1731865537821022,
                "lat": -2.085788652782196,
                "lon": 92.1731865537821,
                "retrograde": false,
                "sign": "cancer",
                "speed": 12.814016741344858
              },
              {
                "body": "Mercury",
                "degree": 8.367226790448512,
                "lat": -0.6097064606116902,
                "lon": 128.3672267904485,
                "retrograde": false,
                "sign": "leo",
                "speed": 1.0337699008384789
              },
              {
                "body": "Venus",
                "degree": 14.852147763475955,
                "lat": -4.967353228907703,
                "lon": 104.85214776347595,
                "retrograde": false,
                "sign": "cancer",
                "speed": 0.6231930344177954
              },
              {
                "body": "Mars",
                "degree": 6.763086645850819,
                "lat": 0.42395273435891956,
                "lon": 96.76308664585082,
                "retrograde": false,
                "sign": "cancer",
                "speed": 0.6487559493298249
              },
              {
                "body": "Jupiter",
                "degree": 1.7631791404136266,
                "lat": 0.6097789916419953,
                "lon": 241.7631791404136,
                "retrograde": false,
                "sign": "sagittarius",
                "speed": 0.0660454484644788
              },
              {
                "body": "Saturn",
                "degree": 28.572600033175036,
                "lat": 0.8758413453238605,
                "lon": 268.57260003317504,
                "retrograde": true,
                "sign": "sagittarius",
                "speed": -0.021200087604483997
              },
              {
                "body": "Uranus",
                "degree": 8.455482641935873,
                "lat": 0.030693658564156793,
                "lon": 248.4554826419359,
                "retrograde": false,
                "sign": "sagittarius",
                "speed": 0.00224814826998454
              },
              {
                "body": "Neptune",
                "degree": 28.75185405169833,
                "lat": -1.2066939397311072,
                "lon": 88.75185405169833,
                "retrograde": false,
                "sign": "gemini",
                "speed": 0.022692224869047095
              },
              {
                "body": "Pluto",
                "degree": 17.556236712469,
                "lat": -9.364919538183694,
                "lon": 77.556236712469,
                "retrograde": false,
                "sign": "gemini",
                "speed": 0.009968717379820191
              },
              {
                "body": "North Node",
                "degree": 7.760445385111325,
                "lat": 0,
                "lon": 247.76044538511127,
                "retrograde": true,
                "sign": "sagittarius",
                "speed": -0.051602610680561156
              },
              {
                "body": "South Node",
                "degree": 7.760445385111268,
                "lat": 0,
                "lon": 67.76044538511127,
                "retrograde": true,
                "sign": "gemini",
                "speed": -0.051602610680561156
              }
            ],
            "houses": {
              "cusps": [
                129.8305442876433,
                161.57979317218155,
                194.53175240980434,
                225.74136784994926,
                254.18713455935801,
                281.399852103374,
                309.8305442876433,
                341.57979317218155,
                14.531752409804312,
                45.74136784994931,
                74.18713455935801,
                101.39985210337397
              ],
              "system": "placidus"
            }
          },
          "schema": "zodiacs.natal-envelope.draft-v1"
        },
        "sha256": "9be290ea89d8bbef46c648c3e1cd8675bf0959a4a0f750b0d82a37c7d8fa44fd",
        "bytes": 4446,
        "before": {
          "calculations": 1,
          "created": [],
          "revoked": [],
          "storage": {
            "zodiacs.install.compute-count.v1": "1"
          }
        },
        "after": {
          "calculations": 1,
          "created": [
            "blob:https://zodiacs-4qqy7ml63-zodiacsofficial.vercel.app/a69ae878-ad3e-42c5-b9ec-0f4fc3bfdde8"
          ],
          "revoked": [
            "blob:https://zodiacs-4qqy7ml63-zodiacsofficial.vercel.app/a69ae878-ad3e-42c5-b9ec-0f4fc3bfdde8"
          ],
          "storage": {
            "zodiacs.install.compute-count.v1": "1"
          }
        },
        "requests": [
          {
            "method": "GET",
            "path": "/assets/zodiac-icons/48/leo.avif",
            "kind": "image",
            "source": "browser-preview"
          },
          {
            "method": "GET",
            "path": "/assets/zodiac-icons/48/cancer.avif",
            "kind": "image",
            "source": "browser-preview"
          }
        ]
      },
      "expectedInstant": "1900-08-20T09:00:12.000Z",
      "expectedShift": 0.2,
      "errors": [],
      "consoleErrors": [
        "Failed to load resource: net::ERR_FAILED"
      ],
      "external": [
        "https://plausible.io/js/pa-HwF2IBb5Sw8eboNPSOgHv.js"
      ]
    },
    {
      "name": "historical-Pacific/Norfolk",
      "status": "passed",
      "file": {
        "envelope": {
          "receipt": {
            "conventions": {
              "angles": "gast-and-mean-obliquity",
              "aspects": "major-aspects;sun-moon-eight-planets;no-nodes",
              "calendar": "proleptic-gregorian",
              "longitudeUnit": "degrees-[0,360)",
              "moonNodes": "instantaneous-geocentric-moon-orbit-plane",
              "moonPosition": "astronomy-engine-ecliptic-geo-moon",
              "planetPositions": "apparent-geocentric-ecliptic-of-date",
              "speed": "degrees-per-day;central-difference-plus-minus-0.25-day",
              "zodiac": "tropical"
            },
            "coordinates": {
              "latitude": -3.1,
              "longitude": -60.02
            },
            "coverage": {
              "angleExclusions": "exact-geographic-poles-and-ecliptic-horizon-coincidence",
              "assessment": "finite-reference-cases-only",
              "broadDateRange": "not-certified",
              "inputSyntax": "not-an-astronomical-accuracy-guarantee"
            },
            "engine": {
              "name": "@zodiacs/engine",
              "version": "0.1.1-rc.6"
            },
            "houses": {
              "absenceReason": null,
              "actual": "placidus",
              "requested": "placidus"
            },
            "inputFlags": [
              "dst-gap"
            ],
            "instant": "1900-12-31T12:48:08.000Z",
            "localResolution": {
              "date": "1901-01-01",
              "gapShiftMinutes": 0.13333333333333333,
              "offsetMinutes": 672,
              "policy": {
                "fold": "earlier",
                "gap": "shift-forward"
              },
              "time": "00:00",
              "timeZone": "Pacific/Norfolk"
            },
            "provenance": null,
            "reference": "supplied-instant",
            "resultFlags": [
              "dst-gap"
            ],
            "schema": "zodiacs.calculation-receipt.draft-v1",
            "sourceInstant": null,
            "timeKnown": true
          },
          "requiredFeatures": [],
          "result": {
            "angles": {
              "asc": 319.91213969743103,
              "dsc": 139.91213969743103,
              "ic": 53.883177614141914,
              "mc": 233.8831776141419
            },
            "aspects": [
              {
                "a": "Moon",
                "applying": false,
                "b": "Mars",
                "orb": 0.14741772064888892,
                "type": "trine"
              },
              {
                "a": "Mercury",
                "applying": true,
                "b": "Neptune",
                "orb": 0.5627872308967881,
                "type": "opposition"
              },
              {
                "a": "Mercury",
                "applying": false,
                "b": "Jupiter",
                "orb": 1.1155728581179574,
                "type": "conjunction"
              },
              {
                "a": "Venus",
                "applying": true,
                "b": "Mars",
                "orb": 1.4036613233796515,
                "type": "square"
              },
              {
                "a": "Jupiter",
                "applying": true,
                "b": "Neptune",
                "orb": 1.6783600890147454,
                "type": "opposition"
              },
              {
                "a": "Sun",
                "applying": false,
                "b": "Saturn",
                "orb": 1.7884845392211446,
                "type": "conjunction"
              },
              {
                "a": "Uranus",
                "applying": true,
                "b": "Pluto",
                "orb": 1.989656436833684,
                "type": "opposition"
              },
              {
                "a": "Sun",
                "applying": true,
                "b": "Mars",
                "orb": 2.1431357909287954,
                "type": "trine"
              },
              {
                "a": "Sun",
                "applying": false,
                "b": "Moon",
                "orb": 2.2905535115776274,
                "type": "trine"
              },
              {
                "a": "Mars",
                "applying": true,
                "b": "Uranus",
                "orb": 2.7053792117901594,
                "type": "square"
              },
              {
                "a": "Mars",
                "applying": false,
                "b": "Saturn",
                "orb": 3.93162033014994,
                "type": "trine"
              },
              {
                "a": "Moon",
                "applying": false,
                "b": "Saturn",
                "orb": 4.079038050798829,
                "type": "trine"
              },
              {
                "a": "Venus",
                "applying": true,
                "b": "Uranus",
                "orb": 4.109040535169868,
                "type": "conjunction"
              },
              {
                "a": "Mars",
                "applying": true,
                "b": "Pluto",
                "orb": 4.695035648623843,
                "type": "square"
              },
              {
                "a": "Venus",
                "applying": true,
                "b": "Pluto",
                "orb": 6.098696972003495,
                "type": "opposition"
              }
            ],
            "bodies": [
              {
                "body": "Sun",
                "degree": 9.433613038877183,
                "lat": -0.0001769292441369749,
                "lon": 279.4336130388772,
                "retrograde": false,
                "sign": "capricorn",
                "speed": 1.0192363565151936
              },
              {
                "body": "Moon",
                "degree": 11.724166550454868,
                "lat": 1.7445374517537677,
                "lon": 41.72416655045487,
                "retrograde": false,
                "sign": "taurus",
                "speed": 14.139239689248711
              },
              {
                "body": "Mercury",
                "degree": 26.969687037036692,
                "lat": -0.5119014887917905,
                "lon": 266.96968703703664,
                "retrograde": false,
                "sign": "sagittarius",
                "speed": 1.520168951595906
              },
              {
                "body": "Venus",
                "degree": 10.173087506426327,
                "lat": 1.292101909475607,
                "lon": 250.1730875064263,
                "retrograde": false,
                "sign": "sagittarius",
                "speed": 1.240925222767828
              },
              {
                "body": "Mars",
                "degree": 11.576748829805979,
                "lat": 3.195620718167436,
                "lon": 161.57674882980598,
                "retrograde": false,
                "sign": "virgo",
                "speed": 0.14695448393467814
              },
              {
                "body": "Jupiter",
                "degree": 25.854114178918735,
                "lat": 0.3073275809983207,
                "lon": 265.8541141789187,
                "retrograde": false,
                "sign": "sagittarius",
                "speed": 0.2249932831980459
              },
              {
                "body": "Saturn",
                "degree": 7.645128499656039,
                "lat": 0.6013054546119116,
                "lon": 277.64512849965604,
                "retrograde": false,
                "sign": "capricorn",
                "speed": 0.11806152090946398
              },
              {
                "body": "Uranus",
                "degree": 14.282128041596138,
                "lat": 0.00834915891425985,
                "lon": 254.28212804159617,
                "retrograde": false,
                "sign": "sagittarius",
                "speed": 0.05691314848621687
              },
              {
                "body": "Neptune",
                "degree": 27.532474267933424,
                "lat": -1.2498618576331244,
                "lon": 87.53247426793342,
                "retrograde": true,
                "sign": "gemini",
                "speed": -0.0276477438233087
              },
              {
                "body": "Pluto",
                "degree": 16.271784478429822,
                "lat": -9.528090984362313,
                "lon": 76.27178447842982,
                "retrograde": true,
                "sign": "gemini",
                "speed": -0.017601910790062902
              },
              {
                "body": "North Node",
                "degree": 1.2981096590199286,
                "lat": 0,
                "lon": 241.29810965901993,
                "retrograde": false,
                "sign": "sagittarius",
                "speed": 0.023832321734062134
              },
              {
                "body": "South Node",
                "degree": 1.2981096590199286,
                "lat": 0,
                "lon": 61.29810965901993,
                "retrograde": false,
                "sign": "gemini",
                "speed": 0.023832321734062134
              }
            ],
            "houses": {
              "cusps": [
                319.91213969743103,
                350.8917778479127,
                23.066741659557067,
                53.883177614141914,
                82.60437229940601,
                110.64948460632672,
                139.91213969743103,
                170.89177784791264,
                203.066741659557,
                233.8831776141419,
                262.604372299406,
                290.6494846063267
              ],
              "system": "placidus"
            }
          },
          "schema": "zodiacs.natal-envelope.draft-v1"
        },
        "sha256": "dd02a16db2e8c2f44a8237b1de11e0e8f8ca089cce50fc3b223ce68dd1fabdff",
        "bytes": 4898,
        "before": {
          "calculations": 1,
          "created": [],
          "revoked": [],
          "storage": {
            "zodiacs.install.compute-count.v1": "1"
          }
        },
        "after": {
          "calculations": 1,
          "created": [
            "blob:https://zodiacs-4qqy7ml63-zodiacsofficial.vercel.app/263f332d-16ba-4abd-8992-0ba46963b2ba"
          ],
          "revoked": [
            "blob:https://zodiacs-4qqy7ml63-zodiacsofficial.vercel.app/263f332d-16ba-4abd-8992-0ba46963b2ba"
          ],
          "storage": {
            "zodiacs.install.compute-count.v1": "1"
          }
        },
        "requests": [
          {
            "method": "GET",
            "path": "/assets/zodiac-icons/48/sagittarius.avif",
            "kind": "image",
            "source": "browser-preview"
          },
          {
            "method": "GET",
            "path": "/assets/zodiac-icons/48/taurus.avif",
            "kind": "image",
            "source": "browser-preview"
          },
          {
            "method": "GET",
            "path": "/assets/zodiac-icons/48/virgo.avif",
            "kind": "image",
            "source": "browser-preview"
          },
          {
            "method": "GET",
            "path": "/assets/zodiac-icons/48/aquarius.avif",
            "kind": "image",
            "source": "browser-preview"
          }
        ]
      },
      "expectedInstant": "1900-12-31T12:48:08.000Z",
      "expectedShift": 0.13333333333333333,
      "errors": [],
      "consoleErrors": [
        "Failed to load resource: net::ERR_FAILED"
      ],
      "external": [
        "https://plausible.io/js/pa-HwF2IBb5Sw8eboNPSOgHv.js"
      ]
    },
    {
      "name": "historical-Pacific/Tongatapu",
      "status": "passed",
      "file": {
        "envelope": {
          "receipt": {
            "conventions": {
              "angles": "gast-and-mean-obliquity",
              "aspects": "major-aspects;sun-moon-eight-planets;no-nodes",
              "calendar": "proleptic-gregorian",
              "longitudeUnit": "degrees-[0,360)",
              "moonNodes": "instantaneous-geocentric-moon-orbit-plane",
              "moonPosition": "astronomy-engine-ecliptic-geo-moon",
              "planetPositions": "apparent-geocentric-ecliptic-of-date",
              "speed": "degrees-per-day;central-difference-plus-minus-0.25-day",
              "zodiac": "tropical"
            },
            "coordinates": {
              "latitude": -3.1,
              "longitude": -60.02
            },
            "coverage": {
              "angleExclusions": "exact-geographic-poles-and-ecliptic-horizon-coincidence",
              "assessment": "finite-reference-cases-only",
              "broadDateRange": "not-certified",
              "inputSyntax": "not-an-astronomical-accuracy-guarantee"
            },
            "engine": {
              "name": "@zodiacs/engine",
              "version": "0.1.1-rc.6"
            },
            "houses": {
              "absenceReason": null,
              "actual": "placidus",
              "requested": "placidus"
            },
            "inputFlags": [
              "dst-gap"
            ],
            "instant": "1945-09-09T11:40:48.000Z",
            "localResolution": {
              "date": "1945-09-10",
              "gapShiftMinutes": 0.8,
              "offsetMinutes": 740,
              "policy": {
                "fold": "earlier",
                "gap": "shift-forward"
              },
              "time": "00:00",
              "timeZone": "Pacific/Tongatapu"
            },
            "provenance": null,
            "reference": "supplied-instant",
            "resultFlags": [
              "dst-gap"
            ],
            "schema": "zodiacs.calculation-receipt.draft-v1",
            "sourceInstant": null,
            "timeKnown": true
          },
          "requiredFeatures": [],
          "result": {
            "angles": {
              "asc": 194.83099355299137,
              "dsc": 14.830993552991345,
              "ic": 282.27015140701633,
              "mc": 102.27015140701639
            },
            "aspects": [
              {
                "a": "Venus",
                "applying": false,
                "b": "Pluto",
                "orb": 0.8391894741826036,
                "type": "conjunction"
              },
              {
                "a": "Sun",
                "applying": true,
                "b": "Uranus",
                "orb": 0.9537639487207912,
                "type": "square"
              },
              {
                "a": "Moon",
                "applying": false,
                "b": "Uranus",
                "orb": 1.6552177773239123,
                "type": "trine"
              },
              {
                "a": "Mercury",
                "applying": true,
                "b": "Mars",
                "orb": 2.0508766433845835,
                "type": "sextile"
              },
              {
                "a": "Mars",
                "applying": true,
                "b": "Jupiter",
                "orb": 2.194848543398166,
                "type": "square"
              },
              {
                "a": "Jupiter",
                "applying": true,
                "b": "Neptune",
                "orb": 2.283289770796273,
                "type": "conjunction"
              },
              {
                "a": "Moon",
                "applying": true,
                "b": "Saturn",
                "orb": 2.95537235359609,
                "type": "square"
              },
              {
                "a": "Mars",
                "applying": true,
                "b": "Neptune",
                "orb": 4.478138314194439,
                "type": "square"
              }
            ],
            "bodies": [
              {
                "body": "Sun",
                "degree": 16.41911688770574,
                "lat": -0.00013831636261865885,
                "lon": 166.41911688770574,
                "retrograde": false,
                "sign": "virgo",
                "speed": 0.9722518314026729
              },
              {
                "body": "Moon",
                "degree": 19.028098613750444,
                "lat": 4.905919363296133,
                "lon": 199.02809861375044,
                "retrograde": false,
                "sign": "libra",
                "speed": 11.954317362816028
              },
              {
                "body": "Mercury",
                "degree": 28.90361741044228,
                "lat": 0.7707544633354311,
                "lon": 148.90361741044228,
                "retrograde": false,
                "sign": "leo",
                "speed": 1.2984941018937661
              },
              {
                "body": "Venus",
                "degree": 11.762402610216668,
                "lat": 0.09870305972475771,
                "lon": 131.76240261021667,
                "retrograde": false,
                "sign": "leo",
                "speed": 1.1907228890931947
              },
              {
                "body": "Mars",
                "degree": 0.9544940538268634,
                "lat": 0.013812037797108153,
                "lon": 90.95449405382686,
                "retrograde": false,
                "sign": "cancer",
                "speed": 0.5889138330867354
              },
              {
                "body": "Jupiter",
                "degree": 3.149342597225086,
                "lat": 1.1101100801353525,
                "lon": 183.14934259722503,
                "retrograde": false,
                "sign": "libra",
                "speed": 0.2111217544952524
              },
              {
                "body": "Saturn",
                "degree": 21.983470967346534,
                "lat": -0.2635615490047224,
                "lon": 111.98347096734653,
                "retrograde": false,
                "sign": "cancer",
                "speed": 0.09305671388915471
              },
              {
                "body": "Uranus",
                "degree": 17.372880836426532,
                "lat": 0.01122253120819075,
                "lon": 77.37288083642653,
                "retrograde": false,
                "sign": "gemini",
                "speed": 0.011833735730306216
              },
              {
                "body": "Neptune",
                "degree": 5.432632368021359,
                "lat": 1.4093044593526867,
                "lon": 185.43263236802133,
                "retrograde": false,
                "sign": "libra",
                "speed": 0.035514044113767795
              },
              {
                "body": "Pluto",
                "degree": 10.923213136034065,
                "lat": 6.020056013801301,
                "lon": 130.92321313603406,
                "retrograde": false,
                "sign": "leo",
                "speed": 0.02485945456828631
              },
              {
                "body": "North Node",
                "degree": 6.325444063775194,
                "lat": 0,
                "lon": 96.3254440637752,
                "retrograde": true,
                "sign": "cancer",
                "speed": -0.18502295904352195
              },
              {
                "body": "South Node",
                "degree": 6.325444063775194,
                "lat": 0,
                "lon": 276.3254440637752,
                "retrograde": true,
                "sign": "capricorn",
                "speed": -0.18502295904352195
              }
            ],
            "houses": {
              "cusps": [
                194.83099355299137,
                226.42726295668965,
                255.0450129018567,
                282.27015140701633,
                310.5560471378535,
                341.6503920276476,
                14.830993552991345,
                46.427262956689674,
                75.0450129018567,
                102.27015140701639,
                130.5560471378535,
                161.65039202764763
              ],
              "system": "placidus"
            }
          },
          "schema": "zodiacs.natal-envelope.draft-v1"
        },
        "sha256": "2eb45f7f01df0684f382c9ed27faff892782cb7d7aef13c6100752cb29912d5a",
        "bytes": 4252,
        "before": {
          "calculations": 1,
          "created": [],
          "revoked": [],
          "storage": {
            "zodiacs.install.compute-count.v1": "1"
          }
        },
        "after": {
          "calculations": 1,
          "created": [
            "blob:https://zodiacs-4qqy7ml63-zodiacsofficial.vercel.app/57c2087f-38db-42d1-b832-6acfddc0aa3b"
          ],
          "revoked": [
            "blob:https://zodiacs-4qqy7ml63-zodiacsofficial.vercel.app/57c2087f-38db-42d1-b832-6acfddc0aa3b"
          ],
          "storage": {
            "zodiacs.install.compute-count.v1": "1"
          }
        },
        "requests": [
          {
            "method": "GET",
            "path": "/assets/zodiac-icons/48/libra.avif",
            "kind": "image",
            "source": "browser-preview"
          },
          {
            "method": "GET",
            "path": "/assets/zodiac-icons/48/leo.avif",
            "kind": "image",
            "source": "browser-preview"
          },
          {
            "method": "GET",
            "path": "/assets/zodiac-icons/48/cancer.avif",
            "kind": "image",
            "source": "browser-preview"
          }
        ]
      },
      "expectedInstant": "1945-09-09T11:40:48.000Z",
      "expectedShift": 0.8,
      "errors": [],
      "consoleErrors": [
        "Failed to load resource: net::ERR_FAILED"
      ],
      "external": [
        "https://plausible.io/js/pa-HwF2IBb5Sw8eboNPSOgHv.js"
      ]
    },
    {
      "name": "positions-only",
      "status": "passed",
      "errors": [],
      "consoleErrors": [
        "Failed to load resource: net::ERR_FAILED"
      ],
      "external": [
        "https://plausible.io/js/pa-HwF2IBb5Sw8eboNPSOgHv.js"
      ]
    }
  ],
  "passed": 27,
  "failed": 0,
  "requestLog": [
    {
      "method": "GET",
      "path": "/birth-chart/",
      "kind": "document",
      "source": "browser-preview"
    },
    {
      "method": "GET",
      "path": "/fonts/instrument-sans-latin-wght-normal.woff2",
      "kind": "font",
      "source": "browser-preview"
    },
    {
      "method": "GET",
      "path": "/fonts/eb-garamond-latin-400-normal.woff2",
      "kind": "font",
      "source": "browser-preview"
    },
    {
      "method": "GET",
      "path": "/fonts/eb-garamond-latin-500-normal.woff2",
      "kind": "font",
      "source": "browser-preview"
    },
    {
      "method": "GET",
      "path": "/js/pa-HwF2IBb5Sw8eboNPSOgHv.js",
      "kind": "script",
      "source": "browser-preview"
    },
    {
      "method": "GET",
      "path": "/_astro/AstroTerm.astro_astro_type_script_index_0_lang.DB1iYTmP.js",
      "kind": "script",
      "source": "browser-preview"
    },
    {
      "method": "GET",
      "path": "/fonts/jetbrains-mono-latin-wght-normal.woff2",
      "kind": "font",
      "source": "browser-preview"
    },
    {
      "method": "GET",
      "path": "/_astro/ChartCalculator.CohOHP8k.js",
      "kind": "script",
      "source": "browser-preview"
    },
    {
      "method": "GET",
      "path": "/_astro/client.DPkn9Lbl.js",
      "kind": "script",
      "source": "browser-preview"
    },
    {
      "method": "GET",
      "path": "/_astro/preload-helper.L5lOfJxi.js",
      "kind": "script",
      "source": "browser-preview"
    },
    {
      "method": "GET",
      "path": "/_astro/preact.module.Bjq9tLsx.js",
      "kind": "script",
      "source": "browser-preview"
    },
    {
      "method": "GET",
      "path": "/_astro/context-help-client.BqVrBbz0.js",
      "kind": "script",
      "source": "browser-preview"
    },
    {
      "method": "GET",
      "path": "/_astro/analytics.CH5T6e-b.js",
      "kind": "script",
      "source": "browser-preview"
    },
    {
      "method": "GET",
      "path": "/assets/app-icons/v3/favicon.svg",
      "kind": "other",
      "source": "browser-preview"
    },
    {
      "method": "GET",
      "path": "/_astro/hooks.module.C0_8FjiD.js",
      "kind": "script",
      "source": "browser-preview"
    },
    {
      "method": "GET",
      "path": "/_astro/profile-access-reader.DoQqlSjt.js",
      "kind": "script",
      "source": "browser-preview"
    },
    {
      "method": "GET",
      "path": "/_astro/chunk-H7RJKCBO.BUIGSNBz.js",
      "kind": "script",
      "source": "browser-preview"
    },
    {
      "method": "GET",
      "path": "/_astro/signs.BMXPKoMF.js",
      "kind": "script",
      "source": "browser-preview"
    },
    {
      "method": "GET",
      "path": "/_astro/jsxRuntime.module.BG9KJlGc.js",
      "kind": "script",
      "source": "browser-preview"
    },
    {
      "method": "GET",
      "path": "/_astro/PlanetGlyph.BhITbtcc.js",
      "kind": "script",
      "source": "browser-preview"
    },
    {
      "method": "GET",
      "path": "/_astro/i18n.Cg_lCJuc.js",
      "kind": "script",
      "source": "browser-preview"
    },
    {
      "method": "GET",
      "path": "/_astro/CalculationReload.DXyGkRsn.js",
      "kind": "script",
      "source": "browser-preview"
    },
    {
      "method": "GET",
      "path": "/_astro/astrology.BHib5efU.js",
      "kind": "script",
      "source": "browser-preview"
    },
    {
      "method": "GET",
      "path": "/_astro/share.BRlg0eGS.js",
      "kind": "script",
      "source": "browser-preview"
    },
    {
      "method": "GET",
      "path": "/_astro/chart-handoff.Dvz2AAcL.js",
      "kind": "script",
      "source": "browser-preview"
    },
    {
      "method": "GET",
      "path": "/_astro/useProfileAccessGeneration.w2JLb1F6.js",
      "kind": "script",
      "source": "browser-preview"
    },
    {
      "method": "GET",
      "path": "/_astro/useEngine.BV92cVg4.js",
      "kind": "script",
      "source": "browser-preview"
    },
    {
      "method": "GET",
      "path": "/_astro/BirthFields.VmY_J4-2.js",
      "kind": "script",
      "source": "browser-preview"
    },
    {
      "method": "GET",
      "path": "/_astro/localToUtc.CrWG2CBc.js",
      "kind": "script",
      "source": "browser-preview"
    },
    {
      "method": "GET",
      "path": "/_astro/interpretations.BaZkYN67.js",
      "kind": "script",
      "source": "browser-preview"
    },
    {
      "method": "GET",
      "path": "/_astro/AstroTerm.7K8SAipO.js",
      "kind": "script",
      "source": "browser-preview"
    },
    {
      "method": "GET",
      "path": "/_astro/SignChip.Dx3tQVZl.js",
      "kind": "script",
      "source": "browser-preview"
    },
    {
      "method": "GET",
      "path": "/_astro/AspectGlyph.DMIAGIQV.js",
      "kind": "script",
      "source": "browser-preview"
    },
    {
      "method": "GET",
      "path": "/_astro/Wheel.RNRSqGob.js",
      "kind": "script",
      "source": "browser-preview"
    },
    {
      "method": "GET",
      "path": "/_astro/dignities.BycBkP8Y.js",
      "kind": "script",
      "source": "browser-preview"
    },
    {
      "method": "GET",
      "path": "/_astro/houses.5SlbILVS.js",
      "kind": "script",
      "source": "browser-preview"
    },
    {
      "method": "GET",
      "path": "/_astro/technical-layout.DQIjXHHb.js",
      "kind": "script",
      "source": "browser-preview"
    },
    {
      "method": "GET",
      "path": "/_astro/lite.DKWHZC5_.js",
      "kind": "script",
      "source": "browser-preview"
    },
    {
      "method": "GET",
      "path": "/_astro/learning-input-identity.C-WLv51I.js",
      "kind": "script",
      "source": "browser-preview"
    },
    {
      "method": "GET",
      "path": "/_astro/post-chart-context.BZ1tHGpl.js",
      "kind": "script",
      "source": "browser-preview"
    },
    {
      "method": "GET",
      "path": "/_astro/chunk-INI453VG.BxjMUPBs.js",
      "kind": "script",
      "source": "browser-preview"
    },
    {
      "method": "GET",
      "path": "/_astro/rolldown-runtime.DK3Fl9T5.js",
      "kind": "script",
      "source": "browser-preview"
    },
    {
      "method": "GET",
      "path": "/_astro/civil-date.CpOZUt7Z.js",
      "kind": "script",
      "source": "browser-preview"
    },
    {
      "method": "GET",
      "path": "/_astro/technical-locales.DDKucXXd.js",
      "kind": "script",
      "source": "browser-preview"
    },
    {
      "method": "GET",
      "path": "/_astro/explorer.ijMRUwvv.css",
      "kind": "stylesheet",
      "source": "browser-preview"
    },
    {
      "method": "GET",
      "path": "/_astro/ChartActionDock.Cc8zzTbx.css",
      "kind": "stylesheet",
      "source": "browser-preview"
    },
    {
      "method": "GET",
      "path": "/assets/site-footer.css",
      "kind": "stylesheet",
      "source": "browser-preview"
    },
    {
      "method": "GET",
      "path": "/_astro/paths.DYbAuceH.js",
      "kind": "script",
      "source": "browser-preview"
    },
    {
      "method": "GET",
      "path": "/_astro/PlaceSearch.D1WsU_jW.js",
      "kind": "script",
      "source": "browser-preview"
    },
    {
      "method": "GET",
      "path": "/assets/assistant-ui.js",
      "kind": "script",
      "source": "browser-preview"
    },
    {
      "method": "GET",
      "path": "/assets/assistant-ui.css",
      "kind": "stylesheet",
      "source": "browser-preview"
    },
    {
      "method": "GET",
      "path": "/assets/guide-avatar.webp",
      "kind": "image",
      "source": "browser-preview"
    },
    {
      "method": "GET",
      "path": "/_astro/full.AQ--_mi-.js",
      "kind": "script",
      "source": "browser-preview"
    },
    {
      "method": "GET",
      "path": "/_astro/chart-adapter.K-QfJlbI.js",
      "kind": "script",
      "source": "browser-preview"
    },
    {
      "method": "GET",
      "path": "/_astro/search.BXcwbrsc.js",
      "kind": "script",
      "source": "browser-preview"
    },
    {
      "method": "GET",
      "path": "/data/cities/index.json",
      "kind": "fetch",
      "source": "browser-preview"
    },
    {
      "method": "GET",
      "path": "/data/cities/l.json",
      "kind": "fetch",
      "source": "browser-preview"
    },
    {
      "method": "GET",
      "path": "/_astro/chart-signature.-is-2T7w.js",
      "kind": "script",
      "source": "browser-preview"
    },
    {
      "method": "GET",
      "path": "/_astro/natal.D7JKDSdx.js",
      "kind": "script",
      "source": "browser-preview"
    },
    {
      "method": "GET",
      "path": "/_astro/synastry.rhUg9_9F.js",
      "kind": "script",
      "source": "browser-preview"
    },
    {
      "method": "GET",
      "path": "/_astro/aspects.BNC-J2iD.js",
      "kind": "script",
      "source": "browser-preview"
    },
    {
      "method": "GET",
      "path": "/_astro/compat.Bjc3uaB7.js",
      "kind": "script",
      "source": "browser-preview"
    },
    {
      "method": "GET",
      "path": "/_astro/ChartActionDock.v70WmYt8.js",
      "kind": "script",
      "source": "browser-preview"
    },
    {
      "method": "GET",
      "path": "/_astro/LearningPractice.CSqTNZrv.js",
      "kind": "script",
      "source": "browser-preview"
    },
    {
      "method": "GET",
      "path": "/_astro/chart-context-copy.UBOz97Jz.js",
      "kind": "script",
      "source": "browser-preview"
    },
    {
      "method": "GET",
      "path": "/_astro/AspectPatternFeature.JIFgyNsc.js",
      "kind": "script",
      "source": "browser-preview"
    },
    {
      "method": "GET",
      "path": "/_astro/use-learning-sources.rIwWXPg-.js",
      "kind": "script",
      "source": "browser-preview"
    },
    {
      "method": "GET",
      "path": "/_astro/schema.DqKqbGHb.js",
      "kind": "script",
      "source": "browser-preview"
    },
    {
      "method": "GET",
      "path": "/_astro/read-store.CIuzJaHq.js",
      "kind": "script",
      "source": "browser-preview"
    },
    {
      "method": "GET",
      "path": "/_astro/calculator-receipt.Sj7p-7nE.js",
      "kind": "script",
      "source": "browser-preview"
    },
    {
      "method": "GET",
      "path": "/_astro/PositionsShareSurface.DT0CW1_r.js",
      "kind": "script",
      "source": "browser-preview"
    },
    {
      "method": "GET",
      "path": "/_astro/share-positions.D3o0ugj4.js",
      "kind": "script",
      "source": "browser-preview"
    },
    {
      "method": "GET",
      "path": "/_astro/share-card.DovPi6oZ.js",
      "kind": "script",
      "source": "browser-preview"
    },
    {
      "method": "GET",
      "path": "/_astro/share-card-brand.CJKZtcRK.js",
      "kind": "script",
      "source": "browser-preview"
    },
    {
      "method": "GET",
      "path": "/_astro/share-card-copy.D0c42nic.js",
      "kind": "script",
      "source": "browser-preview"
    },
    {
      "method": "GET",
      "path": "/_astro/CalendarSubscribe.DXtj1Bbr.js",
      "kind": "script",
      "source": "browser-preview"
    },
    {
      "method": "GET",
      "path": "/_astro/CommunicationRead.ooCKD9f4.js",
      "kind": "script",
      "source": "browser-preview"
    },
    {
      "method": "GET",
      "path": "/_astro/ApproachRead.Bcve0KbT.js",
      "kind": "script",
      "source": "browser-preview"
    },
    {
      "method": "GET",
      "path": "/_astro/PwaInstallPrompt.BCohgdPv.js",
      "kind": "script",
      "source": "browser-preview"
    },
    {
      "method": "GET",
      "path": "/_astro/a2hs.WonhOqdm.js",
      "kind": "script",
      "source": "browser-preview"
    },
    {
      "method": "GET",
      "path": "/assets/zodiac-icons/128/sagittarius.avif",
      "kind": "image",
      "source": "browser-preview"
    },
    {
      "method": "GET",
      "path": "/assets/zodiac-icons/128/pisces.avif",
      "kind": "image",
      "source": "browser-preview"
    },
    {
      "method": "GET",
      "path": "/assets/zodiac-icons/128/taurus.avif",
      "kind": "image",
      "source": "browser-preview"
    },
    {
      "method": "GET",
      "path": "/assets/zodiac-icons/128/aries.webp",
      "kind": "image",
      "source": "browser-preview"
    },
    {
      "method": "GET",
      "path": "/assets/zodiac-icons/128/taurus.webp",
      "kind": "image",
      "source": "browser-preview"
    },
    {
      "method": "GET",
      "path": "/assets/zodiac-icons/128/gemini.webp",
      "kind": "image",
      "source": "browser-preview"
    },
    {
      "method": "GET",
      "path": "/assets/zodiac-icons/128/cancer.webp",
      "kind": "image",
      "source": "browser-preview"
    },
    {
      "method": "GET",
      "path": "/assets/zodiac-icons/128/leo.webp",
      "kind": "image",
      "source": "browser-preview"
    },
    {
      "method": "GET",
      "path": "/assets/zodiac-icons/128/virgo.webp",
      "kind": "image",
      "source": "browser-preview"
    },
    {
      "method": "GET",
      "path": "/assets/zodiac-icons/128/libra.webp",
      "kind": "image",
      "source": "browser-preview"
    },
    {
      "method": "GET",
      "path": "/assets/zodiac-icons/128/scorpio.webp",
      "kind": "image",
      "source": "browser-preview"
    },
    {
      "method": "GET",
      "path": "/assets/zodiac-icons/128/sagittarius.webp",
      "kind": "image",
      "source": "browser-preview"
    },
    {
      "method": "GET",
      "path": "/assets/zodiac-icons/128/capricorn.webp",
      "kind": "image",
      "source": "browser-preview"
    },
    {
      "method": "GET",
      "path": "/assets/zodiac-icons/128/aquarius.webp",
      "kind": "image",
      "source": "browser-preview"
    },
    {
      "method": "GET",
      "path": "/assets/zodiac-icons/128/pisces.webp",
      "kind": "image",
      "source": "browser-preview"
    },
    {
      "method": "GET",
      "path": "/_astro/store.B9KwR70B.js",
      "kind": "script",
      "source": "browser-preview"
    },
    {
      "method": "GET",
      "path": "/_astro/deletions.DUQYISzq.js",
      "kind": "script",
      "source": "browser-preview"
    },
    {
      "method": "GET",
      "path": "/assets/zodiac-icons/128/aries.webp",
      "kind": "fetch",
      "source": "browser-preview"
    },
    {
      "method": "GET",
      "path": "/assets/zodiac-icons/128/taurus.webp",
      "kind": "fetch",
      "source": "browser-preview"
    },
    {
      "method": "GET",
      "path": "/assets/zodiac-icons/128/gemini.webp",
      "kind": "fetch",
      "source": "browser-preview"
    },
    {
      "method": "GET",
      "path": "/assets/zodiac-icons/128/cancer.webp",
      "kind": "fetch",
      "source": "browser-preview"
    },
    {
      "method": "GET",
      "path": "/assets/zodiac-icons/128/leo.webp",
      "kind": "fetch",
      "source": "browser-preview"
    },
    {
      "method": "GET",
      "path": "/assets/zodiac-icons/128/virgo.webp",
      "kind": "fetch",
      "source": "browser-preview"
    },
    {
      "method": "GET",
      "path": "/assets/zodiac-icons/128/libra.webp",
      "kind": "fetch",
      "source": "browser-preview"
    },
    {
      "method": "GET",
      "path": "/assets/zodiac-icons/128/scorpio.webp",
      "kind": "fetch",
      "source": "browser-preview"
    },
    {
      "method": "GET",
      "path": "/assets/zodiac-icons/128/sagittarius.webp",
      "kind": "fetch",
      "source": "browser-preview"
    },
    {
      "method": "GET",
      "path": "/assets/zodiac-icons/128/capricorn.webp",
      "kind": "fetch",
      "source": "browser-preview"
    },
    {
      "method": "GET",
      "path": "/assets/zodiac-icons/128/aquarius.webp",
      "kind": "fetch",
      "source": "browser-preview"
    },
    {
      "method": "GET",
      "path": "/assets/zodiac-icons/128/pisces.webp",
      "kind": "fetch",
      "source": "browser-preview"
    },
    {
      "method": "GET",
      "path": "/assets/zodiac-icons/128/taurus.webp",
      "kind": "fetch",
      "source": "browser-preview"
    },
    {
      "method": "GET",
      "path": "/assets/zodiac-icons/128/capricorn.webp",
      "kind": "fetch",
      "source": "browser-preview"
    },
    {
      "method": "GET",
      "path": "/assets/zodiac-icons/128/pisces.webp",
      "kind": "fetch",
      "source": "browser-preview"
    },
    {
      "method": "GET",
      "path": "/assets/zodiac-icons/128/pisces.webp",
      "kind": "fetch",
      "source": "browser-preview"
    },
    {
      "method": "GET",
      "path": "/assets/zodiac-icons/128/capricorn.webp",
      "kind": "fetch",
      "source": "browser-preview"
    },
    {
      "method": "GET",
      "path": "/assets/zodiac-icons/128/pisces.webp",
      "kind": "fetch",
      "source": "browser-preview"
    },
    {
      "method": "GET",
      "path": "/assets/zodiac-icons/128/pisces.webp",
      "kind": "fetch",
      "source": "browser-preview"
    },
    {
      "method": "GET",
      "path": "/assets/zodiac-icons/48/sagittarius.avif",
      "kind": "image",
      "source": "browser-preview"
    },
    {
      "method": "GET",
      "path": "/assets/zodiac-icons/48/pisces.avif",
      "kind": "image",
      "source": "browser-preview"
    },
    {
      "method": "GET",
      "path": "/assets/zodiac-icons/48/taurus.avif",
      "kind": "image",
      "source": "browser-preview"
    },
    {
      "method": "GET",
      "path": "/assets/app-icons/v3/icon-512.png",
      "kind": "fetch",
      "source": "browser-preview"
    },
    {
      "method": "GET",
      "path": "/fonts/eb-garamond-latin-400-italic.woff2",
      "kind": "font",
      "source": "browser-preview"
    },
    {
      "method": "GET",
      "path": "/assets/app-icons/v3/icon-512.png",
      "kind": "fetch",
      "source": "browser-preview"
    },
    {
      "method": "GET",
      "path": "/assets/zodiac-icons/48/capricorn.avif",
      "kind": "image",
      "source": "browser-preview"
    },
    {
      "method": "GET",
      "path": "/assets/app-icons/v3/icon-512.png",
      "kind": "fetch",
      "source": "browser-preview"
    },
    {
      "method": "GET",
      "path": "/assets/zodiac-icons/48/cancer.avif",
      "kind": "image",
      "source": "browser-preview"
    },
    {
      "method": "GET",
      "path": "/assets/zodiac-icons/128/cancer.avif",
      "kind": "image",
      "source": "browser-preview"
    },
    {
      "method": "GET",
      "path": "/assets/zodiac-icons/48/scorpio.avif",
      "kind": "image",
      "source": "browser-preview"
    },
    {
      "method": "GET",
      "path": "/assets/zodiac-icons/128/taurus.webp",
      "kind": "fetch",
      "source": "browser-preview"
    },
    {
      "method": "GET",
      "path": "/assets/zodiac-icons/128/capricorn.webp",
      "kind": "fetch",
      "source": "browser-preview"
    },
    {
      "method": "GET",
      "path": "/assets/zodiac-icons/128/cancer.webp",
      "kind": "fetch",
      "source": "browser-preview"
    },
    {
      "method": "GET",
      "path": "/assets/zodiac-icons/128/scorpio.webp",
      "kind": "fetch",
      "source": "browser-preview"
    },
    {
      "method": "GET",
      "path": "/assets/zodiac-icons/128/capricorn.webp",
      "kind": "fetch",
      "source": "browser-preview"
    },
    {
      "method": "GET",
      "path": "/assets/zodiac-icons/128/cancer.webp",
      "kind": "fetch",
      "source": "browser-preview"
    },
    {
      "method": "GET",
      "path": "/assets/zodiac-icons/128/scorpio.webp",
      "kind": "fetch",
      "source": "browser-preview"
    },
    {
      "method": "GET",
      "path": "/assets/app-icons/v3/icon-512.png",
      "kind": "fetch",
      "source": "browser-preview"
    },
    {
      "method": "GET",
      "path": "/assets/app-icons/v3/icon-512.png",
      "kind": "fetch",
      "source": "browser-preview"
    },
    {
      "method": "GET",
      "path": "/assets/app-icons/v3/icon-512.png",
      "kind": "fetch",
      "source": "browser-preview"
    },
    {
      "method": "GET",
      "path": "/assets/zodiac-icons/128/capricorn.webp",
      "kind": "fetch",
      "source": "browser-preview"
    },
    {
      "method": "GET",
      "path": "/assets/zodiac-icons/128/cancer.webp",
      "kind": "fetch",
      "source": "browser-preview"
    },
    {
      "method": "GET",
      "path": "/assets/zodiac-icons/128/scorpio.webp",
      "kind": "fetch",
      "source": "browser-preview"
    },
    {
      "method": "GET",
      "path": "/assets/zodiac-icons/128/capricorn.webp",
      "kind": "fetch",
      "source": "browser-preview"
    },
    {
      "method": "GET",
      "path": "/assets/zodiac-icons/128/cancer.webp",
      "kind": "fetch",
      "source": "browser-preview"
    },
    {
      "method": "GET",
      "path": "/assets/zodiac-icons/128/scorpio.webp",
      "kind": "fetch",
      "source": "browser-preview"
    },
    {
      "method": "GET",
      "path": "/assets/app-icons/v3/icon-512.png",
      "kind": "fetch",
      "source": "browser-preview"
    },
    {
      "method": "GET",
      "path": "/assets/app-icons/v3/icon-512.png",
      "kind": "fetch",
      "source": "browser-preview"
    },
    {
      "method": "GET",
      "path": "/assets/app-icons/v3/icon-512.png",
      "kind": "fetch",
      "source": "browser-preview"
    },
    {
      "method": "GET",
      "path": "/birth-chart/",
      "kind": "document",
      "source": "browser-preview"
    },
    {
      "method": "GET",
      "path": "/fonts/instrument-sans-latin-wght-normal.woff2",
      "kind": "font",
      "source": "browser-preview"
    },
    {
      "method": "GET",
      "path": "/fonts/eb-garamond-latin-400-normal.woff2",
      "kind": "font",
      "source": "browser-preview"
    },
    {
      "method": "GET",
      "path": "/fonts/eb-garamond-latin-500-normal.woff2",
      "kind": "font",
      "source": "browser-preview"
    },
    {
      "method": "GET",
      "path": "/js/pa-HwF2IBb5Sw8eboNPSOgHv.js",
      "kind": "script",
      "source": "browser-preview"
    },
    {
      "method": "GET",
      "path": "/_astro/explorer.ijMRUwvv.css",
      "kind": "stylesheet",
      "source": "browser-preview"
    },
    {
      "method": "GET",
      "path": "/_astro/ChartActionDock.Cc8zzTbx.css",
      "kind": "stylesheet",
      "source": "browser-preview"
    },
    {
      "method": "GET",
      "path": "/_astro/AstroTerm.astro_astro_type_script_index_0_lang.DB1iYTmP.js",
      "kind": "script",
      "source": "browser-preview"
    },
    {
      "method": "GET",
      "path": "/fonts/jetbrains-mono-latin-wght-normal.woff2",
      "kind": "font",
      "source": "browser-preview"
    },
    {
      "method": "GET",
      "path": "/_astro/ChartCalculator.CohOHP8k.js",
      "kind": "script",
      "source": "browser-preview"
    },
    {
      "method": "GET",
      "path": "/_astro/client.DPkn9Lbl.js",
      "kind": "script",
      "source": "browser-preview"
    },
    {
      "method": "GET",
      "path": "/_astro/preload-helper.L5lOfJxi.js",
      "kind": "script",
      "source": "browser-preview"
    },
    {
      "method": "GET",
      "path": "/_astro/preact.module.Bjq9tLsx.js",
      "kind": "script",
      "source": "browser-preview"
    },
    {
      "method": "GET",
      "path": "/_astro/hooks.module.C0_8FjiD.js",
      "kind": "script",
      "source": "browser-preview"
    },
    {
      "method": "GET",
      "path": "/_astro/profile-access-reader.DoQqlSjt.js",
      "kind": "script",
      "source": "browser-preview"
    },
    {
      "method": "GET",
      "path": "/_astro/chunk-H7RJKCBO.BUIGSNBz.js",
      "kind": "script",
      "source": "browser-preview"
    },
    {
      "method": "GET",
      "path": "/_astro/signs.BMXPKoMF.js",
      "kind": "script",
      "source": "browser-preview"
    },
    {
      "method": "GET",
      "path": "/_astro/jsxRuntime.module.BG9KJlGc.js",
      "kind": "script",
      "source": "browser-preview"
    },
    {
      "method": "GET",
      "path": "/_astro/PlanetGlyph.BhITbtcc.js",
      "kind": "script",
      "source": "browser-preview"
    },
    {
      "method": "GET",
      "path": "/_astro/i18n.Cg_lCJuc.js",
      "kind": "script",
      "source": "browser-preview"
    },
    {
      "method": "GET",
      "path": "/_astro/CalculationReload.DXyGkRsn.js",
      "kind": "script",
      "source": "browser-preview"
    },
    {
      "method": "GET",
      "path": "/_astro/astrology.BHib5efU.js",
      "kind": "script",
      "source": "browser-preview"
    },
    {
      "method": "GET",
      "path": "/_astro/share.BRlg0eGS.js",
      "kind": "script",
      "source": "browser-preview"
    },
    {
      "method": "GET",
      "path": "/_astro/chart-handoff.Dvz2AAcL.js",
      "kind": "script",
      "source": "browser-preview"
    },
    {
      "method": "GET",
      "path": "/_astro/useProfileAccessGeneration.w2JLb1F6.js",
      "kind": "script",
      "source": "browser-preview"
    },
    {
      "method": "GET",
      "path": "/_astro/useEngine.BV92cVg4.js",
      "kind": "script",
      "source": "browser-preview"
    },
    {
      "method": "GET",
      "path": "/_astro/BirthFields.VmY_J4-2.js",
      "kind": "script",
      "source": "browser-preview"
    },
    {
      "method": "GET",
      "path": "/_astro/localToUtc.CrWG2CBc.js",
      "kind": "script",
      "source": "browser-preview"
    },
    {
      "method": "GET",
      "path": "/_astro/interpretations.BaZkYN67.js",
      "kind": "script",
      "source": "browser-preview"
    },
    {
      "method": "GET",
      "path": "/_astro/AstroTerm.7K8SAipO.js",
      "kind": "script",
      "source": "browser-preview"
    },
    {
      "method": "GET",
      "path": "/_astro/SignChip.Dx3tQVZl.js",
      "kind": "script",
      "source": "browser-preview"
    },
    {
      "method": "GET",
      "path": "/_astro/AspectGlyph.DMIAGIQV.js",
      "kind": "script",
      "source": "browser-preview"
    },
    {
      "method": "GET",
      "path": "/_astro/Wheel.RNRSqGob.js",
      "kind": "script",
      "source": "browser-preview"
    },
    {
      "method": "GET",
      "path": "/_astro/dignities.BycBkP8Y.js",
      "kind": "script",
      "source": "browser-preview"
    },
    {
      "method": "GET",
      "path": "/_astro/houses.5SlbILVS.js",
      "kind": "script",
      "source": "browser-preview"
    },
    {
      "method": "GET",
      "path": "/_astro/technical-layout.DQIjXHHb.js",
      "kind": "script",
      "source": "browser-preview"
    },
    {
      "method": "GET",
      "path": "/_astro/lite.DKWHZC5_.js",
      "kind": "script",
      "source": "browser-preview"
    },
    {
      "method": "GET",
      "path": "/_astro/learning-input-identity.C-WLv51I.js",
      "kind": "script",
      "source": "browser-preview"
    },
    {
      "method": "GET",
      "path": "/_astro/analytics.CH5T6e-b.js",
      "kind": "script",
      "source": "browser-preview"
    },
    {
      "method": "GET",
      "path": "/_astro/post-chart-context.BZ1tHGpl.js",
      "kind": "script",
      "source": "browser-preview"
    },
    {
      "method": "GET",
      "path": "/_astro/context-help-client.BqVrBbz0.js",
      "kind": "script",
      "source": "browser-preview"
    },
    {
      "method": "GET",
      "path": "/assets/app-icons/v3/favicon.svg",
      "kind": "other",
      "source": "browser-preview"
    },
    {
      "method": "GET",
      "path": "/_astro/rolldown-runtime.DK3Fl9T5.js",
      "kind": "script",
      "source": "browser-preview"
    },
    {
      "method": "GET",
      "path": "/_astro/civil-date.CpOZUt7Z.js",
      "kind": "script",
      "source": "browser-preview"
    },
    {
      "method": "GET",
      "path": "/_astro/technical-locales.DDKucXXd.js",
      "kind": "script",
      "source": "browser-preview"
    },
    {
      "method": "GET",
      "path": "/_astro/paths.DYbAuceH.js",
      "kind": "script",
      "source": "browser-preview"
    },
    {
      "method": "GET",
      "path": "/_astro/chunk-INI453VG.BxjMUPBs.js",
      "kind": "script",
      "source": "browser-preview"
    },
    {
      "method": "GET",
      "path": "/_astro/PlaceSearch.D1WsU_jW.js",
      "kind": "script",
      "source": "browser-preview"
    },
    {
      "method": "GET",
      "path": "/_astro/chart-signature.-is-2T7w.js",
      "kind": "script",
      "source": "browser-preview"
    },
    {
      "method": "GET",
      "path": "/_astro/natal.D7JKDSdx.js",
      "kind": "script",
      "source": "browser-preview"
    },
    {
      "method": "GET",
      "path": "/_astro/synastry.rhUg9_9F.js",
      "kind": "script",
      "source": "browser-preview"
    },
    {
      "method": "GET",
      "path": "/_astro/aspects.BNC-J2iD.js",
      "kind": "script",
      "source": "browser-preview"
    },
    {
      "method": "GET",
      "path": "/_astro/compat.Bjc3uaB7.js",
      "kind": "script",
      "source": "browser-preview"
    },
    {
      "method": "GET",
      "path": "/_astro/ChartActionDock.v70WmYt8.js",
      "kind": "script",
      "source": "browser-preview"
    },
    {
      "method": "GET",
      "path": "/_astro/LearningPractice.CSqTNZrv.js",
      "kind": "script",
      "source": "browser-preview"
    },
    {
      "method": "GET",
      "path": "/_astro/chart-context-copy.UBOz97Jz.js",
      "kind": "script",
      "source": "browser-preview"
    },
    {
      "method": "GET",
      "path": "/_astro/AspectPatternFeature.JIFgyNsc.js",
      "kind": "script",
      "source": "browser-preview"
    },
    {
      "method": "GET",
      "path": "/_astro/use-learning-sources.rIwWXPg-.js",
      "kind": "script",
      "source": "browser-preview"
    },
    {
      "method": "GET",
      "path": "/_astro/schema.DqKqbGHb.js",
      "kind": "script",
      "source": "browser-preview"
    },
    {
      "method": "GET",
      "path": "/_astro/read-store.CIuzJaHq.js",
      "kind": "script",
      "source": "browser-preview"
    },
    {
      "method": "GET",
      "path": "/_astro/full.AQ--_mi-.js",
      "kind": "script",
      "source": "browser-preview"
    },
    {
      "method": "GET",
      "path": "/_astro/chart-adapter.K-QfJlbI.js",
      "kind": "script",
      "source": "browser-preview"
    },
    {
      "method": "GET",
      "path": "/assets/app-icons/v3/favicon.svg",
      "kind": "other",
      "source": "browser-preview"
    },
    {
      "method": "GET",
      "path": "/_astro/calculator-receipt.Sj7p-7nE.js",
      "kind": "script",
      "source": "browser-preview"
    },
    {
      "method": "GET",
      "path": "/_astro/PositionsShareSurface.DT0CW1_r.js",
      "kind": "script",
      "source": "browser-preview"
    },
    {
      "method": "GET",
      "path": "/_astro/share-positions.D3o0ugj4.js",
      "kind": "script",
      "source": "browser-preview"
    },
    {
      "method": "GET",
      "path": "/_astro/share-card.DovPi6oZ.js",
      "kind": "script",
      "source": "browser-preview"
    },
    {
      "method": "GET",
      "path": "/_astro/share-card-brand.CJKZtcRK.js",
      "kind": "script",
      "source": "browser-preview"
    },
    {
      "method": "GET",
      "path": "/_astro/share-card-copy.D0c42nic.js",
      "kind": "script",
      "source": "browser-preview"
    },
    {
      "method": "GET",
      "path": "/_astro/CalendarSubscribe.DXtj1Bbr.js",
      "kind": "script",
      "source": "browser-preview"
    },
    {
      "method": "GET",
      "path": "/_astro/CommunicationRead.ooCKD9f4.js",
      "kind": "script",
      "source": "browser-preview"
    },
    {
      "method": "GET",
      "path": "/_astro/ApproachRead.Bcve0KbT.js",
      "kind": "script",
      "source": "browser-preview"
    },
    {
      "method": "GET",
      "path": "/_astro/PwaInstallPrompt.BCohgdPv.js",
      "kind": "script",
      "source": "browser-preview"
    },
    {
      "method": "GET",
      "path": "/_astro/a2hs.WonhOqdm.js",
      "kind": "script",
      "source": "browser-preview"
    },
    {
      "method": "GET",
      "path": "/assets/zodiac-icons/128/gemini.avif",
      "kind": "image",
      "source": "browser-preview"
    },
    {
      "method": "GET",
      "path": "/assets/zodiac-icons/128/pisces.avif",
      "kind": "image",
      "source": "browser-preview"
    },
    {
      "method": "GET",
      "path": "/assets/zodiac-icons/128/libra.avif",
      "kind": "image",
      "source": "browser-preview"
    },
    {
      "method": "GET",
      "path": "/assets/zodiac-icons/128/aries.webp",
      "kind": "image",
      "source": "browser-preview"
    },
    {
      "method": "GET",
      "path": "/assets/zodiac-icons/128/taurus.webp",
      "kind": "image",
      "source": "browser-preview"
    },
    {
      "method": "GET",
      "path": "/assets/zodiac-icons/128/gemini.webp",
      "kind": "image",
      "source": "browser-preview"
    },
    {
      "method": "GET",
      "path": "/assets/zodiac-icons/128/cancer.webp",
      "kind": "image",
      "source": "browser-preview"
    },
    {
      "method": "GET",
      "path": "/assets/zodiac-icons/128/leo.webp",
      "kind": "image",
      "source": "browser-preview"
    },
    {
      "method": "GET",
      "path": "/assets/zodiac-icons/128/virgo.webp",
      "kind": "image",
      "source": "browser-preview"
    },
    {
      "method": "GET",
      "path": "/assets/zodiac-icons/128/libra.webp",
      "kind": "image",
      "source": "browser-preview"
    },
    {
      "method": "GET",
      "path": "/assets/zodiac-icons/128/scorpio.webp",
      "kind": "image",
      "source": "browser-preview"
    },
    {
      "method": "GET",
      "path": "/assets/zodiac-icons/128/sagittarius.webp",
      "kind": "image",
      "source": "browser-preview"
    },
    {
      "method": "GET",
      "path": "/assets/zodiac-icons/128/capricorn.webp",
      "kind": "image",
      "source": "browser-preview"
    },
    {
      "method": "GET",
      "path": "/assets/zodiac-icons/128/aquarius.webp",
      "kind": "image",
      "source": "browser-preview"
    },
    {
      "method": "GET",
      "path": "/assets/zodiac-icons/128/pisces.webp",
      "kind": "image",
      "source": "browser-preview"
    },
    {
      "method": "GET",
      "path": "/_astro/store.B9KwR70B.js",
      "kind": "script",
      "source": "browser-preview"
    },
    {
      "method": "GET",
      "path": "/_astro/deletions.DUQYISzq.js",
      "kind": "script",
      "source": "browser-preview"
    },
    {
      "method": "GET",
      "path": "/assets/site-footer.css",
      "kind": "stylesheet",
      "source": "browser-preview"
    },
    {
      "method": "GET",
      "path": "/assets/zodiac-icons/128/libra.webp",
      "kind": "fetch",
      "source": "browser-preview"
    },
    {
      "method": "GET",
      "path": "/assets/zodiac-icons/128/gemini.webp",
      "kind": "fetch",
      "source": "browser-preview"
    },
    {
      "method": "GET",
      "path": "/assets/zodiac-icons/128/pisces.webp",
      "kind": "fetch",
      "source": "browser-preview"
    },
    {
      "method": "GET",
      "path": "/assets/zodiac-icons/128/aries.webp",
      "kind": "fetch",
      "source": "browser-preview"
    },
    {
      "method": "GET",
      "path": "/assets/zodiac-icons/128/aries.webp",
      "kind": "fetch",
      "source": "browser-preview"
    },
    {
      "method": "GET",
      "path": "/assets/zodiac-icons/128/taurus.webp",
      "kind": "fetch",
      "source": "browser-preview"
    },
    {
      "method": "GET",
      "path": "/assets/zodiac-icons/128/gemini.webp",
      "kind": "fetch",
      "source": "browser-preview"
    },
    {
      "method": "GET",
      "path": "/assets/zodiac-icons/128/cancer.webp",
      "kind": "fetch",
      "source": "browser-preview"
    },
    {
      "method": "GET",
      "path": "/assets/zodiac-icons/128/leo.webp",
      "kind": "fetch",
      "source": "browser-preview"
    },
    {
      "method": "GET",
      "path": "/assets/zodiac-icons/128/virgo.webp",
      "kind": "fetch",
      "source": "browser-preview"
    },
    {
      "method": "GET",
      "path": "/assets/zodiac-icons/128/libra.webp",
      "kind": "fetch",
      "source": "browser-preview"
    },
    {
      "method": "GET",
      "path": "/assets/zodiac-icons/128/scorpio.webp",
      "kind": "fetch",
      "source": "browser-preview"
    },
    {
      "method": "GET",
      "path": "/assets/zodiac-icons/128/sagittarius.webp",
      "kind": "fetch",
      "source": "browser-preview"
    },
    {
      "method": "GET",
      "path": "/assets/zodiac-icons/128/capricorn.webp",
      "kind": "fetch",
      "source": "browser-preview"
    },
    {
      "method": "GET",
      "path": "/assets/zodiac-icons/128/aquarius.webp",
      "kind": "fetch",
      "source": "browser-preview"
    },
    {
      "method": "GET",
      "path": "/assets/zodiac-icons/128/pisces.webp",
      "kind": "fetch",
      "source": "browser-preview"
    },
    {
      "method": "GET",
      "path": "/assets/zodiac-icons/128/gemini.webp",
      "kind": "fetch",
      "source": "browser-preview"
    },
    {
      "method": "GET",
      "path": "/assets/zodiac-icons/128/pisces.webp",
      "kind": "fetch",
      "source": "browser-preview"
    },
    {
      "method": "GET",
      "path": "/assets/zodiac-icons/128/aries.webp",
      "kind": "fetch",
      "source": "browser-preview"
    },
    {
      "method": "GET",
      "path": "/assets/app-icons/v3/icon-512.png",
      "kind": "fetch",
      "source": "browser-preview"
    },
    {
      "method": "GET",
      "path": "/assets/app-icons/v3/icon-512.png",
      "kind": "fetch",
      "source": "browser-preview"
    },
    {
      "method": "GET",
      "path": "/fonts/eb-garamond-latin-400-italic.woff2",
      "kind": "font",
      "source": "browser-preview"
    },
    {
      "method": "GET",
      "path": "/assets/assistant-ui.js",
      "kind": "script",
      "source": "browser-preview"
    },
    {
      "method": "GET",
      "path": "/assets/app-icons/v3/icon-512.png",
      "kind": "fetch",
      "source": "browser-preview"
    },
    {
      "method": "GET",
      "path": "/assets/assistant-ui.css",
      "kind": "stylesheet",
      "source": "browser-preview"
    },
    {
      "method": "GET",
      "path": "/assets/guide-avatar.webp",
      "kind": "image",
      "source": "browser-preview"
    },
    {
      "method": "GET",
      "path": "/assets/zodiac-icons/48/aries.avif",
      "kind": "image",
      "source": "browser-preview"
    },
    {
      "method": "GET",
      "path": "/assets/zodiac-icons/48/gemini.avif",
      "kind": "image",
      "source": "browser-preview"
    },
    {
      "method": "GET",
      "path": "/assets/zodiac-icons/48/pisces.avif",
      "kind": "image",
      "source": "browser-preview"
    },
    {
      "method": "GET",
      "path": "/es/birth-chart/",
      "kind": "document",
      "source": "browser-preview"
    },
    {
      "method": "GET",
      "path": "/fonts/instrument-sans-latin-wght-normal.woff2",
      "kind": "font",
      "source": "browser-preview"
    },
    {
      "method": "GET",
      "path": "/fonts/eb-garamond-latin-400-normal.woff2",
      "kind": "font",
      "source": "browser-preview"
    },
    {
      "method": "GET",
      "path": "/fonts/eb-garamond-latin-500-normal.woff2",
      "kind": "font",
      "source": "browser-preview"
    },
    {
      "method": "GET",
      "path": "/_astro/Base.Bryss0yT.css",
      "kind": "stylesheet",
      "source": "browser-preview"
    },
    {
      "method": "GET",
      "path": "/_astro/calculator.MBHg3tIV.css",
      "kind": "stylesheet",
      "source": "browser-preview"
    },
    {
      "method": "GET",
      "path": "/_astro/explorer.ijMRUwvv.css",
      "kind": "stylesheet",
      "source": "browser-preview"
    },
    {
      "method": "GET",
      "path": "/_astro/ChartActionDock.Cc8zzTbx.css",
      "kind": "stylesheet",
      "source": "browser-preview"
    },
    {
      "method": "GET",
      "path": "/js/pa-HwF2IBb5Sw8eboNPSOgHv.js",
      "kind": "script",
      "source": "browser-preview"
    },
    {
      "method": "GET",
      "path": "/fonts/jetbrains-mono-latin-wght-normal.woff2",
      "kind": "font",
      "source": "browser-preview"
    },
    {
      "method": "GET",
      "path": "/_astro/ChartCalculator.CohOHP8k.js",
      "kind": "script",
      "source": "browser-preview"
    },
    {
      "method": "GET",
      "path": "/_astro/client.DPkn9Lbl.js",
      "kind": "script",
      "source": "browser-preview"
    },
    {
      "method": "GET",
      "path": "/_astro/preload-helper.L5lOfJxi.js",
      "kind": "script",
      "source": "browser-preview"
    },
    {
      "method": "GET",
      "path": "/_astro/preact.module.Bjq9tLsx.js",
      "kind": "script",
      "source": "browser-preview"
    },
    {
      "method": "GET",
      "path": "/_astro/hooks.module.C0_8FjiD.js",
      "kind": "script",
      "source": "browser-preview"
    },
    {
      "method": "GET",
      "path": "/_astro/profile-access-reader.DoQqlSjt.js",
      "kind": "script",
      "source": "browser-preview"
    },
    {
      "method": "GET",
      "path": "/_astro/chunk-H7RJKCBO.BUIGSNBz.js",
      "kind": "script",
      "source": "browser-preview"
    },
    {
      "method": "GET",
      "path": "/_astro/signs.BMXPKoMF.js",
      "kind": "script",
      "source": "browser-preview"
    },
    {
      "method": "GET",
      "path": "/_astro/jsxRuntime.module.BG9KJlGc.js",
      "kind": "script",
      "source": "browser-preview"
    },
    {
      "method": "GET",
      "path": "/_astro/PlanetGlyph.BhITbtcc.js",
      "kind": "script",
      "source": "browser-preview"
    },
    {
      "method": "GET",
      "path": "/_astro/i18n.Cg_lCJuc.js",
      "kind": "script",
      "source": "browser-preview"
    },
    {
      "method": "GET",
      "path": "/_astro/CalculationReload.DXyGkRsn.js",
      "kind": "script",
      "source": "browser-preview"
    },
    {
      "method": "GET",
      "path": "/_astro/astrology.BHib5efU.js",
      "kind": "script",
      "source": "browser-preview"
    },
    {
      "method": "GET",
      "path": "/_astro/share.BRlg0eGS.js",
      "kind": "script",
      "source": "browser-preview"
    },
    {
      "method": "GET",
      "path": "/_astro/chart-handoff.Dvz2AAcL.js",
      "kind": "script",
      "source": "browser-preview"
    },
    {
      "method": "GET",
      "path": "/_astro/useProfileAccessGeneration.w2JLb1F6.js",
      "kind": "script",
      "source": "browser-preview"
    },
    {
      "method": "GET",
      "path": "/_astro/useEngine.BV92cVg4.js",
      "kind": "script",
      "source": "browser-preview"
    },
    {
      "method": "GET",
      "path": "/_astro/BirthFields.VmY_J4-2.js",
      "kind": "script",
      "source": "browser-preview"
    },
    {
      "method": "GET",
      "path": "/_astro/localToUtc.CrWG2CBc.js",
      "kind": "script",
      "source": "browser-preview"
    },
    {
      "method": "GET",
      "path": "/_astro/interpretations.BaZkYN67.js",
      "kind": "script",
      "source": "browser-preview"
    },
    {
      "method": "GET",
      "path": "/_astro/AstroTerm.7K8SAipO.js",
      "kind": "script",
      "source": "browser-preview"
    },
    {
      "method": "GET",
      "path": "/_astro/SignChip.Dx3tQVZl.js",
      "kind": "script",
      "source": "browser-preview"
    },
    {
      "method": "GET",
      "path": "/_astro/AspectGlyph.DMIAGIQV.js",
      "kind": "script",
      "source": "browser-preview"
    },
    {
      "method": "GET",
      "path": "/_astro/Wheel.RNRSqGob.js",
      "kind": "script",
      "source": "browser-preview"
    },
    {
      "method": "GET",
      "path": "/_astro/dignities.BycBkP8Y.js",
      "kind": "script",
      "source": "browser-preview"
    },
    {
      "method": "GET",
      "path": "/_astro/houses.5SlbILVS.js",
      "kind": "script",
      "source": "browser-preview"
    },
    {
      "method": "GET",
      "path": "/_astro/technical-layout.DQIjXHHb.js",
      "kind": "script",
      "source": "browser-preview"
    },
    {
      "method": "GET",
      "path": "/_astro/lite.DKWHZC5_.js",
      "kind": "script",
      "source": "browser-preview"
    },
    {
      "method": "GET",
      "path": "/_astro/learning-input-identity.C-WLv51I.js",
      "kind": "script",
      "source": "browser-preview"
    },
    {
      "method": "GET",
      "path": "/_astro/analytics.CH5T6e-b.js",
      "kind": "script",
      "source": "browser-preview"
    },
    {
      "method": "GET",
      "path": "/_astro/post-chart-context.BZ1tHGpl.js",
      "kind": "script",
      "source": "browser-preview"
    },
    {
      "method": "GET",
      "path": "/assets/app-icons/v3/favicon.svg",
      "kind": "other",
      "source": "browser-preview"
    },
    {
      "method": "GET",
      "path": "/_astro/chunk-INI453VG.BxjMUPBs.js",
      "kind": "script",
      "source": "browser-preview"
    },
    {
      "method": "GET",
      "path": "/_astro/rolldown-runtime.DK3Fl9T5.js",
      "kind": "script",
      "source": "browser-preview"
    },
    {
      "method": "GET",
      "path": "/_astro/civil-date.CpOZUt7Z.js",
      "kind": "script",
      "source": "browser-preview"
    },
    {
      "method": "GET",
      "path": "/_astro/technical-locales.DDKucXXd.js",
      "kind": "script",
      "source": "browser-preview"
    },
    {
      "method": "GET",
      "path": "/_astro/paths.DYbAuceH.js",
      "kind": "script",
      "source": "browser-preview"
    },
    {
      "method": "GET",
      "path": "/_astro/PlaceSearch.D1WsU_jW.js",
      "kind": "script",
      "source": "browser-preview"
    },
    {
      "method": "GET",
      "path": "/assets/site-footer.css",
      "kind": "stylesheet",
      "source": "browser-preview"
    },
    {
      "method": "GET",
      "path": "/_astro/ChartActionDock.v70WmYt8.js",
      "kind": "script",
      "source": "browser-preview"
    },
    {
      "method": "GET",
      "path": "/_astro/LearningPractice.CSqTNZrv.js",
      "kind": "script",
      "source": "browser-preview"
    },
    {
      "method": "GET",
      "path": "/_astro/natal.D7JKDSdx.js",
      "kind": "script",
      "source": "browser-preview"
    },
    {
      "method": "GET",
      "path": "/_astro/synastry.rhUg9_9F.js",
      "kind": "script",
      "source": "browser-preview"
    },
    {
      "method": "GET",
      "path": "/_astro/aspects.BNC-J2iD.js",
      "kind": "script",
      "source": "browser-preview"
    },
    {
      "method": "GET",
      "path": "/_astro/compat.Bjc3uaB7.js",
      "kind": "script",
      "source": "browser-preview"
    },
    {
      "method": "GET",
      "path": "/_astro/chart-context-copy.UBOz97Jz.js",
      "kind": "script",
      "source": "browser-preview"
    },
    {
      "method": "GET",
      "path": "/_astro/AspectPatternFeature.JIFgyNsc.js",
      "kind": "script",
      "source": "browser-preview"
    },
    {
      "method": "GET",
      "path": "/_astro/use-learning-sources.rIwWXPg-.js",
      "kind": "script",
      "source": "browser-preview"
    },
    {
      "method": "GET",
      "path": "/_astro/schema.DqKqbGHb.js",
      "kind": "script",
      "source": "browser-preview"
    },
    {
      "method": "GET",
      "path": "/_astro/read-store.CIuzJaHq.js",
      "kind": "script",
      "source": "browser-preview"
    },
    {
      "method": "GET",
      "path": "/_astro/full.AQ--_mi-.js",
      "kind": "script",
      "source": "browser-preview"
    },
    {
      "method": "GET",
      "path": "/_astro/chart-adapter.K-QfJlbI.js",
      "kind": "script",
      "source": "browser-preview"
    },
    {
      "method": "GET",
      "path": "/assets/assistant-ui.js",
      "kind": "script",
      "source": "browser-preview"
    },
    {
      "method": "GET",
      "path": "/assets/app-icons/v3/favicon.svg",
      "kind": "other",
      "source": "browser-preview"
    },
    {
      "method": "GET",
      "path": "/assets/assistant-ui.css",
      "kind": "stylesheet",
      "source": "browser-preview"
    },
    {
      "method": "GET",
      "path": "/_astro/calculator-receipt.Sj7p-7nE.js",
      "kind": "script",
      "source": "browser-preview"
    },
    {
      "method": "GET",
      "path": "/assets/guide-avatar.webp",
      "kind": "image",
      "source": "browser-preview"
    },
    {
      "method": "GET",
      "path": "/_astro/PositionsShareSurface.DT0CW1_r.js",
      "kind": "script",
      "source": "browser-preview"
    },
    {
      "method": "GET",
      "path": "/_astro/share-positions.D3o0ugj4.js",
      "kind": "script",
      "source": "browser-preview"
    },
    {
      "method": "GET",
      "path": "/_astro/share-card.DovPi6oZ.js",
      "kind": "script",
      "source": "browser-preview"
    },
    {
      "method": "GET",
      "path": "/_astro/share-card-brand.CJKZtcRK.js",
      "kind": "script",
      "source": "browser-preview"
    },
    {
      "method": "GET",
      "path": "/_astro/share-card-copy.D0c42nic.js",
      "kind": "script",
      "source": "browser-preview"
    },
    {
      "method": "GET",
      "path": "/_astro/chart-signature.-is-2T7w.js",
      "kind": "script",
      "source": "browser-preview"
    },
    {
      "method": "GET",
      "path": "/_astro/CalendarSubscribe.DXtj1Bbr.js",
      "kind": "script",
      "source": "browser-preview"
    },
    {
      "method": "GET",
      "path": "/_astro/PwaInstallPrompt.BCohgdPv.js",
      "kind": "script",
      "source": "browser-preview"
    },
    {
      "method": "GET",
      "path": "/_astro/a2hs.WonhOqdm.js",
      "kind": "script",
      "source": "browser-preview"
    },
    {
      "method": "GET",
      "path": "/assets/zodiac-icons/128/gemini.avif",
      "kind": "image",
      "source": "browser-preview"
    },
    {
      "method": "GET",
      "path": "/assets/zodiac-icons/128/pisces.avif",
      "kind": "image",
      "source": "browser-preview"
    },
    {
      "method": "GET",
      "path": "/assets/zodiac-icons/128/libra.avif",
      "kind": "image",
      "source": "browser-preview"
    },
    {
      "method": "GET",
      "path": "/assets/zodiac-icons/128/aries.webp",
      "kind": "image",
      "source": "browser-preview"
    },
    {
      "method": "GET",
      "path": "/assets/zodiac-icons/128/taurus.webp",
      "kind": "image",
      "source": "browser-preview"
    },
    {
      "method": "GET",
      "path": "/assets/zodiac-icons/128/gemini.webp",
      "kind": "image",
      "source": "browser-preview"
    },
    {
      "method": "GET",
      "path": "/assets/zodiac-icons/128/cancer.webp",
      "kind": "image",
      "source": "browser-preview"
    },
    {
      "method": "GET",
      "path": "/assets/zodiac-icons/128/leo.webp",
      "kind": "image",
      "source": "browser-preview"
    },
    {
      "method": "GET",
      "path": "/assets/zodiac-icons/128/virgo.webp",
      "kind": "image",
      "source": "browser-preview"
    },
    {
      "method": "GET",
      "path": "/assets/zodiac-icons/128/libra.webp",
      "kind": "image",
      "source": "browser-preview"
    },
    {
      "method": "GET",
      "path": "/assets/zodiac-icons/128/scorpio.webp",
      "kind": "image",
      "source": "browser-preview"
    },
    {
      "method": "GET",
      "path": "/assets/zodiac-icons/128/sagittarius.webp",
      "kind": "image",
      "source": "browser-preview"
    },
    {
      "method": "GET",
      "path": "/assets/zodiac-icons/128/capricorn.webp",
      "kind": "image",
      "source": "browser-preview"
    },
    {
      "method": "GET",
      "path": "/assets/zodiac-icons/128/aquarius.webp",
      "kind": "image",
      "source": "browser-preview"
    },
    {
      "method": "GET",
      "path": "/assets/zodiac-icons/128/pisces.webp",
      "kind": "image",
      "source": "browser-preview"
    },
    {
      "method": "GET",
      "path": "/_astro/store.B9KwR70B.js",
      "kind": "script",
      "source": "browser-preview"
    },
    {
      "method": "GET",
      "path": "/_astro/deletions.DUQYISzq.js",
      "kind": "script",
      "source": "browser-preview"
    },
    {
      "method": "GET",
      "path": "/assets/zodiac-icons/128/aries.webp",
      "kind": "fetch",
      "source": "browser-preview"
    },
    {
      "method": "GET",
      "path": "/assets/zodiac-icons/128/taurus.webp",
      "kind": "fetch",
      "source": "browser-preview"
    },
    {
      "method": "GET",
      "path": "/assets/zodiac-icons/128/gemini.webp",
      "kind": "fetch",
      "source": "browser-preview"
    },
    {
      "method": "GET",
      "path": "/assets/zodiac-icons/128/cancer.webp",
      "kind": "fetch",
      "source": "browser-preview"
    },
    {
      "method": "GET",
      "path": "/assets/zodiac-icons/128/leo.webp",
      "kind": "fetch",
      "source": "browser-preview"
    },
    {
      "method": "GET",
      "path": "/assets/zodiac-icons/128/virgo.webp",
      "kind": "fetch",
      "source": "browser-preview"
    },
    {
      "method": "GET",
      "path": "/assets/zodiac-icons/128/libra.webp",
      "kind": "fetch",
      "source": "browser-preview"
    },
    {
      "method": "GET",
      "path": "/assets/zodiac-icons/128/scorpio.webp",
      "kind": "fetch",
      "source": "browser-preview"
    },
    {
      "method": "GET",
      "path": "/assets/zodiac-icons/128/sagittarius.webp",
      "kind": "fetch",
      "source": "browser-preview"
    },
    {
      "method": "GET",
      "path": "/assets/zodiac-icons/128/capricorn.webp",
      "kind": "fetch",
      "source": "browser-preview"
    },
    {
      "method": "GET",
      "path": "/assets/zodiac-icons/128/aquarius.webp",
      "kind": "fetch",
      "source": "browser-preview"
    },
    {
      "method": "GET",
      "path": "/assets/zodiac-icons/128/pisces.webp",
      "kind": "fetch",
      "source": "browser-preview"
    },
    {
      "method": "GET",
      "path": "/fonts/eb-garamond-latin-400-italic.woff2",
      "kind": "font",
      "source": "browser-preview"
    },
    {
      "method": "GET",
      "path": "/assets/app-icons/v3/icon-512.png",
      "kind": "fetch",
      "source": "browser-preview"
    },
    {
      "method": "GET",
      "path": "/pt/birth-chart/",
      "kind": "document",
      "source": "browser-preview"
    },
    {
      "method": "GET",
      "path": "/fonts/instrument-sans-latin-wght-normal.woff2",
      "kind": "font",
      "source": "browser-preview"
    },
    {
      "method": "GET",
      "path": "/fonts/eb-garamond-latin-400-normal.woff2",
      "kind": "font",
      "source": "browser-preview"
    },
    {
      "method": "GET",
      "path": "/fonts/eb-garamond-latin-500-normal.woff2",
      "kind": "font",
      "source": "browser-preview"
    },
    {
      "method": "GET",
      "path": "/_astro/Base.Bryss0yT.css",
      "kind": "stylesheet",
      "source": "browser-preview"
    },
    {
      "method": "GET",
      "path": "/_astro/calculator.MBHg3tIV.css",
      "kind": "stylesheet",
      "source": "browser-preview"
    },
    {
      "method": "GET",
      "path": "/_astro/explorer.ijMRUwvv.css",
      "kind": "stylesheet",
      "source": "browser-preview"
    },
    {
      "method": "GET",
      "path": "/_astro/ChartActionDock.Cc8zzTbx.css",
      "kind": "stylesheet",
      "source": "browser-preview"
    },
    {
      "method": "GET",
      "path": "/js/pa-HwF2IBb5Sw8eboNPSOgHv.js",
      "kind": "script",
      "source": "browser-preview"
    },
    {
      "method": "GET",
      "path": "/fonts/jetbrains-mono-latin-wght-normal.woff2",
      "kind": "font",
      "source": "browser-preview"
    },
    {
      "method": "GET",
      "path": "/_astro/ChartCalculator.CohOHP8k.js",
      "kind": "script",
      "source": "browser-preview"
    },
    {
      "method": "GET",
      "path": "/_astro/client.DPkn9Lbl.js",
      "kind": "script",
      "source": "browser-preview"
    },
    {
      "method": "GET",
      "path": "/_astro/preload-helper.L5lOfJxi.js",
      "kind": "script",
      "source": "browser-preview"
    },
    {
      "method": "GET",
      "path": "/_astro/preact.module.Bjq9tLsx.js",
      "kind": "script",
      "source": "browser-preview"
    },
    {
      "method": "GET",
      "path": "/assets/app-icons/v3/favicon.svg",
      "kind": "other",
      "source": "browser-preview"
    },
    {
      "method": "GET",
      "path": "/_astro/hooks.module.C0_8FjiD.js",
      "kind": "script",
      "source": "browser-preview"
    },
    {
      "method": "GET",
      "path": "/_astro/profile-access-reader.DoQqlSjt.js",
      "kind": "script",
      "source": "browser-preview"
    },
    {
      "method": "GET",
      "path": "/_astro/chunk-H7RJKCBO.BUIGSNBz.js",
      "kind": "script",
      "source": "browser-preview"
    },
    {
      "method": "GET",
      "path": "/_astro/signs.BMXPKoMF.js",
      "kind": "script",
      "source": "browser-preview"
    },
    {
      "method": "GET",
      "path": "/_astro/jsxRuntime.module.BG9KJlGc.js",
      "kind": "script",
      "source": "browser-preview"
    },
    {
      "method": "GET",
      "path": "/_astro/PlanetGlyph.BhITbtcc.js",
      "kind": "script",
      "source": "browser-preview"
    },
    {
      "method": "GET",
      "path": "/_astro/i18n.Cg_lCJuc.js",
      "kind": "script",
      "source": "browser-preview"
    },
    {
      "method": "GET",
      "path": "/_astro/CalculationReload.DXyGkRsn.js",
      "kind": "script",
      "source": "browser-preview"
    },
    {
      "method": "GET",
      "path": "/_astro/astrology.BHib5efU.js",
      "kind": "script",
      "source": "browser-preview"
    },
    {
      "method": "GET",
      "path": "/_astro/share.BRlg0eGS.js",
      "kind": "script",
      "source": "browser-preview"
    },
    {
      "method": "GET",
      "path": "/_astro/chart-handoff.Dvz2AAcL.js",
      "kind": "script",
      "source": "browser-preview"
    },
    {
      "method": "GET",
      "path": "/_astro/useProfileAccessGeneration.w2JLb1F6.js",
      "kind": "script",
      "source": "browser-preview"
    },
    {
      "method": "GET",
      "path": "/_astro/useEngine.BV92cVg4.js",
      "kind": "script",
      "source": "browser-preview"
    },
    {
      "method": "GET",
      "path": "/_astro/BirthFields.VmY_J4-2.js",
      "kind": "script",
      "source": "browser-preview"
    },
    {
      "method": "GET",
      "path": "/_astro/localToUtc.CrWG2CBc.js",
      "kind": "script",
      "source": "browser-preview"
    },
    {
      "method": "GET",
      "path": "/_astro/interpretations.BaZkYN67.js",
      "kind": "script",
      "source": "browser-preview"
    },
    {
      "method": "GET",
      "path": "/_astro/AstroTerm.7K8SAipO.js",
      "kind": "script",
      "source": "browser-preview"
    },
    {
      "method": "GET",
      "path": "/_astro/SignChip.Dx3tQVZl.js",
      "kind": "script",
      "source": "browser-preview"
    },
    {
      "method": "GET",
      "path": "/_astro/AspectGlyph.DMIAGIQV.js",
      "kind": "script",
      "source": "browser-preview"
    },
    {
      "method": "GET",
      "path": "/_astro/Wheel.RNRSqGob.js",
      "kind": "script",
      "source": "browser-preview"
    },
    {
      "method": "GET",
      "path": "/_astro/dignities.BycBkP8Y.js",
      "kind": "script",
      "source": "browser-preview"
    },
    {
      "method": "GET",
      "path": "/_astro/houses.5SlbILVS.js",
      "kind": "script",
      "source": "browser-preview"
    },
    {
      "method": "GET",
      "path": "/_astro/technical-layout.DQIjXHHb.js",
      "kind": "script",
      "source": "browser-preview"
    },
    {
      "method": "GET",
      "path": "/_astro/lite.DKWHZC5_.js",
      "kind": "script",
      "source": "browser-preview"
    },
    {
      "method": "GET",
      "path": "/_astro/learning-input-identity.C-WLv51I.js",
      "kind": "script",
      "source": "browser-preview"
    },
    {
      "method": "GET",
      "path": "/_astro/analytics.CH5T6e-b.js",
      "kind": "script",
      "source": "browser-preview"
    },
    {
      "method": "GET",
      "path": "/_astro/post-chart-context.BZ1tHGpl.js",
      "kind": "script",
      "source": "browser-preview"
    },
    {
      "method": "GET",
      "path": "/_astro/paths.DYbAuceH.js",
      "kind": "script",
      "source": "browser-preview"
    },
    {
      "method": "GET",
      "path": "/_astro/PlaceSearch.D1WsU_jW.js",
      "kind": "script",
      "source": "browser-preview"
    },
    {
      "method": "GET",
      "path": "/_astro/rolldown-runtime.DK3Fl9T5.js",
      "kind": "script",
      "source": "browser-preview"
    },
    {
      "method": "GET",
      "path": "/_astro/civil-date.CpOZUt7Z.js",
      "kind": "script",
      "source": "browser-preview"
    },
    {
      "method": "GET",
      "path": "/_astro/technical-locales.DDKucXXd.js",
      "kind": "script",
      "source": "browser-preview"
    },
    {
      "method": "GET",
      "path": "/_astro/chunk-INI453VG.BxjMUPBs.js",
      "kind": "script",
      "source": "browser-preview"
    },
    {
      "method": "GET",
      "path": "/_astro/ChartActionDock.v70WmYt8.js",
      "kind": "script",
      "source": "browser-preview"
    },
    {
      "method": "GET",
      "path": "/_astro/LearningPractice.CSqTNZrv.js",
      "kind": "script",
      "source": "browser-preview"
    },
    {
      "method": "GET",
      "path": "/_astro/natal.D7JKDSdx.js",
      "kind": "script",
      "source": "browser-preview"
    },
    {
      "method": "GET",
      "path": "/_astro/synastry.rhUg9_9F.js",
      "kind": "script",
      "source": "browser-preview"
    },
    {
      "method": "GET",
      "path": "/_astro/aspects.BNC-J2iD.js",
      "kind": "script",
      "source": "browser-preview"
    },
    {
      "method": "GET",
      "path": "/_astro/compat.Bjc3uaB7.js",
      "kind": "script",
      "source": "browser-preview"
    },
    {
      "method": "GET",
      "path": "/_astro/chart-context-copy.UBOz97Jz.js",
      "kind": "script",
      "source": "browser-preview"
    },
    {
      "method": "GET",
      "path": "/_astro/AspectPatternFeature.JIFgyNsc.js",
      "kind": "script",
      "source": "browser-preview"
    },
    {
      "method": "GET",
      "path": "/_astro/use-learning-sources.rIwWXPg-.js",
      "kind": "script",
      "source": "browser-preview"
    },
    {
      "method": "GET",
      "path": "/_astro/schema.DqKqbGHb.js",
      "kind": "script",
      "source": "browser-preview"
    },
    {
      "method": "GET",
      "path": "/_astro/read-store.CIuzJaHq.js",
      "kind": "script",
      "source": "browser-preview"
    },
    {
      "method": "GET",
      "path": "/_astro/full.AQ--_mi-.js",
      "kind": "script",
      "source": "browser-preview"
    },
    {
      "method": "GET",
      "path": "/_astro/chart-adapter.K-QfJlbI.js",
      "kind": "script",
      "source": "browser-preview"
    },
    {
      "method": "GET",
      "path": "/assets/app-icons/v3/favicon.svg",
      "kind": "other",
      "source": "browser-preview"
    },
    {
      "method": "GET",
      "path": "/_astro/calculator-receipt.Sj7p-7nE.js",
      "kind": "script",
      "source": "browser-preview"
    },
    {
      "method": "GET",
      "path": "/assets/site-footer.css",
      "kind": "stylesheet",
      "source": "browser-preview"
    },
    {
      "method": "GET",
      "path": "/_astro/PositionsShareSurface.DT0CW1_r.js",
      "kind": "script",
      "source": "browser-preview"
    },
    {
      "method": "GET",
      "path": "/_astro/share-positions.D3o0ugj4.js",
      "kind": "script",
      "source": "browser-preview"
    },
    {
      "method": "GET",
      "path": "/_astro/share-card.DovPi6oZ.js",
      "kind": "script",
      "source": "browser-preview"
    },
    {
      "method": "GET",
      "path": "/_astro/share-card-brand.CJKZtcRK.js",
      "kind": "script",
      "source": "browser-preview"
    },
    {
      "method": "GET",
      "path": "/_astro/share-card-copy.D0c42nic.js",
      "kind": "script",
      "source": "browser-preview"
    },
    {
      "method": "GET",
      "path": "/_astro/chart-signature.-is-2T7w.js",
      "kind": "script",
      "source": "browser-preview"
    },
    {
      "method": "GET",
      "path": "/_astro/CalendarSubscribe.DXtj1Bbr.js",
      "kind": "script",
      "source": "browser-preview"
    },
    {
      "method": "GET",
      "path": "/_astro/PwaInstallPrompt.BCohgdPv.js",
      "kind": "script",
      "source": "browser-preview"
    },
    {
      "method": "GET",
      "path": "/_astro/a2hs.WonhOqdm.js",
      "kind": "script",
      "source": "browser-preview"
    },
    {
      "method": "GET",
      "path": "/assets/zodiac-icons/128/gemini.avif",
      "kind": "image",
      "source": "browser-preview"
    },
    {
      "method": "GET",
      "path": "/assets/zodiac-icons/128/pisces.avif",
      "kind": "image",
      "source": "browser-preview"
    },
    {
      "method": "GET",
      "path": "/assets/zodiac-icons/128/libra.avif",
      "kind": "image",
      "source": "browser-preview"
    },
    {
      "method": "GET",
      "path": "/assets/zodiac-icons/128/aries.webp",
      "kind": "image",
      "source": "browser-preview"
    },
    {
      "method": "GET",
      "path": "/assets/zodiac-icons/128/taurus.webp",
      "kind": "image",
      "source": "browser-preview"
    },
    {
      "method": "GET",
      "path": "/assets/zodiac-icons/128/gemini.webp",
      "kind": "image",
      "source": "browser-preview"
    },
    {
      "method": "GET",
      "path": "/assets/zodiac-icons/128/cancer.webp",
      "kind": "image",
      "source": "browser-preview"
    },
    {
      "method": "GET",
      "path": "/assets/zodiac-icons/128/leo.webp",
      "kind": "image",
      "source": "browser-preview"
    },
    {
      "method": "GET",
      "path": "/assets/zodiac-icons/128/virgo.webp",
      "kind": "image",
      "source": "browser-preview"
    },
    {
      "method": "GET",
      "path": "/assets/zodiac-icons/128/libra.webp",
      "kind": "image",
      "source": "browser-preview"
    },
    {
      "method": "GET",
      "path": "/assets/zodiac-icons/128/scorpio.webp",
      "kind": "image",
      "source": "browser-preview"
    },
    {
      "method": "GET",
      "path": "/assets/zodiac-icons/128/sagittarius.webp",
      "kind": "image",
      "source": "browser-preview"
    },
    {
      "method": "GET",
      "path": "/assets/zodiac-icons/128/capricorn.webp",
      "kind": "image",
      "source": "browser-preview"
    },
    {
      "method": "GET",
      "path": "/assets/zodiac-icons/128/aquarius.webp",
      "kind": "image",
      "source": "browser-preview"
    },
    {
      "method": "GET",
      "path": "/assets/zodiac-icons/128/pisces.webp",
      "kind": "image",
      "source": "browser-preview"
    },
    {
      "method": "GET",
      "path": "/_astro/store.B9KwR70B.js",
      "kind": "script",
      "source": "browser-preview"
    },
    {
      "method": "GET",
      "path": "/_astro/deletions.DUQYISzq.js",
      "kind": "script",
      "source": "browser-preview"
    },
    {
      "method": "GET",
      "path": "/assets/zodiac-icons/128/aries.webp",
      "kind": "fetch",
      "source": "browser-preview"
    },
    {
      "method": "GET",
      "path": "/assets/zodiac-icons/128/taurus.webp",
      "kind": "fetch",
      "source": "browser-preview"
    },
    {
      "method": "GET",
      "path": "/assets/zodiac-icons/128/gemini.webp",
      "kind": "fetch",
      "source": "browser-preview"
    },
    {
      "method": "GET",
      "path": "/assets/zodiac-icons/128/cancer.webp",
      "kind": "fetch",
      "source": "browser-preview"
    },
    {
      "method": "GET",
      "path": "/assets/zodiac-icons/128/leo.webp",
      "kind": "fetch",
      "source": "browser-preview"
    },
    {
      "method": "GET",
      "path": "/assets/zodiac-icons/128/virgo.webp",
      "kind": "fetch",
      "source": "browser-preview"
    },
    {
      "method": "GET",
      "path": "/assets/zodiac-icons/128/libra.webp",
      "kind": "fetch",
      "source": "browser-preview"
    },
    {
      "method": "GET",
      "path": "/assets/zodiac-icons/128/scorpio.webp",
      "kind": "fetch",
      "source": "browser-preview"
    },
    {
      "method": "GET",
      "path": "/assets/zodiac-icons/128/sagittarius.webp",
      "kind": "fetch",
      "source": "browser-preview"
    },
    {
      "method": "GET",
      "path": "/assets/zodiac-icons/128/capricorn.webp",
      "kind": "fetch",
      "source": "browser-preview"
    },
    {
      "method": "GET",
      "path": "/assets/zodiac-icons/128/aquarius.webp",
      "kind": "fetch",
      "source": "browser-preview"
    },
    {
      "method": "GET",
      "path": "/assets/zodiac-icons/128/pisces.webp",
      "kind": "fetch",
      "source": "browser-preview"
    },
    {
      "method": "GET",
      "path": "/fonts/eb-garamond-latin-400-italic.woff2",
      "kind": "font",
      "source": "browser-preview"
    },
    {
      "method": "GET",
      "path": "/assets/app-icons/v3/icon-512.png",
      "kind": "fetch",
      "source": "browser-preview"
    },
    {
      "method": "GET",
      "path": "/assets/assistant-ui.js",
      "kind": "script",
      "source": "browser-preview"
    },
    {
      "method": "GET",
      "path": "/assets/assistant-ui.css",
      "kind": "stylesheet",
      "source": "browser-preview"
    },
    {
      "method": "GET",
      "path": "/assets/guide-avatar.webp",
      "kind": "image",
      "source": "browser-preview"
    },
    {
      "method": "GET",
      "path": "/fr/birth-chart/",
      "kind": "document",
      "source": "browser-preview"
    },
    {
      "method": "GET",
      "path": "/fonts/instrument-sans-latin-wght-normal.woff2",
      "kind": "font",
      "source": "browser-preview"
    },
    {
      "method": "GET",
      "path": "/fonts/eb-garamond-latin-400-normal.woff2",
      "kind": "font",
      "source": "browser-preview"
    },
    {
      "method": "GET",
      "path": "/fonts/eb-garamond-latin-500-normal.woff2",
      "kind": "font",
      "source": "browser-preview"
    },
    {
      "method": "GET",
      "path": "/_astro/Base.Bryss0yT.css",
      "kind": "stylesheet",
      "source": "browser-preview"
    },
    {
      "method": "GET",
      "path": "/_astro/calculator.MBHg3tIV.css",
      "kind": "stylesheet",
      "source": "browser-preview"
    },
    {
      "method": "GET",
      "path": "/_astro/explorer.ijMRUwvv.css",
      "kind": "stylesheet",
      "source": "browser-preview"
    },
    {
      "method": "GET",
      "path": "/_astro/ChartActionDock.Cc8zzTbx.css",
      "kind": "stylesheet",
      "source": "browser-preview"
    },
    {
      "method": "GET",
      "path": "/js/pa-HwF2IBb5Sw8eboNPSOgHv.js",
      "kind": "script",
      "source": "browser-preview"
    },
    {
      "method": "GET",
      "path": "/fonts/jetbrains-mono-latin-wght-normal.woff2",
      "kind": "font",
      "source": "browser-preview"
    },
    {
      "method": "GET",
      "path": "/_astro/ChartCalculator.CohOHP8k.js",
      "kind": "script",
      "source": "browser-preview"
    },
    {
      "method": "GET",
      "path": "/_astro/client.DPkn9Lbl.js",
      "kind": "script",
      "source": "browser-preview"
    },
    {
      "method": "GET",
      "path": "/assets/app-icons/v3/favicon.svg",
      "kind": "other",
      "source": "browser-preview"
    },
    {
      "method": "GET",
      "path": "/_astro/preload-helper.L5lOfJxi.js",
      "kind": "script",
      "source": "browser-preview"
    },
    {
      "method": "GET",
      "path": "/_astro/preact.module.Bjq9tLsx.js",
      "kind": "script",
      "source": "browser-preview"
    },
    {
      "method": "GET",
      "path": "/_astro/hooks.module.C0_8FjiD.js",
      "kind": "script",
      "source": "browser-preview"
    },
    {
      "method": "GET",
      "path": "/_astro/profile-access-reader.DoQqlSjt.js",
      "kind": "script",
      "source": "browser-preview"
    },
    {
      "method": "GET",
      "path": "/_astro/chunk-H7RJKCBO.BUIGSNBz.js",
      "kind": "script",
      "source": "browser-preview"
    },
    {
      "method": "GET",
      "path": "/_astro/signs.BMXPKoMF.js",
      "kind": "script",
      "source": "browser-preview"
    },
    {
      "method": "GET",
      "path": "/_astro/jsxRuntime.module.BG9KJlGc.js",
      "kind": "script",
      "source": "browser-preview"
    },
    {
      "method": "GET",
      "path": "/_astro/PlanetGlyph.BhITbtcc.js",
      "kind": "script",
      "source": "browser-preview"
    },
    {
      "method": "GET",
      "path": "/_astro/i18n.Cg_lCJuc.js",
      "kind": "script",
      "source": "browser-preview"
    },
    {
      "method": "GET",
      "path": "/_astro/CalculationReload.DXyGkRsn.js",
      "kind": "script",
      "source": "browser-preview"
    },
    {
      "method": "GET",
      "path": "/_astro/astrology.BHib5efU.js",
      "kind": "script",
      "source": "browser-preview"
    },
    {
      "method": "GET",
      "path": "/_astro/share.BRlg0eGS.js",
      "kind": "script",
      "source": "browser-preview"
    },
    {
      "method": "GET",
      "path": "/_astro/chart-handoff.Dvz2AAcL.js",
      "kind": "script",
      "source": "browser-preview"
    },
    {
      "method": "GET",
      "path": "/_astro/useProfileAccessGeneration.w2JLb1F6.js",
      "kind": "script",
      "source": "browser-preview"
    },
    {
      "method": "GET",
      "path": "/_astro/useEngine.BV92cVg4.js",
      "kind": "script",
      "source": "browser-preview"
    },
    {
      "method": "GET",
      "path": "/_astro/BirthFields.VmY_J4-2.js",
      "kind": "script",
      "source": "browser-preview"
    },
    {
      "method": "GET",
      "path": "/_astro/localToUtc.CrWG2CBc.js",
      "kind": "script",
      "source": "browser-preview"
    },
    {
      "method": "GET",
      "path": "/_astro/interpretations.BaZkYN67.js",
      "kind": "script",
      "source": "browser-preview"
    },
    {
      "method": "GET",
      "path": "/_astro/AstroTerm.7K8SAipO.js",
      "kind": "script",
      "source": "browser-preview"
    },
    {
      "method": "GET",
      "path": "/_astro/SignChip.Dx3tQVZl.js",
      "kind": "script",
      "source": "browser-preview"
    },
    {
      "method": "GET",
      "path": "/_astro/AspectGlyph.DMIAGIQV.js",
      "kind": "script",
      "source": "browser-preview"
    },
    {
      "method": "GET",
      "path": "/_astro/Wheel.RNRSqGob.js",
      "kind": "script",
      "source": "browser-preview"
    },
    {
      "method": "GET",
      "path": "/_astro/dignities.BycBkP8Y.js",
      "kind": "script",
      "source": "browser-preview"
    },
    {
      "method": "GET",
      "path": "/_astro/houses.5SlbILVS.js",
      "kind": "script",
      "source": "browser-preview"
    },
    {
      "method": "GET",
      "path": "/_astro/technical-layout.DQIjXHHb.js",
      "kind": "script",
      "source": "browser-preview"
    },
    {
      "method": "GET",
      "path": "/_astro/lite.DKWHZC5_.js",
      "kind": "script",
      "source": "browser-preview"
    },
    {
      "method": "GET",
      "path": "/_astro/learning-input-identity.C-WLv51I.js",
      "kind": "script",
      "source": "browser-preview"
    },
    {
      "method": "GET",
      "path": "/_astro/analytics.CH5T6e-b.js",
      "kind": "script",
      "source": "browser-preview"
    },
    {
      "method": "GET",
      "path": "/_astro/post-chart-context.BZ1tHGpl.js",
      "kind": "script",
      "source": "browser-preview"
    },
    {
      "method": "GET",
      "path": "/_astro/chunk-INI453VG.BxjMUPBs.js",
      "kind": "script",
      "source": "browser-preview"
    },
    {
      "method": "GET",
      "path": "/_astro/rolldown-runtime.DK3Fl9T5.js",
      "kind": "script",
      "source": "browser-preview"
    },
    {
      "method": "GET",
      "path": "/_astro/civil-date.CpOZUt7Z.js",
      "kind": "script",
      "source": "browser-preview"
    },
    {
      "method": "GET",
      "path": "/_astro/technical-locales.DDKucXXd.js",
      "kind": "script",
      "source": "browser-preview"
    },
    {
      "method": "GET",
      "path": "/_astro/PlaceSearch.D1WsU_jW.js",
      "kind": "script",
      "source": "browser-preview"
    },
    {
      "method": "GET",
      "path": "/_astro/paths.DYbAuceH.js",
      "kind": "script",
      "source": "browser-preview"
    },
    {
      "method": "GET",
      "path": "/_astro/ChartActionDock.v70WmYt8.js",
      "kind": "script",
      "source": "browser-preview"
    },
    {
      "method": "GET",
      "path": "/_astro/LearningPractice.CSqTNZrv.js",
      "kind": "script",
      "source": "browser-preview"
    },
    {
      "method": "GET",
      "path": "/_astro/natal.D7JKDSdx.js",
      "kind": "script",
      "source": "browser-preview"
    },
    {
      "method": "GET",
      "path": "/_astro/synastry.rhUg9_9F.js",
      "kind": "script",
      "source": "browser-preview"
    },
    {
      "method": "GET",
      "path": "/_astro/aspects.BNC-J2iD.js",
      "kind": "script",
      "source": "browser-preview"
    },
    {
      "method": "GET",
      "path": "/_astro/compat.Bjc3uaB7.js",
      "kind": "script",
      "source": "browser-preview"
    },
    {
      "method": "GET",
      "path": "/_astro/chart-context-copy.UBOz97Jz.js",
      "kind": "script",
      "source": "browser-preview"
    },
    {
      "method": "GET",
      "path": "/_astro/AspectPatternFeature.JIFgyNsc.js",
      "kind": "script",
      "source": "browser-preview"
    },
    {
      "method": "GET",
      "path": "/_astro/use-learning-sources.rIwWXPg-.js",
      "kind": "script",
      "source": "browser-preview"
    },
    {
      "method": "GET",
      "path": "/_astro/schema.DqKqbGHb.js",
      "kind": "script",
      "source": "browser-preview"
    },
    {
      "method": "GET",
      "path": "/_astro/read-store.CIuzJaHq.js",
      "kind": "script",
      "source": "browser-preview"
    },
    {
      "method": "GET",
      "path": "/_astro/full.AQ--_mi-.js",
      "kind": "script",
      "source": "browser-preview"
    },
    {
      "method": "GET",
      "path": "/_astro/chart-adapter.K-QfJlbI.js",
      "kind": "script",
      "source": "browser-preview"
    },
    {
      "method": "GET",
      "path": "/assets/app-icons/v3/favicon.svg",
      "kind": "other",
      "source": "browser-preview"
    },
    {
      "method": "GET",
      "path": "/_astro/calculator-receipt.Sj7p-7nE.js",
      "kind": "script",
      "source": "browser-preview"
    },
    {
      "method": "GET",
      "path": "/assets/site-footer.css",
      "kind": "stylesheet",
      "source": "browser-preview"
    },
    {
      "method": "GET",
      "path": "/_astro/PositionsShareSurface.DT0CW1_r.js",
      "kind": "script",
      "source": "browser-preview"
    },
    {
      "method": "GET",
      "path": "/_astro/share-positions.D3o0ugj4.js",
      "kind": "script",
      "source": "browser-preview"
    },
    {
      "method": "GET",
      "path": "/_astro/share-card.DovPi6oZ.js",
      "kind": "script",
      "source": "browser-preview"
    },
    {
      "method": "GET",
      "path": "/_astro/share-card-brand.CJKZtcRK.js",
      "kind": "script",
      "source": "browser-preview"
    },
    {
      "method": "GET",
      "path": "/_astro/share-card-copy.D0c42nic.js",
      "kind": "script",
      "source": "browser-preview"
    },
    {
      "method": "GET",
      "path": "/_astro/chart-signature.-is-2T7w.js",
      "kind": "script",
      "source": "browser-preview"
    },
    {
      "method": "GET",
      "path": "/_astro/CalendarSubscribe.DXtj1Bbr.js",
      "kind": "script",
      "source": "browser-preview"
    },
    {
      "method": "GET",
      "path": "/_astro/PwaInstallPrompt.BCohgdPv.js",
      "kind": "script",
      "source": "browser-preview"
    },
    {
      "method": "GET",
      "path": "/_astro/a2hs.WonhOqdm.js",
      "kind": "script",
      "source": "browser-preview"
    },
    {
      "method": "GET",
      "path": "/assets/zodiac-icons/128/gemini.avif",
      "kind": "image",
      "source": "browser-preview"
    },
    {
      "method": "GET",
      "path": "/assets/zodiac-icons/128/pisces.avif",
      "kind": "image",
      "source": "browser-preview"
    },
    {
      "method": "GET",
      "path": "/assets/zodiac-icons/128/libra.avif",
      "kind": "image",
      "source": "browser-preview"
    },
    {
      "method": "GET",
      "path": "/assets/zodiac-icons/128/aries.webp",
      "kind": "image",
      "source": "browser-preview"
    },
    {
      "method": "GET",
      "path": "/assets/zodiac-icons/128/taurus.webp",
      "kind": "image",
      "source": "browser-preview"
    },
    {
      "method": "GET",
      "path": "/assets/zodiac-icons/128/gemini.webp",
      "kind": "image",
      "source": "browser-preview"
    },
    {
      "method": "GET",
      "path": "/assets/zodiac-icons/128/cancer.webp",
      "kind": "image",
      "source": "browser-preview"
    },
    {
      "method": "GET",
      "path": "/assets/zodiac-icons/128/leo.webp",
      "kind": "image",
      "source": "browser-preview"
    },
    {
      "method": "GET",
      "path": "/assets/zodiac-icons/128/virgo.webp",
      "kind": "image",
      "source": "browser-preview"
    },
    {
      "method": "GET",
      "path": "/assets/zodiac-icons/128/libra.webp",
      "kind": "image",
      "source": "browser-preview"
    },
    {
      "method": "GET",
      "path": "/assets/zodiac-icons/128/scorpio.webp",
      "kind": "image",
      "source": "browser-preview"
    },
    {
      "method": "GET",
      "path": "/assets/zodiac-icons/128/sagittarius.webp",
      "kind": "image",
      "source": "browser-preview"
    },
    {
      "method": "GET",
      "path": "/assets/zodiac-icons/128/capricorn.webp",
      "kind": "image",
      "source": "browser-preview"
    },
    {
      "method": "GET",
      "path": "/assets/zodiac-icons/128/aquarius.webp",
      "kind": "image",
      "source": "browser-preview"
    },
    {
      "method": "GET",
      "path": "/assets/zodiac-icons/128/pisces.webp",
      "kind": "image",
      "source": "browser-preview"
    },
    {
      "method": "GET",
      "path": "/_astro/store.B9KwR70B.js",
      "kind": "script",
      "source": "browser-preview"
    },
    {
      "method": "GET",
      "path": "/_astro/deletions.DUQYISzq.js",
      "kind": "script",
      "source": "browser-preview"
    },
    {
      "method": "GET",
      "path": "/assets/zodiac-icons/128/aries.webp",
      "kind": "fetch",
      "source": "browser-preview"
    },
    {
      "method": "GET",
      "path": "/assets/zodiac-icons/128/taurus.webp",
      "kind": "fetch",
      "source": "browser-preview"
    },
    {
      "method": "GET",
      "path": "/assets/zodiac-icons/128/gemini.webp",
      "kind": "fetch",
      "source": "browser-preview"
    },
    {
      "method": "GET",
      "path": "/assets/zodiac-icons/128/cancer.webp",
      "kind": "fetch",
      "source": "browser-preview"
    },
    {
      "method": "GET",
      "path": "/assets/zodiac-icons/128/leo.webp",
      "kind": "fetch",
      "source": "browser-preview"
    },
    {
      "method": "GET",
      "path": "/assets/zodiac-icons/128/virgo.webp",
      "kind": "fetch",
      "source": "browser-preview"
    },
    {
      "method": "GET",
      "path": "/assets/zodiac-icons/128/libra.webp",
      "kind": "fetch",
      "source": "browser-preview"
    },
    {
      "method": "GET",
      "path": "/assets/zodiac-icons/128/scorpio.webp",
      "kind": "fetch",
      "source": "browser-preview"
    },
    {
      "method": "GET",
      "path": "/assets/zodiac-icons/128/sagittarius.webp",
      "kind": "fetch",
      "source": "browser-preview"
    },
    {
      "method": "GET",
      "path": "/assets/zodiac-icons/128/capricorn.webp",
      "kind": "fetch",
      "source": "browser-preview"
    },
    {
      "method": "GET",
      "path": "/assets/zodiac-icons/128/aquarius.webp",
      "kind": "fetch",
      "source": "browser-preview"
    },
    {
      "method": "GET",
      "path": "/assets/zodiac-icons/128/pisces.webp",
      "kind": "fetch",
      "source": "browser-preview"
    },
    {
      "method": "GET",
      "path": "/fonts/eb-garamond-latin-400-italic.woff2",
      "kind": "font",
      "source": "browser-preview"
    },
    {
      "method": "GET",
      "path": "/assets/assistant-ui.js",
      "kind": "script",
      "source": "browser-preview"
    },
    {
      "method": "GET",
      "path": "/assets/app-icons/v3/icon-512.png",
      "kind": "fetch",
      "source": "browser-preview"
    },
    {
      "method": "GET",
      "path": "/assets/assistant-ui.css",
      "kind": "stylesheet",
      "source": "browser-preview"
    },
    {
      "method": "GET",
      "path": "/assets/guide-avatar.webp",
      "kind": "image",
      "source": "browser-preview"
    },
    {
      "method": "GET",
      "path": "/it/birth-chart/",
      "kind": "document",
      "source": "browser-preview"
    },
    {
      "method": "GET",
      "path": "/fonts/instrument-sans-latin-wght-normal.woff2",
      "kind": "font",
      "source": "browser-preview"
    },
    {
      "method": "GET",
      "path": "/fonts/eb-garamond-latin-400-normal.woff2",
      "kind": "font",
      "source": "browser-preview"
    },
    {
      "method": "GET",
      "path": "/fonts/eb-garamond-latin-500-normal.woff2",
      "kind": "font",
      "source": "browser-preview"
    },
    {
      "method": "GET",
      "path": "/_astro/Base.Bryss0yT.css",
      "kind": "stylesheet",
      "source": "browser-preview"
    },
    {
      "method": "GET",
      "path": "/_astro/calculator.MBHg3tIV.css",
      "kind": "stylesheet",
      "source": "browser-preview"
    },
    {
      "method": "GET",
      "path": "/_astro/explorer.ijMRUwvv.css",
      "kind": "stylesheet",
      "source": "browser-preview"
    },
    {
      "method": "GET",
      "path": "/_astro/ChartActionDock.Cc8zzTbx.css",
      "kind": "stylesheet",
      "source": "browser-preview"
    },
    {
      "method": "GET",
      "path": "/js/pa-HwF2IBb5Sw8eboNPSOgHv.js",
      "kind": "script",
      "source": "browser-preview"
    },
    {
      "method": "GET",
      "path": "/fonts/jetbrains-mono-latin-wght-normal.woff2",
      "kind": "font",
      "source": "browser-preview"
    },
    {
      "method": "GET",
      "path": "/_astro/ChartCalculator.CohOHP8k.js",
      "kind": "script",
      "source": "browser-preview"
    },
    {
      "method": "GET",
      "path": "/_astro/client.DPkn9Lbl.js",
      "kind": "script",
      "source": "browser-preview"
    },
    {
      "method": "GET",
      "path": "/assets/app-icons/v3/favicon.svg",
      "kind": "other",
      "source": "browser-preview"
    },
    {
      "method": "GET",
      "path": "/_astro/preload-helper.L5lOfJxi.js",
      "kind": "script",
      "source": "browser-preview"
    },
    {
      "method": "GET",
      "path": "/_astro/preact.module.Bjq9tLsx.js",
      "kind": "script",
      "source": "browser-preview"
    },
    {
      "method": "GET",
      "path": "/_astro/hooks.module.C0_8FjiD.js",
      "kind": "script",
      "source": "browser-preview"
    },
    {
      "method": "GET",
      "path": "/_astro/profile-access-reader.DoQqlSjt.js",
      "kind": "script",
      "source": "browser-preview"
    },
    {
      "method": "GET",
      "path": "/_astro/chunk-H7RJKCBO.BUIGSNBz.js",
      "kind": "script",
      "source": "browser-preview"
    },
    {
      "method": "GET",
      "path": "/_astro/signs.BMXPKoMF.js",
      "kind": "script",
      "source": "browser-preview"
    },
    {
      "method": "GET",
      "path": "/_astro/jsxRuntime.module.BG9KJlGc.js",
      "kind": "script",
      "source": "browser-preview"
    },
    {
      "method": "GET",
      "path": "/_astro/PlanetGlyph.BhITbtcc.js",
      "kind": "script",
      "source": "browser-preview"
    },
    {
      "method": "GET",
      "path": "/_astro/i18n.Cg_lCJuc.js",
      "kind": "script",
      "source": "browser-preview"
    },
    {
      "method": "GET",
      "path": "/_astro/CalculationReload.DXyGkRsn.js",
      "kind": "script",
      "source": "browser-preview"
    },
    {
      "method": "GET",
      "path": "/_astro/astrology.BHib5efU.js",
      "kind": "script",
      "source": "browser-preview"
    },
    {
      "method": "GET",
      "path": "/_astro/share.BRlg0eGS.js",
      "kind": "script",
      "source": "browser-preview"
    },
    {
      "method": "GET",
      "path": "/_astro/chart-handoff.Dvz2AAcL.js",
      "kind": "script",
      "source": "browser-preview"
    },
    {
      "method": "GET",
      "path": "/_astro/useProfileAccessGeneration.w2JLb1F6.js",
      "kind": "script",
      "source": "browser-preview"
    },
    {
      "method": "GET",
      "path": "/_astro/useEngine.BV92cVg4.js",
      "kind": "script",
      "source": "browser-preview"
    },
    {
      "method": "GET",
      "path": "/_astro/BirthFields.VmY_J4-2.js",
      "kind": "script",
      "source": "browser-preview"
    },
    {
      "method": "GET",
      "path": "/_astro/localToUtc.CrWG2CBc.js",
      "kind": "script",
      "source": "browser-preview"
    },
    {
      "method": "GET",
      "path": "/_astro/interpretations.BaZkYN67.js",
      "kind": "script",
      "source": "browser-preview"
    },
    {
      "method": "GET",
      "path": "/_astro/AstroTerm.7K8SAipO.js",
      "kind": "script",
      "source": "browser-preview"
    },
    {
      "method": "GET",
      "path": "/_astro/SignChip.Dx3tQVZl.js",
      "kind": "script",
      "source": "browser-preview"
    },
    {
      "method": "GET",
      "path": "/_astro/AspectGlyph.DMIAGIQV.js",
      "kind": "script",
      "source": "browser-preview"
    },
    {
      "method": "GET",
      "path": "/_astro/Wheel.RNRSqGob.js",
      "kind": "script",
      "source": "browser-preview"
    },
    {
      "method": "GET",
      "path": "/_astro/dignities.BycBkP8Y.js",
      "kind": "script",
      "source": "browser-preview"
    },
    {
      "method": "GET",
      "path": "/_astro/houses.5SlbILVS.js",
      "kind": "script",
      "source": "browser-preview"
    },
    {
      "method": "GET",
      "path": "/_astro/technical-layout.DQIjXHHb.js",
      "kind": "script",
      "source": "browser-preview"
    },
    {
      "method": "GET",
      "path": "/_astro/lite.DKWHZC5_.js",
      "kind": "script",
      "source": "browser-preview"
    },
    {
      "method": "GET",
      "path": "/_astro/learning-input-identity.C-WLv51I.js",
      "kind": "script",
      "source": "browser-preview"
    },
    {
      "method": "GET",
      "path": "/_astro/analytics.CH5T6e-b.js",
      "kind": "script",
      "source": "browser-preview"
    },
    {
      "method": "GET",
      "path": "/_astro/post-chart-context.BZ1tHGpl.js",
      "kind": "script",
      "source": "browser-preview"
    },
    {
      "method": "GET",
      "path": "/_astro/chunk-INI453VG.BxjMUPBs.js",
      "kind": "script",
      "source": "browser-preview"
    },
    {
      "method": "GET",
      "path": "/_astro/paths.DYbAuceH.js",
      "kind": "script",
      "source": "browser-preview"
    },
    {
      "method": "GET",
      "path": "/_astro/rolldown-runtime.DK3Fl9T5.js",
      "kind": "script",
      "source": "browser-preview"
    },
    {
      "method": "GET",
      "path": "/_astro/civil-date.CpOZUt7Z.js",
      "kind": "script",
      "source": "browser-preview"
    },
    {
      "method": "GET",
      "path": "/_astro/technical-locales.DDKucXXd.js",
      "kind": "script",
      "source": "browser-preview"
    },
    {
      "method": "GET",
      "path": "/_astro/PlaceSearch.D1WsU_jW.js",
      "kind": "script",
      "source": "browser-preview"
    },
    {
      "method": "GET",
      "path": "/_astro/ChartActionDock.v70WmYt8.js",
      "kind": "script",
      "source": "browser-preview"
    },
    {
      "method": "GET",
      "path": "/_astro/LearningPractice.CSqTNZrv.js",
      "kind": "script",
      "source": "browser-preview"
    },
    {
      "method": "GET",
      "path": "/_astro/natal.D7JKDSdx.js",
      "kind": "script",
      "source": "browser-preview"
    },
    {
      "method": "GET",
      "path": "/_astro/synastry.rhUg9_9F.js",
      "kind": "script",
      "source": "browser-preview"
    },
    {
      "method": "GET",
      "path": "/_astro/aspects.BNC-J2iD.js",
      "kind": "script",
      "source": "browser-preview"
    },
    {
      "method": "GET",
      "path": "/_astro/compat.Bjc3uaB7.js",
      "kind": "script",
      "source": "browser-preview"
    },
    {
      "method": "GET",
      "path": "/_astro/chart-context-copy.UBOz97Jz.js",
      "kind": "script",
      "source": "browser-preview"
    },
    {
      "method": "GET",
      "path": "/_astro/AspectPatternFeature.JIFgyNsc.js",
      "kind": "script",
      "source": "browser-preview"
    },
    {
      "method": "GET",
      "path": "/_astro/use-learning-sources.rIwWXPg-.js",
      "kind": "script",
      "source": "browser-preview"
    },
    {
      "method": "GET",
      "path": "/_astro/schema.DqKqbGHb.js",
      "kind": "script",
      "source": "browser-preview"
    },
    {
      "method": "GET",
      "path": "/_astro/read-store.CIuzJaHq.js",
      "kind": "script",
      "source": "browser-preview"
    },
    {
      "method": "GET",
      "path": "/_astro/full.AQ--_mi-.js",
      "kind": "script",
      "source": "browser-preview"
    },
    {
      "method": "GET",
      "path": "/_astro/chart-adapter.K-QfJlbI.js",
      "kind": "script",
      "source": "browser-preview"
    },
    {
      "method": "GET",
      "path": "/assets/app-icons/v3/favicon.svg",
      "kind": "other",
      "source": "browser-preview"
    },
    {
      "method": "GET",
      "path": "/_astro/calculator-receipt.Sj7p-7nE.js",
      "kind": "script",
      "source": "browser-preview"
    },
    {
      "method": "GET",
      "path": "/assets/site-footer.css",
      "kind": "stylesheet",
      "source": "browser-preview"
    },
    {
      "method": "GET",
      "path": "/_astro/PositionsShareSurface.DT0CW1_r.js",
      "kind": "script",
      "source": "browser-preview"
    },
    {
      "method": "GET",
      "path": "/_astro/share-positions.D3o0ugj4.js",
      "kind": "script",
      "source": "browser-preview"
    },
    {
      "method": "GET",
      "path": "/_astro/share-card.DovPi6oZ.js",
      "kind": "script",
      "source": "browser-preview"
    },
    {
      "method": "GET",
      "path": "/_astro/share-card-brand.CJKZtcRK.js",
      "kind": "script",
      "source": "browser-preview"
    },
    {
      "method": "GET",
      "path": "/_astro/share-card-copy.D0c42nic.js",
      "kind": "script",
      "source": "browser-preview"
    },
    {
      "method": "GET",
      "path": "/_astro/chart-signature.-is-2T7w.js",
      "kind": "script",
      "source": "browser-preview"
    },
    {
      "method": "GET",
      "path": "/_astro/CalendarSubscribe.DXtj1Bbr.js",
      "kind": "script",
      "source": "browser-preview"
    },
    {
      "method": "GET",
      "path": "/_astro/PwaInstallPrompt.BCohgdPv.js",
      "kind": "script",
      "source": "browser-preview"
    },
    {
      "method": "GET",
      "path": "/_astro/a2hs.WonhOqdm.js",
      "kind": "script",
      "source": "browser-preview"
    },
    {
      "method": "GET",
      "path": "/assets/zodiac-icons/128/gemini.avif",
      "kind": "image",
      "source": "browser-preview"
    },
    {
      "method": "GET",
      "path": "/assets/zodiac-icons/128/pisces.avif",
      "kind": "image",
      "source": "browser-preview"
    },
    {
      "method": "GET",
      "path": "/assets/zodiac-icons/128/libra.avif",
      "kind": "image",
      "source": "browser-preview"
    },
    {
      "method": "GET",
      "path": "/assets/zodiac-icons/128/aries.webp",
      "kind": "image",
      "source": "browser-preview"
    },
    {
      "method": "GET",
      "path": "/assets/zodiac-icons/128/taurus.webp",
      "kind": "image",
      "source": "browser-preview"
    },
    {
      "method": "GET",
      "path": "/assets/zodiac-icons/128/gemini.webp",
      "kind": "image",
      "source": "browser-preview"
    },
    {
      "method": "GET",
      "path": "/assets/zodiac-icons/128/cancer.webp",
      "kind": "image",
      "source": "browser-preview"
    },
    {
      "method": "GET",
      "path": "/assets/zodiac-icons/128/leo.webp",
      "kind": "image",
      "source": "browser-preview"
    },
    {
      "method": "GET",
      "path": "/assets/zodiac-icons/128/virgo.webp",
      "kind": "image",
      "source": "browser-preview"
    },
    {
      "method": "GET",
      "path": "/assets/zodiac-icons/128/libra.webp",
      "kind": "image",
      "source": "browser-preview"
    },
    {
      "method": "GET",
      "path": "/assets/zodiac-icons/128/scorpio.webp",
      "kind": "image",
      "source": "browser-preview"
    },
    {
      "method": "GET",
      "path": "/assets/zodiac-icons/128/sagittarius.webp",
      "kind": "image",
      "source": "browser-preview"
    },
    {
      "method": "GET",
      "path": "/assets/zodiac-icons/128/capricorn.webp",
      "kind": "image",
      "source": "browser-preview"
    },
    {
      "method": "GET",
      "path": "/assets/zodiac-icons/128/aquarius.webp",
      "kind": "image",
      "source": "browser-preview"
    },
    {
      "method": "GET",
      "path": "/assets/zodiac-icons/128/pisces.webp",
      "kind": "image",
      "source": "browser-preview"
    },
    {
      "method": "GET",
      "path": "/_astro/store.B9KwR70B.js",
      "kind": "script",
      "source": "browser-preview"
    },
    {
      "method": "GET",
      "path": "/_astro/deletions.DUQYISzq.js",
      "kind": "script",
      "source": "browser-preview"
    },
    {
      "method": "GET",
      "path": "/assets/zodiac-icons/128/aries.webp",
      "kind": "fetch",
      "source": "browser-preview"
    },
    {
      "method": "GET",
      "path": "/assets/zodiac-icons/128/taurus.webp",
      "kind": "fetch",
      "source": "browser-preview"
    },
    {
      "method": "GET",
      "path": "/assets/zodiac-icons/128/gemini.webp",
      "kind": "fetch",
      "source": "browser-preview"
    },
    {
      "method": "GET",
      "path": "/assets/zodiac-icons/128/cancer.webp",
      "kind": "fetch",
      "source": "browser-preview"
    },
    {
      "method": "GET",
      "path": "/assets/zodiac-icons/128/leo.webp",
      "kind": "fetch",
      "source": "browser-preview"
    },
    {
      "method": "GET",
      "path": "/assets/zodiac-icons/128/virgo.webp",
      "kind": "fetch",
      "source": "browser-preview"
    },
    {
      "method": "GET",
      "path": "/assets/zodiac-icons/128/libra.webp",
      "kind": "fetch",
      "source": "browser-preview"
    },
    {
      "method": "GET",
      "path": "/assets/zodiac-icons/128/scorpio.webp",
      "kind": "fetch",
      "source": "browser-preview"
    },
    {
      "method": "GET",
      "path": "/assets/zodiac-icons/128/sagittarius.webp",
      "kind": "fetch",
      "source": "browser-preview"
    },
    {
      "method": "GET",
      "path": "/assets/zodiac-icons/128/capricorn.webp",
      "kind": "fetch",
      "source": "browser-preview"
    },
    {
      "method": "GET",
      "path": "/assets/zodiac-icons/128/aquarius.webp",
      "kind": "fetch",
      "source": "browser-preview"
    },
    {
      "method": "GET",
      "path": "/assets/zodiac-icons/128/pisces.webp",
      "kind": "fetch",
      "source": "browser-preview"
    },
    {
      "method": "GET",
      "path": "/assets/assistant-ui.js",
      "kind": "script",
      "source": "browser-preview"
    },
    {
      "method": "GET",
      "path": "/assets/assistant-ui.css",
      "kind": "stylesheet",
      "source": "browser-preview"
    },
    {
      "method": "GET",
      "path": "/fonts/eb-garamond-latin-400-italic.woff2",
      "kind": "font",
      "source": "browser-preview"
    },
    {
      "method": "GET",
      "path": "/assets/guide-avatar.webp",
      "kind": "image",
      "source": "browser-preview"
    },
    {
      "method": "GET",
      "path": "/assets/app-icons/v3/icon-512.png",
      "kind": "fetch",
      "source": "browser-preview"
    },
    {
      "method": "GET",
      "path": "/ru/birth-chart/",
      "kind": "document",
      "source": "browser-preview"
    },
    {
      "method": "GET",
      "path": "/js/pa-HwF2IBb5Sw8eboNPSOgHv.js",
      "kind": "script",
      "source": "browser-preview"
    },
    {
      "method": "GET",
      "path": "/_astro/calculator.MBHg3tIV.css",
      "kind": "stylesheet",
      "source": "browser-preview"
    },
    {
      "method": "GET",
      "path": "/_astro/explorer.ijMRUwvv.css",
      "kind": "stylesheet",
      "source": "browser-preview"
    },
    {
      "method": "GET",
      "path": "/_astro/ChartActionDock.Cc8zzTbx.css",
      "kind": "stylesheet",
      "source": "browser-preview"
    },
    {
      "method": "GET",
      "path": "/_astro/ChartCalculator.CohOHP8k.js",
      "kind": "script",
      "source": "browser-preview"
    },
    {
      "method": "GET",
      "path": "/_astro/client.DPkn9Lbl.js",
      "kind": "script",
      "source": "browser-preview"
    },
    {
      "method": "GET",
      "path": "/assets/app-icons/v3/favicon.svg",
      "kind": "other",
      "source": "browser-preview"
    },
    {
      "method": "GET",
      "path": "/_astro/preload-helper.L5lOfJxi.js",
      "kind": "script",
      "source": "browser-preview"
    },
    {
      "method": "GET",
      "path": "/_astro/preact.module.Bjq9tLsx.js",
      "kind": "script",
      "source": "browser-preview"
    },
    {
      "method": "GET",
      "path": "/_astro/hooks.module.C0_8FjiD.js",
      "kind": "script",
      "source": "browser-preview"
    },
    {
      "method": "GET",
      "path": "/_astro/profile-access-reader.DoQqlSjt.js",
      "kind": "script",
      "source": "browser-preview"
    },
    {
      "method": "GET",
      "path": "/_astro/chunk-H7RJKCBO.BUIGSNBz.js",
      "kind": "script",
      "source": "browser-preview"
    },
    {
      "method": "GET",
      "path": "/_astro/signs.BMXPKoMF.js",
      "kind": "script",
      "source": "browser-preview"
    },
    {
      "method": "GET",
      "path": "/_astro/jsxRuntime.module.BG9KJlGc.js",
      "kind": "script",
      "source": "browser-preview"
    },
    {
      "method": "GET",
      "path": "/_astro/PlanetGlyph.BhITbtcc.js",
      "kind": "script",
      "source": "browser-preview"
    },
    {
      "method": "GET",
      "path": "/_astro/i18n.Cg_lCJuc.js",
      "kind": "script",
      "source": "browser-preview"
    },
    {
      "method": "GET",
      "path": "/_astro/CalculationReload.DXyGkRsn.js",
      "kind": "script",
      "source": "browser-preview"
    },
    {
      "method": "GET",
      "path": "/_astro/astrology.BHib5efU.js",
      "kind": "script",
      "source": "browser-preview"
    },
    {
      "method": "GET",
      "path": "/_astro/share.BRlg0eGS.js",
      "kind": "script",
      "source": "browser-preview"
    },
    {
      "method": "GET",
      "path": "/_astro/chart-handoff.Dvz2AAcL.js",
      "kind": "script",
      "source": "browser-preview"
    },
    {
      "method": "GET",
      "path": "/_astro/useProfileAccessGeneration.w2JLb1F6.js",
      "kind": "script",
      "source": "browser-preview"
    },
    {
      "method": "GET",
      "path": "/_astro/useEngine.BV92cVg4.js",
      "kind": "script",
      "source": "browser-preview"
    },
    {
      "method": "GET",
      "path": "/_astro/BirthFields.VmY_J4-2.js",
      "kind": "script",
      "source": "browser-preview"
    },
    {
      "method": "GET",
      "path": "/_astro/localToUtc.CrWG2CBc.js",
      "kind": "script",
      "source": "browser-preview"
    },
    {
      "method": "GET",
      "path": "/_astro/interpretations.BaZkYN67.js",
      "kind": "script",
      "source": "browser-preview"
    },
    {
      "method": "GET",
      "path": "/_astro/AstroTerm.7K8SAipO.js",
      "kind": "script",
      "source": "browser-preview"
    },
    {
      "method": "GET",
      "path": "/_astro/SignChip.Dx3tQVZl.js",
      "kind": "script",
      "source": "browser-preview"
    },
    {
      "method": "GET",
      "path": "/_astro/AspectGlyph.DMIAGIQV.js",
      "kind": "script",
      "source": "browser-preview"
    },
    {
      "method": "GET",
      "path": "/_astro/Wheel.RNRSqGob.js",
      "kind": "script",
      "source": "browser-preview"
    },
    {
      "method": "GET",
      "path": "/_astro/dignities.BycBkP8Y.js",
      "kind": "script",
      "source": "browser-preview"
    },
    {
      "method": "GET",
      "path": "/_astro/houses.5SlbILVS.js",
      "kind": "script",
      "source": "browser-preview"
    },
    {
      "method": "GET",
      "path": "/_astro/technical-layout.DQIjXHHb.js",
      "kind": "script",
      "source": "browser-preview"
    },
    {
      "method": "GET",
      "path": "/_astro/lite.DKWHZC5_.js",
      "kind": "script",
      "source": "browser-preview"
    },
    {
      "method": "GET",
      "path": "/_astro/learning-input-identity.C-WLv51I.js",
      "kind": "script",
      "source": "browser-preview"
    },
    {
      "method": "GET",
      "path": "/_astro/analytics.CH5T6e-b.js",
      "kind": "script",
      "source": "browser-preview"
    },
    {
      "method": "GET",
      "path": "/_astro/post-chart-context.BZ1tHGpl.js",
      "kind": "script",
      "source": "browser-preview"
    },
    {
      "method": "GET",
      "path": "/_astro/rolldown-runtime.DK3Fl9T5.js",
      "kind": "script",
      "source": "browser-preview"
    },
    {
      "method": "GET",
      "path": "/_astro/civil-date.CpOZUt7Z.js",
      "kind": "script",
      "source": "browser-preview"
    },
    {
      "method": "GET",
      "path": "/_astro/technical-locales.DDKucXXd.js",
      "kind": "script",
      "source": "browser-preview"
    },
    {
      "method": "GET",
      "path": "/_astro/paths.DYbAuceH.js",
      "kind": "script",
      "source": "browser-preview"
    },
    {
      "method": "GET",
      "path": "/_astro/chunk-INI453VG.BxjMUPBs.js",
      "kind": "script",
      "source": "browser-preview"
    },
    {
      "method": "GET",
      "path": "/_astro/PlaceSearch.D1WsU_jW.js",
      "kind": "script",
      "source": "browser-preview"
    },
    {
      "method": "GET",
      "path": "/assets/site-footer.css",
      "kind": "stylesheet",
      "source": "browser-preview"
    },
    {
      "method": "GET",
      "path": "/_astro/ChartActionDock.v70WmYt8.js",
      "kind": "script",
      "source": "browser-preview"
    },
    {
      "method": "GET",
      "path": "/_astro/LearningPractice.CSqTNZrv.js",
      "kind": "script",
      "source": "browser-preview"
    },
    {
      "method": "GET",
      "path": "/_astro/natal.D7JKDSdx.js",
      "kind": "script",
      "source": "browser-preview"
    },
    {
      "method": "GET",
      "path": "/_astro/synastry.rhUg9_9F.js",
      "kind": "script",
      "source": "browser-preview"
    },
    {
      "method": "GET",
      "path": "/_astro/aspects.BNC-J2iD.js",
      "kind": "script",
      "source": "browser-preview"
    },
    {
      "method": "GET",
      "path": "/_astro/compat.Bjc3uaB7.js",
      "kind": "script",
      "source": "browser-preview"
    },
    {
      "method": "GET",
      "path": "/_astro/chart-context-copy.UBOz97Jz.js",
      "kind": "script",
      "source": "browser-preview"
    },
    {
      "method": "GET",
      "path": "/_astro/AspectPatternFeature.JIFgyNsc.js",
      "kind": "script",
      "source": "browser-preview"
    },
    {
      "method": "GET",
      "path": "/_astro/use-learning-sources.rIwWXPg-.js",
      "kind": "script",
      "source": "browser-preview"
    },
    {
      "method": "GET",
      "path": "/_astro/schema.DqKqbGHb.js",
      "kind": "script",
      "source": "browser-preview"
    },
    {
      "method": "GET",
      "path": "/_astro/read-store.CIuzJaHq.js",
      "kind": "script",
      "source": "browser-preview"
    },
    {
      "method": "GET",
      "path": "/_astro/full.AQ--_mi-.js",
      "kind": "script",
      "source": "browser-preview"
    },
    {
      "method": "GET",
      "path": "/_astro/chart-adapter.K-QfJlbI.js",
      "kind": "script",
      "source": "browser-preview"
    },
    {
      "method": "GET",
      "path": "/assets/app-icons/v3/favicon.svg",
      "kind": "other",
      "source": "browser-preview"
    },
    {
      "method": "GET",
      "path": "/_astro/calculator-receipt.Sj7p-7nE.js",
      "kind": "script",
      "source": "browser-preview"
    },
    {
      "method": "GET",
      "path": "/assets/assistant-ui.js",
      "kind": "script",
      "source": "browser-preview"
    },
    {
      "method": "GET",
      "path": "/assets/assistant-ui.css",
      "kind": "stylesheet",
      "source": "browser-preview"
    },
    {
      "method": "GET",
      "path": "/assets/guide-avatar.webp",
      "kind": "image",
      "source": "browser-preview"
    },
    {
      "method": "GET",
      "path": "/_astro/PositionsShareSurface.DT0CW1_r.js",
      "kind": "script",
      "source": "browser-preview"
    },
    {
      "method": "GET",
      "path": "/_astro/share-positions.D3o0ugj4.js",
      "kind": "script",
      "source": "browser-preview"
    },
    {
      "method": "GET",
      "path": "/_astro/share-card.DovPi6oZ.js",
      "kind": "script",
      "source": "browser-preview"
    },
    {
      "method": "GET",
      "path": "/_astro/share-card-brand.CJKZtcRK.js",
      "kind": "script",
      "source": "browser-preview"
    },
    {
      "method": "GET",
      "path": "/_astro/share-card-copy.D0c42nic.js",
      "kind": "script",
      "source": "browser-preview"
    },
    {
      "method": "GET",
      "path": "/_astro/chart-signature.-is-2T7w.js",
      "kind": "script",
      "source": "browser-preview"
    },
    {
      "method": "GET",
      "path": "/_astro/CalendarSubscribe.DXtj1Bbr.js",
      "kind": "script",
      "source": "browser-preview"
    },
    {
      "method": "GET",
      "path": "/assets/zodiac-icons/128/gemini.avif",
      "kind": "image",
      "source": "browser-preview"
    },
    {
      "method": "GET",
      "path": "/assets/zodiac-icons/128/pisces.avif",
      "kind": "image",
      "source": "browser-preview"
    },
    {
      "method": "GET",
      "path": "/assets/zodiac-icons/128/libra.avif",
      "kind": "image",
      "source": "browser-preview"
    },
    {
      "method": "GET",
      "path": "/assets/zodiac-icons/128/aries.webp",
      "kind": "image",
      "source": "browser-preview"
    },
    {
      "method": "GET",
      "path": "/assets/zodiac-icons/128/taurus.webp",
      "kind": "image",
      "source": "browser-preview"
    },
    {
      "method": "GET",
      "path": "/assets/zodiac-icons/128/gemini.webp",
      "kind": "image",
      "source": "browser-preview"
    },
    {
      "method": "GET",
      "path": "/assets/zodiac-icons/128/cancer.webp",
      "kind": "image",
      "source": "browser-preview"
    },
    {
      "method": "GET",
      "path": "/assets/zodiac-icons/128/leo.webp",
      "kind": "image",
      "source": "browser-preview"
    },
    {
      "method": "GET",
      "path": "/assets/zodiac-icons/128/virgo.webp",
      "kind": "image",
      "source": "browser-preview"
    },
    {
      "method": "GET",
      "path": "/assets/zodiac-icons/128/libra.webp",
      "kind": "image",
      "source": "browser-preview"
    },
    {
      "method": "GET",
      "path": "/assets/zodiac-icons/128/scorpio.webp",
      "kind": "image",
      "source": "browser-preview"
    },
    {
      "method": "GET",
      "path": "/assets/zodiac-icons/128/sagittarius.webp",
      "kind": "image",
      "source": "browser-preview"
    },
    {
      "method": "GET",
      "path": "/assets/zodiac-icons/128/capricorn.webp",
      "kind": "image",
      "source": "browser-preview"
    },
    {
      "method": "GET",
      "path": "/assets/zodiac-icons/128/aquarius.webp",
      "kind": "image",
      "source": "browser-preview"
    },
    {
      "method": "GET",
      "path": "/assets/zodiac-icons/128/pisces.webp",
      "kind": "image",
      "source": "browser-preview"
    },
    {
      "method": "GET",
      "path": "/_astro/store.B9KwR70B.js",
      "kind": "script",
      "source": "browser-preview"
    },
    {
      "method": "GET",
      "path": "/_astro/deletions.DUQYISzq.js",
      "kind": "script",
      "source": "browser-preview"
    },
    {
      "method": "GET",
      "path": "/assets/zodiac-icons/128/aries.webp",
      "kind": "fetch",
      "source": "browser-preview"
    },
    {
      "method": "GET",
      "path": "/assets/zodiac-icons/128/taurus.webp",
      "kind": "fetch",
      "source": "browser-preview"
    },
    {
      "method": "GET",
      "path": "/assets/zodiac-icons/128/gemini.webp",
      "kind": "fetch",
      "source": "browser-preview"
    },
    {
      "method": "GET",
      "path": "/assets/zodiac-icons/128/cancer.webp",
      "kind": "fetch",
      "source": "browser-preview"
    },
    {
      "method": "GET",
      "path": "/assets/zodiac-icons/128/leo.webp",
      "kind": "fetch",
      "source": "browser-preview"
    },
    {
      "method": "GET",
      "path": "/assets/zodiac-icons/128/virgo.webp",
      "kind": "fetch",
      "source": "browser-preview"
    },
    {
      "method": "GET",
      "path": "/assets/zodiac-icons/128/libra.webp",
      "kind": "fetch",
      "source": "browser-preview"
    },
    {
      "method": "GET",
      "path": "/assets/zodiac-icons/128/scorpio.webp",
      "kind": "fetch",
      "source": "browser-preview"
    },
    {
      "method": "GET",
      "path": "/assets/zodiac-icons/128/sagittarius.webp",
      "kind": "fetch",
      "source": "browser-preview"
    },
    {
      "method": "GET",
      "path": "/assets/zodiac-icons/128/capricorn.webp",
      "kind": "fetch",
      "source": "browser-preview"
    },
    {
      "method": "GET",
      "path": "/assets/zodiac-icons/128/aquarius.webp",
      "kind": "fetch",
      "source": "browser-preview"
    },
    {
      "method": "GET",
      "path": "/assets/zodiac-icons/128/pisces.webp",
      "kind": "fetch",
      "source": "browser-preview"
    },
    {
      "method": "GET",
      "path": "/fonts/eb-garamond-latin-500-normal.woff2",
      "kind": "font",
      "source": "browser-preview"
    },
    {
      "method": "GET",
      "path": "/fonts/eb-garamond-latin-400-italic.woff2",
      "kind": "font",
      "source": "browser-preview"
    },
    {
      "method": "GET",
      "path": "/fonts/jetbrains-mono-latin-wght-normal.woff2",
      "kind": "font",
      "source": "browser-preview"
    },
    {
      "method": "GET",
      "path": "/assets/app-icons/v3/icon-512.png",
      "kind": "fetch",
      "source": "browser-preview"
    },
    {
      "method": "GET",
      "path": "/fonts/eb-garamond-latin-400-normal.woff2",
      "kind": "font",
      "source": "browser-preview"
    },
    {
      "method": "GET",
      "path": "/birth-chart/",
      "kind": "document",
      "source": "browser-preview"
    },
    {
      "method": "GET",
      "path": "/fonts/instrument-sans-latin-wght-normal.woff2",
      "kind": "font",
      "source": "browser-preview"
    },
    {
      "method": "GET",
      "path": "/fonts/eb-garamond-latin-400-normal.woff2",
      "kind": "font",
      "source": "browser-preview"
    },
    {
      "method": "GET",
      "path": "/fonts/eb-garamond-latin-500-normal.woff2",
      "kind": "font",
      "source": "browser-preview"
    },
    {
      "method": "GET",
      "path": "/_astro/explorer.ijMRUwvv.css",
      "kind": "stylesheet",
      "source": "browser-preview"
    },
    {
      "method": "GET",
      "path": "/_astro/ChartActionDock.Cc8zzTbx.css",
      "kind": "stylesheet",
      "source": "browser-preview"
    },
    {
      "method": "GET",
      "path": "/js/pa-HwF2IBb5Sw8eboNPSOgHv.js",
      "kind": "script",
      "source": "browser-preview"
    },
    {
      "method": "GET",
      "path": "/_astro/AstroTerm.astro_astro_type_script_index_0_lang.DB1iYTmP.js",
      "kind": "script",
      "source": "browser-preview"
    },
    {
      "method": "GET",
      "path": "/fonts/jetbrains-mono-latin-wght-normal.woff2",
      "kind": "font",
      "source": "browser-preview"
    },
    {
      "method": "GET",
      "path": "/_astro/ChartCalculator.CohOHP8k.js",
      "kind": "script",
      "source": "browser-preview"
    },
    {
      "method": "GET",
      "path": "/_astro/client.DPkn9Lbl.js",
      "kind": "script",
      "source": "browser-preview"
    },
    {
      "method": "GET",
      "path": "/_astro/preload-helper.L5lOfJxi.js",
      "kind": "script",
      "source": "browser-preview"
    },
    {
      "method": "GET",
      "path": "/_astro/preact.module.Bjq9tLsx.js",
      "kind": "script",
      "source": "browser-preview"
    },
    {
      "method": "GET",
      "path": "/_astro/context-help-client.BqVrBbz0.js",
      "kind": "script",
      "source": "browser-preview"
    },
    {
      "method": "GET",
      "path": "/_astro/analytics.CH5T6e-b.js",
      "kind": "script",
      "source": "browser-preview"
    },
    {
      "method": "GET",
      "path": "/_astro/hooks.module.C0_8FjiD.js",
      "kind": "script",
      "source": "browser-preview"
    },
    {
      "method": "GET",
      "path": "/_astro/profile-access-reader.DoQqlSjt.js",
      "kind": "script",
      "source": "browser-preview"
    },
    {
      "method": "GET",
      "path": "/_astro/chunk-H7RJKCBO.BUIGSNBz.js",
      "kind": "script",
      "source": "browser-preview"
    },
    {
      "method": "GET",
      "path": "/_astro/signs.BMXPKoMF.js",
      "kind": "script",
      "source": "browser-preview"
    },
    {
      "method": "GET",
      "path": "/_astro/jsxRuntime.module.BG9KJlGc.js",
      "kind": "script",
      "source": "browser-preview"
    },
    {
      "method": "GET",
      "path": "/_astro/PlanetGlyph.BhITbtcc.js",
      "kind": "script",
      "source": "browser-preview"
    },
    {
      "method": "GET",
      "path": "/_astro/i18n.Cg_lCJuc.js",
      "kind": "script",
      "source": "browser-preview"
    },
    {
      "method": "GET",
      "path": "/_astro/CalculationReload.DXyGkRsn.js",
      "kind": "script",
      "source": "browser-preview"
    },
    {
      "method": "GET",
      "path": "/_astro/astrology.BHib5efU.js",
      "kind": "script",
      "source": "browser-preview"
    },
    {
      "method": "GET",
      "path": "/_astro/share.BRlg0eGS.js",
      "kind": "script",
      "source": "browser-preview"
    },
    {
      "method": "GET",
      "path": "/_astro/chart-handoff.Dvz2AAcL.js",
      "kind": "script",
      "source": "browser-preview"
    },
    {
      "method": "GET",
      "path": "/_astro/useProfileAccessGeneration.w2JLb1F6.js",
      "kind": "script",
      "source": "browser-preview"
    },
    {
      "method": "GET",
      "path": "/_astro/useEngine.BV92cVg4.js",
      "kind": "script",
      "source": "browser-preview"
    },
    {
      "method": "GET",
      "path": "/_astro/BirthFields.VmY_J4-2.js",
      "kind": "script",
      "source": "browser-preview"
    },
    {
      "method": "GET",
      "path": "/_astro/localToUtc.CrWG2CBc.js",
      "kind": "script",
      "source": "browser-preview"
    },
    {
      "method": "GET",
      "path": "/_astro/interpretations.BaZkYN67.js",
      "kind": "script",
      "source": "browser-preview"
    },
    {
      "method": "GET",
      "path": "/_astro/AstroTerm.7K8SAipO.js",
      "kind": "script",
      "source": "browser-preview"
    },
    {
      "method": "GET",
      "path": "/_astro/SignChip.Dx3tQVZl.js",
      "kind": "script",
      "source": "browser-preview"
    },
    {
      "method": "GET",
      "path": "/_astro/AspectGlyph.DMIAGIQV.js",
      "kind": "script",
      "source": "browser-preview"
    },
    {
      "method": "GET",
      "path": "/_astro/Wheel.RNRSqGob.js",
      "kind": "script",
      "source": "browser-preview"
    },
    {
      "method": "GET",
      "path": "/_astro/dignities.BycBkP8Y.js",
      "kind": "script",
      "source": "browser-preview"
    },
    {
      "method": "GET",
      "path": "/_astro/houses.5SlbILVS.js",
      "kind": "script",
      "source": "browser-preview"
    },
    {
      "method": "GET",
      "path": "/_astro/technical-layout.DQIjXHHb.js",
      "kind": "script",
      "source": "browser-preview"
    },
    {
      "method": "GET",
      "path": "/_astro/lite.DKWHZC5_.js",
      "kind": "script",
      "source": "browser-preview"
    },
    {
      "method": "GET",
      "path": "/_astro/learning-input-identity.C-WLv51I.js",
      "kind": "script",
      "source": "browser-preview"
    },
    {
      "method": "GET",
      "path": "/_astro/post-chart-context.BZ1tHGpl.js",
      "kind": "script",
      "source": "browser-preview"
    },
    {
      "method": "GET",
      "path": "/assets/app-icons/v3/favicon.svg",
      "kind": "other",
      "source": "browser-preview"
    },
    {
      "method": "GET",
      "path": "/_astro/chunk-INI453VG.BxjMUPBs.js",
      "kind": "script",
      "source": "browser-preview"
    },
    {
      "method": "GET",
      "path": "/_astro/paths.DYbAuceH.js",
      "kind": "script",
      "source": "browser-preview"
    },
    {
      "method": "GET",
      "path": "/_astro/PlaceSearch.D1WsU_jW.js",
      "kind": "script",
      "source": "browser-preview"
    },
    {
      "method": "GET",
      "path": "/_astro/rolldown-runtime.DK3Fl9T5.js",
      "kind": "script",
      "source": "browser-preview"
    },
    {
      "method": "GET",
      "path": "/_astro/civil-date.CpOZUt7Z.js",
      "kind": "script",
      "source": "browser-preview"
    },
    {
      "method": "GET",
      "path": "/_astro/technical-locales.DDKucXXd.js",
      "kind": "script",
      "source": "browser-preview"
    },
    {
      "method": "GET",
      "path": "/_astro/chart-signature.-is-2T7w.js",
      "kind": "script",
      "source": "browser-preview"
    },
    {
      "method": "GET",
      "path": "/_astro/natal.D7JKDSdx.js",
      "kind": "script",
      "source": "browser-preview"
    },
    {
      "method": "GET",
      "path": "/_astro/synastry.rhUg9_9F.js",
      "kind": "script",
      "source": "browser-preview"
    },
    {
      "method": "GET",
      "path": "/_astro/aspects.BNC-J2iD.js",
      "kind": "script",
      "source": "browser-preview"
    },
    {
      "method": "GET",
      "path": "/_astro/compat.Bjc3uaB7.js",
      "kind": "script",
      "source": "browser-preview"
    },
    {
      "method": "GET",
      "path": "/_astro/ChartActionDock.v70WmYt8.js",
      "kind": "script",
      "source": "browser-preview"
    },
    {
      "method": "GET",
      "path": "/_astro/LearningPractice.CSqTNZrv.js",
      "kind": "script",
      "source": "browser-preview"
    },
    {
      "method": "GET",
      "path": "/_astro/chart-context-copy.UBOz97Jz.js",
      "kind": "script",
      "source": "browser-preview"
    },
    {
      "method": "GET",
      "path": "/_astro/AspectPatternFeature.JIFgyNsc.js",
      "kind": "script",
      "source": "browser-preview"
    },
    {
      "method": "GET",
      "path": "/_astro/use-learning-sources.rIwWXPg-.js",
      "kind": "script",
      "source": "browser-preview"
    },
    {
      "method": "GET",
      "path": "/_astro/schema.DqKqbGHb.js",
      "kind": "script",
      "source": "browser-preview"
    },
    {
      "method": "GET",
      "path": "/_astro/read-store.CIuzJaHq.js",
      "kind": "script",
      "source": "browser-preview"
    },
    {
      "method": "GET",
      "path": "/_astro/full.AQ--_mi-.js",
      "kind": "script",
      "source": "browser-preview"
    },
    {
      "method": "GET",
      "path": "/_astro/chart-adapter.K-QfJlbI.js",
      "kind": "script",
      "source": "browser-preview"
    },
    {
      "method": "GET",
      "path": "/assets/app-icons/v3/favicon.svg",
      "kind": "other",
      "source": "browser-preview"
    },
    {
      "method": "GET",
      "path": "/_astro/calculator-receipt.Sj7p-7nE.js",
      "kind": "script",
      "source": "browser-preview"
    },
    {
      "method": "GET",
      "path": "/_astro/PositionsShareSurface.DT0CW1_r.js",
      "kind": "script",
      "source": "browser-preview"
    },
    {
      "method": "GET",
      "path": "/_astro/share-positions.D3o0ugj4.js",
      "kind": "script",
      "source": "browser-preview"
    },
    {
      "method": "GET",
      "path": "/_astro/share-card.DovPi6oZ.js",
      "kind": "script",
      "source": "browser-preview"
    },
    {
      "method": "GET",
      "path": "/_astro/share-card-brand.CJKZtcRK.js",
      "kind": "script",
      "source": "browser-preview"
    },
    {
      "method": "GET",
      "path": "/_astro/share-card-copy.D0c42nic.js",
      "kind": "script",
      "source": "browser-preview"
    },
    {
      "method": "GET",
      "path": "/_astro/CalendarSubscribe.DXtj1Bbr.js",
      "kind": "script",
      "source": "browser-preview"
    },
    {
      "method": "GET",
      "path": "/_astro/CommunicationRead.ooCKD9f4.js",
      "kind": "script",
      "source": "browser-preview"
    },
    {
      "method": "GET",
      "path": "/_astro/ApproachRead.Bcve0KbT.js",
      "kind": "script",
      "source": "browser-preview"
    },
    {
      "method": "GET",
      "path": "/_astro/PwaInstallPrompt.BCohgdPv.js",
      "kind": "script",
      "source": "browser-preview"
    },
    {
      "method": "GET",
      "path": "/_astro/a2hs.WonhOqdm.js",
      "kind": "script",
      "source": "browser-preview"
    },
    {
      "method": "GET",
      "path": "/assets/zodiac-icons/128/gemini.avif",
      "kind": "image",
      "source": "browser-preview"
    },
    {
      "method": "GET",
      "path": "/assets/zodiac-icons/128/pisces.avif",
      "kind": "image",
      "source": "browser-preview"
    },
    {
      "method": "GET",
      "path": "/assets/zodiac-icons/128/leo.avif",
      "kind": "image",
      "source": "browser-preview"
    },
    {
      "method": "GET",
      "path": "/assets/zodiac-icons/128/aries.webp",
      "kind": "image",
      "source": "browser-preview"
    },
    {
      "method": "GET",
      "path": "/assets/zodiac-icons/128/taurus.webp",
      "kind": "image",
      "source": "browser-preview"
    },
    {
      "method": "GET",
      "path": "/assets/zodiac-icons/128/gemini.webp",
      "kind": "image",
      "source": "browser-preview"
    },
    {
      "method": "GET",
      "path": "/assets/zodiac-icons/128/cancer.webp",
      "kind": "image",
      "source": "browser-preview"
    },
    {
      "method": "GET",
      "path": "/assets/zodiac-icons/128/leo.webp",
      "kind": "image",
      "source": "browser-preview"
    },
    {
      "method": "GET",
      "path": "/assets/zodiac-icons/128/virgo.webp",
      "kind": "image",
      "source": "browser-preview"
    },
    {
      "method": "GET",
      "path": "/assets/zodiac-icons/128/libra.webp",
      "kind": "image",
      "source": "browser-preview"
    },
    {
      "method": "GET",
      "path": "/assets/zodiac-icons/128/scorpio.webp",
      "kind": "image",
      "source": "browser-preview"
    },
    {
      "method": "GET",
      "path": "/assets/zodiac-icons/128/sagittarius.webp",
      "kind": "image",
      "source": "browser-preview"
    },
    {
      "method": "GET",
      "path": "/assets/zodiac-icons/128/capricorn.webp",
      "kind": "image",
      "source": "browser-preview"
    },
    {
      "method": "GET",
      "path": "/assets/zodiac-icons/128/aquarius.webp",
      "kind": "image",
      "source": "browser-preview"
    },
    {
      "method": "GET",
      "path": "/assets/zodiac-icons/128/pisces.webp",
      "kind": "image",
      "source": "browser-preview"
    },
    {
      "method": "GET",
      "path": "/_astro/store.B9KwR70B.js",
      "kind": "script",
      "source": "browser-preview"
    },
    {
      "method": "GET",
      "path": "/_astro/deletions.DUQYISzq.js",
      "kind": "script",
      "source": "browser-preview"
    },
    {
      "method": "GET",
      "path": "/assets/site-footer.css",
      "kind": "stylesheet",
      "source": "browser-preview"
    },
    {
      "method": "GET",
      "path": "/assets/zodiac-icons/128/aries.webp",
      "kind": "fetch",
      "source": "browser-preview"
    },
    {
      "method": "GET",
      "path": "/assets/zodiac-icons/128/taurus.webp",
      "kind": "fetch",
      "source": "browser-preview"
    },
    {
      "method": "GET",
      "path": "/assets/zodiac-icons/128/gemini.webp",
      "kind": "fetch",
      "source": "browser-preview"
    },
    {
      "method": "GET",
      "path": "/assets/zodiac-icons/128/cancer.webp",
      "kind": "fetch",
      "source": "browser-preview"
    },
    {
      "method": "GET",
      "path": "/assets/zodiac-icons/128/leo.webp",
      "kind": "fetch",
      "source": "browser-preview"
    },
    {
      "method": "GET",
      "path": "/assets/zodiac-icons/128/virgo.webp",
      "kind": "fetch",
      "source": "browser-preview"
    },
    {
      "method": "GET",
      "path": "/assets/zodiac-icons/128/libra.webp",
      "kind": "fetch",
      "source": "browser-preview"
    },
    {
      "method": "GET",
      "path": "/assets/zodiac-icons/128/scorpio.webp",
      "kind": "fetch",
      "source": "browser-preview"
    },
    {
      "method": "GET",
      "path": "/assets/zodiac-icons/128/sagittarius.webp",
      "kind": "fetch",
      "source": "browser-preview"
    },
    {
      "method": "GET",
      "path": "/assets/zodiac-icons/128/capricorn.webp",
      "kind": "fetch",
      "source": "browser-preview"
    },
    {
      "method": "GET",
      "path": "/assets/zodiac-icons/128/aquarius.webp",
      "kind": "fetch",
      "source": "browser-preview"
    },
    {
      "method": "GET",
      "path": "/assets/zodiac-icons/128/pisces.webp",
      "kind": "fetch",
      "source": "browser-preview"
    },
    {
      "method": "GET",
      "path": "/assets/zodiac-icons/128/leo.webp",
      "kind": "fetch",
      "source": "browser-preview"
    },
    {
      "method": "GET",
      "path": "/assets/zodiac-icons/128/gemini.webp",
      "kind": "fetch",
      "source": "browser-preview"
    },
    {
      "method": "GET",
      "path": "/assets/zodiac-icons/128/pisces.webp",
      "kind": "fetch",
      "source": "browser-preview"
    },
    {
      "method": "GET",
      "path": "/assets/zodiac-icons/128/aries.webp",
      "kind": "fetch",
      "source": "browser-preview"
    },
    {
      "method": "GET",
      "path": "/assets/zodiac-icons/128/gemini.webp",
      "kind": "fetch",
      "source": "browser-preview"
    },
    {
      "method": "GET",
      "path": "/assets/zodiac-icons/128/pisces.webp",
      "kind": "fetch",
      "source": "browser-preview"
    },
    {
      "method": "GET",
      "path": "/assets/zodiac-icons/128/aries.webp",
      "kind": "fetch",
      "source": "browser-preview"
    },
    {
      "method": "GET",
      "path": "/assets/app-icons/v3/icon-512.png",
      "kind": "fetch",
      "source": "browser-preview"
    },
    {
      "method": "GET",
      "path": "/fonts/eb-garamond-latin-400-italic.woff2",
      "kind": "font",
      "source": "browser-preview"
    },
    {
      "method": "GET",
      "path": "/assets/app-icons/v3/icon-512.png",
      "kind": "fetch",
      "source": "browser-preview"
    },
    {
      "method": "GET",
      "path": "/assets/assistant-ui.js",
      "kind": "script",
      "source": "browser-preview"
    },
    {
      "method": "GET",
      "path": "/assets/app-icons/v3/icon-512.png",
      "kind": "fetch",
      "source": "browser-preview"
    },
    {
      "method": "GET",
      "path": "/assets/assistant-ui.css",
      "kind": "stylesheet",
      "source": "browser-preview"
    },
    {
      "method": "GET",
      "path": "/assets/guide-avatar.webp",
      "kind": "image",
      "source": "browser-preview"
    },
    {
      "method": "GET",
      "path": "/assets/zodiac-icons/48/leo.avif",
      "kind": "image",
      "source": "browser-preview"
    },
    {
      "method": "GET",
      "path": "/assets/zodiac-icons/48/gemini.avif",
      "kind": "image",
      "source": "browser-preview"
    },
    {
      "method": "GET",
      "path": "/assets/zodiac-icons/48/pisces.avif",
      "kind": "image",
      "source": "browser-preview"
    },
    {
      "method": "GET",
      "path": "/assets/zodiac-icons/48/aries.avif",
      "kind": "image",
      "source": "browser-preview"
    },
    {
      "method": "GET",
      "path": "/birth-chart/",
      "kind": "document",
      "source": "browser-preview"
    },
    {
      "method": "GET",
      "path": "/fonts/instrument-sans-latin-wght-normal.woff2",
      "kind": "font",
      "source": "browser-preview"
    },
    {
      "method": "GET",
      "path": "/fonts/eb-garamond-latin-400-normal.woff2",
      "kind": "font",
      "source": "browser-preview"
    },
    {
      "method": "GET",
      "path": "/fonts/eb-garamond-latin-500-normal.woff2",
      "kind": "font",
      "source": "browser-preview"
    },
    {
      "method": "GET",
      "path": "/_astro/explorer.ijMRUwvv.css",
      "kind": "stylesheet",
      "source": "browser-preview"
    },
    {
      "method": "GET",
      "path": "/_astro/ChartActionDock.Cc8zzTbx.css",
      "kind": "stylesheet",
      "source": "browser-preview"
    },
    {
      "method": "GET",
      "path": "/js/pa-HwF2IBb5Sw8eboNPSOgHv.js",
      "kind": "script",
      "source": "browser-preview"
    },
    {
      "method": "GET",
      "path": "/_astro/AstroTerm.astro_astro_type_script_index_0_lang.DB1iYTmP.js",
      "kind": "script",
      "source": "browser-preview"
    },
    {
      "method": "GET",
      "path": "/fonts/jetbrains-mono-latin-wght-normal.woff2",
      "kind": "font",
      "source": "browser-preview"
    },
    {
      "method": "GET",
      "path": "/_astro/ChartCalculator.CohOHP8k.js",
      "kind": "script",
      "source": "browser-preview"
    },
    {
      "method": "GET",
      "path": "/_astro/client.DPkn9Lbl.js",
      "kind": "script",
      "source": "browser-preview"
    },
    {
      "method": "GET",
      "path": "/_astro/preload-helper.L5lOfJxi.js",
      "kind": "script",
      "source": "browser-preview"
    },
    {
      "method": "GET",
      "path": "/_astro/preact.module.Bjq9tLsx.js",
      "kind": "script",
      "source": "browser-preview"
    },
    {
      "method": "GET",
      "path": "/_astro/hooks.module.C0_8FjiD.js",
      "kind": "script",
      "source": "browser-preview"
    },
    {
      "method": "GET",
      "path": "/_astro/profile-access-reader.DoQqlSjt.js",
      "kind": "script",
      "source": "browser-preview"
    },
    {
      "method": "GET",
      "path": "/_astro/chunk-H7RJKCBO.BUIGSNBz.js",
      "kind": "script",
      "source": "browser-preview"
    },
    {
      "method": "GET",
      "path": "/_astro/signs.BMXPKoMF.js",
      "kind": "script",
      "source": "browser-preview"
    },
    {
      "method": "GET",
      "path": "/_astro/jsxRuntime.module.BG9KJlGc.js",
      "kind": "script",
      "source": "browser-preview"
    },
    {
      "method": "GET",
      "path": "/_astro/PlanetGlyph.BhITbtcc.js",
      "kind": "script",
      "source": "browser-preview"
    },
    {
      "method": "GET",
      "path": "/_astro/i18n.Cg_lCJuc.js",
      "kind": "script",
      "source": "browser-preview"
    },
    {
      "method": "GET",
      "path": "/_astro/CalculationReload.DXyGkRsn.js",
      "kind": "script",
      "source": "browser-preview"
    },
    {
      "method": "GET",
      "path": "/_astro/astrology.BHib5efU.js",
      "kind": "script",
      "source": "browser-preview"
    },
    {
      "method": "GET",
      "path": "/_astro/share.BRlg0eGS.js",
      "kind": "script",
      "source": "browser-preview"
    },
    {
      "method": "GET",
      "path": "/_astro/chart-handoff.Dvz2AAcL.js",
      "kind": "script",
      "source": "browser-preview"
    },
    {
      "method": "GET",
      "path": "/_astro/useProfileAccessGeneration.w2JLb1F6.js",
      "kind": "script",
      "source": "browser-preview"
    },
    {
      "method": "GET",
      "path": "/_astro/useEngine.BV92cVg4.js",
      "kind": "script",
      "source": "browser-preview"
    },
    {
      "method": "GET",
      "path": "/_astro/BirthFields.VmY_J4-2.js",
      "kind": "script",
      "source": "browser-preview"
    },
    {
      "method": "GET",
      "path": "/_astro/localToUtc.CrWG2CBc.js",
      "kind": "script",
      "source": "browser-preview"
    },
    {
      "method": "GET",
      "path": "/_astro/interpretations.BaZkYN67.js",
      "kind": "script",
      "source": "browser-preview"
    },
    {
      "method": "GET",
      "path": "/_astro/AstroTerm.7K8SAipO.js",
      "kind": "script",
      "source": "browser-preview"
    },
    {
      "method": "GET",
      "path": "/_astro/SignChip.Dx3tQVZl.js",
      "kind": "script",
      "source": "browser-preview"
    },
    {
      "method": "GET",
      "path": "/_astro/AspectGlyph.DMIAGIQV.js",
      "kind": "script",
      "source": "browser-preview"
    },
    {
      "method": "GET",
      "path": "/_astro/Wheel.RNRSqGob.js",
      "kind": "script",
      "source": "browser-preview"
    },
    {
      "method": "GET",
      "path": "/_astro/dignities.BycBkP8Y.js",
      "kind": "script",
      "source": "browser-preview"
    },
    {
      "method": "GET",
      "path": "/_astro/houses.5SlbILVS.js",
      "kind": "script",
      "source": "browser-preview"
    },
    {
      "method": "GET",
      "path": "/_astro/technical-layout.DQIjXHHb.js",
      "kind": "script",
      "source": "browser-preview"
    },
    {
      "method": "GET",
      "path": "/_astro/lite.DKWHZC5_.js",
      "kind": "script",
      "source": "browser-preview"
    },
    {
      "method": "GET",
      "path": "/_astro/learning-input-identity.C-WLv51I.js",
      "kind": "script",
      "source": "browser-preview"
    },
    {
      "method": "GET",
      "path": "/_astro/analytics.CH5T6e-b.js",
      "kind": "script",
      "source": "browser-preview"
    },
    {
      "method": "GET",
      "path": "/_astro/post-chart-context.BZ1tHGpl.js",
      "kind": "script",
      "source": "browser-preview"
    },
    {
      "method": "GET",
      "path": "/_astro/context-help-client.BqVrBbz0.js",
      "kind": "script",
      "source": "browser-preview"
    },
    {
      "method": "GET",
      "path": "/assets/app-icons/v3/favicon.svg",
      "kind": "other",
      "source": "browser-preview"
    },
    {
      "method": "GET",
      "path": "/_astro/chunk-INI453VG.BxjMUPBs.js",
      "kind": "script",
      "source": "browser-preview"
    },
    {
      "method": "GET",
      "path": "/_astro/paths.DYbAuceH.js",
      "kind": "script",
      "source": "browser-preview"
    },
    {
      "method": "GET",
      "path": "/_astro/rolldown-runtime.DK3Fl9T5.js",
      "kind": "script",
      "source": "browser-preview"
    },
    {
      "method": "GET",
      "path": "/_astro/civil-date.CpOZUt7Z.js",
      "kind": "script",
      "source": "browser-preview"
    },
    {
      "method": "GET",
      "path": "/_astro/technical-locales.DDKucXXd.js",
      "kind": "script",
      "source": "browser-preview"
    },
    {
      "method": "GET",
      "path": "/_astro/PlaceSearch.D1WsU_jW.js",
      "kind": "script",
      "source": "browser-preview"
    },
    {
      "method": "GET",
      "path": "/_astro/chart-signature.-is-2T7w.js",
      "kind": "script",
      "source": "browser-preview"
    },
    {
      "method": "GET",
      "path": "/_astro/natal.D7JKDSdx.js",
      "kind": "script",
      "source": "browser-preview"
    },
    {
      "method": "GET",
      "path": "/_astro/synastry.rhUg9_9F.js",
      "kind": "script",
      "source": "browser-preview"
    },
    {
      "method": "GET",
      "path": "/_astro/aspects.BNC-J2iD.js",
      "kind": "script",
      "source": "browser-preview"
    },
    {
      "method": "GET",
      "path": "/_astro/compat.Bjc3uaB7.js",
      "kind": "script",
      "source": "browser-preview"
    },
    {
      "method": "GET",
      "path": "/_astro/ChartActionDock.v70WmYt8.js",
      "kind": "script",
      "source": "browser-preview"
    },
    {
      "method": "GET",
      "path": "/_astro/LearningPractice.CSqTNZrv.js",
      "kind": "script",
      "source": "browser-preview"
    },
    {
      "method": "GET",
      "path": "/_astro/chart-context-copy.UBOz97Jz.js",
      "kind": "script",
      "source": "browser-preview"
    },
    {
      "method": "GET",
      "path": "/_astro/AspectPatternFeature.JIFgyNsc.js",
      "kind": "script",
      "source": "browser-preview"
    },
    {
      "method": "GET",
      "path": "/_astro/use-learning-sources.rIwWXPg-.js",
      "kind": "script",
      "source": "browser-preview"
    },
    {
      "method": "GET",
      "path": "/_astro/schema.DqKqbGHb.js",
      "kind": "script",
      "source": "browser-preview"
    },
    {
      "method": "GET",
      "path": "/_astro/read-store.CIuzJaHq.js",
      "kind": "script",
      "source": "browser-preview"
    },
    {
      "method": "GET",
      "path": "/_astro/full.AQ--_mi-.js",
      "kind": "script",
      "source": "browser-preview"
    },
    {
      "method": "GET",
      "path": "/_astro/chart-adapter.K-QfJlbI.js",
      "kind": "script",
      "source": "browser-preview"
    },
    {
      "method": "GET",
      "path": "/assets/app-icons/v3/favicon.svg",
      "kind": "other",
      "source": "browser-preview"
    },
    {
      "method": "GET",
      "path": "/_astro/calculator-receipt.Sj7p-7nE.js",
      "kind": "script",
      "source": "browser-preview"
    },
    {
      "method": "GET",
      "path": "/assets/site-footer.css",
      "kind": "stylesheet",
      "source": "browser-preview"
    },
    {
      "method": "GET",
      "path": "/_astro/PositionsShareSurface.DT0CW1_r.js",
      "kind": "script",
      "source": "browser-preview"
    },
    {
      "method": "GET",
      "path": "/_astro/share-positions.D3o0ugj4.js",
      "kind": "script",
      "source": "browser-preview"
    },
    {
      "method": "GET",
      "path": "/_astro/share-card.DovPi6oZ.js",
      "kind": "script",
      "source": "browser-preview"
    },
    {
      "method": "GET",
      "path": "/_astro/share-card-brand.CJKZtcRK.js",
      "kind": "script",
      "source": "browser-preview"
    },
    {
      "method": "GET",
      "path": "/_astro/share-card-copy.D0c42nic.js",
      "kind": "script",
      "source": "browser-preview"
    },
    {
      "method": "GET",
      "path": "/_astro/CalendarSubscribe.DXtj1Bbr.js",
      "kind": "script",
      "source": "browser-preview"
    },
    {
      "method": "GET",
      "path": "/_astro/CommunicationRead.ooCKD9f4.js",
      "kind": "script",
      "source": "browser-preview"
    },
    {
      "method": "GET",
      "path": "/_astro/ApproachRead.Bcve0KbT.js",
      "kind": "script",
      "source": "browser-preview"
    },
    {
      "method": "GET",
      "path": "/_astro/PwaInstallPrompt.BCohgdPv.js",
      "kind": "script",
      "source": "browser-preview"
    },
    {
      "method": "GET",
      "path": "/_astro/a2hs.WonhOqdm.js",
      "kind": "script",
      "source": "browser-preview"
    },
    {
      "method": "GET",
      "path": "/assets/zodiac-icons/128/gemini.avif",
      "kind": "image",
      "source": "browser-preview"
    },
    {
      "method": "GET",
      "path": "/assets/zodiac-icons/128/pisces.avif",
      "kind": "image",
      "source": "browser-preview"
    },
    {
      "method": "GET",
      "path": "/assets/zodiac-icons/128/libra.avif",
      "kind": "image",
      "source": "browser-preview"
    },
    {
      "method": "GET",
      "path": "/assets/zodiac-icons/128/aries.webp",
      "kind": "image",
      "source": "browser-preview"
    },
    {
      "method": "GET",
      "path": "/assets/zodiac-icons/128/taurus.webp",
      "kind": "image",
      "source": "browser-preview"
    },
    {
      "method": "GET",
      "path": "/assets/zodiac-icons/128/gemini.webp",
      "kind": "image",
      "source": "browser-preview"
    },
    {
      "method": "GET",
      "path": "/assets/zodiac-icons/128/cancer.webp",
      "kind": "image",
      "source": "browser-preview"
    },
    {
      "method": "GET",
      "path": "/assets/zodiac-icons/128/leo.webp",
      "kind": "image",
      "source": "browser-preview"
    },
    {
      "method": "GET",
      "path": "/assets/zodiac-icons/128/virgo.webp",
      "kind": "image",
      "source": "browser-preview"
    },
    {
      "method": "GET",
      "path": "/assets/zodiac-icons/128/libra.webp",
      "kind": "image",
      "source": "browser-preview"
    },
    {
      "method": "GET",
      "path": "/assets/zodiac-icons/128/scorpio.webp",
      "kind": "image",
      "source": "browser-preview"
    },
    {
      "method": "GET",
      "path": "/assets/zodiac-icons/128/sagittarius.webp",
      "kind": "image",
      "source": "browser-preview"
    },
    {
      "method": "GET",
      "path": "/assets/zodiac-icons/128/capricorn.webp",
      "kind": "image",
      "source": "browser-preview"
    },
    {
      "method": "GET",
      "path": "/assets/zodiac-icons/128/aquarius.webp",
      "kind": "image",
      "source": "browser-preview"
    },
    {
      "method": "GET",
      "path": "/assets/zodiac-icons/128/pisces.webp",
      "kind": "image",
      "source": "browser-preview"
    },
    {
      "method": "GET",
      "path": "/_astro/store.B9KwR70B.js",
      "kind": "script",
      "source": "browser-preview"
    },
    {
      "method": "GET",
      "path": "/_astro/deletions.DUQYISzq.js",
      "kind": "script",
      "source": "browser-preview"
    },
    {
      "method": "GET",
      "path": "/assets/zodiac-icons/128/aries.webp",
      "kind": "fetch",
      "source": "browser-preview"
    },
    {
      "method": "GET",
      "path": "/assets/zodiac-icons/128/taurus.webp",
      "kind": "fetch",
      "source": "browser-preview"
    },
    {
      "method": "GET",
      "path": "/assets/zodiac-icons/128/gemini.webp",
      "kind": "fetch",
      "source": "browser-preview"
    },
    {
      "method": "GET",
      "path": "/assets/zodiac-icons/128/cancer.webp",
      "kind": "fetch",
      "source": "browser-preview"
    },
    {
      "method": "GET",
      "path": "/assets/zodiac-icons/128/leo.webp",
      "kind": "fetch",
      "source": "browser-preview"
    },
    {
      "method": "GET",
      "path": "/assets/zodiac-icons/128/virgo.webp",
      "kind": "fetch",
      "source": "browser-preview"
    },
    {
      "method": "GET",
      "path": "/assets/zodiac-icons/128/libra.webp",
      "kind": "fetch",
      "source": "browser-preview"
    },
    {
      "method": "GET",
      "path": "/assets/zodiac-icons/128/scorpio.webp",
      "kind": "fetch",
      "source": "browser-preview"
    },
    {
      "method": "GET",
      "path": "/assets/zodiac-icons/128/sagittarius.webp",
      "kind": "fetch",
      "source": "browser-preview"
    },
    {
      "method": "GET",
      "path": "/assets/zodiac-icons/128/capricorn.webp",
      "kind": "fetch",
      "source": "browser-preview"
    },
    {
      "method": "GET",
      "path": "/assets/zodiac-icons/128/aquarius.webp",
      "kind": "fetch",
      "source": "browser-preview"
    },
    {
      "method": "GET",
      "path": "/assets/zodiac-icons/128/pisces.webp",
      "kind": "fetch",
      "source": "browser-preview"
    },
    {
      "method": "GET",
      "path": "/assets/zodiac-icons/128/gemini.webp",
      "kind": "fetch",
      "source": "browser-preview"
    },
    {
      "method": "GET",
      "path": "/assets/zodiac-icons/128/pisces.webp",
      "kind": "fetch",
      "source": "browser-preview"
    },
    {
      "method": "GET",
      "path": "/assets/zodiac-icons/128/aries.webp",
      "kind": "fetch",
      "source": "browser-preview"
    },
    {
      "method": "GET",
      "path": "/assets/zodiac-icons/128/libra.webp",
      "kind": "fetch",
      "source": "browser-preview"
    },
    {
      "method": "GET",
      "path": "/assets/zodiac-icons/128/gemini.webp",
      "kind": "fetch",
      "source": "browser-preview"
    },
    {
      "method": "GET",
      "path": "/assets/zodiac-icons/128/pisces.webp",
      "kind": "fetch",
      "source": "browser-preview"
    },
    {
      "method": "GET",
      "path": "/assets/zodiac-icons/128/aries.webp",
      "kind": "fetch",
      "source": "browser-preview"
    },
    {
      "method": "GET",
      "path": "/assets/app-icons/v3/icon-512.png",
      "kind": "fetch",
      "source": "browser-preview"
    },
    {
      "method": "GET",
      "path": "/fonts/eb-garamond-latin-400-italic.woff2",
      "kind": "font",
      "source": "browser-preview"
    },
    {
      "method": "GET",
      "path": "/assets/app-icons/v3/icon-512.png",
      "kind": "fetch",
      "source": "browser-preview"
    },
    {
      "method": "GET",
      "path": "/assets/assistant-ui.js",
      "kind": "script",
      "source": "browser-preview"
    },
    {
      "method": "GET",
      "path": "/assets/assistant-ui.css",
      "kind": "stylesheet",
      "source": "browser-preview"
    },
    {
      "method": "GET",
      "path": "/assets/app-icons/v3/icon-512.png",
      "kind": "fetch",
      "source": "browser-preview"
    },
    {
      "method": "GET",
      "path": "/assets/guide-avatar.webp",
      "kind": "image",
      "source": "browser-preview"
    },
    {
      "method": "GET",
      "path": "/birth-chart/",
      "kind": "document",
      "source": "browser-preview"
    },
    {
      "method": "GET",
      "path": "/fonts/instrument-sans-latin-wght-normal.woff2",
      "kind": "font",
      "source": "browser-preview"
    },
    {
      "method": "GET",
      "path": "/fonts/eb-garamond-latin-400-normal.woff2",
      "kind": "font",
      "source": "browser-preview"
    },
    {
      "method": "GET",
      "path": "/fonts/eb-garamond-latin-500-normal.woff2",
      "kind": "font",
      "source": "browser-preview"
    },
    {
      "method": "GET",
      "path": "/js/pa-HwF2IBb5Sw8eboNPSOgHv.js",
      "kind": "script",
      "source": "browser-preview"
    },
    {
      "method": "GET",
      "path": "/_astro/explorer.ijMRUwvv.css",
      "kind": "stylesheet",
      "source": "browser-preview"
    },
    {
      "method": "GET",
      "path": "/_astro/ChartActionDock.Cc8zzTbx.css",
      "kind": "stylesheet",
      "source": "browser-preview"
    },
    {
      "method": "GET",
      "path": "/_astro/AstroTerm.astro_astro_type_script_index_0_lang.DB1iYTmP.js",
      "kind": "script",
      "source": "browser-preview"
    },
    {
      "method": "GET",
      "path": "/fonts/jetbrains-mono-latin-wght-normal.woff2",
      "kind": "font",
      "source": "browser-preview"
    },
    {
      "method": "GET",
      "path": "/_astro/ChartCalculator.CohOHP8k.js",
      "kind": "script",
      "source": "browser-preview"
    },
    {
      "method": "GET",
      "path": "/_astro/client.DPkn9Lbl.js",
      "kind": "script",
      "source": "browser-preview"
    },
    {
      "method": "GET",
      "path": "/_astro/preload-helper.L5lOfJxi.js",
      "kind": "script",
      "source": "browser-preview"
    },
    {
      "method": "GET",
      "path": "/_astro/preact.module.Bjq9tLsx.js",
      "kind": "script",
      "source": "browser-preview"
    },
    {
      "method": "GET",
      "path": "/_astro/hooks.module.C0_8FjiD.js",
      "kind": "script",
      "source": "browser-preview"
    },
    {
      "method": "GET",
      "path": "/_astro/profile-access-reader.DoQqlSjt.js",
      "kind": "script",
      "source": "browser-preview"
    },
    {
      "method": "GET",
      "path": "/_astro/chunk-H7RJKCBO.BUIGSNBz.js",
      "kind": "script",
      "source": "browser-preview"
    },
    {
      "method": "GET",
      "path": "/_astro/signs.BMXPKoMF.js",
      "kind": "script",
      "source": "browser-preview"
    },
    {
      "method": "GET",
      "path": "/_astro/jsxRuntime.module.BG9KJlGc.js",
      "kind": "script",
      "source": "browser-preview"
    },
    {
      "method": "GET",
      "path": "/_astro/PlanetGlyph.BhITbtcc.js",
      "kind": "script",
      "source": "browser-preview"
    },
    {
      "method": "GET",
      "path": "/_astro/i18n.Cg_lCJuc.js",
      "kind": "script",
      "source": "browser-preview"
    },
    {
      "method": "GET",
      "path": "/_astro/CalculationReload.DXyGkRsn.js",
      "kind": "script",
      "source": "browser-preview"
    },
    {
      "method": "GET",
      "path": "/_astro/astrology.BHib5efU.js",
      "kind": "script",
      "source": "browser-preview"
    },
    {
      "method": "GET",
      "path": "/_astro/share.BRlg0eGS.js",
      "kind": "script",
      "source": "browser-preview"
    },
    {
      "method": "GET",
      "path": "/_astro/chart-handoff.Dvz2AAcL.js",
      "kind": "script",
      "source": "browser-preview"
    },
    {
      "method": "GET",
      "path": "/_astro/useProfileAccessGeneration.w2JLb1F6.js",
      "kind": "script",
      "source": "browser-preview"
    },
    {
      "method": "GET",
      "path": "/_astro/useEngine.BV92cVg4.js",
      "kind": "script",
      "source": "browser-preview"
    },
    {
      "method": "GET",
      "path": "/_astro/BirthFields.VmY_J4-2.js",
      "kind": "script",
      "source": "browser-preview"
    },
    {
      "method": "GET",
      "path": "/_astro/localToUtc.CrWG2CBc.js",
      "kind": "script",
      "source": "browser-preview"
    },
    {
      "method": "GET",
      "path": "/_astro/interpretations.BaZkYN67.js",
      "kind": "script",
      "source": "browser-preview"
    },
    {
      "method": "GET",
      "path": "/_astro/AstroTerm.7K8SAipO.js",
      "kind": "script",
      "source": "browser-preview"
    },
    {
      "method": "GET",
      "path": "/_astro/SignChip.Dx3tQVZl.js",
      "kind": "script",
      "source": "browser-preview"
    },
    {
      "method": "GET",
      "path": "/_astro/AspectGlyph.DMIAGIQV.js",
      "kind": "script",
      "source": "browser-preview"
    },
    {
      "method": "GET",
      "path": "/_astro/Wheel.RNRSqGob.js",
      "kind": "script",
      "source": "browser-preview"
    },
    {
      "method": "GET",
      "path": "/_astro/dignities.BycBkP8Y.js",
      "kind": "script",
      "source": "browser-preview"
    },
    {
      "method": "GET",
      "path": "/_astro/houses.5SlbILVS.js",
      "kind": "script",
      "source": "browser-preview"
    },
    {
      "method": "GET",
      "path": "/_astro/technical-layout.DQIjXHHb.js",
      "kind": "script",
      "source": "browser-preview"
    },
    {
      "method": "GET",
      "path": "/_astro/lite.DKWHZC5_.js",
      "kind": "script",
      "source": "browser-preview"
    },
    {
      "method": "GET",
      "path": "/_astro/learning-input-identity.C-WLv51I.js",
      "kind": "script",
      "source": "browser-preview"
    },
    {
      "method": "GET",
      "path": "/_astro/analytics.CH5T6e-b.js",
      "kind": "script",
      "source": "browser-preview"
    },
    {
      "method": "GET",
      "path": "/_astro/post-chart-context.BZ1tHGpl.js",
      "kind": "script",
      "source": "browser-preview"
    },
    {
      "method": "GET",
      "path": "/_astro/context-help-client.BqVrBbz0.js",
      "kind": "script",
      "source": "browser-preview"
    },
    {
      "method": "GET",
      "path": "/assets/app-icons/v3/favicon.svg",
      "kind": "other",
      "source": "browser-preview"
    },
    {
      "method": "GET",
      "path": "/_astro/chunk-INI453VG.BxjMUPBs.js",
      "kind": "script",
      "source": "browser-preview"
    },
    {
      "method": "GET",
      "path": "/_astro/rolldown-runtime.DK3Fl9T5.js",
      "kind": "script",
      "source": "browser-preview"
    },
    {
      "method": "GET",
      "path": "/_astro/civil-date.CpOZUt7Z.js",
      "kind": "script",
      "source": "browser-preview"
    },
    {
      "method": "GET",
      "path": "/_astro/technical-locales.DDKucXXd.js",
      "kind": "script",
      "source": "browser-preview"
    },
    {
      "method": "GET",
      "path": "/_astro/PlaceSearch.D1WsU_jW.js",
      "kind": "script",
      "source": "browser-preview"
    },
    {
      "method": "GET",
      "path": "/_astro/paths.DYbAuceH.js",
      "kind": "script",
      "source": "browser-preview"
    },
    {
      "method": "GET",
      "path": "/_astro/chart-signature.-is-2T7w.js",
      "kind": "script",
      "source": "browser-preview"
    },
    {
      "method": "GET",
      "path": "/_astro/natal.D7JKDSdx.js",
      "kind": "script",
      "source": "browser-preview"
    },
    {
      "method": "GET",
      "path": "/_astro/synastry.rhUg9_9F.js",
      "kind": "script",
      "source": "browser-preview"
    },
    {
      "method": "GET",
      "path": "/_astro/aspects.BNC-J2iD.js",
      "kind": "script",
      "source": "browser-preview"
    },
    {
      "method": "GET",
      "path": "/_astro/compat.Bjc3uaB7.js",
      "kind": "script",
      "source": "browser-preview"
    },
    {
      "method": "GET",
      "path": "/_astro/ChartActionDock.v70WmYt8.js",
      "kind": "script",
      "source": "browser-preview"
    },
    {
      "method": "GET",
      "path": "/_astro/LearningPractice.CSqTNZrv.js",
      "kind": "script",
      "source": "browser-preview"
    },
    {
      "method": "GET",
      "path": "/_astro/chart-context-copy.UBOz97Jz.js",
      "kind": "script",
      "source": "browser-preview"
    },
    {
      "method": "GET",
      "path": "/_astro/AspectPatternFeature.JIFgyNsc.js",
      "kind": "script",
      "source": "browser-preview"
    },
    {
      "method": "GET",
      "path": "/_astro/use-learning-sources.rIwWXPg-.js",
      "kind": "script",
      "source": "browser-preview"
    },
    {
      "method": "GET",
      "path": "/_astro/schema.DqKqbGHb.js",
      "kind": "script",
      "source": "browser-preview"
    },
    {
      "method": "GET",
      "path": "/_astro/read-store.CIuzJaHq.js",
      "kind": "script",
      "source": "browser-preview"
    },
    {
      "method": "GET",
      "path": "/_astro/full.AQ--_mi-.js",
      "kind": "script",
      "source": "browser-preview"
    },
    {
      "method": "GET",
      "path": "/_astro/chart-adapter.K-QfJlbI.js",
      "kind": "script",
      "source": "browser-preview"
    },
    {
      "method": "GET",
      "path": "/assets/app-icons/v3/favicon.svg",
      "kind": "other",
      "source": "browser-preview"
    },
    {
      "method": "GET",
      "path": "/_astro/calculator-receipt.Sj7p-7nE.js",
      "kind": "script",
      "source": "browser-preview"
    },
    {
      "method": "GET",
      "path": "/assets/site-footer.css",
      "kind": "stylesheet",
      "source": "browser-preview"
    },
    {
      "method": "GET",
      "path": "/_astro/PositionsShareSurface.DT0CW1_r.js",
      "kind": "script",
      "source": "browser-preview"
    },
    {
      "method": "GET",
      "path": "/_astro/share-positions.D3o0ugj4.js",
      "kind": "script",
      "source": "browser-preview"
    },
    {
      "method": "GET",
      "path": "/_astro/share-card.DovPi6oZ.js",
      "kind": "script",
      "source": "browser-preview"
    },
    {
      "method": "GET",
      "path": "/_astro/share-card-brand.CJKZtcRK.js",
      "kind": "script",
      "source": "browser-preview"
    },
    {
      "method": "GET",
      "path": "/_astro/share-card-copy.D0c42nic.js",
      "kind": "script",
      "source": "browser-preview"
    },
    {
      "method": "GET",
      "path": "/_astro/CalendarSubscribe.DXtj1Bbr.js",
      "kind": "script",
      "source": "browser-preview"
    },
    {
      "method": "GET",
      "path": "/_astro/CommunicationRead.ooCKD9f4.js",
      "kind": "script",
      "source": "browser-preview"
    },
    {
      "method": "GET",
      "path": "/_astro/ApproachRead.Bcve0KbT.js",
      "kind": "script",
      "source": "browser-preview"
    },
    {
      "method": "GET",
      "path": "/_astro/PwaInstallPrompt.BCohgdPv.js",
      "kind": "script",
      "source": "browser-preview"
    },
    {
      "method": "GET",
      "path": "/_astro/a2hs.WonhOqdm.js",
      "kind": "script",
      "source": "browser-preview"
    },
    {
      "method": "GET",
      "path": "/assets/zodiac-icons/128/gemini.avif",
      "kind": "image",
      "source": "browser-preview"
    },
    {
      "method": "GET",
      "path": "/assets/zodiac-icons/128/pisces.avif",
      "kind": "image",
      "source": "browser-preview"
    },
    {
      "method": "GET",
      "path": "/assets/zodiac-icons/128/libra.avif",
      "kind": "image",
      "source": "browser-preview"
    },
    {
      "method": "GET",
      "path": "/assets/zodiac-icons/128/aries.webp",
      "kind": "image",
      "source": "browser-preview"
    },
    {
      "method": "GET",
      "path": "/assets/zodiac-icons/128/taurus.webp",
      "kind": "image",
      "source": "browser-preview"
    },
    {
      "method": "GET",
      "path": "/assets/zodiac-icons/128/gemini.webp",
      "kind": "image",
      "source": "browser-preview"
    },
    {
      "method": "GET",
      "path": "/assets/zodiac-icons/128/cancer.webp",
      "kind": "image",
      "source": "browser-preview"
    },
    {
      "method": "GET",
      "path": "/assets/zodiac-icons/128/leo.webp",
      "kind": "image",
      "source": "browser-preview"
    },
    {
      "method": "GET",
      "path": "/assets/zodiac-icons/128/virgo.webp",
      "kind": "image",
      "source": "browser-preview"
    },
    {
      "method": "GET",
      "path": "/assets/zodiac-icons/128/libra.webp",
      "kind": "image",
      "source": "browser-preview"
    },
    {
      "method": "GET",
      "path": "/assets/zodiac-icons/128/scorpio.webp",
      "kind": "image",
      "source": "browser-preview"
    },
    {
      "method": "GET",
      "path": "/assets/zodiac-icons/128/sagittarius.webp",
      "kind": "image",
      "source": "browser-preview"
    },
    {
      "method": "GET",
      "path": "/assets/zodiac-icons/128/capricorn.webp",
      "kind": "image",
      "source": "browser-preview"
    },
    {
      "method": "GET",
      "path": "/assets/zodiac-icons/128/aquarius.webp",
      "kind": "image",
      "source": "browser-preview"
    },
    {
      "method": "GET",
      "path": "/assets/zodiac-icons/128/pisces.webp",
      "kind": "image",
      "source": "browser-preview"
    },
    {
      "method": "GET",
      "path": "/_astro/store.B9KwR70B.js",
      "kind": "script",
      "source": "browser-preview"
    },
    {
      "method": "GET",
      "path": "/_astro/deletions.DUQYISzq.js",
      "kind": "script",
      "source": "browser-preview"
    },
    {
      "method": "GET",
      "path": "/assets/zodiac-icons/128/aries.webp",
      "kind": "fetch",
      "source": "browser-preview"
    },
    {
      "method": "GET",
      "path": "/assets/zodiac-icons/128/taurus.webp",
      "kind": "fetch",
      "source": "browser-preview"
    },
    {
      "method": "GET",
      "path": "/assets/zodiac-icons/128/gemini.webp",
      "kind": "fetch",
      "source": "browser-preview"
    },
    {
      "method": "GET",
      "path": "/assets/zodiac-icons/128/cancer.webp",
      "kind": "fetch",
      "source": "browser-preview"
    },
    {
      "method": "GET",
      "path": "/assets/zodiac-icons/128/leo.webp",
      "kind": "fetch",
      "source": "browser-preview"
    },
    {
      "method": "GET",
      "path": "/assets/zodiac-icons/128/virgo.webp",
      "kind": "fetch",
      "source": "browser-preview"
    },
    {
      "method": "GET",
      "path": "/assets/zodiac-icons/128/libra.webp",
      "kind": "fetch",
      "source": "browser-preview"
    },
    {
      "method": "GET",
      "path": "/assets/zodiac-icons/128/scorpio.webp",
      "kind": "fetch",
      "source": "browser-preview"
    },
    {
      "method": "GET",
      "path": "/assets/zodiac-icons/128/sagittarius.webp",
      "kind": "fetch",
      "source": "browser-preview"
    },
    {
      "method": "GET",
      "path": "/assets/zodiac-icons/128/capricorn.webp",
      "kind": "fetch",
      "source": "browser-preview"
    },
    {
      "method": "GET",
      "path": "/assets/zodiac-icons/128/aquarius.webp",
      "kind": "fetch",
      "source": "browser-preview"
    },
    {
      "method": "GET",
      "path": "/assets/zodiac-icons/128/pisces.webp",
      "kind": "fetch",
      "source": "browser-preview"
    },
    {
      "method": "GET",
      "path": "/assets/zodiac-icons/128/gemini.webp",
      "kind": "fetch",
      "source": "browser-preview"
    },
    {
      "method": "GET",
      "path": "/assets/zodiac-icons/128/pisces.webp",
      "kind": "fetch",
      "source": "browser-preview"
    },
    {
      "method": "GET",
      "path": "/assets/zodiac-icons/128/aries.webp",
      "kind": "fetch",
      "source": "browser-preview"
    },
    {
      "method": "GET",
      "path": "/assets/zodiac-icons/128/libra.webp",
      "kind": "fetch",
      "source": "browser-preview"
    },
    {
      "method": "GET",
      "path": "/assets/zodiac-icons/128/gemini.webp",
      "kind": "fetch",
      "source": "browser-preview"
    },
    {
      "method": "GET",
      "path": "/assets/zodiac-icons/128/pisces.webp",
      "kind": "fetch",
      "source": "browser-preview"
    },
    {
      "method": "GET",
      "path": "/assets/zodiac-icons/128/aries.webp",
      "kind": "fetch",
      "source": "browser-preview"
    },
    {
      "method": "GET",
      "path": "/fonts/eb-garamond-latin-400-italic.woff2",
      "kind": "font",
      "source": "browser-preview"
    },
    {
      "method": "GET",
      "path": "/assets/app-icons/v3/icon-512.png",
      "kind": "fetch",
      "source": "browser-preview"
    },
    {
      "method": "GET",
      "path": "/assets/app-icons/v3/icon-512.png",
      "kind": "fetch",
      "source": "browser-preview"
    },
    {
      "method": "GET",
      "path": "/assets/assistant-ui.js",
      "kind": "script",
      "source": "browser-preview"
    },
    {
      "method": "GET",
      "path": "/assets/app-icons/v3/icon-512.png",
      "kind": "fetch",
      "source": "browser-preview"
    },
    {
      "method": "GET",
      "path": "/assets/assistant-ui.css",
      "kind": "stylesheet",
      "source": "browser-preview"
    },
    {
      "method": "GET",
      "path": "/assets/guide-avatar.webp",
      "kind": "image",
      "source": "browser-preview"
    },
    {
      "method": "GET",
      "path": "/birth-chart/",
      "kind": "document",
      "source": "browser-preview"
    },
    {
      "method": "GET",
      "path": "/fonts/instrument-sans-latin-wght-normal.woff2",
      "kind": "font",
      "source": "browser-preview"
    },
    {
      "method": "GET",
      "path": "/fonts/eb-garamond-latin-400-normal.woff2",
      "kind": "font",
      "source": "browser-preview"
    },
    {
      "method": "GET",
      "path": "/fonts/eb-garamond-latin-500-normal.woff2",
      "kind": "font",
      "source": "browser-preview"
    },
    {
      "method": "GET",
      "path": "/js/pa-HwF2IBb5Sw8eboNPSOgHv.js",
      "kind": "script",
      "source": "browser-preview"
    },
    {
      "method": "GET",
      "path": "/_astro/explorer.ijMRUwvv.css",
      "kind": "stylesheet",
      "source": "browser-preview"
    },
    {
      "method": "GET",
      "path": "/_astro/ChartActionDock.Cc8zzTbx.css",
      "kind": "stylesheet",
      "source": "browser-preview"
    },
    {
      "method": "GET",
      "path": "/_astro/AstroTerm.astro_astro_type_script_index_0_lang.DB1iYTmP.js",
      "kind": "script",
      "source": "browser-preview"
    },
    {
      "method": "GET",
      "path": "/fonts/jetbrains-mono-latin-wght-normal.woff2",
      "kind": "font",
      "source": "browser-preview"
    },
    {
      "method": "GET",
      "path": "/_astro/ChartCalculator.CohOHP8k.js",
      "kind": "script",
      "source": "browser-preview"
    },
    {
      "method": "GET",
      "path": "/_astro/client.DPkn9Lbl.js",
      "kind": "script",
      "source": "browser-preview"
    },
    {
      "method": "GET",
      "path": "/_astro/preload-helper.L5lOfJxi.js",
      "kind": "script",
      "source": "browser-preview"
    },
    {
      "method": "GET",
      "path": "/_astro/preact.module.Bjq9tLsx.js",
      "kind": "script",
      "source": "browser-preview"
    },
    {
      "method": "GET",
      "path": "/_astro/hooks.module.C0_8FjiD.js",
      "kind": "script",
      "source": "browser-preview"
    },
    {
      "method": "GET",
      "path": "/_astro/profile-access-reader.DoQqlSjt.js",
      "kind": "script",
      "source": "browser-preview"
    },
    {
      "method": "GET",
      "path": "/_astro/chunk-H7RJKCBO.BUIGSNBz.js",
      "kind": "script",
      "source": "browser-preview"
    },
    {
      "method": "GET",
      "path": "/_astro/signs.BMXPKoMF.js",
      "kind": "script",
      "source": "browser-preview"
    },
    {
      "method": "GET",
      "path": "/_astro/jsxRuntime.module.BG9KJlGc.js",
      "kind": "script",
      "source": "browser-preview"
    },
    {
      "method": "GET",
      "path": "/_astro/PlanetGlyph.BhITbtcc.js",
      "kind": "script",
      "source": "browser-preview"
    },
    {
      "method": "GET",
      "path": "/_astro/i18n.Cg_lCJuc.js",
      "kind": "script",
      "source": "browser-preview"
    },
    {
      "method": "GET",
      "path": "/_astro/CalculationReload.DXyGkRsn.js",
      "kind": "script",
      "source": "browser-preview"
    },
    {
      "method": "GET",
      "path": "/_astro/astrology.BHib5efU.js",
      "kind": "script",
      "source": "browser-preview"
    },
    {
      "method": "GET",
      "path": "/_astro/share.BRlg0eGS.js",
      "kind": "script",
      "source": "browser-preview"
    },
    {
      "method": "GET",
      "path": "/_astro/chart-handoff.Dvz2AAcL.js",
      "kind": "script",
      "source": "browser-preview"
    },
    {
      "method": "GET",
      "path": "/_astro/useProfileAccessGeneration.w2JLb1F6.js",
      "kind": "script",
      "source": "browser-preview"
    },
    {
      "method": "GET",
      "path": "/_astro/useEngine.BV92cVg4.js",
      "kind": "script",
      "source": "browser-preview"
    },
    {
      "method": "GET",
      "path": "/_astro/BirthFields.VmY_J4-2.js",
      "kind": "script",
      "source": "browser-preview"
    },
    {
      "method": "GET",
      "path": "/_astro/localToUtc.CrWG2CBc.js",
      "kind": "script",
      "source": "browser-preview"
    },
    {
      "method": "GET",
      "path": "/_astro/interpretations.BaZkYN67.js",
      "kind": "script",
      "source": "browser-preview"
    },
    {
      "method": "GET",
      "path": "/_astro/AstroTerm.7K8SAipO.js",
      "kind": "script",
      "source": "browser-preview"
    },
    {
      "method": "GET",
      "path": "/_astro/SignChip.Dx3tQVZl.js",
      "kind": "script",
      "source": "browser-preview"
    },
    {
      "method": "GET",
      "path": "/_astro/AspectGlyph.DMIAGIQV.js",
      "kind": "script",
      "source": "browser-preview"
    },
    {
      "method": "GET",
      "path": "/_astro/Wheel.RNRSqGob.js",
      "kind": "script",
      "source": "browser-preview"
    },
    {
      "method": "GET",
      "path": "/_astro/dignities.BycBkP8Y.js",
      "kind": "script",
      "source": "browser-preview"
    },
    {
      "method": "GET",
      "path": "/_astro/houses.5SlbILVS.js",
      "kind": "script",
      "source": "browser-preview"
    },
    {
      "method": "GET",
      "path": "/_astro/technical-layout.DQIjXHHb.js",
      "kind": "script",
      "source": "browser-preview"
    },
    {
      "method": "GET",
      "path": "/_astro/lite.DKWHZC5_.js",
      "kind": "script",
      "source": "browser-preview"
    },
    {
      "method": "GET",
      "path": "/_astro/learning-input-identity.C-WLv51I.js",
      "kind": "script",
      "source": "browser-preview"
    },
    {
      "method": "GET",
      "path": "/_astro/analytics.CH5T6e-b.js",
      "kind": "script",
      "source": "browser-preview"
    },
    {
      "method": "GET",
      "path": "/_astro/post-chart-context.BZ1tHGpl.js",
      "kind": "script",
      "source": "browser-preview"
    },
    {
      "method": "GET",
      "path": "/_astro/context-help-client.BqVrBbz0.js",
      "kind": "script",
      "source": "browser-preview"
    },
    {
      "method": "GET",
      "path": "/assets/app-icons/v3/favicon.svg",
      "kind": "other",
      "source": "browser-preview"
    },
    {
      "method": "GET",
      "path": "/_astro/paths.DYbAuceH.js",
      "kind": "script",
      "source": "browser-preview"
    },
    {
      "method": "GET",
      "path": "/_astro/rolldown-runtime.DK3Fl9T5.js",
      "kind": "script",
      "source": "browser-preview"
    },
    {
      "method": "GET",
      "path": "/_astro/civil-date.CpOZUt7Z.js",
      "kind": "script",
      "source": "browser-preview"
    },
    {
      "method": "GET",
      "path": "/_astro/technical-locales.DDKucXXd.js",
      "kind": "script",
      "source": "browser-preview"
    },
    {
      "method": "GET",
      "path": "/_astro/PlaceSearch.D1WsU_jW.js",
      "kind": "script",
      "source": "browser-preview"
    },
    {
      "method": "GET",
      "path": "/_astro/chunk-INI453VG.BxjMUPBs.js",
      "kind": "script",
      "source": "browser-preview"
    },
    {
      "method": "GET",
      "path": "/_astro/chart-signature.-is-2T7w.js",
      "kind": "script",
      "source": "browser-preview"
    },
    {
      "method": "GET",
      "path": "/_astro/natal.D7JKDSdx.js",
      "kind": "script",
      "source": "browser-preview"
    },
    {
      "method": "GET",
      "path": "/_astro/synastry.rhUg9_9F.js",
      "kind": "script",
      "source": "browser-preview"
    },
    {
      "method": "GET",
      "path": "/_astro/aspects.BNC-J2iD.js",
      "kind": "script",
      "source": "browser-preview"
    },
    {
      "method": "GET",
      "path": "/_astro/compat.Bjc3uaB7.js",
      "kind": "script",
      "source": "browser-preview"
    },
    {
      "method": "GET",
      "path": "/_astro/ChartActionDock.v70WmYt8.js",
      "kind": "script",
      "source": "browser-preview"
    },
    {
      "method": "GET",
      "path": "/_astro/LearningPractice.CSqTNZrv.js",
      "kind": "script",
      "source": "browser-preview"
    },
    {
      "method": "GET",
      "path": "/_astro/chart-context-copy.UBOz97Jz.js",
      "kind": "script",
      "source": "browser-preview"
    },
    {
      "method": "GET",
      "path": "/_astro/AspectPatternFeature.JIFgyNsc.js",
      "kind": "script",
      "source": "browser-preview"
    },
    {
      "method": "GET",
      "path": "/_astro/use-learning-sources.rIwWXPg-.js",
      "kind": "script",
      "source": "browser-preview"
    },
    {
      "method": "GET",
      "path": "/_astro/schema.DqKqbGHb.js",
      "kind": "script",
      "source": "browser-preview"
    },
    {
      "method": "GET",
      "path": "/_astro/read-store.CIuzJaHq.js",
      "kind": "script",
      "source": "browser-preview"
    },
    {
      "method": "GET",
      "path": "/_astro/full.AQ--_mi-.js",
      "kind": "script",
      "source": "browser-preview"
    },
    {
      "method": "GET",
      "path": "/_astro/chart-adapter.K-QfJlbI.js",
      "kind": "script",
      "source": "browser-preview"
    },
    {
      "method": "GET",
      "path": "/assets/app-icons/v3/favicon.svg",
      "kind": "other",
      "source": "browser-preview"
    },
    {
      "method": "GET",
      "path": "/assets/site-footer.css",
      "kind": "stylesheet",
      "source": "browser-preview"
    },
    {
      "method": "GET",
      "path": "/_astro/calculator-receipt.Sj7p-7nE.js",
      "kind": "script",
      "source": "browser-preview"
    },
    {
      "method": "GET",
      "path": "/_astro/PositionsShareSurface.DT0CW1_r.js",
      "kind": "script",
      "source": "browser-preview"
    },
    {
      "method": "GET",
      "path": "/_astro/share-positions.D3o0ugj4.js",
      "kind": "script",
      "source": "browser-preview"
    },
    {
      "method": "GET",
      "path": "/_astro/share-card.DovPi6oZ.js",
      "kind": "script",
      "source": "browser-preview"
    },
    {
      "method": "GET",
      "path": "/_astro/share-card-brand.CJKZtcRK.js",
      "kind": "script",
      "source": "browser-preview"
    },
    {
      "method": "GET",
      "path": "/_astro/share-card-copy.D0c42nic.js",
      "kind": "script",
      "source": "browser-preview"
    },
    {
      "method": "GET",
      "path": "/_astro/CalendarSubscribe.DXtj1Bbr.js",
      "kind": "script",
      "source": "browser-preview"
    },
    {
      "method": "GET",
      "path": "/_astro/CommunicationRead.ooCKD9f4.js",
      "kind": "script",
      "source": "browser-preview"
    },
    {
      "method": "GET",
      "path": "/_astro/ApproachRead.Bcve0KbT.js",
      "kind": "script",
      "source": "browser-preview"
    },
    {
      "method": "GET",
      "path": "/_astro/PwaInstallPrompt.BCohgdPv.js",
      "kind": "script",
      "source": "browser-preview"
    },
    {
      "method": "GET",
      "path": "/_astro/a2hs.WonhOqdm.js",
      "kind": "script",
      "source": "browser-preview"
    },
    {
      "method": "GET",
      "path": "/assets/zodiac-icons/128/capricorn.avif",
      "kind": "image",
      "source": "browser-preview"
    },
    {
      "method": "GET",
      "path": "/assets/zodiac-icons/128/taurus.avif",
      "kind": "image",
      "source": "browser-preview"
    },
    {
      "method": "GET",
      "path": "/assets/zodiac-icons/128/libra.avif",
      "kind": "image",
      "source": "browser-preview"
    },
    {
      "method": "GET",
      "path": "/assets/zodiac-icons/128/aries.webp",
      "kind": "image",
      "source": "browser-preview"
    },
    {
      "method": "GET",
      "path": "/assets/zodiac-icons/128/taurus.webp",
      "kind": "image",
      "source": "browser-preview"
    },
    {
      "method": "GET",
      "path": "/assets/zodiac-icons/128/gemini.webp",
      "kind": "image",
      "source": "browser-preview"
    },
    {
      "method": "GET",
      "path": "/assets/zodiac-icons/128/cancer.webp",
      "kind": "image",
      "source": "browser-preview"
    },
    {
      "method": "GET",
      "path": "/assets/zodiac-icons/128/leo.webp",
      "kind": "image",
      "source": "browser-preview"
    },
    {
      "method": "GET",
      "path": "/assets/zodiac-icons/128/virgo.webp",
      "kind": "image",
      "source": "browser-preview"
    },
    {
      "method": "GET",
      "path": "/assets/zodiac-icons/128/libra.webp",
      "kind": "image",
      "source": "browser-preview"
    },
    {
      "method": "GET",
      "path": "/assets/zodiac-icons/128/scorpio.webp",
      "kind": "image",
      "source": "browser-preview"
    },
    {
      "method": "GET",
      "path": "/assets/zodiac-icons/128/sagittarius.webp",
      "kind": "image",
      "source": "browser-preview"
    },
    {
      "method": "GET",
      "path": "/assets/zodiac-icons/128/capricorn.webp",
      "kind": "image",
      "source": "browser-preview"
    },
    {
      "method": "GET",
      "path": "/assets/zodiac-icons/128/aquarius.webp",
      "kind": "image",
      "source": "browser-preview"
    },
    {
      "method": "GET",
      "path": "/assets/zodiac-icons/128/pisces.webp",
      "kind": "image",
      "source": "browser-preview"
    },
    {
      "method": "GET",
      "path": "/_astro/store.B9KwR70B.js",
      "kind": "script",
      "source": "browser-preview"
    },
    {
      "method": "GET",
      "path": "/_astro/deletions.DUQYISzq.js",
      "kind": "script",
      "source": "browser-preview"
    },
    {
      "method": "GET",
      "path": "/assets/zodiac-icons/128/aries.webp",
      "kind": "fetch",
      "source": "browser-preview"
    },
    {
      "method": "GET",
      "path": "/assets/zodiac-icons/128/taurus.webp",
      "kind": "fetch",
      "source": "browser-preview"
    },
    {
      "method": "GET",
      "path": "/assets/zodiac-icons/128/gemini.webp",
      "kind": "fetch",
      "source": "browser-preview"
    },
    {
      "method": "GET",
      "path": "/assets/zodiac-icons/128/cancer.webp",
      "kind": "fetch",
      "source": "browser-preview"
    },
    {
      "method": "GET",
      "path": "/assets/zodiac-icons/128/leo.webp",
      "kind": "fetch",
      "source": "browser-preview"
    },
    {
      "method": "GET",
      "path": "/assets/zodiac-icons/128/virgo.webp",
      "kind": "fetch",
      "source": "browser-preview"
    },
    {
      "method": "GET",
      "path": "/assets/zodiac-icons/128/libra.webp",
      "kind": "fetch",
      "source": "browser-preview"
    },
    {
      "method": "GET",
      "path": "/assets/zodiac-icons/128/scorpio.webp",
      "kind": "fetch",
      "source": "browser-preview"
    },
    {
      "method": "GET",
      "path": "/assets/zodiac-icons/128/sagittarius.webp",
      "kind": "fetch",
      "source": "browser-preview"
    },
    {
      "method": "GET",
      "path": "/assets/zodiac-icons/128/capricorn.webp",
      "kind": "fetch",
      "source": "browser-preview"
    },
    {
      "method": "GET",
      "path": "/assets/zodiac-icons/128/aquarius.webp",
      "kind": "fetch",
      "source": "browser-preview"
    },
    {
      "method": "GET",
      "path": "/assets/zodiac-icons/128/pisces.webp",
      "kind": "fetch",
      "source": "browser-preview"
    },
    {
      "method": "GET",
      "path": "/assets/zodiac-icons/128/libra.webp",
      "kind": "fetch",
      "source": "browser-preview"
    },
    {
      "method": "GET",
      "path": "/assets/zodiac-icons/128/capricorn.webp",
      "kind": "fetch",
      "source": "browser-preview"
    },
    {
      "method": "GET",
      "path": "/assets/zodiac-icons/128/taurus.webp",
      "kind": "fetch",
      "source": "browser-preview"
    },
    {
      "method": "GET",
      "path": "/assets/zodiac-icons/128/scorpio.webp",
      "kind": "fetch",
      "source": "browser-preview"
    },
    {
      "method": "GET",
      "path": "/assets/zodiac-icons/128/capricorn.webp",
      "kind": "fetch",
      "source": "browser-preview"
    },
    {
      "method": "GET",
      "path": "/assets/zodiac-icons/128/taurus.webp",
      "kind": "fetch",
      "source": "browser-preview"
    },
    {
      "method": "GET",
      "path": "/assets/zodiac-icons/128/scorpio.webp",
      "kind": "fetch",
      "source": "browser-preview"
    },
    {
      "method": "GET",
      "path": "/fonts/eb-garamond-latin-400-italic.woff2",
      "kind": "font",
      "source": "browser-preview"
    },
    {
      "method": "GET",
      "path": "/assets/app-icons/v3/icon-512.png",
      "kind": "fetch",
      "source": "browser-preview"
    },
    {
      "method": "GET",
      "path": "/assets/app-icons/v3/icon-512.png",
      "kind": "fetch",
      "source": "browser-preview"
    },
    {
      "method": "GET",
      "path": "/assets/assistant-ui.js",
      "kind": "script",
      "source": "browser-preview"
    },
    {
      "method": "GET",
      "path": "/assets/app-icons/v3/icon-512.png",
      "kind": "fetch",
      "source": "browser-preview"
    },
    {
      "method": "GET",
      "path": "/assets/assistant-ui.css",
      "kind": "stylesheet",
      "source": "browser-preview"
    },
    {
      "method": "GET",
      "path": "/assets/guide-avatar.webp",
      "kind": "image",
      "source": "browser-preview"
    },
    {
      "method": "GET",
      "path": "/assets/zodiac-icons/48/libra.avif",
      "kind": "image",
      "source": "browser-preview"
    },
    {
      "method": "GET",
      "path": "/assets/zodiac-icons/48/capricorn.avif",
      "kind": "image",
      "source": "browser-preview"
    },
    {
      "method": "GET",
      "path": "/assets/zodiac-icons/48/taurus.avif",
      "kind": "image",
      "source": "browser-preview"
    },
    {
      "method": "GET",
      "path": "/assets/zodiac-icons/48/scorpio.avif",
      "kind": "image",
      "source": "browser-preview"
    },
    {
      "method": "GET",
      "path": "/birth-chart/",
      "kind": "document",
      "source": "browser-preview"
    },
    {
      "method": "GET",
      "path": "/fonts/instrument-sans-latin-wght-normal.woff2",
      "kind": "font",
      "source": "browser-preview"
    },
    {
      "method": "GET",
      "path": "/fonts/eb-garamond-latin-400-normal.woff2",
      "kind": "font",
      "source": "browser-preview"
    },
    {
      "method": "GET",
      "path": "/fonts/eb-garamond-latin-500-normal.woff2",
      "kind": "font",
      "source": "browser-preview"
    },
    {
      "method": "GET",
      "path": "/_astro/explorer.ijMRUwvv.css",
      "kind": "stylesheet",
      "source": "browser-preview"
    },
    {
      "method": "GET",
      "path": "/_astro/ChartActionDock.Cc8zzTbx.css",
      "kind": "stylesheet",
      "source": "browser-preview"
    },
    {
      "method": "GET",
      "path": "/js/pa-HwF2IBb5Sw8eboNPSOgHv.js",
      "kind": "script",
      "source": "browser-preview"
    },
    {
      "method": "GET",
      "path": "/_astro/AstroTerm.astro_astro_type_script_index_0_lang.DB1iYTmP.js",
      "kind": "script",
      "source": "browser-preview"
    },
    {
      "method": "GET",
      "path": "/fonts/jetbrains-mono-latin-wght-normal.woff2",
      "kind": "font",
      "source": "browser-preview"
    },
    {
      "method": "GET",
      "path": "/_astro/preload-helper.L5lOfJxi.js",
      "kind": "script",
      "source": "browser-preview"
    },
    {
      "method": "GET",
      "path": "/_astro/ChartCalculator.CohOHP8k.js",
      "kind": "script",
      "source": "browser-preview"
    },
    {
      "method": "GET",
      "path": "/_astro/client.DPkn9Lbl.js",
      "kind": "script",
      "source": "browser-preview"
    },
    {
      "method": "GET",
      "path": "/_astro/context-help-client.BqVrBbz0.js",
      "kind": "script",
      "source": "browser-preview"
    },
    {
      "method": "GET",
      "path": "/_astro/analytics.CH5T6e-b.js",
      "kind": "script",
      "source": "browser-preview"
    },
    {
      "method": "GET",
      "path": "/assets/app-icons/v3/favicon.svg",
      "kind": "other",
      "source": "browser-preview"
    },
    {
      "method": "GET",
      "path": "/_astro/preact.module.Bjq9tLsx.js",
      "kind": "script",
      "source": "browser-preview"
    },
    {
      "method": "GET",
      "path": "/_astro/hooks.module.C0_8FjiD.js",
      "kind": "script",
      "source": "browser-preview"
    },
    {
      "method": "GET",
      "path": "/_astro/profile-access-reader.DoQqlSjt.js",
      "kind": "script",
      "source": "browser-preview"
    },
    {
      "method": "GET",
      "path": "/_astro/chunk-H7RJKCBO.BUIGSNBz.js",
      "kind": "script",
      "source": "browser-preview"
    },
    {
      "method": "GET",
      "path": "/_astro/signs.BMXPKoMF.js",
      "kind": "script",
      "source": "browser-preview"
    },
    {
      "method": "GET",
      "path": "/_astro/jsxRuntime.module.BG9KJlGc.js",
      "kind": "script",
      "source": "browser-preview"
    },
    {
      "method": "GET",
      "path": "/_astro/PlanetGlyph.BhITbtcc.js",
      "kind": "script",
      "source": "browser-preview"
    },
    {
      "method": "GET",
      "path": "/_astro/i18n.Cg_lCJuc.js",
      "kind": "script",
      "source": "browser-preview"
    },
    {
      "method": "GET",
      "path": "/_astro/CalculationReload.DXyGkRsn.js",
      "kind": "script",
      "source": "browser-preview"
    },
    {
      "method": "GET",
      "path": "/_astro/astrology.BHib5efU.js",
      "kind": "script",
      "source": "browser-preview"
    },
    {
      "method": "GET",
      "path": "/_astro/share.BRlg0eGS.js",
      "kind": "script",
      "source": "browser-preview"
    },
    {
      "method": "GET",
      "path": "/_astro/chart-handoff.Dvz2AAcL.js",
      "kind": "script",
      "source": "browser-preview"
    },
    {
      "method": "GET",
      "path": "/_astro/useProfileAccessGeneration.w2JLb1F6.js",
      "kind": "script",
      "source": "browser-preview"
    },
    {
      "method": "GET",
      "path": "/_astro/useEngine.BV92cVg4.js",
      "kind": "script",
      "source": "browser-preview"
    },
    {
      "method": "GET",
      "path": "/_astro/BirthFields.VmY_J4-2.js",
      "kind": "script",
      "source": "browser-preview"
    },
    {
      "method": "GET",
      "path": "/_astro/localToUtc.CrWG2CBc.js",
      "kind": "script",
      "source": "browser-preview"
    },
    {
      "method": "GET",
      "path": "/_astro/interpretations.BaZkYN67.js",
      "kind": "script",
      "source": "browser-preview"
    },
    {
      "method": "GET",
      "path": "/_astro/AstroTerm.7K8SAipO.js",
      "kind": "script",
      "source": "browser-preview"
    },
    {
      "method": "GET",
      "path": "/_astro/SignChip.Dx3tQVZl.js",
      "kind": "script",
      "source": "browser-preview"
    },
    {
      "method": "GET",
      "path": "/_astro/AspectGlyph.DMIAGIQV.js",
      "kind": "script",
      "source": "browser-preview"
    },
    {
      "method": "GET",
      "path": "/_astro/Wheel.RNRSqGob.js",
      "kind": "script",
      "source": "browser-preview"
    },
    {
      "method": "GET",
      "path": "/_astro/dignities.BycBkP8Y.js",
      "kind": "script",
      "source": "browser-preview"
    },
    {
      "method": "GET",
      "path": "/_astro/houses.5SlbILVS.js",
      "kind": "script",
      "source": "browser-preview"
    },
    {
      "method": "GET",
      "path": "/_astro/technical-layout.DQIjXHHb.js",
      "kind": "script",
      "source": "browser-preview"
    },
    {
      "method": "GET",
      "path": "/_astro/lite.DKWHZC5_.js",
      "kind": "script",
      "source": "browser-preview"
    },
    {
      "method": "GET",
      "path": "/_astro/learning-input-identity.C-WLv51I.js",
      "kind": "script",
      "source": "browser-preview"
    },
    {
      "method": "GET",
      "path": "/_astro/post-chart-context.BZ1tHGpl.js",
      "kind": "script",
      "source": "browser-preview"
    },
    {
      "method": "GET",
      "path": "/_astro/chunk-INI453VG.BxjMUPBs.js",
      "kind": "script",
      "source": "browser-preview"
    },
    {
      "method": "GET",
      "path": "/_astro/paths.DYbAuceH.js",
      "kind": "script",
      "source": "browser-preview"
    },
    {
      "method": "GET",
      "path": "/_astro/rolldown-runtime.DK3Fl9T5.js",
      "kind": "script",
      "source": "browser-preview"
    },
    {
      "method": "GET",
      "path": "/_astro/civil-date.CpOZUt7Z.js",
      "kind": "script",
      "source": "browser-preview"
    },
    {
      "method": "GET",
      "path": "/_astro/technical-locales.DDKucXXd.js",
      "kind": "script",
      "source": "browser-preview"
    },
    {
      "method": "GET",
      "path": "/_astro/PlaceSearch.D1WsU_jW.js",
      "kind": "script",
      "source": "browser-preview"
    },
    {
      "method": "GET",
      "path": "/_astro/chart-signature.-is-2T7w.js",
      "kind": "script",
      "source": "browser-preview"
    },
    {
      "method": "GET",
      "path": "/_astro/natal.D7JKDSdx.js",
      "kind": "script",
      "source": "browser-preview"
    },
    {
      "method": "GET",
      "path": "/_astro/synastry.rhUg9_9F.js",
      "kind": "script",
      "source": "browser-preview"
    },
    {
      "method": "GET",
      "path": "/_astro/aspects.BNC-J2iD.js",
      "kind": "script",
      "source": "browser-preview"
    },
    {
      "method": "GET",
      "path": "/_astro/compat.Bjc3uaB7.js",
      "kind": "script",
      "source": "browser-preview"
    },
    {
      "method": "GET",
      "path": "/_astro/ChartActionDock.v70WmYt8.js",
      "kind": "script",
      "source": "browser-preview"
    },
    {
      "method": "GET",
      "path": "/_astro/LearningPractice.CSqTNZrv.js",
      "kind": "script",
      "source": "browser-preview"
    },
    {
      "method": "GET",
      "path": "/_astro/chart-context-copy.UBOz97Jz.js",
      "kind": "script",
      "source": "browser-preview"
    },
    {
      "method": "GET",
      "path": "/_astro/AspectPatternFeature.JIFgyNsc.js",
      "kind": "script",
      "source": "browser-preview"
    },
    {
      "method": "GET",
      "path": "/_astro/use-learning-sources.rIwWXPg-.js",
      "kind": "script",
      "source": "browser-preview"
    },
    {
      "method": "GET",
      "path": "/_astro/schema.DqKqbGHb.js",
      "kind": "script",
      "source": "browser-preview"
    },
    {
      "method": "GET",
      "path": "/_astro/read-store.CIuzJaHq.js",
      "kind": "script",
      "source": "browser-preview"
    },
    {
      "method": "GET",
      "path": "/_astro/full.AQ--_mi-.js",
      "kind": "script",
      "source": "browser-preview"
    },
    {
      "method": "GET",
      "path": "/_astro/chart-adapter.K-QfJlbI.js",
      "kind": "script",
      "source": "browser-preview"
    },
    {
      "method": "GET",
      "path": "/assets/app-icons/v3/favicon.svg",
      "kind": "other",
      "source": "browser-preview"
    },
    {
      "method": "GET",
      "path": "/assets/site-footer.css",
      "kind": "stylesheet",
      "source": "browser-preview"
    },
    {
      "method": "GET",
      "path": "/_astro/calculator-receipt.Sj7p-7nE.js",
      "kind": "script",
      "source": "browser-preview"
    },
    {
      "method": "GET",
      "path": "/_astro/PositionsShareSurface.DT0CW1_r.js",
      "kind": "script",
      "source": "browser-preview"
    },
    {
      "method": "GET",
      "path": "/_astro/share-positions.D3o0ugj4.js",
      "kind": "script",
      "source": "browser-preview"
    },
    {
      "method": "GET",
      "path": "/_astro/share-card.DovPi6oZ.js",
      "kind": "script",
      "source": "browser-preview"
    },
    {
      "method": "GET",
      "path": "/_astro/share-card-brand.CJKZtcRK.js",
      "kind": "script",
      "source": "browser-preview"
    },
    {
      "method": "GET",
      "path": "/_astro/share-card-copy.D0c42nic.js",
      "kind": "script",
      "source": "browser-preview"
    },
    {
      "method": "GET",
      "path": "/_astro/CalendarSubscribe.DXtj1Bbr.js",
      "kind": "script",
      "source": "browser-preview"
    },
    {
      "method": "GET",
      "path": "/_astro/CommunicationRead.ooCKD9f4.js",
      "kind": "script",
      "source": "browser-preview"
    },
    {
      "method": "GET",
      "path": "/_astro/ApproachRead.Bcve0KbT.js",
      "kind": "script",
      "source": "browser-preview"
    },
    {
      "method": "GET",
      "path": "/_astro/PwaInstallPrompt.BCohgdPv.js",
      "kind": "script",
      "source": "browser-preview"
    },
    {
      "method": "GET",
      "path": "/_astro/a2hs.WonhOqdm.js",
      "kind": "script",
      "source": "browser-preview"
    },
    {
      "method": "GET",
      "path": "/assets/zodiac-icons/128/capricorn.avif",
      "kind": "image",
      "source": "browser-preview"
    },
    {
      "method": "GET",
      "path": "/assets/zodiac-icons/128/aquarius.avif",
      "kind": "image",
      "source": "browser-preview"
    },
    {
      "method": "GET",
      "path": "/assets/zodiac-icons/128/sagittarius.avif",
      "kind": "image",
      "source": "browser-preview"
    },
    {
      "method": "GET",
      "path": "/assets/zodiac-icons/128/aries.webp",
      "kind": "image",
      "source": "browser-preview"
    },
    {
      "method": "GET",
      "path": "/assets/zodiac-icons/128/taurus.webp",
      "kind": "image",
      "source": "browser-preview"
    },
    {
      "method": "GET",
      "path": "/assets/zodiac-icons/128/gemini.webp",
      "kind": "image",
      "source": "browser-preview"
    },
    {
      "method": "GET",
      "path": "/assets/zodiac-icons/128/cancer.webp",
      "kind": "image",
      "source": "browser-preview"
    },
    {
      "method": "GET",
      "path": "/assets/zodiac-icons/128/leo.webp",
      "kind": "image",
      "source": "browser-preview"
    },
    {
      "method": "GET",
      "path": "/assets/zodiac-icons/128/virgo.webp",
      "kind": "image",
      "source": "browser-preview"
    },
    {
      "method": "GET",
      "path": "/assets/zodiac-icons/128/libra.webp",
      "kind": "image",
      "source": "browser-preview"
    },
    {
      "method": "GET",
      "path": "/assets/zodiac-icons/128/scorpio.webp",
      "kind": "image",
      "source": "browser-preview"
    },
    {
      "method": "GET",
      "path": "/assets/zodiac-icons/128/sagittarius.webp",
      "kind": "image",
      "source": "browser-preview"
    },
    {
      "method": "GET",
      "path": "/assets/zodiac-icons/128/capricorn.webp",
      "kind": "image",
      "source": "browser-preview"
    },
    {
      "method": "GET",
      "path": "/assets/zodiac-icons/128/aquarius.webp",
      "kind": "image",
      "source": "browser-preview"
    },
    {
      "method": "GET",
      "path": "/assets/zodiac-icons/128/pisces.webp",
      "kind": "image",
      "source": "browser-preview"
    },
    {
      "method": "GET",
      "path": "/_astro/store.B9KwR70B.js",
      "kind": "script",
      "source": "browser-preview"
    },
    {
      "method": "GET",
      "path": "/_astro/deletions.DUQYISzq.js",
      "kind": "script",
      "source": "browser-preview"
    },
    {
      "method": "GET",
      "path": "/assets/assistant-ui.js",
      "kind": "script",
      "source": "browser-preview"
    },
    {
      "method": "GET",
      "path": "/assets/zodiac-icons/128/aries.webp",
      "kind": "fetch",
      "source": "browser-preview"
    },
    {
      "method": "GET",
      "path": "/assets/zodiac-icons/128/taurus.webp",
      "kind": "fetch",
      "source": "browser-preview"
    },
    {
      "method": "GET",
      "path": "/assets/zodiac-icons/128/gemini.webp",
      "kind": "fetch",
      "source": "browser-preview"
    },
    {
      "method": "GET",
      "path": "/assets/zodiac-icons/128/cancer.webp",
      "kind": "fetch",
      "source": "browser-preview"
    },
    {
      "method": "GET",
      "path": "/assets/zodiac-icons/128/leo.webp",
      "kind": "fetch",
      "source": "browser-preview"
    },
    {
      "method": "GET",
      "path": "/assets/zodiac-icons/128/virgo.webp",
      "kind": "fetch",
      "source": "browser-preview"
    },
    {
      "method": "GET",
      "path": "/assets/zodiac-icons/128/libra.webp",
      "kind": "fetch",
      "source": "browser-preview"
    },
    {
      "method": "GET",
      "path": "/assets/zodiac-icons/128/scorpio.webp",
      "kind": "fetch",
      "source": "browser-preview"
    },
    {
      "method": "GET",
      "path": "/assets/zodiac-icons/128/sagittarius.webp",
      "kind": "fetch",
      "source": "browser-preview"
    },
    {
      "method": "GET",
      "path": "/assets/zodiac-icons/128/capricorn.webp",
      "kind": "fetch",
      "source": "browser-preview"
    },
    {
      "method": "GET",
      "path": "/assets/zodiac-icons/128/aquarius.webp",
      "kind": "fetch",
      "source": "browser-preview"
    },
    {
      "method": "GET",
      "path": "/assets/zodiac-icons/128/pisces.webp",
      "kind": "fetch",
      "source": "browser-preview"
    },
    {
      "method": "GET",
      "path": "/assets/zodiac-icons/128/capricorn.webp",
      "kind": "fetch",
      "source": "browser-preview"
    },
    {
      "method": "GET",
      "path": "/assets/zodiac-icons/128/aquarius.webp",
      "kind": "fetch",
      "source": "browser-preview"
    },
    {
      "method": "GET",
      "path": "/assets/zodiac-icons/128/leo.webp",
      "kind": "fetch",
      "source": "browser-preview"
    },
    {
      "method": "GET",
      "path": "/assets/zodiac-icons/128/sagittarius.webp",
      "kind": "fetch",
      "source": "browser-preview"
    },
    {
      "method": "GET",
      "path": "/assets/zodiac-icons/128/capricorn.webp",
      "kind": "fetch",
      "source": "browser-preview"
    },
    {
      "method": "GET",
      "path": "/assets/zodiac-icons/128/aquarius.webp",
      "kind": "fetch",
      "source": "browser-preview"
    },
    {
      "method": "GET",
      "path": "/assets/zodiac-icons/128/leo.webp",
      "kind": "fetch",
      "source": "browser-preview"
    },
    {
      "method": "GET",
      "path": "/assets/assistant-ui.css",
      "kind": "stylesheet",
      "source": "browser-preview"
    },
    {
      "method": "GET",
      "path": "/fonts/eb-garamond-latin-400-italic.woff2",
      "kind": "font",
      "source": "browser-preview"
    },
    {
      "method": "GET",
      "path": "/assets/app-icons/v3/icon-512.png",
      "kind": "fetch",
      "source": "browser-preview"
    },
    {
      "method": "GET",
      "path": "/assets/app-icons/v3/icon-512.png",
      "kind": "fetch",
      "source": "browser-preview"
    },
    {
      "method": "GET",
      "path": "/assets/guide-avatar.webp",
      "kind": "image",
      "source": "browser-preview"
    },
    {
      "method": "GET",
      "path": "/assets/app-icons/v3/icon-512.png",
      "kind": "fetch",
      "source": "browser-preview"
    },
    {
      "method": "GET",
      "path": "/assets/zodiac-icons/48/capricorn.avif",
      "kind": "image",
      "source": "browser-preview"
    },
    {
      "method": "GET",
      "path": "/assets/zodiac-icons/48/aquarius.avif",
      "kind": "image",
      "source": "browser-preview"
    },
    {
      "method": "GET",
      "path": "/assets/zodiac-icons/48/leo.avif",
      "kind": "image",
      "source": "browser-preview"
    },
    {
      "method": "GET",
      "path": "/assets/zodiac-icons/48/sagittarius.avif",
      "kind": "image",
      "source": "browser-preview"
    },
    {
      "method": "GET",
      "path": "/birth-chart/",
      "kind": "document",
      "source": "browser-preview"
    },
    {
      "method": "GET",
      "path": "/fonts/instrument-sans-latin-wght-normal.woff2",
      "kind": "font",
      "source": "browser-preview"
    },
    {
      "method": "GET",
      "path": "/fonts/eb-garamond-latin-400-normal.woff2",
      "kind": "font",
      "source": "browser-preview"
    },
    {
      "method": "GET",
      "path": "/fonts/eb-garamond-latin-500-normal.woff2",
      "kind": "font",
      "source": "browser-preview"
    },
    {
      "method": "GET",
      "path": "/js/pa-HwF2IBb5Sw8eboNPSOgHv.js",
      "kind": "script",
      "source": "browser-preview"
    },
    {
      "method": "GET",
      "path": "/_astro/explorer.ijMRUwvv.css",
      "kind": "stylesheet",
      "source": "browser-preview"
    },
    {
      "method": "GET",
      "path": "/_astro/ChartActionDock.Cc8zzTbx.css",
      "kind": "stylesheet",
      "source": "browser-preview"
    },
    {
      "method": "GET",
      "path": "/_astro/AstroTerm.astro_astro_type_script_index_0_lang.DB1iYTmP.js",
      "kind": "script",
      "source": "browser-preview"
    },
    {
      "method": "GET",
      "path": "/fonts/jetbrains-mono-latin-wght-normal.woff2",
      "kind": "font",
      "source": "browser-preview"
    },
    {
      "method": "GET",
      "path": "/_astro/ChartCalculator.CohOHP8k.js",
      "kind": "script",
      "source": "browser-preview"
    },
    {
      "method": "GET",
      "path": "/_astro/client.DPkn9Lbl.js",
      "kind": "script",
      "source": "browser-preview"
    },
    {
      "method": "GET",
      "path": "/_astro/preload-helper.L5lOfJxi.js",
      "kind": "script",
      "source": "browser-preview"
    },
    {
      "method": "GET",
      "path": "/_astro/preact.module.Bjq9tLsx.js",
      "kind": "script",
      "source": "browser-preview"
    },
    {
      "method": "GET",
      "path": "/_astro/hooks.module.C0_8FjiD.js",
      "kind": "script",
      "source": "browser-preview"
    },
    {
      "method": "GET",
      "path": "/_astro/profile-access-reader.DoQqlSjt.js",
      "kind": "script",
      "source": "browser-preview"
    },
    {
      "method": "GET",
      "path": "/_astro/chunk-H7RJKCBO.BUIGSNBz.js",
      "kind": "script",
      "source": "browser-preview"
    },
    {
      "method": "GET",
      "path": "/_astro/signs.BMXPKoMF.js",
      "kind": "script",
      "source": "browser-preview"
    },
    {
      "method": "GET",
      "path": "/_astro/jsxRuntime.module.BG9KJlGc.js",
      "kind": "script",
      "source": "browser-preview"
    },
    {
      "method": "GET",
      "path": "/_astro/PlanetGlyph.BhITbtcc.js",
      "kind": "script",
      "source": "browser-preview"
    },
    {
      "method": "GET",
      "path": "/_astro/i18n.Cg_lCJuc.js",
      "kind": "script",
      "source": "browser-preview"
    },
    {
      "method": "GET",
      "path": "/_astro/CalculationReload.DXyGkRsn.js",
      "kind": "script",
      "source": "browser-preview"
    },
    {
      "method": "GET",
      "path": "/_astro/astrology.BHib5efU.js",
      "kind": "script",
      "source": "browser-preview"
    },
    {
      "method": "GET",
      "path": "/_astro/share.BRlg0eGS.js",
      "kind": "script",
      "source": "browser-preview"
    },
    {
      "method": "GET",
      "path": "/_astro/chart-handoff.Dvz2AAcL.js",
      "kind": "script",
      "source": "browser-preview"
    },
    {
      "method": "GET",
      "path": "/_astro/useProfileAccessGeneration.w2JLb1F6.js",
      "kind": "script",
      "source": "browser-preview"
    },
    {
      "method": "GET",
      "path": "/_astro/useEngine.BV92cVg4.js",
      "kind": "script",
      "source": "browser-preview"
    },
    {
      "method": "GET",
      "path": "/_astro/BirthFields.VmY_J4-2.js",
      "kind": "script",
      "source": "browser-preview"
    },
    {
      "method": "GET",
      "path": "/_astro/localToUtc.CrWG2CBc.js",
      "kind": "script",
      "source": "browser-preview"
    },
    {
      "method": "GET",
      "path": "/_astro/interpretations.BaZkYN67.js",
      "kind": "script",
      "source": "browser-preview"
    },
    {
      "method": "GET",
      "path": "/_astro/AstroTerm.7K8SAipO.js",
      "kind": "script",
      "source": "browser-preview"
    },
    {
      "method": "GET",
      "path": "/_astro/SignChip.Dx3tQVZl.js",
      "kind": "script",
      "source": "browser-preview"
    },
    {
      "method": "GET",
      "path": "/_astro/AspectGlyph.DMIAGIQV.js",
      "kind": "script",
      "source": "browser-preview"
    },
    {
      "method": "GET",
      "path": "/_astro/Wheel.RNRSqGob.js",
      "kind": "script",
      "source": "browser-preview"
    },
    {
      "method": "GET",
      "path": "/_astro/dignities.BycBkP8Y.js",
      "kind": "script",
      "source": "browser-preview"
    },
    {
      "method": "GET",
      "path": "/_astro/houses.5SlbILVS.js",
      "kind": "script",
      "source": "browser-preview"
    },
    {
      "method": "GET",
      "path": "/_astro/technical-layout.DQIjXHHb.js",
      "kind": "script",
      "source": "browser-preview"
    },
    {
      "method": "GET",
      "path": "/_astro/lite.DKWHZC5_.js",
      "kind": "script",
      "source": "browser-preview"
    },
    {
      "method": "GET",
      "path": "/_astro/learning-input-identity.C-WLv51I.js",
      "kind": "script",
      "source": "browser-preview"
    },
    {
      "method": "GET",
      "path": "/_astro/analytics.CH5T6e-b.js",
      "kind": "script",
      "source": "browser-preview"
    },
    {
      "method": "GET",
      "path": "/_astro/post-chart-context.BZ1tHGpl.js",
      "kind": "script",
      "source": "browser-preview"
    },
    {
      "method": "GET",
      "path": "/_astro/context-help-client.BqVrBbz0.js",
      "kind": "script",
      "source": "browser-preview"
    },
    {
      "method": "GET",
      "path": "/assets/app-icons/v3/favicon.svg",
      "kind": "other",
      "source": "browser-preview"
    },
    {
      "method": "GET",
      "path": "/_astro/chunk-INI453VG.BxjMUPBs.js",
      "kind": "script",
      "source": "browser-preview"
    },
    {
      "method": "GET",
      "path": "/_astro/paths.DYbAuceH.js",
      "kind": "script",
      "source": "browser-preview"
    },
    {
      "method": "GET",
      "path": "/_astro/rolldown-runtime.DK3Fl9T5.js",
      "kind": "script",
      "source": "browser-preview"
    },
    {
      "method": "GET",
      "path": "/_astro/civil-date.CpOZUt7Z.js",
      "kind": "script",
      "source": "browser-preview"
    },
    {
      "method": "GET",
      "path": "/_astro/technical-locales.DDKucXXd.js",
      "kind": "script",
      "source": "browser-preview"
    },
    {
      "method": "GET",
      "path": "/_astro/PlaceSearch.D1WsU_jW.js",
      "kind": "script",
      "source": "browser-preview"
    },
    {
      "method": "GET",
      "path": "/_astro/chart-signature.-is-2T7w.js",
      "kind": "script",
      "source": "browser-preview"
    },
    {
      "method": "GET",
      "path": "/_astro/natal.D7JKDSdx.js",
      "kind": "script",
      "source": "browser-preview"
    },
    {
      "method": "GET",
      "path": "/_astro/synastry.rhUg9_9F.js",
      "kind": "script",
      "source": "browser-preview"
    },
    {
      "method": "GET",
      "path": "/_astro/aspects.BNC-J2iD.js",
      "kind": "script",
      "source": "browser-preview"
    },
    {
      "method": "GET",
      "path": "/_astro/compat.Bjc3uaB7.js",
      "kind": "script",
      "source": "browser-preview"
    },
    {
      "method": "GET",
      "path": "/_astro/ChartActionDock.v70WmYt8.js",
      "kind": "script",
      "source": "browser-preview"
    },
    {
      "method": "GET",
      "path": "/_astro/LearningPractice.CSqTNZrv.js",
      "kind": "script",
      "source": "browser-preview"
    },
    {
      "method": "GET",
      "path": "/_astro/chart-context-copy.UBOz97Jz.js",
      "kind": "script",
      "source": "browser-preview"
    },
    {
      "method": "GET",
      "path": "/_astro/AspectPatternFeature.JIFgyNsc.js",
      "kind": "script",
      "source": "browser-preview"
    },
    {
      "method": "GET",
      "path": "/_astro/use-learning-sources.rIwWXPg-.js",
      "kind": "script",
      "source": "browser-preview"
    },
    {
      "method": "GET",
      "path": "/_astro/schema.DqKqbGHb.js",
      "kind": "script",
      "source": "browser-preview"
    },
    {
      "method": "GET",
      "path": "/_astro/read-store.CIuzJaHq.js",
      "kind": "script",
      "source": "browser-preview"
    },
    {
      "method": "GET",
      "path": "/_astro/full.AQ--_mi-.js",
      "kind": "script",
      "source": "browser-preview"
    },
    {
      "method": "GET",
      "path": "/_astro/chart-adapter.K-QfJlbI.js",
      "kind": "script",
      "source": "browser-preview"
    },
    {
      "method": "GET",
      "path": "/assets/app-icons/v3/favicon.svg",
      "kind": "other",
      "source": "browser-preview"
    },
    {
      "method": "GET",
      "path": "/_astro/calculator-receipt.Sj7p-7nE.js",
      "kind": "script",
      "source": "browser-preview"
    },
    {
      "method": "GET",
      "path": "/assets/site-footer.css",
      "kind": "stylesheet",
      "source": "browser-preview"
    },
    {
      "method": "GET",
      "path": "/_astro/PositionsShareSurface.DT0CW1_r.js",
      "kind": "script",
      "source": "browser-preview"
    },
    {
      "method": "GET",
      "path": "/_astro/share-positions.D3o0ugj4.js",
      "kind": "script",
      "source": "browser-preview"
    },
    {
      "method": "GET",
      "path": "/_astro/share-card.DovPi6oZ.js",
      "kind": "script",
      "source": "browser-preview"
    },
    {
      "method": "GET",
      "path": "/_astro/share-card-brand.CJKZtcRK.js",
      "kind": "script",
      "source": "browser-preview"
    },
    {
      "method": "GET",
      "path": "/_astro/share-card-copy.D0c42nic.js",
      "kind": "script",
      "source": "browser-preview"
    },
    {
      "method": "GET",
      "path": "/_astro/CalendarSubscribe.DXtj1Bbr.js",
      "kind": "script",
      "source": "browser-preview"
    },
    {
      "method": "GET",
      "path": "/_astro/CommunicationRead.ooCKD9f4.js",
      "kind": "script",
      "source": "browser-preview"
    },
    {
      "method": "GET",
      "path": "/_astro/ApproachRead.Bcve0KbT.js",
      "kind": "script",
      "source": "browser-preview"
    },
    {
      "method": "GET",
      "path": "/_astro/PwaInstallPrompt.BCohgdPv.js",
      "kind": "script",
      "source": "browser-preview"
    },
    {
      "method": "GET",
      "path": "/_astro/a2hs.WonhOqdm.js",
      "kind": "script",
      "source": "browser-preview"
    },
    {
      "method": "GET",
      "path": "/assets/zodiac-icons/128/aries.avif",
      "kind": "image",
      "source": "browser-preview"
    },
    {
      "method": "GET",
      "path": "/assets/zodiac-icons/128/aquarius.avif",
      "kind": "image",
      "source": "browser-preview"
    },
    {
      "method": "GET",
      "path": "/assets/zodiac-icons/128/capricorn.avif",
      "kind": "image",
      "source": "browser-preview"
    },
    {
      "method": "GET",
      "path": "/assets/zodiac-icons/128/aries.webp",
      "kind": "image",
      "source": "browser-preview"
    },
    {
      "method": "GET",
      "path": "/assets/zodiac-icons/128/taurus.webp",
      "kind": "image",
      "source": "browser-preview"
    },
    {
      "method": "GET",
      "path": "/assets/zodiac-icons/128/gemini.webp",
      "kind": "image",
      "source": "browser-preview"
    },
    {
      "method": "GET",
      "path": "/assets/zodiac-icons/128/cancer.webp",
      "kind": "image",
      "source": "browser-preview"
    },
    {
      "method": "GET",
      "path": "/assets/zodiac-icons/128/leo.webp",
      "kind": "image",
      "source": "browser-preview"
    },
    {
      "method": "GET",
      "path": "/assets/zodiac-icons/128/virgo.webp",
      "kind": "image",
      "source": "browser-preview"
    },
    {
      "method": "GET",
      "path": "/assets/zodiac-icons/128/libra.webp",
      "kind": "image",
      "source": "browser-preview"
    },
    {
      "method": "GET",
      "path": "/assets/zodiac-icons/128/scorpio.webp",
      "kind": "image",
      "source": "browser-preview"
    },
    {
      "method": "GET",
      "path": "/assets/zodiac-icons/128/sagittarius.webp",
      "kind": "image",
      "source": "browser-preview"
    },
    {
      "method": "GET",
      "path": "/assets/zodiac-icons/128/capricorn.webp",
      "kind": "image",
      "source": "browser-preview"
    },
    {
      "method": "GET",
      "path": "/assets/zodiac-icons/128/aquarius.webp",
      "kind": "image",
      "source": "browser-preview"
    },
    {
      "method": "GET",
      "path": "/assets/zodiac-icons/128/pisces.webp",
      "kind": "image",
      "source": "browser-preview"
    },
    {
      "method": "GET",
      "path": "/_astro/store.B9KwR70B.js",
      "kind": "script",
      "source": "browser-preview"
    },
    {
      "method": "GET",
      "path": "/_astro/deletions.DUQYISzq.js",
      "kind": "script",
      "source": "browser-preview"
    },
    {
      "method": "GET",
      "path": "/assets/zodiac-icons/128/capricorn.webp",
      "kind": "fetch",
      "source": "browser-preview"
    },
    {
      "method": "GET",
      "path": "/assets/zodiac-icons/128/pisces.webp",
      "kind": "fetch",
      "source": "browser-preview"
    },
    {
      "method": "GET",
      "path": "/assets/zodiac-icons/128/aquarius.webp",
      "kind": "fetch",
      "source": "browser-preview"
    },
    {
      "method": "GET",
      "path": "/assets/zodiac-icons/128/libra.webp",
      "kind": "fetch",
      "source": "browser-preview"
    },
    {
      "method": "GET",
      "path": "/assets/zodiac-icons/128/pisces.webp",
      "kind": "fetch",
      "source": "browser-preview"
    },
    {
      "method": "GET",
      "path": "/assets/zodiac-icons/128/aquarius.webp",
      "kind": "fetch",
      "source": "browser-preview"
    },
    {
      "method": "GET",
      "path": "/assets/zodiac-icons/128/libra.webp",
      "kind": "fetch",
      "source": "browser-preview"
    },
    {
      "method": "GET",
      "path": "/assets/zodiac-icons/128/aries.webp",
      "kind": "fetch",
      "source": "browser-preview"
    },
    {
      "method": "GET",
      "path": "/assets/zodiac-icons/128/taurus.webp",
      "kind": "fetch",
      "source": "browser-preview"
    },
    {
      "method": "GET",
      "path": "/assets/zodiac-icons/128/gemini.webp",
      "kind": "fetch",
      "source": "browser-preview"
    },
    {
      "method": "GET",
      "path": "/assets/zodiac-icons/128/cancer.webp",
      "kind": "fetch",
      "source": "browser-preview"
    },
    {
      "method": "GET",
      "path": "/assets/zodiac-icons/128/leo.webp",
      "kind": "fetch",
      "source": "browser-preview"
    },
    {
      "method": "GET",
      "path": "/assets/zodiac-icons/128/virgo.webp",
      "kind": "fetch",
      "source": "browser-preview"
    },
    {
      "method": "GET",
      "path": "/assets/zodiac-icons/128/libra.webp",
      "kind": "fetch",
      "source": "browser-preview"
    },
    {
      "method": "GET",
      "path": "/assets/zodiac-icons/128/scorpio.webp",
      "kind": "fetch",
      "source": "browser-preview"
    },
    {
      "method": "GET",
      "path": "/assets/zodiac-icons/128/sagittarius.webp",
      "kind": "fetch",
      "source": "browser-preview"
    },
    {
      "method": "GET",
      "path": "/assets/zodiac-icons/128/capricorn.webp",
      "kind": "fetch",
      "source": "browser-preview"
    },
    {
      "method": "GET",
      "path": "/assets/zodiac-icons/128/aquarius.webp",
      "kind": "fetch",
      "source": "browser-preview"
    },
    {
      "method": "GET",
      "path": "/assets/zodiac-icons/128/pisces.webp",
      "kind": "fetch",
      "source": "browser-preview"
    },
    {
      "method": "GET",
      "path": "/assets/app-icons/v3/icon-512.png",
      "kind": "fetch",
      "source": "browser-preview"
    },
    {
      "method": "GET",
      "path": "/assets/assistant-ui.js",
      "kind": "script",
      "source": "browser-preview"
    },
    {
      "method": "GET",
      "path": "/assets/app-icons/v3/icon-512.png",
      "kind": "fetch",
      "source": "browser-preview"
    },
    {
      "method": "GET",
      "path": "/fonts/eb-garamond-latin-400-italic.woff2",
      "kind": "font",
      "source": "browser-preview"
    },
    {
      "method": "GET",
      "path": "/assets/assistant-ui.css",
      "kind": "stylesheet",
      "source": "browser-preview"
    },
    {
      "method": "GET",
      "path": "/assets/app-icons/v3/icon-512.png",
      "kind": "fetch",
      "source": "browser-preview"
    },
    {
      "method": "GET",
      "path": "/assets/guide-avatar.webp",
      "kind": "image",
      "source": "browser-preview"
    },
    {
      "method": "GET",
      "path": "/assets/zodiac-icons/48/capricorn.avif",
      "kind": "image",
      "source": "browser-preview"
    },
    {
      "method": "GET",
      "path": "/assets/zodiac-icons/48/pisces.avif",
      "kind": "image",
      "source": "browser-preview"
    },
    {
      "method": "GET",
      "path": "/assets/zodiac-icons/48/aquarius.avif",
      "kind": "image",
      "source": "browser-preview"
    },
    {
      "method": "GET",
      "path": "/assets/zodiac-icons/48/libra.avif",
      "kind": "image",
      "source": "browser-preview"
    },
    {
      "method": "GET",
      "path": "/birth-chart/",
      "kind": "document",
      "source": "browser-preview"
    },
    {
      "method": "GET",
      "path": "/fonts/instrument-sans-latin-wght-normal.woff2",
      "kind": "font",
      "source": "browser-preview"
    },
    {
      "method": "GET",
      "path": "/fonts/eb-garamond-latin-400-normal.woff2",
      "kind": "font",
      "source": "browser-preview"
    },
    {
      "method": "GET",
      "path": "/fonts/eb-garamond-latin-500-normal.woff2",
      "kind": "font",
      "source": "browser-preview"
    },
    {
      "method": "GET",
      "path": "/_astro/explorer.ijMRUwvv.css",
      "kind": "stylesheet",
      "source": "browser-preview"
    },
    {
      "method": "GET",
      "path": "/_astro/ChartActionDock.Cc8zzTbx.css",
      "kind": "stylesheet",
      "source": "browser-preview"
    },
    {
      "method": "GET",
      "path": "/js/pa-HwF2IBb5Sw8eboNPSOgHv.js",
      "kind": "script",
      "source": "browser-preview"
    },
    {
      "method": "GET",
      "path": "/_astro/AstroTerm.astro_astro_type_script_index_0_lang.DB1iYTmP.js",
      "kind": "script",
      "source": "browser-preview"
    },
    {
      "method": "GET",
      "path": "/fonts/jetbrains-mono-latin-wght-normal.woff2",
      "kind": "font",
      "source": "browser-preview"
    },
    {
      "method": "GET",
      "path": "/_astro/ChartCalculator.CohOHP8k.js",
      "kind": "script",
      "source": "browser-preview"
    },
    {
      "method": "GET",
      "path": "/_astro/client.DPkn9Lbl.js",
      "kind": "script",
      "source": "browser-preview"
    },
    {
      "method": "GET",
      "path": "/_astro/preload-helper.L5lOfJxi.js",
      "kind": "script",
      "source": "browser-preview"
    },
    {
      "method": "GET",
      "path": "/_astro/preact.module.Bjq9tLsx.js",
      "kind": "script",
      "source": "browser-preview"
    },
    {
      "method": "GET",
      "path": "/_astro/context-help-client.BqVrBbz0.js",
      "kind": "script",
      "source": "browser-preview"
    },
    {
      "method": "GET",
      "path": "/_astro/analytics.CH5T6e-b.js",
      "kind": "script",
      "source": "browser-preview"
    },
    {
      "method": "GET",
      "path": "/assets/app-icons/v3/favicon.svg",
      "kind": "other",
      "source": "browser-preview"
    },
    {
      "method": "GET",
      "path": "/_astro/hooks.module.C0_8FjiD.js",
      "kind": "script",
      "source": "browser-preview"
    },
    {
      "method": "GET",
      "path": "/_astro/profile-access-reader.DoQqlSjt.js",
      "kind": "script",
      "source": "browser-preview"
    },
    {
      "method": "GET",
      "path": "/_astro/chunk-H7RJKCBO.BUIGSNBz.js",
      "kind": "script",
      "source": "browser-preview"
    },
    {
      "method": "GET",
      "path": "/_astro/signs.BMXPKoMF.js",
      "kind": "script",
      "source": "browser-preview"
    },
    {
      "method": "GET",
      "path": "/_astro/jsxRuntime.module.BG9KJlGc.js",
      "kind": "script",
      "source": "browser-preview"
    },
    {
      "method": "GET",
      "path": "/_astro/PlanetGlyph.BhITbtcc.js",
      "kind": "script",
      "source": "browser-preview"
    },
    {
      "method": "GET",
      "path": "/_astro/i18n.Cg_lCJuc.js",
      "kind": "script",
      "source": "browser-preview"
    },
    {
      "method": "GET",
      "path": "/_astro/CalculationReload.DXyGkRsn.js",
      "kind": "script",
      "source": "browser-preview"
    },
    {
      "method": "GET",
      "path": "/_astro/astrology.BHib5efU.js",
      "kind": "script",
      "source": "browser-preview"
    },
    {
      "method": "GET",
      "path": "/_astro/share.BRlg0eGS.js",
      "kind": "script",
      "source": "browser-preview"
    },
    {
      "method": "GET",
      "path": "/_astro/chart-handoff.Dvz2AAcL.js",
      "kind": "script",
      "source": "browser-preview"
    },
    {
      "method": "GET",
      "path": "/_astro/useProfileAccessGeneration.w2JLb1F6.js",
      "kind": "script",
      "source": "browser-preview"
    },
    {
      "method": "GET",
      "path": "/_astro/useEngine.BV92cVg4.js",
      "kind": "script",
      "source": "browser-preview"
    },
    {
      "method": "GET",
      "path": "/_astro/BirthFields.VmY_J4-2.js",
      "kind": "script",
      "source": "browser-preview"
    },
    {
      "method": "GET",
      "path": "/_astro/localToUtc.CrWG2CBc.js",
      "kind": "script",
      "source": "browser-preview"
    },
    {
      "method": "GET",
      "path": "/_astro/interpretations.BaZkYN67.js",
      "kind": "script",
      "source": "browser-preview"
    },
    {
      "method": "GET",
      "path": "/_astro/AstroTerm.7K8SAipO.js",
      "kind": "script",
      "source": "browser-preview"
    },
    {
      "method": "GET",
      "path": "/_astro/SignChip.Dx3tQVZl.js",
      "kind": "script",
      "source": "browser-preview"
    },
    {
      "method": "GET",
      "path": "/_astro/AspectGlyph.DMIAGIQV.js",
      "kind": "script",
      "source": "browser-preview"
    },
    {
      "method": "GET",
      "path": "/_astro/Wheel.RNRSqGob.js",
      "kind": "script",
      "source": "browser-preview"
    },
    {
      "method": "GET",
      "path": "/_astro/dignities.BycBkP8Y.js",
      "kind": "script",
      "source": "browser-preview"
    },
    {
      "method": "GET",
      "path": "/_astro/houses.5SlbILVS.js",
      "kind": "script",
      "source": "browser-preview"
    },
    {
      "method": "GET",
      "path": "/_astro/technical-layout.DQIjXHHb.js",
      "kind": "script",
      "source": "browser-preview"
    },
    {
      "method": "GET",
      "path": "/_astro/lite.DKWHZC5_.js",
      "kind": "script",
      "source": "browser-preview"
    },
    {
      "method": "GET",
      "path": "/_astro/learning-input-identity.C-WLv51I.js",
      "kind": "script",
      "source": "browser-preview"
    },
    {
      "method": "GET",
      "path": "/_astro/post-chart-context.BZ1tHGpl.js",
      "kind": "script",
      "source": "browser-preview"
    },
    {
      "method": "GET",
      "path": "/_astro/chunk-INI453VG.BxjMUPBs.js",
      "kind": "script",
      "source": "browser-preview"
    },
    {
      "method": "GET",
      "path": "/_astro/rolldown-runtime.DK3Fl9T5.js",
      "kind": "script",
      "source": "browser-preview"
    },
    {
      "method": "GET",
      "path": "/_astro/civil-date.CpOZUt7Z.js",
      "kind": "script",
      "source": "browser-preview"
    },
    {
      "method": "GET",
      "path": "/_astro/technical-locales.DDKucXXd.js",
      "kind": "script",
      "source": "browser-preview"
    },
    {
      "method": "GET",
      "path": "/_astro/PlaceSearch.D1WsU_jW.js",
      "kind": "script",
      "source": "browser-preview"
    },
    {
      "method": "GET",
      "path": "/_astro/paths.DYbAuceH.js",
      "kind": "script",
      "source": "browser-preview"
    },
    {
      "method": "GET",
      "path": "/_astro/chart-signature.-is-2T7w.js",
      "kind": "script",
      "source": "browser-preview"
    },
    {
      "method": "GET",
      "path": "/_astro/natal.D7JKDSdx.js",
      "kind": "script",
      "source": "browser-preview"
    },
    {
      "method": "GET",
      "path": "/_astro/synastry.rhUg9_9F.js",
      "kind": "script",
      "source": "browser-preview"
    },
    {
      "method": "GET",
      "path": "/_astro/aspects.BNC-J2iD.js",
      "kind": "script",
      "source": "browser-preview"
    },
    {
      "method": "GET",
      "path": "/_astro/compat.Bjc3uaB7.js",
      "kind": "script",
      "source": "browser-preview"
    },
    {
      "method": "GET",
      "path": "/_astro/ChartActionDock.v70WmYt8.js",
      "kind": "script",
      "source": "browser-preview"
    },
    {
      "method": "GET",
      "path": "/_astro/LearningPractice.CSqTNZrv.js",
      "kind": "script",
      "source": "browser-preview"
    },
    {
      "method": "GET",
      "path": "/_astro/chart-context-copy.UBOz97Jz.js",
      "kind": "script",
      "source": "browser-preview"
    },
    {
      "method": "GET",
      "path": "/_astro/AspectPatternFeature.JIFgyNsc.js",
      "kind": "script",
      "source": "browser-preview"
    },
    {
      "method": "GET",
      "path": "/_astro/use-learning-sources.rIwWXPg-.js",
      "kind": "script",
      "source": "browser-preview"
    },
    {
      "method": "GET",
      "path": "/_astro/schema.DqKqbGHb.js",
      "kind": "script",
      "source": "browser-preview"
    },
    {
      "method": "GET",
      "path": "/_astro/read-store.CIuzJaHq.js",
      "kind": "script",
      "source": "browser-preview"
    },
    {
      "method": "GET",
      "path": "/_astro/full.AQ--_mi-.js",
      "kind": "script",
      "source": "browser-preview"
    },
    {
      "method": "GET",
      "path": "/_astro/chart-adapter.K-QfJlbI.js",
      "kind": "script",
      "source": "browser-preview"
    },
    {
      "method": "GET",
      "path": "/assets/site-footer.css",
      "kind": "stylesheet",
      "source": "browser-preview"
    },
    {
      "method": "GET",
      "path": "/assets/app-icons/v3/favicon.svg",
      "kind": "other",
      "source": "browser-preview"
    },
    {
      "method": "GET",
      "path": "/_astro/calculator-receipt.Sj7p-7nE.js",
      "kind": "script",
      "source": "browser-preview"
    },
    {
      "method": "GET",
      "path": "/_astro/PositionsShareSurface.DT0CW1_r.js",
      "kind": "script",
      "source": "browser-preview"
    },
    {
      "method": "GET",
      "path": "/_astro/share-positions.D3o0ugj4.js",
      "kind": "script",
      "source": "browser-preview"
    },
    {
      "method": "GET",
      "path": "/_astro/share-card.DovPi6oZ.js",
      "kind": "script",
      "source": "browser-preview"
    },
    {
      "method": "GET",
      "path": "/_astro/share-card-brand.CJKZtcRK.js",
      "kind": "script",
      "source": "browser-preview"
    },
    {
      "method": "GET",
      "path": "/_astro/share-card-copy.D0c42nic.js",
      "kind": "script",
      "source": "browser-preview"
    },
    {
      "method": "GET",
      "path": "/_astro/CalendarSubscribe.DXtj1Bbr.js",
      "kind": "script",
      "source": "browser-preview"
    },
    {
      "method": "GET",
      "path": "/_astro/CommunicationRead.ooCKD9f4.js",
      "kind": "script",
      "source": "browser-preview"
    },
    {
      "method": "GET",
      "path": "/_astro/ApproachRead.Bcve0KbT.js",
      "kind": "script",
      "source": "browser-preview"
    },
    {
      "method": "GET",
      "path": "/_astro/PwaInstallPrompt.BCohgdPv.js",
      "kind": "script",
      "source": "browser-preview"
    },
    {
      "method": "GET",
      "path": "/_astro/a2hs.WonhOqdm.js",
      "kind": "script",
      "source": "browser-preview"
    },
    {
      "method": "GET",
      "path": "/assets/zodiac-icons/128/capricorn.avif",
      "kind": "image",
      "source": "browser-preview"
    },
    {
      "method": "GET",
      "path": "/assets/zodiac-icons/128/pisces.avif",
      "kind": "image",
      "source": "browser-preview"
    },
    {
      "method": "GET",
      "path": "/assets/zodiac-icons/128/libra.avif",
      "kind": "image",
      "source": "browser-preview"
    },
    {
      "method": "GET",
      "path": "/assets/zodiac-icons/128/aries.webp",
      "kind": "image",
      "source": "browser-preview"
    },
    {
      "method": "GET",
      "path": "/assets/zodiac-icons/128/taurus.webp",
      "kind": "image",
      "source": "browser-preview"
    },
    {
      "method": "GET",
      "path": "/assets/zodiac-icons/128/gemini.webp",
      "kind": "image",
      "source": "browser-preview"
    },
    {
      "method": "GET",
      "path": "/assets/zodiac-icons/128/cancer.webp",
      "kind": "image",
      "source": "browser-preview"
    },
    {
      "method": "GET",
      "path": "/assets/zodiac-icons/128/leo.webp",
      "kind": "image",
      "source": "browser-preview"
    },
    {
      "method": "GET",
      "path": "/assets/zodiac-icons/128/virgo.webp",
      "kind": "image",
      "source": "browser-preview"
    },
    {
      "method": "GET",
      "path": "/assets/zodiac-icons/128/libra.webp",
      "kind": "image",
      "source": "browser-preview"
    },
    {
      "method": "GET",
      "path": "/assets/zodiac-icons/128/scorpio.webp",
      "kind": "image",
      "source": "browser-preview"
    },
    {
      "method": "GET",
      "path": "/assets/zodiac-icons/128/sagittarius.webp",
      "kind": "image",
      "source": "browser-preview"
    },
    {
      "method": "GET",
      "path": "/assets/zodiac-icons/128/capricorn.webp",
      "kind": "image",
      "source": "browser-preview"
    },
    {
      "method": "GET",
      "path": "/assets/zodiac-icons/128/aquarius.webp",
      "kind": "image",
      "source": "browser-preview"
    },
    {
      "method": "GET",
      "path": "/assets/zodiac-icons/128/pisces.webp",
      "kind": "image",
      "source": "browser-preview"
    },
    {
      "method": "GET",
      "path": "/_astro/store.B9KwR70B.js",
      "kind": "script",
      "source": "browser-preview"
    },
    {
      "method": "GET",
      "path": "/_astro/deletions.DUQYISzq.js",
      "kind": "script",
      "source": "browser-preview"
    },
    {
      "method": "GET",
      "path": "/assets/zodiac-icons/128/sagittarius.webp",
      "kind": "fetch",
      "source": "browser-preview"
    },
    {
      "method": "GET",
      "path": "/assets/zodiac-icons/128/pisces.webp",
      "kind": "fetch",
      "source": "browser-preview"
    },
    {
      "method": "GET",
      "path": "/assets/zodiac-icons/128/cancer.webp",
      "kind": "fetch",
      "source": "browser-preview"
    },
    {
      "method": "GET",
      "path": "/assets/zodiac-icons/128/libra.webp",
      "kind": "fetch",
      "source": "browser-preview"
    },
    {
      "method": "GET",
      "path": "/assets/zodiac-icons/128/sagittarius.webp",
      "kind": "fetch",
      "source": "browser-preview"
    },
    {
      "method": "GET",
      "path": "/assets/zodiac-icons/128/pisces.webp",
      "kind": "fetch",
      "source": "browser-preview"
    },
    {
      "method": "GET",
      "path": "/assets/zodiac-icons/128/cancer.webp",
      "kind": "fetch",
      "source": "browser-preview"
    },
    {
      "method": "GET",
      "path": "/assets/zodiac-icons/128/aries.webp",
      "kind": "fetch",
      "source": "browser-preview"
    },
    {
      "method": "GET",
      "path": "/assets/zodiac-icons/128/taurus.webp",
      "kind": "fetch",
      "source": "browser-preview"
    },
    {
      "method": "GET",
      "path": "/assets/zodiac-icons/128/gemini.webp",
      "kind": "fetch",
      "source": "browser-preview"
    },
    {
      "method": "GET",
      "path": "/assets/zodiac-icons/128/cancer.webp",
      "kind": "fetch",
      "source": "browser-preview"
    },
    {
      "method": "GET",
      "path": "/assets/zodiac-icons/128/leo.webp",
      "kind": "fetch",
      "source": "browser-preview"
    },
    {
      "method": "GET",
      "path": "/assets/zodiac-icons/128/virgo.webp",
      "kind": "fetch",
      "source": "browser-preview"
    },
    {
      "method": "GET",
      "path": "/assets/zodiac-icons/128/libra.webp",
      "kind": "fetch",
      "source": "browser-preview"
    },
    {
      "method": "GET",
      "path": "/assets/zodiac-icons/128/scorpio.webp",
      "kind": "fetch",
      "source": "browser-preview"
    },
    {
      "method": "GET",
      "path": "/assets/zodiac-icons/128/sagittarius.webp",
      "kind": "fetch",
      "source": "browser-preview"
    },
    {
      "method": "GET",
      "path": "/assets/zodiac-icons/128/capricorn.webp",
      "kind": "fetch",
      "source": "browser-preview"
    },
    {
      "method": "GET",
      "path": "/assets/zodiac-icons/128/aquarius.webp",
      "kind": "fetch",
      "source": "browser-preview"
    },
    {
      "method": "GET",
      "path": "/assets/zodiac-icons/128/pisces.webp",
      "kind": "fetch",
      "source": "browser-preview"
    },
    {
      "method": "GET",
      "path": "/assets/assistant-ui.js",
      "kind": "script",
      "source": "browser-preview"
    },
    {
      "method": "GET",
      "path": "/fonts/eb-garamond-latin-400-italic.woff2",
      "kind": "font",
      "source": "browser-preview"
    },
    {
      "method": "GET",
      "path": "/assets/app-icons/v3/icon-512.png",
      "kind": "fetch",
      "source": "browser-preview"
    },
    {
      "method": "GET",
      "path": "/assets/app-icons/v3/icon-512.png",
      "kind": "fetch",
      "source": "browser-preview"
    },
    {
      "method": "GET",
      "path": "/assets/assistant-ui.css",
      "kind": "stylesheet",
      "source": "browser-preview"
    },
    {
      "method": "GET",
      "path": "/assets/app-icons/v3/icon-512.png",
      "kind": "fetch",
      "source": "browser-preview"
    },
    {
      "method": "GET",
      "path": "/assets/guide-avatar.webp",
      "kind": "image",
      "source": "browser-preview"
    },
    {
      "method": "GET",
      "path": "/assets/zodiac-icons/48/sagittarius.avif",
      "kind": "image",
      "source": "browser-preview"
    },
    {
      "method": "GET",
      "path": "/assets/zodiac-icons/48/pisces.avif",
      "kind": "image",
      "source": "browser-preview"
    },
    {
      "method": "GET",
      "path": "/assets/zodiac-icons/48/cancer.avif",
      "kind": "image",
      "source": "browser-preview"
    },
    {
      "method": "GET",
      "path": "/assets/zodiac-icons/48/libra.avif",
      "kind": "image",
      "source": "browser-preview"
    },
    {
      "method": "GET",
      "path": "/birth-chart/",
      "kind": "document",
      "source": "browser-preview"
    },
    {
      "method": "GET",
      "path": "/fonts/instrument-sans-latin-wght-normal.woff2",
      "kind": "font",
      "source": "browser-preview"
    },
    {
      "method": "GET",
      "path": "/fonts/eb-garamond-latin-400-normal.woff2",
      "kind": "font",
      "source": "browser-preview"
    },
    {
      "method": "GET",
      "path": "/fonts/eb-garamond-latin-500-normal.woff2",
      "kind": "font",
      "source": "browser-preview"
    },
    {
      "method": "GET",
      "path": "/_astro/explorer.ijMRUwvv.css",
      "kind": "stylesheet",
      "source": "browser-preview"
    },
    {
      "method": "GET",
      "path": "/_astro/ChartActionDock.Cc8zzTbx.css",
      "kind": "stylesheet",
      "source": "browser-preview"
    },
    {
      "method": "GET",
      "path": "/js/pa-HwF2IBb5Sw8eboNPSOgHv.js",
      "kind": "script",
      "source": "browser-preview"
    },
    {
      "method": "GET",
      "path": "/_astro/AstroTerm.astro_astro_type_script_index_0_lang.DB1iYTmP.js",
      "kind": "script",
      "source": "browser-preview"
    },
    {
      "method": "GET",
      "path": "/fonts/jetbrains-mono-latin-wght-normal.woff2",
      "kind": "font",
      "source": "browser-preview"
    },
    {
      "method": "GET",
      "path": "/_astro/ChartCalculator.CohOHP8k.js",
      "kind": "script",
      "source": "browser-preview"
    },
    {
      "method": "GET",
      "path": "/_astro/client.DPkn9Lbl.js",
      "kind": "script",
      "source": "browser-preview"
    },
    {
      "method": "GET",
      "path": "/_astro/preload-helper.L5lOfJxi.js",
      "kind": "script",
      "source": "browser-preview"
    },
    {
      "method": "GET",
      "path": "/_astro/preact.module.Bjq9tLsx.js",
      "kind": "script",
      "source": "browser-preview"
    },
    {
      "method": "GET",
      "path": "/_astro/hooks.module.C0_8FjiD.js",
      "kind": "script",
      "source": "browser-preview"
    },
    {
      "method": "GET",
      "path": "/_astro/profile-access-reader.DoQqlSjt.js",
      "kind": "script",
      "source": "browser-preview"
    },
    {
      "method": "GET",
      "path": "/_astro/chunk-H7RJKCBO.BUIGSNBz.js",
      "kind": "script",
      "source": "browser-preview"
    },
    {
      "method": "GET",
      "path": "/_astro/signs.BMXPKoMF.js",
      "kind": "script",
      "source": "browser-preview"
    },
    {
      "method": "GET",
      "path": "/_astro/jsxRuntime.module.BG9KJlGc.js",
      "kind": "script",
      "source": "browser-preview"
    },
    {
      "method": "GET",
      "path": "/_astro/PlanetGlyph.BhITbtcc.js",
      "kind": "script",
      "source": "browser-preview"
    },
    {
      "method": "GET",
      "path": "/_astro/i18n.Cg_lCJuc.js",
      "kind": "script",
      "source": "browser-preview"
    },
    {
      "method": "GET",
      "path": "/_astro/CalculationReload.DXyGkRsn.js",
      "kind": "script",
      "source": "browser-preview"
    },
    {
      "method": "GET",
      "path": "/_astro/astrology.BHib5efU.js",
      "kind": "script",
      "source": "browser-preview"
    },
    {
      "method": "GET",
      "path": "/_astro/share.BRlg0eGS.js",
      "kind": "script",
      "source": "browser-preview"
    },
    {
      "method": "GET",
      "path": "/_astro/chart-handoff.Dvz2AAcL.js",
      "kind": "script",
      "source": "browser-preview"
    },
    {
      "method": "GET",
      "path": "/_astro/useProfileAccessGeneration.w2JLb1F6.js",
      "kind": "script",
      "source": "browser-preview"
    },
    {
      "method": "GET",
      "path": "/_astro/useEngine.BV92cVg4.js",
      "kind": "script",
      "source": "browser-preview"
    },
    {
      "method": "GET",
      "path": "/_astro/BirthFields.VmY_J4-2.js",
      "kind": "script",
      "source": "browser-preview"
    },
    {
      "method": "GET",
      "path": "/_astro/localToUtc.CrWG2CBc.js",
      "kind": "script",
      "source": "browser-preview"
    },
    {
      "method": "GET",
      "path": "/_astro/interpretations.BaZkYN67.js",
      "kind": "script",
      "source": "browser-preview"
    },
    {
      "method": "GET",
      "path": "/_astro/AstroTerm.7K8SAipO.js",
      "kind": "script",
      "source": "browser-preview"
    },
    {
      "method": "GET",
      "path": "/_astro/SignChip.Dx3tQVZl.js",
      "kind": "script",
      "source": "browser-preview"
    },
    {
      "method": "GET",
      "path": "/_astro/AspectGlyph.DMIAGIQV.js",
      "kind": "script",
      "source": "browser-preview"
    },
    {
      "method": "GET",
      "path": "/_astro/Wheel.RNRSqGob.js",
      "kind": "script",
      "source": "browser-preview"
    },
    {
      "method": "GET",
      "path": "/_astro/dignities.BycBkP8Y.js",
      "kind": "script",
      "source": "browser-preview"
    },
    {
      "method": "GET",
      "path": "/_astro/houses.5SlbILVS.js",
      "kind": "script",
      "source": "browser-preview"
    },
    {
      "method": "GET",
      "path": "/_astro/technical-layout.DQIjXHHb.js",
      "kind": "script",
      "source": "browser-preview"
    },
    {
      "method": "GET",
      "path": "/_astro/lite.DKWHZC5_.js",
      "kind": "script",
      "source": "browser-preview"
    },
    {
      "method": "GET",
      "path": "/_astro/learning-input-identity.C-WLv51I.js",
      "kind": "script",
      "source": "browser-preview"
    },
    {
      "method": "GET",
      "path": "/_astro/analytics.CH5T6e-b.js",
      "kind": "script",
      "source": "browser-preview"
    },
    {
      "method": "GET",
      "path": "/_astro/post-chart-context.BZ1tHGpl.js",
      "kind": "script",
      "source": "browser-preview"
    },
    {
      "method": "GET",
      "path": "/_astro/context-help-client.BqVrBbz0.js",
      "kind": "script",
      "source": "browser-preview"
    },
    {
      "method": "GET",
      "path": "/assets/app-icons/v3/favicon.svg",
      "kind": "other",
      "source": "browser-preview"
    },
    {
      "method": "GET",
      "path": "/_astro/rolldown-runtime.DK3Fl9T5.js",
      "kind": "script",
      "source": "browser-preview"
    },
    {
      "method": "GET",
      "path": "/_astro/civil-date.CpOZUt7Z.js",
      "kind": "script",
      "source": "browser-preview"
    },
    {
      "method": "GET",
      "path": "/_astro/technical-locales.DDKucXXd.js",
      "kind": "script",
      "source": "browser-preview"
    },
    {
      "method": "GET",
      "path": "/_astro/PlaceSearch.D1WsU_jW.js",
      "kind": "script",
      "source": "browser-preview"
    },
    {
      "method": "GET",
      "path": "/_astro/paths.DYbAuceH.js",
      "kind": "script",
      "source": "browser-preview"
    },
    {
      "method": "GET",
      "path": "/_astro/chunk-INI453VG.BxjMUPBs.js",
      "kind": "script",
      "source": "browser-preview"
    },
    {
      "method": "GET",
      "path": "/_astro/chart-signature.-is-2T7w.js",
      "kind": "script",
      "source": "browser-preview"
    },
    {
      "method": "GET",
      "path": "/_astro/natal.D7JKDSdx.js",
      "kind": "script",
      "source": "browser-preview"
    },
    {
      "method": "GET",
      "path": "/_astro/synastry.rhUg9_9F.js",
      "kind": "script",
      "source": "browser-preview"
    },
    {
      "method": "GET",
      "path": "/_astro/aspects.BNC-J2iD.js",
      "kind": "script",
      "source": "browser-preview"
    },
    {
      "method": "GET",
      "path": "/_astro/compat.Bjc3uaB7.js",
      "kind": "script",
      "source": "browser-preview"
    },
    {
      "method": "GET",
      "path": "/_astro/ChartActionDock.v70WmYt8.js",
      "kind": "script",
      "source": "browser-preview"
    },
    {
      "method": "GET",
      "path": "/_astro/LearningPractice.CSqTNZrv.js",
      "kind": "script",
      "source": "browser-preview"
    },
    {
      "method": "GET",
      "path": "/_astro/chart-context-copy.UBOz97Jz.js",
      "kind": "script",
      "source": "browser-preview"
    },
    {
      "method": "GET",
      "path": "/_astro/AspectPatternFeature.JIFgyNsc.js",
      "kind": "script",
      "source": "browser-preview"
    },
    {
      "method": "GET",
      "path": "/_astro/use-learning-sources.rIwWXPg-.js",
      "kind": "script",
      "source": "browser-preview"
    },
    {
      "method": "GET",
      "path": "/_astro/schema.DqKqbGHb.js",
      "kind": "script",
      "source": "browser-preview"
    },
    {
      "method": "GET",
      "path": "/_astro/read-store.CIuzJaHq.js",
      "kind": "script",
      "source": "browser-preview"
    },
    {
      "method": "GET",
      "path": "/_astro/full.AQ--_mi-.js",
      "kind": "script",
      "source": "browser-preview"
    },
    {
      "method": "GET",
      "path": "/_astro/chart-adapter.K-QfJlbI.js",
      "kind": "script",
      "source": "browser-preview"
    },
    {
      "method": "GET",
      "path": "/assets/app-icons/v3/favicon.svg",
      "kind": "other",
      "source": "browser-preview"
    },
    {
      "method": "GET",
      "path": "/assets/site-footer.css",
      "kind": "stylesheet",
      "source": "browser-preview"
    },
    {
      "method": "GET",
      "path": "/_astro/calculator-receipt.Sj7p-7nE.js",
      "kind": "script",
      "source": "browser-preview"
    },
    {
      "method": "GET",
      "path": "/_astro/PositionsShareSurface.DT0CW1_r.js",
      "kind": "script",
      "source": "browser-preview"
    },
    {
      "method": "GET",
      "path": "/_astro/share-positions.D3o0ugj4.js",
      "kind": "script",
      "source": "browser-preview"
    },
    {
      "method": "GET",
      "path": "/_astro/share-card.DovPi6oZ.js",
      "kind": "script",
      "source": "browser-preview"
    },
    {
      "method": "GET",
      "path": "/_astro/share-card-brand.CJKZtcRK.js",
      "kind": "script",
      "source": "browser-preview"
    },
    {
      "method": "GET",
      "path": "/_astro/share-card-copy.D0c42nic.js",
      "kind": "script",
      "source": "browser-preview"
    },
    {
      "method": "GET",
      "path": "/_astro/CalendarSubscribe.DXtj1Bbr.js",
      "kind": "script",
      "source": "browser-preview"
    },
    {
      "method": "GET",
      "path": "/_astro/CommunicationRead.ooCKD9f4.js",
      "kind": "script",
      "source": "browser-preview"
    },
    {
      "method": "GET",
      "path": "/_astro/ApproachRead.Bcve0KbT.js",
      "kind": "script",
      "source": "browser-preview"
    },
    {
      "method": "GET",
      "path": "/_astro/PwaInstallPrompt.BCohgdPv.js",
      "kind": "script",
      "source": "browser-preview"
    },
    {
      "method": "GET",
      "path": "/_astro/a2hs.WonhOqdm.js",
      "kind": "script",
      "source": "browser-preview"
    },
    {
      "method": "GET",
      "path": "/assets/zodiac-icons/128/capricorn.avif",
      "kind": "image",
      "source": "browser-preview"
    },
    {
      "method": "GET",
      "path": "/assets/zodiac-icons/128/scorpio.avif",
      "kind": "image",
      "source": "browser-preview"
    },
    {
      "method": "GET",
      "path": "/assets/zodiac-icons/128/libra.avif",
      "kind": "image",
      "source": "browser-preview"
    },
    {
      "method": "GET",
      "path": "/assets/zodiac-icons/128/aries.webp",
      "kind": "image",
      "source": "browser-preview"
    },
    {
      "method": "GET",
      "path": "/assets/zodiac-icons/128/taurus.webp",
      "kind": "image",
      "source": "browser-preview"
    },
    {
      "method": "GET",
      "path": "/assets/zodiac-icons/128/gemini.webp",
      "kind": "image",
      "source": "browser-preview"
    },
    {
      "method": "GET",
      "path": "/assets/zodiac-icons/128/cancer.webp",
      "kind": "image",
      "source": "browser-preview"
    },
    {
      "method": "GET",
      "path": "/assets/zodiac-icons/128/leo.webp",
      "kind": "image",
      "source": "browser-preview"
    },
    {
      "method": "GET",
      "path": "/assets/zodiac-icons/128/virgo.webp",
      "kind": "image",
      "source": "browser-preview"
    },
    {
      "method": "GET",
      "path": "/assets/zodiac-icons/128/libra.webp",
      "kind": "image",
      "source": "browser-preview"
    },
    {
      "method": "GET",
      "path": "/assets/zodiac-icons/128/scorpio.webp",
      "kind": "image",
      "source": "browser-preview"
    },
    {
      "method": "GET",
      "path": "/assets/zodiac-icons/128/sagittarius.webp",
      "kind": "image",
      "source": "browser-preview"
    },
    {
      "method": "GET",
      "path": "/assets/zodiac-icons/128/capricorn.webp",
      "kind": "image",
      "source": "browser-preview"
    },
    {
      "method": "GET",
      "path": "/assets/zodiac-icons/128/aquarius.webp",
      "kind": "image",
      "source": "browser-preview"
    },
    {
      "method": "GET",
      "path": "/assets/zodiac-icons/128/pisces.webp",
      "kind": "image",
      "source": "browser-preview"
    },
    {
      "method": "GET",
      "path": "/_astro/store.B9KwR70B.js",
      "kind": "script",
      "source": "browser-preview"
    },
    {
      "method": "GET",
      "path": "/_astro/deletions.DUQYISzq.js",
      "kind": "script",
      "source": "browser-preview"
    },
    {
      "method": "GET",
      "path": "/assets/zodiac-icons/128/capricorn.webp",
      "kind": "fetch",
      "source": "browser-preview"
    },
    {
      "method": "GET",
      "path": "/assets/zodiac-icons/128/scorpio.webp",
      "kind": "fetch",
      "source": "browser-preview"
    },
    {
      "method": "GET",
      "path": "/assets/zodiac-icons/128/libra.webp",
      "kind": "fetch",
      "source": "browser-preview"
    },
    {
      "method": "GET",
      "path": "/assets/zodiac-icons/128/libra.webp",
      "kind": "fetch",
      "source": "browser-preview"
    },
    {
      "method": "GET",
      "path": "/assets/zodiac-icons/128/capricorn.webp",
      "kind": "fetch",
      "source": "browser-preview"
    },
    {
      "method": "GET",
      "path": "/assets/zodiac-icons/128/scorpio.webp",
      "kind": "fetch",
      "source": "browser-preview"
    },
    {
      "method": "GET",
      "path": "/assets/zodiac-icons/128/libra.webp",
      "kind": "fetch",
      "source": "browser-preview"
    },
    {
      "method": "GET",
      "path": "/assets/zodiac-icons/128/aries.webp",
      "kind": "fetch",
      "source": "browser-preview"
    },
    {
      "method": "GET",
      "path": "/assets/zodiac-icons/128/taurus.webp",
      "kind": "fetch",
      "source": "browser-preview"
    },
    {
      "method": "GET",
      "path": "/assets/zodiac-icons/128/gemini.webp",
      "kind": "fetch",
      "source": "browser-preview"
    },
    {
      "method": "GET",
      "path": "/assets/zodiac-icons/128/cancer.webp",
      "kind": "fetch",
      "source": "browser-preview"
    },
    {
      "method": "GET",
      "path": "/assets/zodiac-icons/128/leo.webp",
      "kind": "fetch",
      "source": "browser-preview"
    },
    {
      "method": "GET",
      "path": "/assets/zodiac-icons/128/virgo.webp",
      "kind": "fetch",
      "source": "browser-preview"
    },
    {
      "method": "GET",
      "path": "/assets/zodiac-icons/128/libra.webp",
      "kind": "fetch",
      "source": "browser-preview"
    },
    {
      "method": "GET",
      "path": "/assets/zodiac-icons/128/scorpio.webp",
      "kind": "fetch",
      "source": "browser-preview"
    },
    {
      "method": "GET",
      "path": "/assets/zodiac-icons/128/sagittarius.webp",
      "kind": "fetch",
      "source": "browser-preview"
    },
    {
      "method": "GET",
      "path": "/assets/zodiac-icons/128/capricorn.webp",
      "kind": "fetch",
      "source": "browser-preview"
    },
    {
      "method": "GET",
      "path": "/assets/zodiac-icons/128/aquarius.webp",
      "kind": "fetch",
      "source": "browser-preview"
    },
    {
      "method": "GET",
      "path": "/assets/zodiac-icons/128/pisces.webp",
      "kind": "fetch",
      "source": "browser-preview"
    },
    {
      "method": "GET",
      "path": "/assets/app-icons/v3/icon-512.png",
      "kind": "fetch",
      "source": "browser-preview"
    },
    {
      "method": "GET",
      "path": "/fonts/eb-garamond-latin-400-italic.woff2",
      "kind": "font",
      "source": "browser-preview"
    },
    {
      "method": "GET",
      "path": "/assets/app-icons/v3/icon-512.png",
      "kind": "fetch",
      "source": "browser-preview"
    },
    {
      "method": "GET",
      "path": "/assets/assistant-ui.js",
      "kind": "script",
      "source": "browser-preview"
    },
    {
      "method": "GET",
      "path": "/assets/app-icons/v3/icon-512.png",
      "kind": "fetch",
      "source": "browser-preview"
    },
    {
      "method": "GET",
      "path": "/assets/assistant-ui.css",
      "kind": "stylesheet",
      "source": "browser-preview"
    },
    {
      "method": "GET",
      "path": "/assets/guide-avatar.webp",
      "kind": "image",
      "source": "browser-preview"
    },
    {
      "method": "GET",
      "path": "/assets/zodiac-icons/48/capricorn.avif",
      "kind": "image",
      "source": "browser-preview"
    },
    {
      "method": "GET",
      "path": "/assets/zodiac-icons/48/scorpio.avif",
      "kind": "image",
      "source": "browser-preview"
    },
    {
      "method": "GET",
      "path": "/assets/zodiac-icons/48/libra.avif",
      "kind": "image",
      "source": "browser-preview"
    },
    {
      "method": "GET",
      "path": "/birth-chart/",
      "kind": "document",
      "source": "browser-preview"
    },
    {
      "method": "GET",
      "path": "/fonts/instrument-sans-latin-wght-normal.woff2",
      "kind": "font",
      "source": "browser-preview"
    },
    {
      "method": "GET",
      "path": "/fonts/eb-garamond-latin-400-normal.woff2",
      "kind": "font",
      "source": "browser-preview"
    },
    {
      "method": "GET",
      "path": "/fonts/eb-garamond-latin-500-normal.woff2",
      "kind": "font",
      "source": "browser-preview"
    },
    {
      "method": "GET",
      "path": "/js/pa-HwF2IBb5Sw8eboNPSOgHv.js",
      "kind": "script",
      "source": "browser-preview"
    },
    {
      "method": "GET",
      "path": "/_astro/explorer.ijMRUwvv.css",
      "kind": "stylesheet",
      "source": "browser-preview"
    },
    {
      "method": "GET",
      "path": "/_astro/ChartActionDock.Cc8zzTbx.css",
      "kind": "stylesheet",
      "source": "browser-preview"
    },
    {
      "method": "GET",
      "path": "/_astro/AstroTerm.astro_astro_type_script_index_0_lang.DB1iYTmP.js",
      "kind": "script",
      "source": "browser-preview"
    },
    {
      "method": "GET",
      "path": "/fonts/jetbrains-mono-latin-wght-normal.woff2",
      "kind": "font",
      "source": "browser-preview"
    },
    {
      "method": "GET",
      "path": "/_astro/preload-helper.L5lOfJxi.js",
      "kind": "script",
      "source": "browser-preview"
    },
    {
      "method": "GET",
      "path": "/_astro/ChartCalculator.CohOHP8k.js",
      "kind": "script",
      "source": "browser-preview"
    },
    {
      "method": "GET",
      "path": "/_astro/client.DPkn9Lbl.js",
      "kind": "script",
      "source": "browser-preview"
    },
    {
      "method": "GET",
      "path": "/_astro/context-help-client.BqVrBbz0.js",
      "kind": "script",
      "source": "browser-preview"
    },
    {
      "method": "GET",
      "path": "/_astro/analytics.CH5T6e-b.js",
      "kind": "script",
      "source": "browser-preview"
    },
    {
      "method": "GET",
      "path": "/_astro/preact.module.Bjq9tLsx.js",
      "kind": "script",
      "source": "browser-preview"
    },
    {
      "method": "GET",
      "path": "/assets/app-icons/v3/favicon.svg",
      "kind": "other",
      "source": "browser-preview"
    },
    {
      "method": "GET",
      "path": "/_astro/hooks.module.C0_8FjiD.js",
      "kind": "script",
      "source": "browser-preview"
    },
    {
      "method": "GET",
      "path": "/_astro/profile-access-reader.DoQqlSjt.js",
      "kind": "script",
      "source": "browser-preview"
    },
    {
      "method": "GET",
      "path": "/_astro/chunk-H7RJKCBO.BUIGSNBz.js",
      "kind": "script",
      "source": "browser-preview"
    },
    {
      "method": "GET",
      "path": "/_astro/signs.BMXPKoMF.js",
      "kind": "script",
      "source": "browser-preview"
    },
    {
      "method": "GET",
      "path": "/_astro/jsxRuntime.module.BG9KJlGc.js",
      "kind": "script",
      "source": "browser-preview"
    },
    {
      "method": "GET",
      "path": "/_astro/PlanetGlyph.BhITbtcc.js",
      "kind": "script",
      "source": "browser-preview"
    },
    {
      "method": "GET",
      "path": "/_astro/i18n.Cg_lCJuc.js",
      "kind": "script",
      "source": "browser-preview"
    },
    {
      "method": "GET",
      "path": "/_astro/CalculationReload.DXyGkRsn.js",
      "kind": "script",
      "source": "browser-preview"
    },
    {
      "method": "GET",
      "path": "/_astro/astrology.BHib5efU.js",
      "kind": "script",
      "source": "browser-preview"
    },
    {
      "method": "GET",
      "path": "/_astro/share.BRlg0eGS.js",
      "kind": "script",
      "source": "browser-preview"
    },
    {
      "method": "GET",
      "path": "/_astro/chart-handoff.Dvz2AAcL.js",
      "kind": "script",
      "source": "browser-preview"
    },
    {
      "method": "GET",
      "path": "/_astro/useProfileAccessGeneration.w2JLb1F6.js",
      "kind": "script",
      "source": "browser-preview"
    },
    {
      "method": "GET",
      "path": "/_astro/useEngine.BV92cVg4.js",
      "kind": "script",
      "source": "browser-preview"
    },
    {
      "method": "GET",
      "path": "/_astro/BirthFields.VmY_J4-2.js",
      "kind": "script",
      "source": "browser-preview"
    },
    {
      "method": "GET",
      "path": "/_astro/localToUtc.CrWG2CBc.js",
      "kind": "script",
      "source": "browser-preview"
    },
    {
      "method": "GET",
      "path": "/_astro/interpretations.BaZkYN67.js",
      "kind": "script",
      "source": "browser-preview"
    },
    {
      "method": "GET",
      "path": "/_astro/AstroTerm.7K8SAipO.js",
      "kind": "script",
      "source": "browser-preview"
    },
    {
      "method": "GET",
      "path": "/_astro/SignChip.Dx3tQVZl.js",
      "kind": "script",
      "source": "browser-preview"
    },
    {
      "method": "GET",
      "path": "/_astro/AspectGlyph.DMIAGIQV.js",
      "kind": "script",
      "source": "browser-preview"
    },
    {
      "method": "GET",
      "path": "/_astro/Wheel.RNRSqGob.js",
      "kind": "script",
      "source": "browser-preview"
    },
    {
      "method": "GET",
      "path": "/_astro/dignities.BycBkP8Y.js",
      "kind": "script",
      "source": "browser-preview"
    },
    {
      "method": "GET",
      "path": "/_astro/houses.5SlbILVS.js",
      "kind": "script",
      "source": "browser-preview"
    },
    {
      "method": "GET",
      "path": "/_astro/technical-layout.DQIjXHHb.js",
      "kind": "script",
      "source": "browser-preview"
    },
    {
      "method": "GET",
      "path": "/_astro/lite.DKWHZC5_.js",
      "kind": "script",
      "source": "browser-preview"
    },
    {
      "method": "GET",
      "path": "/_astro/learning-input-identity.C-WLv51I.js",
      "kind": "script",
      "source": "browser-preview"
    },
    {
      "method": "GET",
      "path": "/_astro/post-chart-context.BZ1tHGpl.js",
      "kind": "script",
      "source": "browser-preview"
    },
    {
      "method": "GET",
      "path": "/_astro/chunk-INI453VG.BxjMUPBs.js",
      "kind": "script",
      "source": "browser-preview"
    },
    {
      "method": "GET",
      "path": "/_astro/paths.DYbAuceH.js",
      "kind": "script",
      "source": "browser-preview"
    },
    {
      "method": "GET",
      "path": "/_astro/rolldown-runtime.DK3Fl9T5.js",
      "kind": "script",
      "source": "browser-preview"
    },
    {
      "method": "GET",
      "path": "/_astro/civil-date.CpOZUt7Z.js",
      "kind": "script",
      "source": "browser-preview"
    },
    {
      "method": "GET",
      "path": "/_astro/technical-locales.DDKucXXd.js",
      "kind": "script",
      "source": "browser-preview"
    },
    {
      "method": "GET",
      "path": "/_astro/PlaceSearch.D1WsU_jW.js",
      "kind": "script",
      "source": "browser-preview"
    },
    {
      "method": "GET",
      "path": "/_astro/chart-signature.-is-2T7w.js",
      "kind": "script",
      "source": "browser-preview"
    },
    {
      "method": "GET",
      "path": "/_astro/natal.D7JKDSdx.js",
      "kind": "script",
      "source": "browser-preview"
    },
    {
      "method": "GET",
      "path": "/_astro/synastry.rhUg9_9F.js",
      "kind": "script",
      "source": "browser-preview"
    },
    {
      "method": "GET",
      "path": "/_astro/aspects.BNC-J2iD.js",
      "kind": "script",
      "source": "browser-preview"
    },
    {
      "method": "GET",
      "path": "/_astro/compat.Bjc3uaB7.js",
      "kind": "script",
      "source": "browser-preview"
    },
    {
      "method": "GET",
      "path": "/_astro/ChartActionDock.v70WmYt8.js",
      "kind": "script",
      "source": "browser-preview"
    },
    {
      "method": "GET",
      "path": "/_astro/LearningPractice.CSqTNZrv.js",
      "kind": "script",
      "source": "browser-preview"
    },
    {
      "method": "GET",
      "path": "/_astro/chart-context-copy.UBOz97Jz.js",
      "kind": "script",
      "source": "browser-preview"
    },
    {
      "method": "GET",
      "path": "/_astro/AspectPatternFeature.JIFgyNsc.js",
      "kind": "script",
      "source": "browser-preview"
    },
    {
      "method": "GET",
      "path": "/_astro/use-learning-sources.rIwWXPg-.js",
      "kind": "script",
      "source": "browser-preview"
    },
    {
      "method": "GET",
      "path": "/_astro/schema.DqKqbGHb.js",
      "kind": "script",
      "source": "browser-preview"
    },
    {
      "method": "GET",
      "path": "/_astro/read-store.CIuzJaHq.js",
      "kind": "script",
      "source": "browser-preview"
    },
    {
      "method": "GET",
      "path": "/_astro/full.AQ--_mi-.js",
      "kind": "script",
      "source": "browser-preview"
    },
    {
      "method": "GET",
      "path": "/_astro/chart-adapter.K-QfJlbI.js",
      "kind": "script",
      "source": "browser-preview"
    },
    {
      "method": "GET",
      "path": "/assets/app-icons/v3/favicon.svg",
      "kind": "other",
      "source": "browser-preview"
    },
    {
      "method": "GET",
      "path": "/_astro/calculator-receipt.Sj7p-7nE.js",
      "kind": "script",
      "source": "browser-preview"
    },
    {
      "method": "GET",
      "path": "/assets/site-footer.css",
      "kind": "stylesheet",
      "source": "browser-preview"
    },
    {
      "method": "GET",
      "path": "/_astro/PositionsShareSurface.DT0CW1_r.js",
      "kind": "script",
      "source": "browser-preview"
    },
    {
      "method": "GET",
      "path": "/_astro/share-positions.D3o0ugj4.js",
      "kind": "script",
      "source": "browser-preview"
    },
    {
      "method": "GET",
      "path": "/_astro/share-card.DovPi6oZ.js",
      "kind": "script",
      "source": "browser-preview"
    },
    {
      "method": "GET",
      "path": "/_astro/share-card-brand.CJKZtcRK.js",
      "kind": "script",
      "source": "browser-preview"
    },
    {
      "method": "GET",
      "path": "/_astro/share-card-copy.D0c42nic.js",
      "kind": "script",
      "source": "browser-preview"
    },
    {
      "method": "GET",
      "path": "/_astro/CalendarSubscribe.DXtj1Bbr.js",
      "kind": "script",
      "source": "browser-preview"
    },
    {
      "method": "GET",
      "path": "/_astro/CommunicationRead.ooCKD9f4.js",
      "kind": "script",
      "source": "browser-preview"
    },
    {
      "method": "GET",
      "path": "/_astro/ApproachRead.Bcve0KbT.js",
      "kind": "script",
      "source": "browser-preview"
    },
    {
      "method": "GET",
      "path": "/_astro/PwaInstallPrompt.BCohgdPv.js",
      "kind": "script",
      "source": "browser-preview"
    },
    {
      "method": "GET",
      "path": "/_astro/a2hs.WonhOqdm.js",
      "kind": "script",
      "source": "browser-preview"
    },
    {
      "method": "GET",
      "path": "/assets/zodiac-icons/128/capricorn.avif",
      "kind": "image",
      "source": "browser-preview"
    },
    {
      "method": "GET",
      "path": "/assets/zodiac-icons/128/taurus.avif",
      "kind": "image",
      "source": "browser-preview"
    },
    {
      "method": "GET",
      "path": "/assets/zodiac-icons/128/libra.avif",
      "kind": "image",
      "source": "browser-preview"
    },
    {
      "method": "GET",
      "path": "/assets/zodiac-icons/128/aries.webp",
      "kind": "image",
      "source": "browser-preview"
    },
    {
      "method": "GET",
      "path": "/assets/zodiac-icons/128/taurus.webp",
      "kind": "image",
      "source": "browser-preview"
    },
    {
      "method": "GET",
      "path": "/assets/zodiac-icons/128/gemini.webp",
      "kind": "image",
      "source": "browser-preview"
    },
    {
      "method": "GET",
      "path": "/assets/zodiac-icons/128/cancer.webp",
      "kind": "image",
      "source": "browser-preview"
    },
    {
      "method": "GET",
      "path": "/assets/zodiac-icons/128/leo.webp",
      "kind": "image",
      "source": "browser-preview"
    },
    {
      "method": "GET",
      "path": "/assets/zodiac-icons/128/virgo.webp",
      "kind": "image",
      "source": "browser-preview"
    },
    {
      "method": "GET",
      "path": "/assets/zodiac-icons/128/libra.webp",
      "kind": "image",
      "source": "browser-preview"
    },
    {
      "method": "GET",
      "path": "/assets/zodiac-icons/128/scorpio.webp",
      "kind": "image",
      "source": "browser-preview"
    },
    {
      "method": "GET",
      "path": "/assets/zodiac-icons/128/sagittarius.webp",
      "kind": "image",
      "source": "browser-preview"
    },
    {
      "method": "GET",
      "path": "/assets/zodiac-icons/128/capricorn.webp",
      "kind": "image",
      "source": "browser-preview"
    },
    {
      "method": "GET",
      "path": "/assets/zodiac-icons/128/aquarius.webp",
      "kind": "image",
      "source": "browser-preview"
    },
    {
      "method": "GET",
      "path": "/assets/zodiac-icons/128/pisces.webp",
      "kind": "image",
      "source": "browser-preview"
    },
    {
      "method": "GET",
      "path": "/_astro/store.B9KwR70B.js",
      "kind": "script",
      "source": "browser-preview"
    },
    {
      "method": "GET",
      "path": "/_astro/deletions.DUQYISzq.js",
      "kind": "script",
      "source": "browser-preview"
    },
    {
      "method": "GET",
      "path": "/assets/zodiac-icons/128/capricorn.webp",
      "kind": "fetch",
      "source": "browser-preview"
    },
    {
      "method": "GET",
      "path": "/assets/zodiac-icons/128/taurus.webp",
      "kind": "fetch",
      "source": "browser-preview"
    },
    {
      "method": "GET",
      "path": "/assets/zodiac-icons/128/scorpio.webp",
      "kind": "fetch",
      "source": "browser-preview"
    },
    {
      "method": "GET",
      "path": "/assets/zodiac-icons/128/libra.webp",
      "kind": "fetch",
      "source": "browser-preview"
    },
    {
      "method": "GET",
      "path": "/assets/zodiac-icons/128/capricorn.webp",
      "kind": "fetch",
      "source": "browser-preview"
    },
    {
      "method": "GET",
      "path": "/assets/zodiac-icons/128/taurus.webp",
      "kind": "fetch",
      "source": "browser-preview"
    },
    {
      "method": "GET",
      "path": "/assets/zodiac-icons/128/scorpio.webp",
      "kind": "fetch",
      "source": "browser-preview"
    },
    {
      "method": "GET",
      "path": "/assets/zodiac-icons/128/aries.webp",
      "kind": "fetch",
      "source": "browser-preview"
    },
    {
      "method": "GET",
      "path": "/assets/zodiac-icons/128/taurus.webp",
      "kind": "fetch",
      "source": "browser-preview"
    },
    {
      "method": "GET",
      "path": "/assets/zodiac-icons/128/gemini.webp",
      "kind": "fetch",
      "source": "browser-preview"
    },
    {
      "method": "GET",
      "path": "/assets/zodiac-icons/128/cancer.webp",
      "kind": "fetch",
      "source": "browser-preview"
    },
    {
      "method": "GET",
      "path": "/assets/zodiac-icons/128/leo.webp",
      "kind": "fetch",
      "source": "browser-preview"
    },
    {
      "method": "GET",
      "path": "/assets/zodiac-icons/128/virgo.webp",
      "kind": "fetch",
      "source": "browser-preview"
    },
    {
      "method": "GET",
      "path": "/assets/zodiac-icons/128/libra.webp",
      "kind": "fetch",
      "source": "browser-preview"
    },
    {
      "method": "GET",
      "path": "/assets/zodiac-icons/128/scorpio.webp",
      "kind": "fetch",
      "source": "browser-preview"
    },
    {
      "method": "GET",
      "path": "/assets/zodiac-icons/128/sagittarius.webp",
      "kind": "fetch",
      "source": "browser-preview"
    },
    {
      "method": "GET",
      "path": "/assets/zodiac-icons/128/capricorn.webp",
      "kind": "fetch",
      "source": "browser-preview"
    },
    {
      "method": "GET",
      "path": "/assets/zodiac-icons/128/aquarius.webp",
      "kind": "fetch",
      "source": "browser-preview"
    },
    {
      "method": "GET",
      "path": "/assets/zodiac-icons/128/pisces.webp",
      "kind": "fetch",
      "source": "browser-preview"
    },
    {
      "method": "GET",
      "path": "/assets/assistant-ui.js",
      "kind": "script",
      "source": "browser-preview"
    },
    {
      "method": "GET",
      "path": "/assets/app-icons/v3/icon-512.png",
      "kind": "fetch",
      "source": "browser-preview"
    },
    {
      "method": "GET",
      "path": "/assets/app-icons/v3/icon-512.png",
      "kind": "fetch",
      "source": "browser-preview"
    },
    {
      "method": "GET",
      "path": "/fonts/eb-garamond-latin-400-italic.woff2",
      "kind": "font",
      "source": "browser-preview"
    },
    {
      "method": "GET",
      "path": "/assets/assistant-ui.css",
      "kind": "stylesheet",
      "source": "browser-preview"
    },
    {
      "method": "GET",
      "path": "/assets/app-icons/v3/icon-512.png",
      "kind": "fetch",
      "source": "browser-preview"
    },
    {
      "method": "GET",
      "path": "/assets/guide-avatar.webp",
      "kind": "image",
      "source": "browser-preview"
    },
    {
      "method": "GET",
      "path": "/assets/zodiac-icons/48/capricorn.avif",
      "kind": "image",
      "source": "browser-preview"
    },
    {
      "method": "GET",
      "path": "/assets/zodiac-icons/48/taurus.avif",
      "kind": "image",
      "source": "browser-preview"
    },
    {
      "method": "GET",
      "path": "/assets/zodiac-icons/48/scorpio.avif",
      "kind": "image",
      "source": "browser-preview"
    },
    {
      "method": "GET",
      "path": "/assets/zodiac-icons/48/libra.avif",
      "kind": "image",
      "source": "browser-preview"
    },
    {
      "method": "GET",
      "path": "/birth-chart/",
      "kind": "document",
      "source": "browser-preview"
    },
    {
      "method": "GET",
      "path": "/fonts/instrument-sans-latin-wght-normal.woff2",
      "kind": "font",
      "source": "browser-preview"
    },
    {
      "method": "GET",
      "path": "/fonts/eb-garamond-latin-400-normal.woff2",
      "kind": "font",
      "source": "browser-preview"
    },
    {
      "method": "GET",
      "path": "/fonts/eb-garamond-latin-500-normal.woff2",
      "kind": "font",
      "source": "browser-preview"
    },
    {
      "method": "GET",
      "path": "/_astro/explorer.ijMRUwvv.css",
      "kind": "stylesheet",
      "source": "browser-preview"
    },
    {
      "method": "GET",
      "path": "/_astro/ChartActionDock.Cc8zzTbx.css",
      "kind": "stylesheet",
      "source": "browser-preview"
    },
    {
      "method": "GET",
      "path": "/js/pa-HwF2IBb5Sw8eboNPSOgHv.js",
      "kind": "script",
      "source": "browser-preview"
    },
    {
      "method": "GET",
      "path": "/_astro/AstroTerm.astro_astro_type_script_index_0_lang.DB1iYTmP.js",
      "kind": "script",
      "source": "browser-preview"
    },
    {
      "method": "GET",
      "path": "/fonts/jetbrains-mono-latin-wght-normal.woff2",
      "kind": "font",
      "source": "browser-preview"
    },
    {
      "method": "GET",
      "path": "/_astro/ChartCalculator.CohOHP8k.js",
      "kind": "script",
      "source": "browser-preview"
    },
    {
      "method": "GET",
      "path": "/_astro/client.DPkn9Lbl.js",
      "kind": "script",
      "source": "browser-preview"
    },
    {
      "method": "GET",
      "path": "/_astro/preload-helper.L5lOfJxi.js",
      "kind": "script",
      "source": "browser-preview"
    },
    {
      "method": "GET",
      "path": "/_astro/preact.module.Bjq9tLsx.js",
      "kind": "script",
      "source": "browser-preview"
    },
    {
      "method": "GET",
      "path": "/_astro/context-help-client.BqVrBbz0.js",
      "kind": "script",
      "source": "browser-preview"
    },
    {
      "method": "GET",
      "path": "/_astro/analytics.CH5T6e-b.js",
      "kind": "script",
      "source": "browser-preview"
    },
    {
      "method": "GET",
      "path": "/_astro/hooks.module.C0_8FjiD.js",
      "kind": "script",
      "source": "browser-preview"
    },
    {
      "method": "GET",
      "path": "/_astro/profile-access-reader.DoQqlSjt.js",
      "kind": "script",
      "source": "browser-preview"
    },
    {
      "method": "GET",
      "path": "/_astro/chunk-H7RJKCBO.BUIGSNBz.js",
      "kind": "script",
      "source": "browser-preview"
    },
    {
      "method": "GET",
      "path": "/_astro/signs.BMXPKoMF.js",
      "kind": "script",
      "source": "browser-preview"
    },
    {
      "method": "GET",
      "path": "/_astro/jsxRuntime.module.BG9KJlGc.js",
      "kind": "script",
      "source": "browser-preview"
    },
    {
      "method": "GET",
      "path": "/_astro/PlanetGlyph.BhITbtcc.js",
      "kind": "script",
      "source": "browser-preview"
    },
    {
      "method": "GET",
      "path": "/_astro/i18n.Cg_lCJuc.js",
      "kind": "script",
      "source": "browser-preview"
    },
    {
      "method": "GET",
      "path": "/_astro/CalculationReload.DXyGkRsn.js",
      "kind": "script",
      "source": "browser-preview"
    },
    {
      "method": "GET",
      "path": "/_astro/astrology.BHib5efU.js",
      "kind": "script",
      "source": "browser-preview"
    },
    {
      "method": "GET",
      "path": "/_astro/share.BRlg0eGS.js",
      "kind": "script",
      "source": "browser-preview"
    },
    {
      "method": "GET",
      "path": "/_astro/chart-handoff.Dvz2AAcL.js",
      "kind": "script",
      "source": "browser-preview"
    },
    {
      "method": "GET",
      "path": "/_astro/useProfileAccessGeneration.w2JLb1F6.js",
      "kind": "script",
      "source": "browser-preview"
    },
    {
      "method": "GET",
      "path": "/_astro/useEngine.BV92cVg4.js",
      "kind": "script",
      "source": "browser-preview"
    },
    {
      "method": "GET",
      "path": "/_astro/BirthFields.VmY_J4-2.js",
      "kind": "script",
      "source": "browser-preview"
    },
    {
      "method": "GET",
      "path": "/_astro/localToUtc.CrWG2CBc.js",
      "kind": "script",
      "source": "browser-preview"
    },
    {
      "method": "GET",
      "path": "/_astro/interpretations.BaZkYN67.js",
      "kind": "script",
      "source": "browser-preview"
    },
    {
      "method": "GET",
      "path": "/_astro/AstroTerm.7K8SAipO.js",
      "kind": "script",
      "source": "browser-preview"
    },
    {
      "method": "GET",
      "path": "/_astro/SignChip.Dx3tQVZl.js",
      "kind": "script",
      "source": "browser-preview"
    },
    {
      "method": "GET",
      "path": "/_astro/AspectGlyph.DMIAGIQV.js",
      "kind": "script",
      "source": "browser-preview"
    },
    {
      "method": "GET",
      "path": "/_astro/Wheel.RNRSqGob.js",
      "kind": "script",
      "source": "browser-preview"
    },
    {
      "method": "GET",
      "path": "/_astro/dignities.BycBkP8Y.js",
      "kind": "script",
      "source": "browser-preview"
    },
    {
      "method": "GET",
      "path": "/_astro/houses.5SlbILVS.js",
      "kind": "script",
      "source": "browser-preview"
    },
    {
      "method": "GET",
      "path": "/_astro/technical-layout.DQIjXHHb.js",
      "kind": "script",
      "source": "browser-preview"
    },
    {
      "method": "GET",
      "path": "/_astro/lite.DKWHZC5_.js",
      "kind": "script",
      "source": "browser-preview"
    },
    {
      "method": "GET",
      "path": "/_astro/learning-input-identity.C-WLv51I.js",
      "kind": "script",
      "source": "browser-preview"
    },
    {
      "method": "GET",
      "path": "/_astro/post-chart-context.BZ1tHGpl.js",
      "kind": "script",
      "source": "browser-preview"
    },
    {
      "method": "GET",
      "path": "/assets/app-icons/v3/favicon.svg",
      "kind": "other",
      "source": "browser-preview"
    },
    {
      "method": "GET",
      "path": "/_astro/chunk-INI453VG.BxjMUPBs.js",
      "kind": "script",
      "source": "browser-preview"
    },
    {
      "method": "GET",
      "path": "/_astro/paths.DYbAuceH.js",
      "kind": "script",
      "source": "browser-preview"
    },
    {
      "method": "GET",
      "path": "/_astro/rolldown-runtime.DK3Fl9T5.js",
      "kind": "script",
      "source": "browser-preview"
    },
    {
      "method": "GET",
      "path": "/_astro/civil-date.CpOZUt7Z.js",
      "kind": "script",
      "source": "browser-preview"
    },
    {
      "method": "GET",
      "path": "/_astro/technical-locales.DDKucXXd.js",
      "kind": "script",
      "source": "browser-preview"
    },
    {
      "method": "GET",
      "path": "/_astro/PlaceSearch.D1WsU_jW.js",
      "kind": "script",
      "source": "browser-preview"
    },
    {
      "method": "GET",
      "path": "/_astro/chart-signature.-is-2T7w.js",
      "kind": "script",
      "source": "browser-preview"
    },
    {
      "method": "GET",
      "path": "/_astro/natal.D7JKDSdx.js",
      "kind": "script",
      "source": "browser-preview"
    },
    {
      "method": "GET",
      "path": "/_astro/synastry.rhUg9_9F.js",
      "kind": "script",
      "source": "browser-preview"
    },
    {
      "method": "GET",
      "path": "/_astro/aspects.BNC-J2iD.js",
      "kind": "script",
      "source": "browser-preview"
    },
    {
      "method": "GET",
      "path": "/_astro/compat.Bjc3uaB7.js",
      "kind": "script",
      "source": "browser-preview"
    },
    {
      "method": "GET",
      "path": "/_astro/ChartActionDock.v70WmYt8.js",
      "kind": "script",
      "source": "browser-preview"
    },
    {
      "method": "GET",
      "path": "/_astro/LearningPractice.CSqTNZrv.js",
      "kind": "script",
      "source": "browser-preview"
    },
    {
      "method": "GET",
      "path": "/_astro/chart-context-copy.UBOz97Jz.js",
      "kind": "script",
      "source": "browser-preview"
    },
    {
      "method": "GET",
      "path": "/_astro/AspectPatternFeature.JIFgyNsc.js",
      "kind": "script",
      "source": "browser-preview"
    },
    {
      "method": "GET",
      "path": "/_astro/use-learning-sources.rIwWXPg-.js",
      "kind": "script",
      "source": "browser-preview"
    },
    {
      "method": "GET",
      "path": "/_astro/schema.DqKqbGHb.js",
      "kind": "script",
      "source": "browser-preview"
    },
    {
      "method": "GET",
      "path": "/_astro/read-store.CIuzJaHq.js",
      "kind": "script",
      "source": "browser-preview"
    },
    {
      "method": "GET",
      "path": "/_astro/full.AQ--_mi-.js",
      "kind": "script",
      "source": "browser-preview"
    },
    {
      "method": "GET",
      "path": "/_astro/chart-adapter.K-QfJlbI.js",
      "kind": "script",
      "source": "browser-preview"
    },
    {
      "method": "GET",
      "path": "/assets/app-icons/v3/favicon.svg",
      "kind": "other",
      "source": "browser-preview"
    },
    {
      "method": "GET",
      "path": "/_astro/calculator-receipt.Sj7p-7nE.js",
      "kind": "script",
      "source": "browser-preview"
    },
    {
      "method": "GET",
      "path": "/assets/site-footer.css",
      "kind": "stylesheet",
      "source": "browser-preview"
    },
    {
      "method": "GET",
      "path": "/_astro/PositionsShareSurface.DT0CW1_r.js",
      "kind": "script",
      "source": "browser-preview"
    },
    {
      "method": "GET",
      "path": "/_astro/share-positions.D3o0ugj4.js",
      "kind": "script",
      "source": "browser-preview"
    },
    {
      "method": "GET",
      "path": "/_astro/share-card.DovPi6oZ.js",
      "kind": "script",
      "source": "browser-preview"
    },
    {
      "method": "GET",
      "path": "/_astro/share-card-brand.CJKZtcRK.js",
      "kind": "script",
      "source": "browser-preview"
    },
    {
      "method": "GET",
      "path": "/_astro/share-card-copy.D0c42nic.js",
      "kind": "script",
      "source": "browser-preview"
    },
    {
      "method": "GET",
      "path": "/_astro/CalendarSubscribe.DXtj1Bbr.js",
      "kind": "script",
      "source": "browser-preview"
    },
    {
      "method": "GET",
      "path": "/_astro/CommunicationRead.ooCKD9f4.js",
      "kind": "script",
      "source": "browser-preview"
    },
    {
      "method": "GET",
      "path": "/_astro/ApproachRead.Bcve0KbT.js",
      "kind": "script",
      "source": "browser-preview"
    },
    {
      "method": "GET",
      "path": "/_astro/PwaInstallPrompt.BCohgdPv.js",
      "kind": "script",
      "source": "browser-preview"
    },
    {
      "method": "GET",
      "path": "/_astro/a2hs.WonhOqdm.js",
      "kind": "script",
      "source": "browser-preview"
    },
    {
      "method": "GET",
      "path": "/assets/zodiac-icons/128/capricorn.avif",
      "kind": "image",
      "source": "browser-preview"
    },
    {
      "method": "GET",
      "path": "/assets/zodiac-icons/128/taurus.avif",
      "kind": "image",
      "source": "browser-preview"
    },
    {
      "method": "GET",
      "path": "/assets/zodiac-icons/128/libra.avif",
      "kind": "image",
      "source": "browser-preview"
    },
    {
      "method": "GET",
      "path": "/assets/zodiac-icons/128/aries.webp",
      "kind": "image",
      "source": "browser-preview"
    },
    {
      "method": "GET",
      "path": "/assets/zodiac-icons/128/taurus.webp",
      "kind": "image",
      "source": "browser-preview"
    },
    {
      "method": "GET",
      "path": "/assets/zodiac-icons/128/gemini.webp",
      "kind": "image",
      "source": "browser-preview"
    },
    {
      "method": "GET",
      "path": "/assets/zodiac-icons/128/cancer.webp",
      "kind": "image",
      "source": "browser-preview"
    },
    {
      "method": "GET",
      "path": "/assets/zodiac-icons/128/leo.webp",
      "kind": "image",
      "source": "browser-preview"
    },
    {
      "method": "GET",
      "path": "/assets/zodiac-icons/128/virgo.webp",
      "kind": "image",
      "source": "browser-preview"
    },
    {
      "method": "GET",
      "path": "/assets/zodiac-icons/128/libra.webp",
      "kind": "image",
      "source": "browser-preview"
    },
    {
      "method": "GET",
      "path": "/assets/zodiac-icons/128/scorpio.webp",
      "kind": "image",
      "source": "browser-preview"
    },
    {
      "method": "GET",
      "path": "/assets/zodiac-icons/128/sagittarius.webp",
      "kind": "image",
      "source": "browser-preview"
    },
    {
      "method": "GET",
      "path": "/assets/zodiac-icons/128/capricorn.webp",
      "kind": "image",
      "source": "browser-preview"
    },
    {
      "method": "GET",
      "path": "/assets/zodiac-icons/128/aquarius.webp",
      "kind": "image",
      "source": "browser-preview"
    },
    {
      "method": "GET",
      "path": "/assets/zodiac-icons/128/pisces.webp",
      "kind": "image",
      "source": "browser-preview"
    },
    {
      "method": "GET",
      "path": "/_astro/store.B9KwR70B.js",
      "kind": "script",
      "source": "browser-preview"
    },
    {
      "method": "GET",
      "path": "/_astro/deletions.DUQYISzq.js",
      "kind": "script",
      "source": "browser-preview"
    },
    {
      "method": "GET",
      "path": "/assets/zodiac-icons/128/aries.webp",
      "kind": "fetch",
      "source": "browser-preview"
    },
    {
      "method": "GET",
      "path": "/assets/zodiac-icons/128/taurus.webp",
      "kind": "fetch",
      "source": "browser-preview"
    },
    {
      "method": "GET",
      "path": "/assets/zodiac-icons/128/gemini.webp",
      "kind": "fetch",
      "source": "browser-preview"
    },
    {
      "method": "GET",
      "path": "/assets/zodiac-icons/128/cancer.webp",
      "kind": "fetch",
      "source": "browser-preview"
    },
    {
      "method": "GET",
      "path": "/assets/zodiac-icons/128/leo.webp",
      "kind": "fetch",
      "source": "browser-preview"
    },
    {
      "method": "GET",
      "path": "/assets/zodiac-icons/128/virgo.webp",
      "kind": "fetch",
      "source": "browser-preview"
    },
    {
      "method": "GET",
      "path": "/assets/zodiac-icons/128/libra.webp",
      "kind": "fetch",
      "source": "browser-preview"
    },
    {
      "method": "GET",
      "path": "/assets/zodiac-icons/128/scorpio.webp",
      "kind": "fetch",
      "source": "browser-preview"
    },
    {
      "method": "GET",
      "path": "/assets/zodiac-icons/128/sagittarius.webp",
      "kind": "fetch",
      "source": "browser-preview"
    },
    {
      "method": "GET",
      "path": "/assets/zodiac-icons/128/capricorn.webp",
      "kind": "fetch",
      "source": "browser-preview"
    },
    {
      "method": "GET",
      "path": "/assets/zodiac-icons/128/aquarius.webp",
      "kind": "fetch",
      "source": "browser-preview"
    },
    {
      "method": "GET",
      "path": "/assets/zodiac-icons/128/pisces.webp",
      "kind": "fetch",
      "source": "browser-preview"
    },
    {
      "method": "GET",
      "path": "/assets/zodiac-icons/128/libra.webp",
      "kind": "fetch",
      "source": "browser-preview"
    },
    {
      "method": "GET",
      "path": "/assets/zodiac-icons/128/capricorn.webp",
      "kind": "fetch",
      "source": "browser-preview"
    },
    {
      "method": "GET",
      "path": "/assets/zodiac-icons/128/taurus.webp",
      "kind": "fetch",
      "source": "browser-preview"
    },
    {
      "method": "GET",
      "path": "/assets/zodiac-icons/128/scorpio.webp",
      "kind": "fetch",
      "source": "browser-preview"
    },
    {
      "method": "GET",
      "path": "/assets/zodiac-icons/128/capricorn.webp",
      "kind": "fetch",
      "source": "browser-preview"
    },
    {
      "method": "GET",
      "path": "/assets/zodiac-icons/128/taurus.webp",
      "kind": "fetch",
      "source": "browser-preview"
    },
    {
      "method": "GET",
      "path": "/assets/zodiac-icons/128/scorpio.webp",
      "kind": "fetch",
      "source": "browser-preview"
    },
    {
      "method": "GET",
      "path": "/fonts/eb-garamond-latin-400-italic.woff2",
      "kind": "font",
      "source": "browser-preview"
    },
    {
      "method": "GET",
      "path": "/assets/app-icons/v3/icon-512.png",
      "kind": "fetch",
      "source": "browser-preview"
    },
    {
      "method": "GET",
      "path": "/assets/app-icons/v3/icon-512.png",
      "kind": "fetch",
      "source": "browser-preview"
    },
    {
      "method": "GET",
      "path": "/assets/app-icons/v3/icon-512.png",
      "kind": "fetch",
      "source": "browser-preview"
    },
    {
      "method": "GET",
      "path": "/assets/assistant-ui.js",
      "kind": "script",
      "source": "browser-preview"
    },
    {
      "method": "GET",
      "path": "/assets/assistant-ui.css",
      "kind": "stylesheet",
      "source": "browser-preview"
    },
    {
      "method": "GET",
      "path": "/assets/guide-avatar.webp",
      "kind": "image",
      "source": "browser-preview"
    },
    {
      "method": "GET",
      "path": "/assets/zodiac-icons/48/libra.avif",
      "kind": "image",
      "source": "browser-preview"
    },
    {
      "method": "GET",
      "path": "/assets/zodiac-icons/48/capricorn.avif",
      "kind": "image",
      "source": "browser-preview"
    },
    {
      "method": "GET",
      "path": "/assets/zodiac-icons/48/taurus.avif",
      "kind": "image",
      "source": "browser-preview"
    },
    {
      "method": "GET",
      "path": "/assets/zodiac-icons/48/scorpio.avif",
      "kind": "image",
      "source": "browser-preview"
    },
    {
      "method": "GET",
      "path": "/birth-chart/",
      "kind": "document",
      "source": "browser-preview"
    },
    {
      "method": "GET",
      "path": "/fonts/instrument-sans-latin-wght-normal.woff2",
      "kind": "font",
      "source": "browser-preview"
    },
    {
      "method": "GET",
      "path": "/fonts/eb-garamond-latin-400-normal.woff2",
      "kind": "font",
      "source": "browser-preview"
    },
    {
      "method": "GET",
      "path": "/fonts/eb-garamond-latin-500-normal.woff2",
      "kind": "font",
      "source": "browser-preview"
    },
    {
      "method": "GET",
      "path": "/_astro/explorer.ijMRUwvv.css",
      "kind": "stylesheet",
      "source": "browser-preview"
    },
    {
      "method": "GET",
      "path": "/_astro/ChartActionDock.Cc8zzTbx.css",
      "kind": "stylesheet",
      "source": "browser-preview"
    },
    {
      "method": "GET",
      "path": "/js/pa-HwF2IBb5Sw8eboNPSOgHv.js",
      "kind": "script",
      "source": "browser-preview"
    },
    {
      "method": "GET",
      "path": "/_astro/AstroTerm.astro_astro_type_script_index_0_lang.DB1iYTmP.js",
      "kind": "script",
      "source": "browser-preview"
    },
    {
      "method": "GET",
      "path": "/fonts/jetbrains-mono-latin-wght-normal.woff2",
      "kind": "font",
      "source": "browser-preview"
    },
    {
      "method": "GET",
      "path": "/_astro/ChartCalculator.CohOHP8k.js",
      "kind": "script",
      "source": "browser-preview"
    },
    {
      "method": "GET",
      "path": "/_astro/client.DPkn9Lbl.js",
      "kind": "script",
      "source": "browser-preview"
    },
    {
      "method": "GET",
      "path": "/_astro/preload-helper.L5lOfJxi.js",
      "kind": "script",
      "source": "browser-preview"
    },
    {
      "method": "GET",
      "path": "/_astro/preact.module.Bjq9tLsx.js",
      "kind": "script",
      "source": "browser-preview"
    },
    {
      "method": "GET",
      "path": "/_astro/context-help-client.BqVrBbz0.js",
      "kind": "script",
      "source": "browser-preview"
    },
    {
      "method": "GET",
      "path": "/_astro/analytics.CH5T6e-b.js",
      "kind": "script",
      "source": "browser-preview"
    },
    {
      "method": "GET",
      "path": "/_astro/hooks.module.C0_8FjiD.js",
      "kind": "script",
      "source": "browser-preview"
    },
    {
      "method": "GET",
      "path": "/_astro/profile-access-reader.DoQqlSjt.js",
      "kind": "script",
      "source": "browser-preview"
    },
    {
      "method": "GET",
      "path": "/_astro/chunk-H7RJKCBO.BUIGSNBz.js",
      "kind": "script",
      "source": "browser-preview"
    },
    {
      "method": "GET",
      "path": "/_astro/signs.BMXPKoMF.js",
      "kind": "script",
      "source": "browser-preview"
    },
    {
      "method": "GET",
      "path": "/_astro/jsxRuntime.module.BG9KJlGc.js",
      "kind": "script",
      "source": "browser-preview"
    },
    {
      "method": "GET",
      "path": "/_astro/PlanetGlyph.BhITbtcc.js",
      "kind": "script",
      "source": "browser-preview"
    },
    {
      "method": "GET",
      "path": "/_astro/i18n.Cg_lCJuc.js",
      "kind": "script",
      "source": "browser-preview"
    },
    {
      "method": "GET",
      "path": "/_astro/CalculationReload.DXyGkRsn.js",
      "kind": "script",
      "source": "browser-preview"
    },
    {
      "method": "GET",
      "path": "/_astro/astrology.BHib5efU.js",
      "kind": "script",
      "source": "browser-preview"
    },
    {
      "method": "GET",
      "path": "/_astro/share.BRlg0eGS.js",
      "kind": "script",
      "source": "browser-preview"
    },
    {
      "method": "GET",
      "path": "/_astro/chart-handoff.Dvz2AAcL.js",
      "kind": "script",
      "source": "browser-preview"
    },
    {
      "method": "GET",
      "path": "/_astro/useProfileAccessGeneration.w2JLb1F6.js",
      "kind": "script",
      "source": "browser-preview"
    },
    {
      "method": "GET",
      "path": "/_astro/useEngine.BV92cVg4.js",
      "kind": "script",
      "source": "browser-preview"
    },
    {
      "method": "GET",
      "path": "/_astro/BirthFields.VmY_J4-2.js",
      "kind": "script",
      "source": "browser-preview"
    },
    {
      "method": "GET",
      "path": "/_astro/localToUtc.CrWG2CBc.js",
      "kind": "script",
      "source": "browser-preview"
    },
    {
      "method": "GET",
      "path": "/_astro/interpretations.BaZkYN67.js",
      "kind": "script",
      "source": "browser-preview"
    },
    {
      "method": "GET",
      "path": "/_astro/AstroTerm.7K8SAipO.js",
      "kind": "script",
      "source": "browser-preview"
    },
    {
      "method": "GET",
      "path": "/_astro/SignChip.Dx3tQVZl.js",
      "kind": "script",
      "source": "browser-preview"
    },
    {
      "method": "GET",
      "path": "/_astro/AspectGlyph.DMIAGIQV.js",
      "kind": "script",
      "source": "browser-preview"
    },
    {
      "method": "GET",
      "path": "/_astro/Wheel.RNRSqGob.js",
      "kind": "script",
      "source": "browser-preview"
    },
    {
      "method": "GET",
      "path": "/_astro/dignities.BycBkP8Y.js",
      "kind": "script",
      "source": "browser-preview"
    },
    {
      "method": "GET",
      "path": "/_astro/houses.5SlbILVS.js",
      "kind": "script",
      "source": "browser-preview"
    },
    {
      "method": "GET",
      "path": "/_astro/technical-layout.DQIjXHHb.js",
      "kind": "script",
      "source": "browser-preview"
    },
    {
      "method": "GET",
      "path": "/_astro/lite.DKWHZC5_.js",
      "kind": "script",
      "source": "browser-preview"
    },
    {
      "method": "GET",
      "path": "/_astro/learning-input-identity.C-WLv51I.js",
      "kind": "script",
      "source": "browser-preview"
    },
    {
      "method": "GET",
      "path": "/_astro/post-chart-context.BZ1tHGpl.js",
      "kind": "script",
      "source": "browser-preview"
    },
    {
      "method": "GET",
      "path": "/assets/app-icons/v3/favicon.svg",
      "kind": "other",
      "source": "browser-preview"
    },
    {
      "method": "GET",
      "path": "/_astro/chunk-INI453VG.BxjMUPBs.js",
      "kind": "script",
      "source": "browser-preview"
    },
    {
      "method": "GET",
      "path": "/_astro/rolldown-runtime.DK3Fl9T5.js",
      "kind": "script",
      "source": "browser-preview"
    },
    {
      "method": "GET",
      "path": "/_astro/civil-date.CpOZUt7Z.js",
      "kind": "script",
      "source": "browser-preview"
    },
    {
      "method": "GET",
      "path": "/_astro/technical-locales.DDKucXXd.js",
      "kind": "script",
      "source": "browser-preview"
    },
    {
      "method": "GET",
      "path": "/_astro/PlaceSearch.D1WsU_jW.js",
      "kind": "script",
      "source": "browser-preview"
    },
    {
      "method": "GET",
      "path": "/_astro/paths.DYbAuceH.js",
      "kind": "script",
      "source": "browser-preview"
    },
    {
      "method": "GET",
      "path": "/_astro/chart-signature.-is-2T7w.js",
      "kind": "script",
      "source": "browser-preview"
    },
    {
      "method": "GET",
      "path": "/_astro/natal.D7JKDSdx.js",
      "kind": "script",
      "source": "browser-preview"
    },
    {
      "method": "GET",
      "path": "/_astro/synastry.rhUg9_9F.js",
      "kind": "script",
      "source": "browser-preview"
    },
    {
      "method": "GET",
      "path": "/_astro/aspects.BNC-J2iD.js",
      "kind": "script",
      "source": "browser-preview"
    },
    {
      "method": "GET",
      "path": "/_astro/compat.Bjc3uaB7.js",
      "kind": "script",
      "source": "browser-preview"
    },
    {
      "method": "GET",
      "path": "/_astro/ChartActionDock.v70WmYt8.js",
      "kind": "script",
      "source": "browser-preview"
    },
    {
      "method": "GET",
      "path": "/_astro/LearningPractice.CSqTNZrv.js",
      "kind": "script",
      "source": "browser-preview"
    },
    {
      "method": "GET",
      "path": "/_astro/chart-context-copy.UBOz97Jz.js",
      "kind": "script",
      "source": "browser-preview"
    },
    {
      "method": "GET",
      "path": "/_astro/AspectPatternFeature.JIFgyNsc.js",
      "kind": "script",
      "source": "browser-preview"
    },
    {
      "method": "GET",
      "path": "/_astro/use-learning-sources.rIwWXPg-.js",
      "kind": "script",
      "source": "browser-preview"
    },
    {
      "method": "GET",
      "path": "/_astro/schema.DqKqbGHb.js",
      "kind": "script",
      "source": "browser-preview"
    },
    {
      "method": "GET",
      "path": "/_astro/read-store.CIuzJaHq.js",
      "kind": "script",
      "source": "browser-preview"
    },
    {
      "method": "GET",
      "path": "/_astro/full.AQ--_mi-.js",
      "kind": "script",
      "source": "browser-preview"
    },
    {
      "method": "GET",
      "path": "/_astro/chart-adapter.K-QfJlbI.js",
      "kind": "script",
      "source": "browser-preview"
    },
    {
      "method": "GET",
      "path": "/assets/app-icons/v3/favicon.svg",
      "kind": "other",
      "source": "browser-preview"
    },
    {
      "method": "GET",
      "path": "/_astro/calculator-receipt.Sj7p-7nE.js",
      "kind": "script",
      "source": "browser-preview"
    },
    {
      "method": "GET",
      "path": "/assets/site-footer.css",
      "kind": "stylesheet",
      "source": "browser-preview"
    },
    {
      "method": "GET",
      "path": "/_astro/PositionsShareSurface.DT0CW1_r.js",
      "kind": "script",
      "source": "browser-preview"
    },
    {
      "method": "GET",
      "path": "/_astro/share-positions.D3o0ugj4.js",
      "kind": "script",
      "source": "browser-preview"
    },
    {
      "method": "GET",
      "path": "/_astro/share-card.DovPi6oZ.js",
      "kind": "script",
      "source": "browser-preview"
    },
    {
      "method": "GET",
      "path": "/_astro/share-card-brand.CJKZtcRK.js",
      "kind": "script",
      "source": "browser-preview"
    },
    {
      "method": "GET",
      "path": "/_astro/share-card-copy.D0c42nic.js",
      "kind": "script",
      "source": "browser-preview"
    },
    {
      "method": "GET",
      "path": "/_astro/CalendarSubscribe.DXtj1Bbr.js",
      "kind": "script",
      "source": "browser-preview"
    },
    {
      "method": "GET",
      "path": "/_astro/CommunicationRead.ooCKD9f4.js",
      "kind": "script",
      "source": "browser-preview"
    },
    {
      "method": "GET",
      "path": "/_astro/ApproachRead.Bcve0KbT.js",
      "kind": "script",
      "source": "browser-preview"
    },
    {
      "method": "GET",
      "path": "/_astro/PwaInstallPrompt.BCohgdPv.js",
      "kind": "script",
      "source": "browser-preview"
    },
    {
      "method": "GET",
      "path": "/_astro/a2hs.WonhOqdm.js",
      "kind": "script",
      "source": "browser-preview"
    },
    {
      "method": "GET",
      "path": "/assets/zodiac-icons/128/aries.avif",
      "kind": "image",
      "source": "browser-preview"
    },
    {
      "method": "GET",
      "path": "/assets/zodiac-icons/128/aquarius.avif",
      "kind": "image",
      "source": "browser-preview"
    },
    {
      "method": "GET",
      "path": "/assets/zodiac-icons/128/capricorn.avif",
      "kind": "image",
      "source": "browser-preview"
    },
    {
      "method": "GET",
      "path": "/assets/zodiac-icons/128/aries.webp",
      "kind": "image",
      "source": "browser-preview"
    },
    {
      "method": "GET",
      "path": "/assets/zodiac-icons/128/taurus.webp",
      "kind": "image",
      "source": "browser-preview"
    },
    {
      "method": "GET",
      "path": "/assets/zodiac-icons/128/gemini.webp",
      "kind": "image",
      "source": "browser-preview"
    },
    {
      "method": "GET",
      "path": "/assets/zodiac-icons/128/cancer.webp",
      "kind": "image",
      "source": "browser-preview"
    },
    {
      "method": "GET",
      "path": "/assets/zodiac-icons/128/leo.webp",
      "kind": "image",
      "source": "browser-preview"
    },
    {
      "method": "GET",
      "path": "/assets/zodiac-icons/128/virgo.webp",
      "kind": "image",
      "source": "browser-preview"
    },
    {
      "method": "GET",
      "path": "/assets/zodiac-icons/128/libra.webp",
      "kind": "image",
      "source": "browser-preview"
    },
    {
      "method": "GET",
      "path": "/assets/zodiac-icons/128/scorpio.webp",
      "kind": "image",
      "source": "browser-preview"
    },
    {
      "method": "GET",
      "path": "/assets/zodiac-icons/128/sagittarius.webp",
      "kind": "image",
      "source": "browser-preview"
    },
    {
      "method": "GET",
      "path": "/assets/zodiac-icons/128/capricorn.webp",
      "kind": "image",
      "source": "browser-preview"
    },
    {
      "method": "GET",
      "path": "/assets/zodiac-icons/128/aquarius.webp",
      "kind": "image",
      "source": "browser-preview"
    },
    {
      "method": "GET",
      "path": "/assets/zodiac-icons/128/pisces.webp",
      "kind": "image",
      "source": "browser-preview"
    },
    {
      "method": "GET",
      "path": "/_astro/store.B9KwR70B.js",
      "kind": "script",
      "source": "browser-preview"
    },
    {
      "method": "GET",
      "path": "/_astro/deletions.DUQYISzq.js",
      "kind": "script",
      "source": "browser-preview"
    },
    {
      "method": "GET",
      "path": "/assets/zodiac-icons/128/aries.webp",
      "kind": "fetch",
      "source": "browser-preview"
    },
    {
      "method": "GET",
      "path": "/assets/zodiac-icons/128/taurus.webp",
      "kind": "fetch",
      "source": "browser-preview"
    },
    {
      "method": "GET",
      "path": "/assets/zodiac-icons/128/gemini.webp",
      "kind": "fetch",
      "source": "browser-preview"
    },
    {
      "method": "GET",
      "path": "/assets/zodiac-icons/128/cancer.webp",
      "kind": "fetch",
      "source": "browser-preview"
    },
    {
      "method": "GET",
      "path": "/assets/zodiac-icons/128/leo.webp",
      "kind": "fetch",
      "source": "browser-preview"
    },
    {
      "method": "GET",
      "path": "/assets/zodiac-icons/128/virgo.webp",
      "kind": "fetch",
      "source": "browser-preview"
    },
    {
      "method": "GET",
      "path": "/assets/zodiac-icons/128/libra.webp",
      "kind": "fetch",
      "source": "browser-preview"
    },
    {
      "method": "GET",
      "path": "/assets/zodiac-icons/128/scorpio.webp",
      "kind": "fetch",
      "source": "browser-preview"
    },
    {
      "method": "GET",
      "path": "/assets/zodiac-icons/128/sagittarius.webp",
      "kind": "fetch",
      "source": "browser-preview"
    },
    {
      "method": "GET",
      "path": "/assets/zodiac-icons/128/capricorn.webp",
      "kind": "fetch",
      "source": "browser-preview"
    },
    {
      "method": "GET",
      "path": "/assets/zodiac-icons/128/aquarius.webp",
      "kind": "fetch",
      "source": "browser-preview"
    },
    {
      "method": "GET",
      "path": "/assets/zodiac-icons/128/pisces.webp",
      "kind": "fetch",
      "source": "browser-preview"
    },
    {
      "method": "GET",
      "path": "/assets/zodiac-icons/128/capricorn.webp",
      "kind": "fetch",
      "source": "browser-preview"
    },
    {
      "method": "GET",
      "path": "/assets/zodiac-icons/128/pisces.webp",
      "kind": "fetch",
      "source": "browser-preview"
    },
    {
      "method": "GET",
      "path": "/assets/zodiac-icons/128/aquarius.webp",
      "kind": "fetch",
      "source": "browser-preview"
    },
    {
      "method": "GET",
      "path": "/assets/zodiac-icons/128/libra.webp",
      "kind": "fetch",
      "source": "browser-preview"
    },
    {
      "method": "GET",
      "path": "/assets/zodiac-icons/128/pisces.webp",
      "kind": "fetch",
      "source": "browser-preview"
    },
    {
      "method": "GET",
      "path": "/assets/zodiac-icons/128/aquarius.webp",
      "kind": "fetch",
      "source": "browser-preview"
    },
    {
      "method": "GET",
      "path": "/assets/zodiac-icons/128/libra.webp",
      "kind": "fetch",
      "source": "browser-preview"
    },
    {
      "method": "GET",
      "path": "/fonts/eb-garamond-latin-400-italic.woff2",
      "kind": "font",
      "source": "browser-preview"
    },
    {
      "method": "GET",
      "path": "/assets/app-icons/v3/icon-512.png",
      "kind": "fetch",
      "source": "browser-preview"
    },
    {
      "method": "GET",
      "path": "/assets/app-icons/v3/icon-512.png",
      "kind": "fetch",
      "source": "browser-preview"
    },
    {
      "method": "GET",
      "path": "/assets/app-icons/v3/icon-512.png",
      "kind": "fetch",
      "source": "browser-preview"
    },
    {
      "method": "GET",
      "path": "/assets/assistant-ui.js",
      "kind": "script",
      "source": "browser-preview"
    },
    {
      "method": "GET",
      "path": "/assets/assistant-ui.css",
      "kind": "stylesheet",
      "source": "browser-preview"
    },
    {
      "method": "GET",
      "path": "/assets/guide-avatar.webp",
      "kind": "image",
      "source": "browser-preview"
    },
    {
      "method": "GET",
      "path": "/assets/zodiac-icons/48/capricorn.avif",
      "kind": "image",
      "source": "browser-preview"
    },
    {
      "method": "GET",
      "path": "/assets/zodiac-icons/48/pisces.avif",
      "kind": "image",
      "source": "browser-preview"
    },
    {
      "method": "GET",
      "path": "/assets/zodiac-icons/48/aquarius.avif",
      "kind": "image",
      "source": "browser-preview"
    },
    {
      "method": "GET",
      "path": "/assets/zodiac-icons/48/libra.avif",
      "kind": "image",
      "source": "browser-preview"
    },
    {
      "method": "GET",
      "path": "/birth-chart/",
      "kind": "document",
      "source": "browser-preview"
    },
    {
      "method": "GET",
      "path": "/fonts/instrument-sans-latin-wght-normal.woff2",
      "kind": "font",
      "source": "browser-preview"
    },
    {
      "method": "GET",
      "path": "/fonts/eb-garamond-latin-400-normal.woff2",
      "kind": "font",
      "source": "browser-preview"
    },
    {
      "method": "GET",
      "path": "/fonts/eb-garamond-latin-500-normal.woff2",
      "kind": "font",
      "source": "browser-preview"
    },
    {
      "method": "GET",
      "path": "/_astro/explorer.ijMRUwvv.css",
      "kind": "stylesheet",
      "source": "browser-preview"
    },
    {
      "method": "GET",
      "path": "/_astro/ChartActionDock.Cc8zzTbx.css",
      "kind": "stylesheet",
      "source": "browser-preview"
    },
    {
      "method": "GET",
      "path": "/js/pa-HwF2IBb5Sw8eboNPSOgHv.js",
      "kind": "script",
      "source": "browser-preview"
    },
    {
      "method": "GET",
      "path": "/_astro/AstroTerm.astro_astro_type_script_index_0_lang.DB1iYTmP.js",
      "kind": "script",
      "source": "browser-preview"
    },
    {
      "method": "GET",
      "path": "/fonts/jetbrains-mono-latin-wght-normal.woff2",
      "kind": "font",
      "source": "browser-preview"
    },
    {
      "method": "GET",
      "path": "/_astro/ChartCalculator.CohOHP8k.js",
      "kind": "script",
      "source": "browser-preview"
    },
    {
      "method": "GET",
      "path": "/_astro/client.DPkn9Lbl.js",
      "kind": "script",
      "source": "browser-preview"
    },
    {
      "method": "GET",
      "path": "/_astro/preload-helper.L5lOfJxi.js",
      "kind": "script",
      "source": "browser-preview"
    },
    {
      "method": "GET",
      "path": "/_astro/preact.module.Bjq9tLsx.js",
      "kind": "script",
      "source": "browser-preview"
    },
    {
      "method": "GET",
      "path": "/_astro/context-help-client.BqVrBbz0.js",
      "kind": "script",
      "source": "browser-preview"
    },
    {
      "method": "GET",
      "path": "/_astro/analytics.CH5T6e-b.js",
      "kind": "script",
      "source": "browser-preview"
    },
    {
      "method": "GET",
      "path": "/_astro/hooks.module.C0_8FjiD.js",
      "kind": "script",
      "source": "browser-preview"
    },
    {
      "method": "GET",
      "path": "/_astro/profile-access-reader.DoQqlSjt.js",
      "kind": "script",
      "source": "browser-preview"
    },
    {
      "method": "GET",
      "path": "/_astro/chunk-H7RJKCBO.BUIGSNBz.js",
      "kind": "script",
      "source": "browser-preview"
    },
    {
      "method": "GET",
      "path": "/_astro/signs.BMXPKoMF.js",
      "kind": "script",
      "source": "browser-preview"
    },
    {
      "method": "GET",
      "path": "/_astro/jsxRuntime.module.BG9KJlGc.js",
      "kind": "script",
      "source": "browser-preview"
    },
    {
      "method": "GET",
      "path": "/_astro/PlanetGlyph.BhITbtcc.js",
      "kind": "script",
      "source": "browser-preview"
    },
    {
      "method": "GET",
      "path": "/_astro/i18n.Cg_lCJuc.js",
      "kind": "script",
      "source": "browser-preview"
    },
    {
      "method": "GET",
      "path": "/_astro/CalculationReload.DXyGkRsn.js",
      "kind": "script",
      "source": "browser-preview"
    },
    {
      "method": "GET",
      "path": "/_astro/astrology.BHib5efU.js",
      "kind": "script",
      "source": "browser-preview"
    },
    {
      "method": "GET",
      "path": "/_astro/share.BRlg0eGS.js",
      "kind": "script",
      "source": "browser-preview"
    },
    {
      "method": "GET",
      "path": "/_astro/chart-handoff.Dvz2AAcL.js",
      "kind": "script",
      "source": "browser-preview"
    },
    {
      "method": "GET",
      "path": "/_astro/useProfileAccessGeneration.w2JLb1F6.js",
      "kind": "script",
      "source": "browser-preview"
    },
    {
      "method": "GET",
      "path": "/_astro/useEngine.BV92cVg4.js",
      "kind": "script",
      "source": "browser-preview"
    },
    {
      "method": "GET",
      "path": "/_astro/BirthFields.VmY_J4-2.js",
      "kind": "script",
      "source": "browser-preview"
    },
    {
      "method": "GET",
      "path": "/_astro/localToUtc.CrWG2CBc.js",
      "kind": "script",
      "source": "browser-preview"
    },
    {
      "method": "GET",
      "path": "/_astro/interpretations.BaZkYN67.js",
      "kind": "script",
      "source": "browser-preview"
    },
    {
      "method": "GET",
      "path": "/_astro/AstroTerm.7K8SAipO.js",
      "kind": "script",
      "source": "browser-preview"
    },
    {
      "method": "GET",
      "path": "/_astro/SignChip.Dx3tQVZl.js",
      "kind": "script",
      "source": "browser-preview"
    },
    {
      "method": "GET",
      "path": "/_astro/AspectGlyph.DMIAGIQV.js",
      "kind": "script",
      "source": "browser-preview"
    },
    {
      "method": "GET",
      "path": "/_astro/Wheel.RNRSqGob.js",
      "kind": "script",
      "source": "browser-preview"
    },
    {
      "method": "GET",
      "path": "/_astro/dignities.BycBkP8Y.js",
      "kind": "script",
      "source": "browser-preview"
    },
    {
      "method": "GET",
      "path": "/_astro/houses.5SlbILVS.js",
      "kind": "script",
      "source": "browser-preview"
    },
    {
      "method": "GET",
      "path": "/_astro/technical-layout.DQIjXHHb.js",
      "kind": "script",
      "source": "browser-preview"
    },
    {
      "method": "GET",
      "path": "/_astro/lite.DKWHZC5_.js",
      "kind": "script",
      "source": "browser-preview"
    },
    {
      "method": "GET",
      "path": "/_astro/learning-input-identity.C-WLv51I.js",
      "kind": "script",
      "source": "browser-preview"
    },
    {
      "method": "GET",
      "path": "/_astro/post-chart-context.BZ1tHGpl.js",
      "kind": "script",
      "source": "browser-preview"
    },
    {
      "method": "GET",
      "path": "/assets/app-icons/v3/favicon.svg",
      "kind": "other",
      "source": "browser-preview"
    },
    {
      "method": "GET",
      "path": "/_astro/paths.DYbAuceH.js",
      "kind": "script",
      "source": "browser-preview"
    },
    {
      "method": "GET",
      "path": "/_astro/rolldown-runtime.DK3Fl9T5.js",
      "kind": "script",
      "source": "browser-preview"
    },
    {
      "method": "GET",
      "path": "/_astro/civil-date.CpOZUt7Z.js",
      "kind": "script",
      "source": "browser-preview"
    },
    {
      "method": "GET",
      "path": "/_astro/technical-locales.DDKucXXd.js",
      "kind": "script",
      "source": "browser-preview"
    },
    {
      "method": "GET",
      "path": "/_astro/chunk-INI453VG.BxjMUPBs.js",
      "kind": "script",
      "source": "browser-preview"
    },
    {
      "method": "GET",
      "path": "/_astro/PlaceSearch.D1WsU_jW.js",
      "kind": "script",
      "source": "browser-preview"
    },
    {
      "method": "GET",
      "path": "/_astro/chart-signature.-is-2T7w.js",
      "kind": "script",
      "source": "browser-preview"
    },
    {
      "method": "GET",
      "path": "/_astro/natal.D7JKDSdx.js",
      "kind": "script",
      "source": "browser-preview"
    },
    {
      "method": "GET",
      "path": "/_astro/synastry.rhUg9_9F.js",
      "kind": "script",
      "source": "browser-preview"
    },
    {
      "method": "GET",
      "path": "/_astro/aspects.BNC-J2iD.js",
      "kind": "script",
      "source": "browser-preview"
    },
    {
      "method": "GET",
      "path": "/_astro/compat.Bjc3uaB7.js",
      "kind": "script",
      "source": "browser-preview"
    },
    {
      "method": "GET",
      "path": "/_astro/ChartActionDock.v70WmYt8.js",
      "kind": "script",
      "source": "browser-preview"
    },
    {
      "method": "GET",
      "path": "/_astro/LearningPractice.CSqTNZrv.js",
      "kind": "script",
      "source": "browser-preview"
    },
    {
      "method": "GET",
      "path": "/_astro/chart-context-copy.UBOz97Jz.js",
      "kind": "script",
      "source": "browser-preview"
    },
    {
      "method": "GET",
      "path": "/_astro/AspectPatternFeature.JIFgyNsc.js",
      "kind": "script",
      "source": "browser-preview"
    },
    {
      "method": "GET",
      "path": "/_astro/use-learning-sources.rIwWXPg-.js",
      "kind": "script",
      "source": "browser-preview"
    },
    {
      "method": "GET",
      "path": "/_astro/schema.DqKqbGHb.js",
      "kind": "script",
      "source": "browser-preview"
    },
    {
      "method": "GET",
      "path": "/_astro/read-store.CIuzJaHq.js",
      "kind": "script",
      "source": "browser-preview"
    },
    {
      "method": "GET",
      "path": "/_astro/full.AQ--_mi-.js",
      "kind": "script",
      "source": "browser-preview"
    },
    {
      "method": "GET",
      "path": "/_astro/chart-adapter.K-QfJlbI.js",
      "kind": "script",
      "source": "browser-preview"
    },
    {
      "method": "GET",
      "path": "/assets/app-icons/v3/favicon.svg",
      "kind": "other",
      "source": "browser-preview"
    },
    {
      "method": "GET",
      "path": "/_astro/calculator-receipt.Sj7p-7nE.js",
      "kind": "script",
      "source": "browser-preview"
    },
    {
      "method": "GET",
      "path": "/assets/site-footer.css",
      "kind": "stylesheet",
      "source": "browser-preview"
    },
    {
      "method": "GET",
      "path": "/_astro/PositionsShareSurface.DT0CW1_r.js",
      "kind": "script",
      "source": "browser-preview"
    },
    {
      "method": "GET",
      "path": "/_astro/share-positions.D3o0ugj4.js",
      "kind": "script",
      "source": "browser-preview"
    },
    {
      "method": "GET",
      "path": "/_astro/share-card.DovPi6oZ.js",
      "kind": "script",
      "source": "browser-preview"
    },
    {
      "method": "GET",
      "path": "/_astro/share-card-brand.CJKZtcRK.js",
      "kind": "script",
      "source": "browser-preview"
    },
    {
      "method": "GET",
      "path": "/_astro/share-card-copy.D0c42nic.js",
      "kind": "script",
      "source": "browser-preview"
    },
    {
      "method": "GET",
      "path": "/_astro/CalendarSubscribe.DXtj1Bbr.js",
      "kind": "script",
      "source": "browser-preview"
    },
    {
      "method": "GET",
      "path": "/_astro/CommunicationRead.ooCKD9f4.js",
      "kind": "script",
      "source": "browser-preview"
    },
    {
      "method": "GET",
      "path": "/_astro/ApproachRead.Bcve0KbT.js",
      "kind": "script",
      "source": "browser-preview"
    },
    {
      "method": "GET",
      "path": "/_astro/PwaInstallPrompt.BCohgdPv.js",
      "kind": "script",
      "source": "browser-preview"
    },
    {
      "method": "GET",
      "path": "/_astro/a2hs.WonhOqdm.js",
      "kind": "script",
      "source": "browser-preview"
    },
    {
      "method": "GET",
      "path": "/assets/zodiac-icons/128/leo.avif",
      "kind": "image",
      "source": "browser-preview"
    },
    {
      "method": "GET",
      "path": "/assets/zodiac-icons/128/cancer.avif",
      "kind": "image",
      "source": "browser-preview"
    },
    {
      "method": "GET",
      "path": "/assets/zodiac-icons/128/aries.webp",
      "kind": "image",
      "source": "browser-preview"
    },
    {
      "method": "GET",
      "path": "/assets/zodiac-icons/128/taurus.webp",
      "kind": "image",
      "source": "browser-preview"
    },
    {
      "method": "GET",
      "path": "/assets/zodiac-icons/128/gemini.webp",
      "kind": "image",
      "source": "browser-preview"
    },
    {
      "method": "GET",
      "path": "/assets/zodiac-icons/128/cancer.webp",
      "kind": "image",
      "source": "browser-preview"
    },
    {
      "method": "GET",
      "path": "/assets/zodiac-icons/128/leo.webp",
      "kind": "image",
      "source": "browser-preview"
    },
    {
      "method": "GET",
      "path": "/assets/zodiac-icons/128/virgo.webp",
      "kind": "image",
      "source": "browser-preview"
    },
    {
      "method": "GET",
      "path": "/assets/zodiac-icons/128/libra.webp",
      "kind": "image",
      "source": "browser-preview"
    },
    {
      "method": "GET",
      "path": "/assets/zodiac-icons/128/scorpio.webp",
      "kind": "image",
      "source": "browser-preview"
    },
    {
      "method": "GET",
      "path": "/assets/zodiac-icons/128/sagittarius.webp",
      "kind": "image",
      "source": "browser-preview"
    },
    {
      "method": "GET",
      "path": "/assets/zodiac-icons/128/capricorn.webp",
      "kind": "image",
      "source": "browser-preview"
    },
    {
      "method": "GET",
      "path": "/assets/zodiac-icons/128/aquarius.webp",
      "kind": "image",
      "source": "browser-preview"
    },
    {
      "method": "GET",
      "path": "/assets/zodiac-icons/128/pisces.webp",
      "kind": "image",
      "source": "browser-preview"
    },
    {
      "method": "GET",
      "path": "/_astro/store.B9KwR70B.js",
      "kind": "script",
      "source": "browser-preview"
    },
    {
      "method": "GET",
      "path": "/_astro/deletions.DUQYISzq.js",
      "kind": "script",
      "source": "browser-preview"
    },
    {
      "method": "GET",
      "path": "/assets/zodiac-icons/128/aries.webp",
      "kind": "fetch",
      "source": "browser-preview"
    },
    {
      "method": "GET",
      "path": "/assets/zodiac-icons/128/taurus.webp",
      "kind": "fetch",
      "source": "browser-preview"
    },
    {
      "method": "GET",
      "path": "/assets/zodiac-icons/128/gemini.webp",
      "kind": "fetch",
      "source": "browser-preview"
    },
    {
      "method": "GET",
      "path": "/assets/zodiac-icons/128/cancer.webp",
      "kind": "fetch",
      "source": "browser-preview"
    },
    {
      "method": "GET",
      "path": "/assets/zodiac-icons/128/leo.webp",
      "kind": "fetch",
      "source": "browser-preview"
    },
    {
      "method": "GET",
      "path": "/assets/zodiac-icons/128/virgo.webp",
      "kind": "fetch",
      "source": "browser-preview"
    },
    {
      "method": "GET",
      "path": "/assets/zodiac-icons/128/libra.webp",
      "kind": "fetch",
      "source": "browser-preview"
    },
    {
      "method": "GET",
      "path": "/assets/zodiac-icons/128/scorpio.webp",
      "kind": "fetch",
      "source": "browser-preview"
    },
    {
      "method": "GET",
      "path": "/assets/zodiac-icons/128/sagittarius.webp",
      "kind": "fetch",
      "source": "browser-preview"
    },
    {
      "method": "GET",
      "path": "/assets/zodiac-icons/128/capricorn.webp",
      "kind": "fetch",
      "source": "browser-preview"
    },
    {
      "method": "GET",
      "path": "/assets/zodiac-icons/128/aquarius.webp",
      "kind": "fetch",
      "source": "browser-preview"
    },
    {
      "method": "GET",
      "path": "/assets/zodiac-icons/128/pisces.webp",
      "kind": "fetch",
      "source": "browser-preview"
    },
    {
      "method": "GET",
      "path": "/assets/zodiac-icons/128/leo.webp",
      "kind": "fetch",
      "source": "browser-preview"
    },
    {
      "method": "GET",
      "path": "/assets/zodiac-icons/128/cancer.webp",
      "kind": "fetch",
      "source": "browser-preview"
    },
    {
      "method": "GET",
      "path": "/assets/zodiac-icons/128/cancer.webp",
      "kind": "fetch",
      "source": "browser-preview"
    },
    {
      "method": "GET",
      "path": "/assets/zodiac-icons/128/leo.webp",
      "kind": "fetch",
      "source": "browser-preview"
    },
    {
      "method": "GET",
      "path": "/assets/zodiac-icons/128/leo.webp",
      "kind": "fetch",
      "source": "browser-preview"
    },
    {
      "method": "GET",
      "path": "/assets/zodiac-icons/128/cancer.webp",
      "kind": "fetch",
      "source": "browser-preview"
    },
    {
      "method": "GET",
      "path": "/assets/zodiac-icons/128/cancer.webp",
      "kind": "fetch",
      "source": "browser-preview"
    },
    {
      "method": "GET",
      "path": "/assets/app-icons/v3/icon-512.png",
      "kind": "fetch",
      "source": "browser-preview"
    },
    {
      "method": "GET",
      "path": "/assets/assistant-ui.js",
      "kind": "script",
      "source": "browser-preview"
    },
    {
      "method": "GET",
      "path": "/fonts/eb-garamond-latin-400-italic.woff2",
      "kind": "font",
      "source": "browser-preview"
    },
    {
      "method": "GET",
      "path": "/assets/app-icons/v3/icon-512.png",
      "kind": "fetch",
      "source": "browser-preview"
    },
    {
      "method": "GET",
      "path": "/assets/assistant-ui.css",
      "kind": "stylesheet",
      "source": "browser-preview"
    },
    {
      "method": "GET",
      "path": "/assets/app-icons/v3/icon-512.png",
      "kind": "fetch",
      "source": "browser-preview"
    },
    {
      "method": "GET",
      "path": "/assets/guide-avatar.webp",
      "kind": "image",
      "source": "browser-preview"
    },
    {
      "method": "GET",
      "path": "/assets/zodiac-icons/48/leo.avif",
      "kind": "image",
      "source": "browser-preview"
    },
    {
      "method": "GET",
      "path": "/assets/zodiac-icons/48/cancer.avif",
      "kind": "image",
      "source": "browser-preview"
    },
    {
      "method": "GET",
      "path": "/birth-chart/",
      "kind": "document",
      "source": "browser-preview"
    },
    {
      "method": "GET",
      "path": "/fonts/instrument-sans-latin-wght-normal.woff2",
      "kind": "font",
      "source": "browser-preview"
    },
    {
      "method": "GET",
      "path": "/fonts/eb-garamond-latin-400-normal.woff2",
      "kind": "font",
      "source": "browser-preview"
    },
    {
      "method": "GET",
      "path": "/fonts/eb-garamond-latin-500-normal.woff2",
      "kind": "font",
      "source": "browser-preview"
    },
    {
      "method": "GET",
      "path": "/_astro/explorer.ijMRUwvv.css",
      "kind": "stylesheet",
      "source": "browser-preview"
    },
    {
      "method": "GET",
      "path": "/_astro/ChartActionDock.Cc8zzTbx.css",
      "kind": "stylesheet",
      "source": "browser-preview"
    },
    {
      "method": "GET",
      "path": "/js/pa-HwF2IBb5Sw8eboNPSOgHv.js",
      "kind": "script",
      "source": "browser-preview"
    },
    {
      "method": "GET",
      "path": "/_astro/AstroTerm.astro_astro_type_script_index_0_lang.DB1iYTmP.js",
      "kind": "script",
      "source": "browser-preview"
    },
    {
      "method": "GET",
      "path": "/fonts/jetbrains-mono-latin-wght-normal.woff2",
      "kind": "font",
      "source": "browser-preview"
    },
    {
      "method": "GET",
      "path": "/_astro/preload-helper.L5lOfJxi.js",
      "kind": "script",
      "source": "browser-preview"
    },
    {
      "method": "GET",
      "path": "/_astro/ChartCalculator.CohOHP8k.js",
      "kind": "script",
      "source": "browser-preview"
    },
    {
      "method": "GET",
      "path": "/_astro/client.DPkn9Lbl.js",
      "kind": "script",
      "source": "browser-preview"
    },
    {
      "method": "GET",
      "path": "/_astro/context-help-client.BqVrBbz0.js",
      "kind": "script",
      "source": "browser-preview"
    },
    {
      "method": "GET",
      "path": "/_astro/analytics.CH5T6e-b.js",
      "kind": "script",
      "source": "browser-preview"
    },
    {
      "method": "GET",
      "path": "/assets/app-icons/v3/favicon.svg",
      "kind": "other",
      "source": "browser-preview"
    },
    {
      "method": "GET",
      "path": "/_astro/preact.module.Bjq9tLsx.js",
      "kind": "script",
      "source": "browser-preview"
    },
    {
      "method": "GET",
      "path": "/_astro/hooks.module.C0_8FjiD.js",
      "kind": "script",
      "source": "browser-preview"
    },
    {
      "method": "GET",
      "path": "/_astro/profile-access-reader.DoQqlSjt.js",
      "kind": "script",
      "source": "browser-preview"
    },
    {
      "method": "GET",
      "path": "/_astro/chunk-H7RJKCBO.BUIGSNBz.js",
      "kind": "script",
      "source": "browser-preview"
    },
    {
      "method": "GET",
      "path": "/_astro/signs.BMXPKoMF.js",
      "kind": "script",
      "source": "browser-preview"
    },
    {
      "method": "GET",
      "path": "/_astro/jsxRuntime.module.BG9KJlGc.js",
      "kind": "script",
      "source": "browser-preview"
    },
    {
      "method": "GET",
      "path": "/_astro/PlanetGlyph.BhITbtcc.js",
      "kind": "script",
      "source": "browser-preview"
    },
    {
      "method": "GET",
      "path": "/_astro/i18n.Cg_lCJuc.js",
      "kind": "script",
      "source": "browser-preview"
    },
    {
      "method": "GET",
      "path": "/_astro/CalculationReload.DXyGkRsn.js",
      "kind": "script",
      "source": "browser-preview"
    },
    {
      "method": "GET",
      "path": "/_astro/astrology.BHib5efU.js",
      "kind": "script",
      "source": "browser-preview"
    },
    {
      "method": "GET",
      "path": "/_astro/share.BRlg0eGS.js",
      "kind": "script",
      "source": "browser-preview"
    },
    {
      "method": "GET",
      "path": "/_astro/chart-handoff.Dvz2AAcL.js",
      "kind": "script",
      "source": "browser-preview"
    },
    {
      "method": "GET",
      "path": "/_astro/useProfileAccessGeneration.w2JLb1F6.js",
      "kind": "script",
      "source": "browser-preview"
    },
    {
      "method": "GET",
      "path": "/_astro/useEngine.BV92cVg4.js",
      "kind": "script",
      "source": "browser-preview"
    },
    {
      "method": "GET",
      "path": "/_astro/BirthFields.VmY_J4-2.js",
      "kind": "script",
      "source": "browser-preview"
    },
    {
      "method": "GET",
      "path": "/_astro/localToUtc.CrWG2CBc.js",
      "kind": "script",
      "source": "browser-preview"
    },
    {
      "method": "GET",
      "path": "/_astro/interpretations.BaZkYN67.js",
      "kind": "script",
      "source": "browser-preview"
    },
    {
      "method": "GET",
      "path": "/_astro/AstroTerm.7K8SAipO.js",
      "kind": "script",
      "source": "browser-preview"
    },
    {
      "method": "GET",
      "path": "/_astro/SignChip.Dx3tQVZl.js",
      "kind": "script",
      "source": "browser-preview"
    },
    {
      "method": "GET",
      "path": "/_astro/AspectGlyph.DMIAGIQV.js",
      "kind": "script",
      "source": "browser-preview"
    },
    {
      "method": "GET",
      "path": "/_astro/Wheel.RNRSqGob.js",
      "kind": "script",
      "source": "browser-preview"
    },
    {
      "method": "GET",
      "path": "/_astro/dignities.BycBkP8Y.js",
      "kind": "script",
      "source": "browser-preview"
    },
    {
      "method": "GET",
      "path": "/_astro/houses.5SlbILVS.js",
      "kind": "script",
      "source": "browser-preview"
    },
    {
      "method": "GET",
      "path": "/_astro/technical-layout.DQIjXHHb.js",
      "kind": "script",
      "source": "browser-preview"
    },
    {
      "method": "GET",
      "path": "/_astro/lite.DKWHZC5_.js",
      "kind": "script",
      "source": "browser-preview"
    },
    {
      "method": "GET",
      "path": "/_astro/learning-input-identity.C-WLv51I.js",
      "kind": "script",
      "source": "browser-preview"
    },
    {
      "method": "GET",
      "path": "/_astro/post-chart-context.BZ1tHGpl.js",
      "kind": "script",
      "source": "browser-preview"
    },
    {
      "method": "GET",
      "path": "/_astro/chunk-INI453VG.BxjMUPBs.js",
      "kind": "script",
      "source": "browser-preview"
    },
    {
      "method": "GET",
      "path": "/_astro/paths.DYbAuceH.js",
      "kind": "script",
      "source": "browser-preview"
    },
    {
      "method": "GET",
      "path": "/_astro/PlaceSearch.D1WsU_jW.js",
      "kind": "script",
      "source": "browser-preview"
    },
    {
      "method": "GET",
      "path": "/_astro/rolldown-runtime.DK3Fl9T5.js",
      "kind": "script",
      "source": "browser-preview"
    },
    {
      "method": "GET",
      "path": "/_astro/civil-date.CpOZUt7Z.js",
      "kind": "script",
      "source": "browser-preview"
    },
    {
      "method": "GET",
      "path": "/_astro/technical-locales.DDKucXXd.js",
      "kind": "script",
      "source": "browser-preview"
    },
    {
      "method": "GET",
      "path": "/_astro/chart-signature.-is-2T7w.js",
      "kind": "script",
      "source": "browser-preview"
    },
    {
      "method": "GET",
      "path": "/_astro/natal.D7JKDSdx.js",
      "kind": "script",
      "source": "browser-preview"
    },
    {
      "method": "GET",
      "path": "/_astro/synastry.rhUg9_9F.js",
      "kind": "script",
      "source": "browser-preview"
    },
    {
      "method": "GET",
      "path": "/_astro/aspects.BNC-J2iD.js",
      "kind": "script",
      "source": "browser-preview"
    },
    {
      "method": "GET",
      "path": "/_astro/compat.Bjc3uaB7.js",
      "kind": "script",
      "source": "browser-preview"
    },
    {
      "method": "GET",
      "path": "/_astro/ChartActionDock.v70WmYt8.js",
      "kind": "script",
      "source": "browser-preview"
    },
    {
      "method": "GET",
      "path": "/_astro/LearningPractice.CSqTNZrv.js",
      "kind": "script",
      "source": "browser-preview"
    },
    {
      "method": "GET",
      "path": "/_astro/chart-context-copy.UBOz97Jz.js",
      "kind": "script",
      "source": "browser-preview"
    },
    {
      "method": "GET",
      "path": "/_astro/AspectPatternFeature.JIFgyNsc.js",
      "kind": "script",
      "source": "browser-preview"
    },
    {
      "method": "GET",
      "path": "/_astro/use-learning-sources.rIwWXPg-.js",
      "kind": "script",
      "source": "browser-preview"
    },
    {
      "method": "GET",
      "path": "/_astro/schema.DqKqbGHb.js",
      "kind": "script",
      "source": "browser-preview"
    },
    {
      "method": "GET",
      "path": "/_astro/read-store.CIuzJaHq.js",
      "kind": "script",
      "source": "browser-preview"
    },
    {
      "method": "GET",
      "path": "/_astro/full.AQ--_mi-.js",
      "kind": "script",
      "source": "browser-preview"
    },
    {
      "method": "GET",
      "path": "/_astro/chart-adapter.K-QfJlbI.js",
      "kind": "script",
      "source": "browser-preview"
    },
    {
      "method": "GET",
      "path": "/assets/app-icons/v3/favicon.svg",
      "kind": "other",
      "source": "browser-preview"
    },
    {
      "method": "GET",
      "path": "/_astro/calculator-receipt.Sj7p-7nE.js",
      "kind": "script",
      "source": "browser-preview"
    },
    {
      "method": "GET",
      "path": "/_astro/PositionsShareSurface.DT0CW1_r.js",
      "kind": "script",
      "source": "browser-preview"
    },
    {
      "method": "GET",
      "path": "/_astro/share-positions.D3o0ugj4.js",
      "kind": "script",
      "source": "browser-preview"
    },
    {
      "method": "GET",
      "path": "/_astro/share-card.DovPi6oZ.js",
      "kind": "script",
      "source": "browser-preview"
    },
    {
      "method": "GET",
      "path": "/_astro/share-card-brand.CJKZtcRK.js",
      "kind": "script",
      "source": "browser-preview"
    },
    {
      "method": "GET",
      "path": "/_astro/share-card-copy.D0c42nic.js",
      "kind": "script",
      "source": "browser-preview"
    },
    {
      "method": "GET",
      "path": "/_astro/CalendarSubscribe.DXtj1Bbr.js",
      "kind": "script",
      "source": "browser-preview"
    },
    {
      "method": "GET",
      "path": "/_astro/CommunicationRead.ooCKD9f4.js",
      "kind": "script",
      "source": "browser-preview"
    },
    {
      "method": "GET",
      "path": "/_astro/ApproachRead.Bcve0KbT.js",
      "kind": "script",
      "source": "browser-preview"
    },
    {
      "method": "GET",
      "path": "/_astro/PwaInstallPrompt.BCohgdPv.js",
      "kind": "script",
      "source": "browser-preview"
    },
    {
      "method": "GET",
      "path": "/_astro/a2hs.WonhOqdm.js",
      "kind": "script",
      "source": "browser-preview"
    },
    {
      "method": "GET",
      "path": "/assets/zodiac-icons/128/capricorn.avif",
      "kind": "image",
      "source": "browser-preview"
    },
    {
      "method": "GET",
      "path": "/assets/zodiac-icons/128/leo.avif",
      "kind": "image",
      "source": "browser-preview"
    },
    {
      "method": "GET",
      "path": "/assets/zodiac-icons/128/taurus.avif",
      "kind": "image",
      "source": "browser-preview"
    },
    {
      "method": "GET",
      "path": "/assets/zodiac-icons/128/aries.webp",
      "kind": "image",
      "source": "browser-preview"
    },
    {
      "method": "GET",
      "path": "/assets/zodiac-icons/128/taurus.webp",
      "kind": "image",
      "source": "browser-preview"
    },
    {
      "method": "GET",
      "path": "/assets/zodiac-icons/128/gemini.webp",
      "kind": "image",
      "source": "browser-preview"
    },
    {
      "method": "GET",
      "path": "/assets/zodiac-icons/128/cancer.webp",
      "kind": "image",
      "source": "browser-preview"
    },
    {
      "method": "GET",
      "path": "/assets/zodiac-icons/128/leo.webp",
      "kind": "image",
      "source": "browser-preview"
    },
    {
      "method": "GET",
      "path": "/assets/zodiac-icons/128/virgo.webp",
      "kind": "image",
      "source": "browser-preview"
    },
    {
      "method": "GET",
      "path": "/assets/zodiac-icons/128/libra.webp",
      "kind": "image",
      "source": "browser-preview"
    },
    {
      "method": "GET",
      "path": "/assets/zodiac-icons/128/scorpio.webp",
      "kind": "image",
      "source": "browser-preview"
    },
    {
      "method": "GET",
      "path": "/assets/zodiac-icons/128/sagittarius.webp",
      "kind": "image",
      "source": "browser-preview"
    },
    {
      "method": "GET",
      "path": "/assets/zodiac-icons/128/capricorn.webp",
      "kind": "image",
      "source": "browser-preview"
    },
    {
      "method": "GET",
      "path": "/assets/zodiac-icons/128/aquarius.webp",
      "kind": "image",
      "source": "browser-preview"
    },
    {
      "method": "GET",
      "path": "/assets/zodiac-icons/128/pisces.webp",
      "kind": "image",
      "source": "browser-preview"
    },
    {
      "method": "GET",
      "path": "/_astro/store.B9KwR70B.js",
      "kind": "script",
      "source": "browser-preview"
    },
    {
      "method": "GET",
      "path": "/_astro/deletions.DUQYISzq.js",
      "kind": "script",
      "source": "browser-preview"
    },
    {
      "method": "GET",
      "path": "/assets/site-footer.css",
      "kind": "stylesheet",
      "source": "browser-preview"
    },
    {
      "method": "GET",
      "path": "/assets/zodiac-icons/128/aries.webp",
      "kind": "fetch",
      "source": "browser-preview"
    },
    {
      "method": "GET",
      "path": "/assets/zodiac-icons/128/taurus.webp",
      "kind": "fetch",
      "source": "browser-preview"
    },
    {
      "method": "GET",
      "path": "/assets/zodiac-icons/128/gemini.webp",
      "kind": "fetch",
      "source": "browser-preview"
    },
    {
      "method": "GET",
      "path": "/assets/zodiac-icons/128/cancer.webp",
      "kind": "fetch",
      "source": "browser-preview"
    },
    {
      "method": "GET",
      "path": "/assets/zodiac-icons/128/leo.webp",
      "kind": "fetch",
      "source": "browser-preview"
    },
    {
      "method": "GET",
      "path": "/assets/zodiac-icons/128/virgo.webp",
      "kind": "fetch",
      "source": "browser-preview"
    },
    {
      "method": "GET",
      "path": "/assets/zodiac-icons/128/libra.webp",
      "kind": "fetch",
      "source": "browser-preview"
    },
    {
      "method": "GET",
      "path": "/assets/zodiac-icons/128/scorpio.webp",
      "kind": "fetch",
      "source": "browser-preview"
    },
    {
      "method": "GET",
      "path": "/assets/zodiac-icons/128/sagittarius.webp",
      "kind": "fetch",
      "source": "browser-preview"
    },
    {
      "method": "GET",
      "path": "/assets/zodiac-icons/128/capricorn.webp",
      "kind": "fetch",
      "source": "browser-preview"
    },
    {
      "method": "GET",
      "path": "/assets/zodiac-icons/128/aquarius.webp",
      "kind": "fetch",
      "source": "browser-preview"
    },
    {
      "method": "GET",
      "path": "/assets/zodiac-icons/128/pisces.webp",
      "kind": "fetch",
      "source": "browser-preview"
    },
    {
      "method": "GET",
      "path": "/assets/zodiac-icons/128/sagittarius.webp",
      "kind": "fetch",
      "source": "browser-preview"
    },
    {
      "method": "GET",
      "path": "/assets/zodiac-icons/128/leo.webp",
      "kind": "fetch",
      "source": "browser-preview"
    },
    {
      "method": "GET",
      "path": "/assets/zodiac-icons/128/taurus.webp",
      "kind": "fetch",
      "source": "browser-preview"
    },
    {
      "method": "GET",
      "path": "/assets/zodiac-icons/128/taurus.webp",
      "kind": "fetch",
      "source": "browser-preview"
    },
    {
      "method": "GET",
      "path": "/assets/zodiac-icons/128/sagittarius.webp",
      "kind": "fetch",
      "source": "browser-preview"
    },
    {
      "method": "GET",
      "path": "/assets/zodiac-icons/128/leo.webp",
      "kind": "fetch",
      "source": "browser-preview"
    },
    {
      "method": "GET",
      "path": "/assets/zodiac-icons/128/taurus.webp",
      "kind": "fetch",
      "source": "browser-preview"
    },
    {
      "method": "GET",
      "path": "/assets/app-icons/v3/icon-512.png",
      "kind": "fetch",
      "source": "browser-preview"
    },
    {
      "method": "GET",
      "path": "/assets/app-icons/v3/icon-512.png",
      "kind": "fetch",
      "source": "browser-preview"
    },
    {
      "method": "GET",
      "path": "/fonts/eb-garamond-latin-400-italic.woff2",
      "kind": "font",
      "source": "browser-preview"
    },
    {
      "method": "GET",
      "path": "/assets/assistant-ui.js",
      "kind": "script",
      "source": "browser-preview"
    },
    {
      "method": "GET",
      "path": "/assets/app-icons/v3/icon-512.png",
      "kind": "fetch",
      "source": "browser-preview"
    },
    {
      "method": "GET",
      "path": "/assets/assistant-ui.css",
      "kind": "stylesheet",
      "source": "browser-preview"
    },
    {
      "method": "GET",
      "path": "/assets/guide-avatar.webp",
      "kind": "image",
      "source": "browser-preview"
    },
    {
      "method": "GET",
      "path": "/assets/zodiac-icons/48/sagittarius.avif",
      "kind": "image",
      "source": "browser-preview"
    },
    {
      "method": "GET",
      "path": "/assets/zodiac-icons/48/leo.avif",
      "kind": "image",
      "source": "browser-preview"
    },
    {
      "method": "GET",
      "path": "/assets/zodiac-icons/48/taurus.avif",
      "kind": "image",
      "source": "browser-preview"
    },
    {
      "method": "GET",
      "path": "/birth-chart/",
      "kind": "document",
      "source": "browser-preview"
    },
    {
      "method": "GET",
      "path": "/fonts/instrument-sans-latin-wght-normal.woff2",
      "kind": "font",
      "source": "browser-preview"
    },
    {
      "method": "GET",
      "path": "/fonts/eb-garamond-latin-400-normal.woff2",
      "kind": "font",
      "source": "browser-preview"
    },
    {
      "method": "GET",
      "path": "/fonts/eb-garamond-latin-500-normal.woff2",
      "kind": "font",
      "source": "browser-preview"
    },
    {
      "method": "GET",
      "path": "/_astro/explorer.ijMRUwvv.css",
      "kind": "stylesheet",
      "source": "browser-preview"
    },
    {
      "method": "GET",
      "path": "/_astro/ChartActionDock.Cc8zzTbx.css",
      "kind": "stylesheet",
      "source": "browser-preview"
    },
    {
      "method": "GET",
      "path": "/js/pa-HwF2IBb5Sw8eboNPSOgHv.js",
      "kind": "script",
      "source": "browser-preview"
    },
    {
      "method": "GET",
      "path": "/_astro/AstroTerm.astro_astro_type_script_index_0_lang.DB1iYTmP.js",
      "kind": "script",
      "source": "browser-preview"
    },
    {
      "method": "GET",
      "path": "/fonts/jetbrains-mono-latin-wght-normal.woff2",
      "kind": "font",
      "source": "browser-preview"
    },
    {
      "method": "GET",
      "path": "/_astro/ChartCalculator.CohOHP8k.js",
      "kind": "script",
      "source": "browser-preview"
    },
    {
      "method": "GET",
      "path": "/_astro/client.DPkn9Lbl.js",
      "kind": "script",
      "source": "browser-preview"
    },
    {
      "method": "GET",
      "path": "/_astro/preload-helper.L5lOfJxi.js",
      "kind": "script",
      "source": "browser-preview"
    },
    {
      "method": "GET",
      "path": "/_astro/preact.module.Bjq9tLsx.js",
      "kind": "script",
      "source": "browser-preview"
    },
    {
      "method": "GET",
      "path": "/_astro/hooks.module.C0_8FjiD.js",
      "kind": "script",
      "source": "browser-preview"
    },
    {
      "method": "GET",
      "path": "/_astro/profile-access-reader.DoQqlSjt.js",
      "kind": "script",
      "source": "browser-preview"
    },
    {
      "method": "GET",
      "path": "/_astro/chunk-H7RJKCBO.BUIGSNBz.js",
      "kind": "script",
      "source": "browser-preview"
    },
    {
      "method": "GET",
      "path": "/_astro/signs.BMXPKoMF.js",
      "kind": "script",
      "source": "browser-preview"
    },
    {
      "method": "GET",
      "path": "/_astro/jsxRuntime.module.BG9KJlGc.js",
      "kind": "script",
      "source": "browser-preview"
    },
    {
      "method": "GET",
      "path": "/_astro/PlanetGlyph.BhITbtcc.js",
      "kind": "script",
      "source": "browser-preview"
    },
    {
      "method": "GET",
      "path": "/_astro/i18n.Cg_lCJuc.js",
      "kind": "script",
      "source": "browser-preview"
    },
    {
      "method": "GET",
      "path": "/_astro/CalculationReload.DXyGkRsn.js",
      "kind": "script",
      "source": "browser-preview"
    },
    {
      "method": "GET",
      "path": "/_astro/astrology.BHib5efU.js",
      "kind": "script",
      "source": "browser-preview"
    },
    {
      "method": "GET",
      "path": "/_astro/share.BRlg0eGS.js",
      "kind": "script",
      "source": "browser-preview"
    },
    {
      "method": "GET",
      "path": "/_astro/chart-handoff.Dvz2AAcL.js",
      "kind": "script",
      "source": "browser-preview"
    },
    {
      "method": "GET",
      "path": "/_astro/useProfileAccessGeneration.w2JLb1F6.js",
      "kind": "script",
      "source": "browser-preview"
    },
    {
      "method": "GET",
      "path": "/_astro/useEngine.BV92cVg4.js",
      "kind": "script",
      "source": "browser-preview"
    },
    {
      "method": "GET",
      "path": "/_astro/BirthFields.VmY_J4-2.js",
      "kind": "script",
      "source": "browser-preview"
    },
    {
      "method": "GET",
      "path": "/_astro/localToUtc.CrWG2CBc.js",
      "kind": "script",
      "source": "browser-preview"
    },
    {
      "method": "GET",
      "path": "/_astro/interpretations.BaZkYN67.js",
      "kind": "script",
      "source": "browser-preview"
    },
    {
      "method": "GET",
      "path": "/_astro/AstroTerm.7K8SAipO.js",
      "kind": "script",
      "source": "browser-preview"
    },
    {
      "method": "GET",
      "path": "/_astro/SignChip.Dx3tQVZl.js",
      "kind": "script",
      "source": "browser-preview"
    },
    {
      "method": "GET",
      "path": "/_astro/AspectGlyph.DMIAGIQV.js",
      "kind": "script",
      "source": "browser-preview"
    },
    {
      "method": "GET",
      "path": "/_astro/Wheel.RNRSqGob.js",
      "kind": "script",
      "source": "browser-preview"
    },
    {
      "method": "GET",
      "path": "/_astro/dignities.BycBkP8Y.js",
      "kind": "script",
      "source": "browser-preview"
    },
    {
      "method": "GET",
      "path": "/_astro/houses.5SlbILVS.js",
      "kind": "script",
      "source": "browser-preview"
    },
    {
      "method": "GET",
      "path": "/_astro/technical-layout.DQIjXHHb.js",
      "kind": "script",
      "source": "browser-preview"
    },
    {
      "method": "GET",
      "path": "/_astro/lite.DKWHZC5_.js",
      "kind": "script",
      "source": "browser-preview"
    },
    {
      "method": "GET",
      "path": "/_astro/learning-input-identity.C-WLv51I.js",
      "kind": "script",
      "source": "browser-preview"
    },
    {
      "method": "GET",
      "path": "/_astro/analytics.CH5T6e-b.js",
      "kind": "script",
      "source": "browser-preview"
    },
    {
      "method": "GET",
      "path": "/_astro/post-chart-context.BZ1tHGpl.js",
      "kind": "script",
      "source": "browser-preview"
    },
    {
      "method": "GET",
      "path": "/_astro/context-help-client.BqVrBbz0.js",
      "kind": "script",
      "source": "browser-preview"
    },
    {
      "method": "GET",
      "path": "/assets/app-icons/v3/favicon.svg",
      "kind": "other",
      "source": "browser-preview"
    },
    {
      "method": "GET",
      "path": "/_astro/chunk-INI453VG.BxjMUPBs.js",
      "kind": "script",
      "source": "browser-preview"
    },
    {
      "method": "GET",
      "path": "/_astro/rolldown-runtime.DK3Fl9T5.js",
      "kind": "script",
      "source": "browser-preview"
    },
    {
      "method": "GET",
      "path": "/_astro/civil-date.CpOZUt7Z.js",
      "kind": "script",
      "source": "browser-preview"
    },
    {
      "method": "GET",
      "path": "/_astro/technical-locales.DDKucXXd.js",
      "kind": "script",
      "source": "browser-preview"
    },
    {
      "method": "GET",
      "path": "/_astro/PlaceSearch.D1WsU_jW.js",
      "kind": "script",
      "source": "browser-preview"
    },
    {
      "method": "GET",
      "path": "/_astro/paths.DYbAuceH.js",
      "kind": "script",
      "source": "browser-preview"
    },
    {
      "method": "GET",
      "path": "/_astro/chart-signature.-is-2T7w.js",
      "kind": "script",
      "source": "browser-preview"
    },
    {
      "method": "GET",
      "path": "/_astro/natal.D7JKDSdx.js",
      "kind": "script",
      "source": "browser-preview"
    },
    {
      "method": "GET",
      "path": "/_astro/synastry.rhUg9_9F.js",
      "kind": "script",
      "source": "browser-preview"
    },
    {
      "method": "GET",
      "path": "/_astro/aspects.BNC-J2iD.js",
      "kind": "script",
      "source": "browser-preview"
    },
    {
      "method": "GET",
      "path": "/_astro/compat.Bjc3uaB7.js",
      "kind": "script",
      "source": "browser-preview"
    },
    {
      "method": "GET",
      "path": "/_astro/ChartActionDock.v70WmYt8.js",
      "kind": "script",
      "source": "browser-preview"
    },
    {
      "method": "GET",
      "path": "/_astro/LearningPractice.CSqTNZrv.js",
      "kind": "script",
      "source": "browser-preview"
    },
    {
      "method": "GET",
      "path": "/_astro/chart-context-copy.UBOz97Jz.js",
      "kind": "script",
      "source": "browser-preview"
    },
    {
      "method": "GET",
      "path": "/_astro/AspectPatternFeature.JIFgyNsc.js",
      "kind": "script",
      "source": "browser-preview"
    },
    {
      "method": "GET",
      "path": "/_astro/use-learning-sources.rIwWXPg-.js",
      "kind": "script",
      "source": "browser-preview"
    },
    {
      "method": "GET",
      "path": "/_astro/schema.DqKqbGHb.js",
      "kind": "script",
      "source": "browser-preview"
    },
    {
      "method": "GET",
      "path": "/_astro/read-store.CIuzJaHq.js",
      "kind": "script",
      "source": "browser-preview"
    },
    {
      "method": "GET",
      "path": "/_astro/full.AQ--_mi-.js",
      "kind": "script",
      "source": "browser-preview"
    },
    {
      "method": "GET",
      "path": "/_astro/chart-adapter.K-QfJlbI.js",
      "kind": "script",
      "source": "browser-preview"
    },
    {
      "method": "GET",
      "path": "/assets/app-icons/v3/favicon.svg",
      "kind": "other",
      "source": "browser-preview"
    },
    {
      "method": "GET",
      "path": "/assets/site-footer.css",
      "kind": "stylesheet",
      "source": "browser-preview"
    },
    {
      "method": "GET",
      "path": "/_astro/calculator-receipt.Sj7p-7nE.js",
      "kind": "script",
      "source": "browser-preview"
    },
    {
      "method": "GET",
      "path": "/_astro/PositionsShareSurface.DT0CW1_r.js",
      "kind": "script",
      "source": "browser-preview"
    },
    {
      "method": "GET",
      "path": "/_astro/share-positions.D3o0ugj4.js",
      "kind": "script",
      "source": "browser-preview"
    },
    {
      "method": "GET",
      "path": "/_astro/share-card.DovPi6oZ.js",
      "kind": "script",
      "source": "browser-preview"
    },
    {
      "method": "GET",
      "path": "/_astro/share-card-brand.CJKZtcRK.js",
      "kind": "script",
      "source": "browser-preview"
    },
    {
      "method": "GET",
      "path": "/_astro/share-card-copy.D0c42nic.js",
      "kind": "script",
      "source": "browser-preview"
    },
    {
      "method": "GET",
      "path": "/_astro/CalendarSubscribe.DXtj1Bbr.js",
      "kind": "script",
      "source": "browser-preview"
    },
    {
      "method": "GET",
      "path": "/_astro/CommunicationRead.ooCKD9f4.js",
      "kind": "script",
      "source": "browser-preview"
    },
    {
      "method": "GET",
      "path": "/_astro/ApproachRead.Bcve0KbT.js",
      "kind": "script",
      "source": "browser-preview"
    },
    {
      "method": "GET",
      "path": "/_astro/PwaInstallPrompt.BCohgdPv.js",
      "kind": "script",
      "source": "browser-preview"
    },
    {
      "method": "GET",
      "path": "/_astro/a2hs.WonhOqdm.js",
      "kind": "script",
      "source": "browser-preview"
    },
    {
      "method": "GET",
      "path": "/assets/zodiac-icons/128/taurus.avif",
      "kind": "image",
      "source": "browser-preview"
    },
    {
      "method": "GET",
      "path": "/assets/zodiac-icons/128/aries.avif",
      "kind": "image",
      "source": "browser-preview"
    },
    {
      "method": "GET",
      "path": "/assets/zodiac-icons/128/libra.avif",
      "kind": "image",
      "source": "browser-preview"
    },
    {
      "method": "GET",
      "path": "/assets/zodiac-icons/128/aries.webp",
      "kind": "image",
      "source": "browser-preview"
    },
    {
      "method": "GET",
      "path": "/assets/zodiac-icons/128/taurus.webp",
      "kind": "image",
      "source": "browser-preview"
    },
    {
      "method": "GET",
      "path": "/assets/zodiac-icons/128/gemini.webp",
      "kind": "image",
      "source": "browser-preview"
    },
    {
      "method": "GET",
      "path": "/assets/zodiac-icons/128/cancer.webp",
      "kind": "image",
      "source": "browser-preview"
    },
    {
      "method": "GET",
      "path": "/assets/zodiac-icons/128/leo.webp",
      "kind": "image",
      "source": "browser-preview"
    },
    {
      "method": "GET",
      "path": "/assets/zodiac-icons/128/virgo.webp",
      "kind": "image",
      "source": "browser-preview"
    },
    {
      "method": "GET",
      "path": "/assets/zodiac-icons/128/libra.webp",
      "kind": "image",
      "source": "browser-preview"
    },
    {
      "method": "GET",
      "path": "/assets/zodiac-icons/128/scorpio.webp",
      "kind": "image",
      "source": "browser-preview"
    },
    {
      "method": "GET",
      "path": "/assets/zodiac-icons/128/sagittarius.webp",
      "kind": "image",
      "source": "browser-preview"
    },
    {
      "method": "GET",
      "path": "/assets/zodiac-icons/128/capricorn.webp",
      "kind": "image",
      "source": "browser-preview"
    },
    {
      "method": "GET",
      "path": "/assets/zodiac-icons/128/aquarius.webp",
      "kind": "image",
      "source": "browser-preview"
    },
    {
      "method": "GET",
      "path": "/assets/zodiac-icons/128/pisces.webp",
      "kind": "image",
      "source": "browser-preview"
    },
    {
      "method": "GET",
      "path": "/_astro/store.B9KwR70B.js",
      "kind": "script",
      "source": "browser-preview"
    },
    {
      "method": "GET",
      "path": "/_astro/deletions.DUQYISzq.js",
      "kind": "script",
      "source": "browser-preview"
    },
    {
      "method": "GET",
      "path": "/assets/zodiac-icons/128/aries.webp",
      "kind": "fetch",
      "source": "browser-preview"
    },
    {
      "method": "GET",
      "path": "/assets/zodiac-icons/128/taurus.webp",
      "kind": "fetch",
      "source": "browser-preview"
    },
    {
      "method": "GET",
      "path": "/assets/zodiac-icons/128/gemini.webp",
      "kind": "fetch",
      "source": "browser-preview"
    },
    {
      "method": "GET",
      "path": "/assets/zodiac-icons/128/cancer.webp",
      "kind": "fetch",
      "source": "browser-preview"
    },
    {
      "method": "GET",
      "path": "/assets/zodiac-icons/128/leo.webp",
      "kind": "fetch",
      "source": "browser-preview"
    },
    {
      "method": "GET",
      "path": "/assets/zodiac-icons/128/virgo.webp",
      "kind": "fetch",
      "source": "browser-preview"
    },
    {
      "method": "GET",
      "path": "/assets/zodiac-icons/128/libra.webp",
      "kind": "fetch",
      "source": "browser-preview"
    },
    {
      "method": "GET",
      "path": "/assets/zodiac-icons/128/scorpio.webp",
      "kind": "fetch",
      "source": "browser-preview"
    },
    {
      "method": "GET",
      "path": "/assets/zodiac-icons/128/sagittarius.webp",
      "kind": "fetch",
      "source": "browser-preview"
    },
    {
      "method": "GET",
      "path": "/assets/zodiac-icons/128/capricorn.webp",
      "kind": "fetch",
      "source": "browser-preview"
    },
    {
      "method": "GET",
      "path": "/assets/zodiac-icons/128/aquarius.webp",
      "kind": "fetch",
      "source": "browser-preview"
    },
    {
      "method": "GET",
      "path": "/assets/zodiac-icons/128/pisces.webp",
      "kind": "fetch",
      "source": "browser-preview"
    },
    {
      "method": "GET",
      "path": "/assets/zodiac-icons/128/taurus.webp",
      "kind": "fetch",
      "source": "browser-preview"
    },
    {
      "method": "GET",
      "path": "/assets/zodiac-icons/128/aries.webp",
      "kind": "fetch",
      "source": "browser-preview"
    },
    {
      "method": "GET",
      "path": "/assets/zodiac-icons/128/aquarius.webp",
      "kind": "fetch",
      "source": "browser-preview"
    },
    {
      "method": "GET",
      "path": "/assets/zodiac-icons/128/libra.webp",
      "kind": "fetch",
      "source": "browser-preview"
    },
    {
      "method": "GET",
      "path": "/assets/zodiac-icons/128/taurus.webp",
      "kind": "fetch",
      "source": "browser-preview"
    },
    {
      "method": "GET",
      "path": "/assets/zodiac-icons/128/aries.webp",
      "kind": "fetch",
      "source": "browser-preview"
    },
    {
      "method": "GET",
      "path": "/assets/zodiac-icons/128/aquarius.webp",
      "kind": "fetch",
      "source": "browser-preview"
    },
    {
      "method": "GET",
      "path": "/assets/assistant-ui.js",
      "kind": "script",
      "source": "browser-preview"
    },
    {
      "method": "GET",
      "path": "/assets/app-icons/v3/icon-512.png",
      "kind": "fetch",
      "source": "browser-preview"
    },
    {
      "method": "GET",
      "path": "/assets/app-icons/v3/icon-512.png",
      "kind": "fetch",
      "source": "browser-preview"
    },
    {
      "method": "GET",
      "path": "/assets/assistant-ui.css",
      "kind": "stylesheet",
      "source": "browser-preview"
    },
    {
      "method": "GET",
      "path": "/fonts/eb-garamond-latin-400-italic.woff2",
      "kind": "font",
      "source": "browser-preview"
    },
    {
      "method": "GET",
      "path": "/assets/guide-avatar.webp",
      "kind": "image",
      "source": "browser-preview"
    },
    {
      "method": "GET",
      "path": "/assets/app-icons/v3/icon-512.png",
      "kind": "fetch",
      "source": "browser-preview"
    },
    {
      "method": "GET",
      "path": "/assets/zodiac-icons/48/taurus.avif",
      "kind": "image",
      "source": "browser-preview"
    },
    {
      "method": "GET",
      "path": "/assets/zodiac-icons/48/aries.avif",
      "kind": "image",
      "source": "browser-preview"
    },
    {
      "method": "GET",
      "path": "/assets/zodiac-icons/48/aquarius.avif",
      "kind": "image",
      "source": "browser-preview"
    },
    {
      "method": "GET",
      "path": "/assets/zodiac-icons/48/libra.avif",
      "kind": "image",
      "source": "browser-preview"
    },
    {
      "method": "GET",
      "path": "/birth-chart/",
      "kind": "document",
      "source": "browser-preview"
    },
    {
      "method": "GET",
      "path": "/fonts/instrument-sans-latin-wght-normal.woff2",
      "kind": "font",
      "source": "browser-preview"
    },
    {
      "method": "GET",
      "path": "/fonts/eb-garamond-latin-400-normal.woff2",
      "kind": "font",
      "source": "browser-preview"
    },
    {
      "method": "GET",
      "path": "/fonts/eb-garamond-latin-500-normal.woff2",
      "kind": "font",
      "source": "browser-preview"
    },
    {
      "method": "GET",
      "path": "/_astro/explorer.ijMRUwvv.css",
      "kind": "stylesheet",
      "source": "browser-preview"
    },
    {
      "method": "GET",
      "path": "/_astro/ChartActionDock.Cc8zzTbx.css",
      "kind": "stylesheet",
      "source": "browser-preview"
    },
    {
      "method": "GET",
      "path": "/js/pa-HwF2IBb5Sw8eboNPSOgHv.js",
      "kind": "script",
      "source": "browser-preview"
    },
    {
      "method": "GET",
      "path": "/_astro/AstroTerm.astro_astro_type_script_index_0_lang.DB1iYTmP.js",
      "kind": "script",
      "source": "browser-preview"
    },
    {
      "method": "GET",
      "path": "/fonts/jetbrains-mono-latin-wght-normal.woff2",
      "kind": "font",
      "source": "browser-preview"
    },
    {
      "method": "GET",
      "path": "/_astro/ChartCalculator.CohOHP8k.js",
      "kind": "script",
      "source": "browser-preview"
    },
    {
      "method": "GET",
      "path": "/_astro/client.DPkn9Lbl.js",
      "kind": "script",
      "source": "browser-preview"
    },
    {
      "method": "GET",
      "path": "/_astro/preload-helper.L5lOfJxi.js",
      "kind": "script",
      "source": "browser-preview"
    },
    {
      "method": "GET",
      "path": "/_astro/preact.module.Bjq9tLsx.js",
      "kind": "script",
      "source": "browser-preview"
    },
    {
      "method": "GET",
      "path": "/_astro/hooks.module.C0_8FjiD.js",
      "kind": "script",
      "source": "browser-preview"
    },
    {
      "method": "GET",
      "path": "/_astro/profile-access-reader.DoQqlSjt.js",
      "kind": "script",
      "source": "browser-preview"
    },
    {
      "method": "GET",
      "path": "/_astro/chunk-H7RJKCBO.BUIGSNBz.js",
      "kind": "script",
      "source": "browser-preview"
    },
    {
      "method": "GET",
      "path": "/_astro/signs.BMXPKoMF.js",
      "kind": "script",
      "source": "browser-preview"
    },
    {
      "method": "GET",
      "path": "/_astro/jsxRuntime.module.BG9KJlGc.js",
      "kind": "script",
      "source": "browser-preview"
    },
    {
      "method": "GET",
      "path": "/_astro/PlanetGlyph.BhITbtcc.js",
      "kind": "script",
      "source": "browser-preview"
    },
    {
      "method": "GET",
      "path": "/_astro/i18n.Cg_lCJuc.js",
      "kind": "script",
      "source": "browser-preview"
    },
    {
      "method": "GET",
      "path": "/_astro/CalculationReload.DXyGkRsn.js",
      "kind": "script",
      "source": "browser-preview"
    },
    {
      "method": "GET",
      "path": "/_astro/astrology.BHib5efU.js",
      "kind": "script",
      "source": "browser-preview"
    },
    {
      "method": "GET",
      "path": "/_astro/share.BRlg0eGS.js",
      "kind": "script",
      "source": "browser-preview"
    },
    {
      "method": "GET",
      "path": "/_astro/chart-handoff.Dvz2AAcL.js",
      "kind": "script",
      "source": "browser-preview"
    },
    {
      "method": "GET",
      "path": "/_astro/useProfileAccessGeneration.w2JLb1F6.js",
      "kind": "script",
      "source": "browser-preview"
    },
    {
      "method": "GET",
      "path": "/_astro/useEngine.BV92cVg4.js",
      "kind": "script",
      "source": "browser-preview"
    },
    {
      "method": "GET",
      "path": "/_astro/BirthFields.VmY_J4-2.js",
      "kind": "script",
      "source": "browser-preview"
    },
    {
      "method": "GET",
      "path": "/_astro/localToUtc.CrWG2CBc.js",
      "kind": "script",
      "source": "browser-preview"
    },
    {
      "method": "GET",
      "path": "/_astro/interpretations.BaZkYN67.js",
      "kind": "script",
      "source": "browser-preview"
    },
    {
      "method": "GET",
      "path": "/_astro/AstroTerm.7K8SAipO.js",
      "kind": "script",
      "source": "browser-preview"
    },
    {
      "method": "GET",
      "path": "/_astro/SignChip.Dx3tQVZl.js",
      "kind": "script",
      "source": "browser-preview"
    },
    {
      "method": "GET",
      "path": "/_astro/AspectGlyph.DMIAGIQV.js",
      "kind": "script",
      "source": "browser-preview"
    },
    {
      "method": "GET",
      "path": "/_astro/Wheel.RNRSqGob.js",
      "kind": "script",
      "source": "browser-preview"
    },
    {
      "method": "GET",
      "path": "/_astro/dignities.BycBkP8Y.js",
      "kind": "script",
      "source": "browser-preview"
    },
    {
      "method": "GET",
      "path": "/_astro/houses.5SlbILVS.js",
      "kind": "script",
      "source": "browser-preview"
    },
    {
      "method": "GET",
      "path": "/_astro/technical-layout.DQIjXHHb.js",
      "kind": "script",
      "source": "browser-preview"
    },
    {
      "method": "GET",
      "path": "/_astro/lite.DKWHZC5_.js",
      "kind": "script",
      "source": "browser-preview"
    },
    {
      "method": "GET",
      "path": "/_astro/learning-input-identity.C-WLv51I.js",
      "kind": "script",
      "source": "browser-preview"
    },
    {
      "method": "GET",
      "path": "/_astro/analytics.CH5T6e-b.js",
      "kind": "script",
      "source": "browser-preview"
    },
    {
      "method": "GET",
      "path": "/_astro/post-chart-context.BZ1tHGpl.js",
      "kind": "script",
      "source": "browser-preview"
    },
    {
      "method": "GET",
      "path": "/_astro/context-help-client.BqVrBbz0.js",
      "kind": "script",
      "source": "browser-preview"
    },
    {
      "method": "GET",
      "path": "/assets/app-icons/v3/favicon.svg",
      "kind": "other",
      "source": "browser-preview"
    },
    {
      "method": "GET",
      "path": "/_astro/chunk-INI453VG.BxjMUPBs.js",
      "kind": "script",
      "source": "browser-preview"
    },
    {
      "method": "GET",
      "path": "/_astro/paths.DYbAuceH.js",
      "kind": "script",
      "source": "browser-preview"
    },
    {
      "method": "GET",
      "path": "/_astro/PlaceSearch.D1WsU_jW.js",
      "kind": "script",
      "source": "browser-preview"
    },
    {
      "method": "GET",
      "path": "/_astro/rolldown-runtime.DK3Fl9T5.js",
      "kind": "script",
      "source": "browser-preview"
    },
    {
      "method": "GET",
      "path": "/_astro/civil-date.CpOZUt7Z.js",
      "kind": "script",
      "source": "browser-preview"
    },
    {
      "method": "GET",
      "path": "/_astro/technical-locales.DDKucXXd.js",
      "kind": "script",
      "source": "browser-preview"
    },
    {
      "method": "GET",
      "path": "/_astro/chart-signature.-is-2T7w.js",
      "kind": "script",
      "source": "browser-preview"
    },
    {
      "method": "GET",
      "path": "/_astro/natal.D7JKDSdx.js",
      "kind": "script",
      "source": "browser-preview"
    },
    {
      "method": "GET",
      "path": "/_astro/synastry.rhUg9_9F.js",
      "kind": "script",
      "source": "browser-preview"
    },
    {
      "method": "GET",
      "path": "/_astro/aspects.BNC-J2iD.js",
      "kind": "script",
      "source": "browser-preview"
    },
    {
      "method": "GET",
      "path": "/_astro/compat.Bjc3uaB7.js",
      "kind": "script",
      "source": "browser-preview"
    },
    {
      "method": "GET",
      "path": "/_astro/ChartActionDock.v70WmYt8.js",
      "kind": "script",
      "source": "browser-preview"
    },
    {
      "method": "GET",
      "path": "/_astro/LearningPractice.CSqTNZrv.js",
      "kind": "script",
      "source": "browser-preview"
    },
    {
      "method": "GET",
      "path": "/_astro/chart-context-copy.UBOz97Jz.js",
      "kind": "script",
      "source": "browser-preview"
    },
    {
      "method": "GET",
      "path": "/_astro/AspectPatternFeature.JIFgyNsc.js",
      "kind": "script",
      "source": "browser-preview"
    },
    {
      "method": "GET",
      "path": "/_astro/use-learning-sources.rIwWXPg-.js",
      "kind": "script",
      "source": "browser-preview"
    },
    {
      "method": "GET",
      "path": "/_astro/schema.DqKqbGHb.js",
      "kind": "script",
      "source": "browser-preview"
    },
    {
      "method": "GET",
      "path": "/_astro/read-store.CIuzJaHq.js",
      "kind": "script",
      "source": "browser-preview"
    },
    {
      "method": "GET",
      "path": "/_astro/full.AQ--_mi-.js",
      "kind": "script",
      "source": "browser-preview"
    },
    {
      "method": "GET",
      "path": "/_astro/chart-adapter.K-QfJlbI.js",
      "kind": "script",
      "source": "browser-preview"
    },
    {
      "method": "GET",
      "path": "/assets/app-icons/v3/favicon.svg",
      "kind": "other",
      "source": "browser-preview"
    },
    {
      "method": "GET",
      "path": "/_astro/calculator-receipt.Sj7p-7nE.js",
      "kind": "script",
      "source": "browser-preview"
    },
    {
      "method": "GET",
      "path": "/assets/site-footer.css",
      "kind": "stylesheet",
      "source": "browser-preview"
    },
    {
      "method": "GET",
      "path": "/_astro/PositionsShareSurface.DT0CW1_r.js",
      "kind": "script",
      "source": "browser-preview"
    },
    {
      "method": "GET",
      "path": "/_astro/share-positions.D3o0ugj4.js",
      "kind": "script",
      "source": "browser-preview"
    },
    {
      "method": "GET",
      "path": "/_astro/share-card.DovPi6oZ.js",
      "kind": "script",
      "source": "browser-preview"
    },
    {
      "method": "GET",
      "path": "/_astro/share-card-brand.CJKZtcRK.js",
      "kind": "script",
      "source": "browser-preview"
    },
    {
      "method": "GET",
      "path": "/_astro/share-card-copy.D0c42nic.js",
      "kind": "script",
      "source": "browser-preview"
    },
    {
      "method": "GET",
      "path": "/_astro/CalendarSubscribe.DXtj1Bbr.js",
      "kind": "script",
      "source": "browser-preview"
    },
    {
      "method": "GET",
      "path": "/_astro/CommunicationRead.ooCKD9f4.js",
      "kind": "script",
      "source": "browser-preview"
    },
    {
      "method": "GET",
      "path": "/_astro/ApproachRead.Bcve0KbT.js",
      "kind": "script",
      "source": "browser-preview"
    },
    {
      "method": "GET",
      "path": "/_astro/PwaInstallPrompt.BCohgdPv.js",
      "kind": "script",
      "source": "browser-preview"
    },
    {
      "method": "GET",
      "path": "/_astro/a2hs.WonhOqdm.js",
      "kind": "script",
      "source": "browser-preview"
    },
    {
      "method": "GET",
      "path": "/assets/zodiac-icons/128/capricorn.avif",
      "kind": "image",
      "source": "browser-preview"
    },
    {
      "method": "GET",
      "path": "/assets/zodiac-icons/128/pisces.avif",
      "kind": "image",
      "source": "browser-preview"
    },
    {
      "method": "GET",
      "path": "/assets/zodiac-icons/128/libra.avif",
      "kind": "image",
      "source": "browser-preview"
    },
    {
      "method": "GET",
      "path": "/assets/zodiac-icons/128/aries.webp",
      "kind": "image",
      "source": "browser-preview"
    },
    {
      "method": "GET",
      "path": "/assets/zodiac-icons/128/taurus.webp",
      "kind": "image",
      "source": "browser-preview"
    },
    {
      "method": "GET",
      "path": "/assets/zodiac-icons/128/gemini.webp",
      "kind": "image",
      "source": "browser-preview"
    },
    {
      "method": "GET",
      "path": "/assets/zodiac-icons/128/cancer.webp",
      "kind": "image",
      "source": "browser-preview"
    },
    {
      "method": "GET",
      "path": "/assets/zodiac-icons/128/leo.webp",
      "kind": "image",
      "source": "browser-preview"
    },
    {
      "method": "GET",
      "path": "/assets/zodiac-icons/128/virgo.webp",
      "kind": "image",
      "source": "browser-preview"
    },
    {
      "method": "GET",
      "path": "/assets/zodiac-icons/128/libra.webp",
      "kind": "image",
      "source": "browser-preview"
    },
    {
      "method": "GET",
      "path": "/assets/zodiac-icons/128/scorpio.webp",
      "kind": "image",
      "source": "browser-preview"
    },
    {
      "method": "GET",
      "path": "/assets/zodiac-icons/128/sagittarius.webp",
      "kind": "image",
      "source": "browser-preview"
    },
    {
      "method": "GET",
      "path": "/assets/zodiac-icons/128/capricorn.webp",
      "kind": "image",
      "source": "browser-preview"
    },
    {
      "method": "GET",
      "path": "/assets/zodiac-icons/128/aquarius.webp",
      "kind": "image",
      "source": "browser-preview"
    },
    {
      "method": "GET",
      "path": "/assets/zodiac-icons/128/pisces.webp",
      "kind": "image",
      "source": "browser-preview"
    },
    {
      "method": "GET",
      "path": "/_astro/store.B9KwR70B.js",
      "kind": "script",
      "source": "browser-preview"
    },
    {
      "method": "GET",
      "path": "/_astro/deletions.DUQYISzq.js",
      "kind": "script",
      "source": "browser-preview"
    },
    {
      "method": "GET",
      "path": "/assets/zodiac-icons/128/aries.webp",
      "kind": "fetch",
      "source": "browser-preview"
    },
    {
      "method": "GET",
      "path": "/assets/zodiac-icons/128/taurus.webp",
      "kind": "fetch",
      "source": "browser-preview"
    },
    {
      "method": "GET",
      "path": "/assets/zodiac-icons/128/gemini.webp",
      "kind": "fetch",
      "source": "browser-preview"
    },
    {
      "method": "GET",
      "path": "/assets/zodiac-icons/128/cancer.webp",
      "kind": "fetch",
      "source": "browser-preview"
    },
    {
      "method": "GET",
      "path": "/assets/zodiac-icons/128/leo.webp",
      "kind": "fetch",
      "source": "browser-preview"
    },
    {
      "method": "GET",
      "path": "/assets/zodiac-icons/128/virgo.webp",
      "kind": "fetch",
      "source": "browser-preview"
    },
    {
      "method": "GET",
      "path": "/assets/zodiac-icons/128/libra.webp",
      "kind": "fetch",
      "source": "browser-preview"
    },
    {
      "method": "GET",
      "path": "/assets/zodiac-icons/128/scorpio.webp",
      "kind": "fetch",
      "source": "browser-preview"
    },
    {
      "method": "GET",
      "path": "/assets/zodiac-icons/128/sagittarius.webp",
      "kind": "fetch",
      "source": "browser-preview"
    },
    {
      "method": "GET",
      "path": "/assets/zodiac-icons/128/capricorn.webp",
      "kind": "fetch",
      "source": "browser-preview"
    },
    {
      "method": "GET",
      "path": "/assets/zodiac-icons/128/aquarius.webp",
      "kind": "fetch",
      "source": "browser-preview"
    },
    {
      "method": "GET",
      "path": "/assets/zodiac-icons/128/pisces.webp",
      "kind": "fetch",
      "source": "browser-preview"
    },
    {
      "method": "GET",
      "path": "/assets/zodiac-icons/128/libra.webp",
      "kind": "fetch",
      "source": "browser-preview"
    },
    {
      "method": "GET",
      "path": "/assets/zodiac-icons/128/sagittarius.webp",
      "kind": "fetch",
      "source": "browser-preview"
    },
    {
      "method": "GET",
      "path": "/assets/zodiac-icons/128/pisces.webp",
      "kind": "fetch",
      "source": "browser-preview"
    },
    {
      "method": "GET",
      "path": "/assets/zodiac-icons/128/cancer.webp",
      "kind": "fetch",
      "source": "browser-preview"
    },
    {
      "method": "GET",
      "path": "/assets/zodiac-icons/128/sagittarius.webp",
      "kind": "fetch",
      "source": "browser-preview"
    },
    {
      "method": "GET",
      "path": "/assets/zodiac-icons/128/pisces.webp",
      "kind": "fetch",
      "source": "browser-preview"
    },
    {
      "method": "GET",
      "path": "/assets/zodiac-icons/128/cancer.webp",
      "kind": "fetch",
      "source": "browser-preview"
    },
    {
      "method": "GET",
      "path": "/fonts/eb-garamond-latin-400-italic.woff2",
      "kind": "font",
      "source": "browser-preview"
    },
    {
      "method": "GET",
      "path": "/assets/app-icons/v3/icon-512.png",
      "kind": "fetch",
      "source": "browser-preview"
    },
    {
      "method": "GET",
      "path": "/assets/app-icons/v3/icon-512.png",
      "kind": "fetch",
      "source": "browser-preview"
    },
    {
      "method": "GET",
      "path": "/assets/app-icons/v3/icon-512.png",
      "kind": "fetch",
      "source": "browser-preview"
    },
    {
      "method": "GET",
      "path": "/assets/assistant-ui.js",
      "kind": "script",
      "source": "browser-preview"
    },
    {
      "method": "GET",
      "path": "/assets/assistant-ui.css",
      "kind": "stylesheet",
      "source": "browser-preview"
    },
    {
      "method": "GET",
      "path": "/assets/guide-avatar.webp",
      "kind": "image",
      "source": "browser-preview"
    },
    {
      "method": "GET",
      "path": "/assets/zodiac-icons/48/libra.avif",
      "kind": "image",
      "source": "browser-preview"
    },
    {
      "method": "GET",
      "path": "/assets/zodiac-icons/48/sagittarius.avif",
      "kind": "image",
      "source": "browser-preview"
    },
    {
      "method": "GET",
      "path": "/assets/zodiac-icons/48/pisces.avif",
      "kind": "image",
      "source": "browser-preview"
    },
    {
      "method": "GET",
      "path": "/assets/zodiac-icons/48/cancer.avif",
      "kind": "image",
      "source": "browser-preview"
    },
    {
      "method": "GET",
      "path": "/birth-chart/",
      "kind": "document",
      "source": "browser-preview"
    },
    {
      "method": "GET",
      "path": "/fonts/instrument-sans-latin-wght-normal.woff2",
      "kind": "font",
      "source": "browser-preview"
    },
    {
      "method": "GET",
      "path": "/fonts/eb-garamond-latin-400-normal.woff2",
      "kind": "font",
      "source": "browser-preview"
    },
    {
      "method": "GET",
      "path": "/fonts/eb-garamond-latin-500-normal.woff2",
      "kind": "font",
      "source": "browser-preview"
    },
    {
      "method": "GET",
      "path": "/_astro/explorer.ijMRUwvv.css",
      "kind": "stylesheet",
      "source": "browser-preview"
    },
    {
      "method": "GET",
      "path": "/_astro/ChartActionDock.Cc8zzTbx.css",
      "kind": "stylesheet",
      "source": "browser-preview"
    },
    {
      "method": "GET",
      "path": "/js/pa-HwF2IBb5Sw8eboNPSOgHv.js",
      "kind": "script",
      "source": "browser-preview"
    },
    {
      "method": "GET",
      "path": "/_astro/AstroTerm.astro_astro_type_script_index_0_lang.DB1iYTmP.js",
      "kind": "script",
      "source": "browser-preview"
    },
    {
      "method": "GET",
      "path": "/fonts/jetbrains-mono-latin-wght-normal.woff2",
      "kind": "font",
      "source": "browser-preview"
    },
    {
      "method": "GET",
      "path": "/_astro/ChartCalculator.CohOHP8k.js",
      "kind": "script",
      "source": "browser-preview"
    },
    {
      "method": "GET",
      "path": "/_astro/client.DPkn9Lbl.js",
      "kind": "script",
      "source": "browser-preview"
    },
    {
      "method": "GET",
      "path": "/_astro/preload-helper.L5lOfJxi.js",
      "kind": "script",
      "source": "browser-preview"
    },
    {
      "method": "GET",
      "path": "/_astro/preact.module.Bjq9tLsx.js",
      "kind": "script",
      "source": "browser-preview"
    },
    {
      "method": "GET",
      "path": "/_astro/hooks.module.C0_8FjiD.js",
      "kind": "script",
      "source": "browser-preview"
    },
    {
      "method": "GET",
      "path": "/_astro/profile-access-reader.DoQqlSjt.js",
      "kind": "script",
      "source": "browser-preview"
    },
    {
      "method": "GET",
      "path": "/_astro/chunk-H7RJKCBO.BUIGSNBz.js",
      "kind": "script",
      "source": "browser-preview"
    },
    {
      "method": "GET",
      "path": "/_astro/signs.BMXPKoMF.js",
      "kind": "script",
      "source": "browser-preview"
    },
    {
      "method": "GET",
      "path": "/_astro/jsxRuntime.module.BG9KJlGc.js",
      "kind": "script",
      "source": "browser-preview"
    },
    {
      "method": "GET",
      "path": "/_astro/PlanetGlyph.BhITbtcc.js",
      "kind": "script",
      "source": "browser-preview"
    },
    {
      "method": "GET",
      "path": "/_astro/i18n.Cg_lCJuc.js",
      "kind": "script",
      "source": "browser-preview"
    },
    {
      "method": "GET",
      "path": "/_astro/CalculationReload.DXyGkRsn.js",
      "kind": "script",
      "source": "browser-preview"
    },
    {
      "method": "GET",
      "path": "/_astro/astrology.BHib5efU.js",
      "kind": "script",
      "source": "browser-preview"
    },
    {
      "method": "GET",
      "path": "/_astro/share.BRlg0eGS.js",
      "kind": "script",
      "source": "browser-preview"
    },
    {
      "method": "GET",
      "path": "/_astro/chart-handoff.Dvz2AAcL.js",
      "kind": "script",
      "source": "browser-preview"
    },
    {
      "method": "GET",
      "path": "/_astro/useProfileAccessGeneration.w2JLb1F6.js",
      "kind": "script",
      "source": "browser-preview"
    },
    {
      "method": "GET",
      "path": "/_astro/useEngine.BV92cVg4.js",
      "kind": "script",
      "source": "browser-preview"
    },
    {
      "method": "GET",
      "path": "/_astro/BirthFields.VmY_J4-2.js",
      "kind": "script",
      "source": "browser-preview"
    },
    {
      "method": "GET",
      "path": "/_astro/localToUtc.CrWG2CBc.js",
      "kind": "script",
      "source": "browser-preview"
    },
    {
      "method": "GET",
      "path": "/_astro/interpretations.BaZkYN67.js",
      "kind": "script",
      "source": "browser-preview"
    },
    {
      "method": "GET",
      "path": "/_astro/AstroTerm.7K8SAipO.js",
      "kind": "script",
      "source": "browser-preview"
    },
    {
      "method": "GET",
      "path": "/_astro/SignChip.Dx3tQVZl.js",
      "kind": "script",
      "source": "browser-preview"
    },
    {
      "method": "GET",
      "path": "/_astro/AspectGlyph.DMIAGIQV.js",
      "kind": "script",
      "source": "browser-preview"
    },
    {
      "method": "GET",
      "path": "/_astro/Wheel.RNRSqGob.js",
      "kind": "script",
      "source": "browser-preview"
    },
    {
      "method": "GET",
      "path": "/_astro/dignities.BycBkP8Y.js",
      "kind": "script",
      "source": "browser-preview"
    },
    {
      "method": "GET",
      "path": "/_astro/houses.5SlbILVS.js",
      "kind": "script",
      "source": "browser-preview"
    },
    {
      "method": "GET",
      "path": "/_astro/technical-layout.DQIjXHHb.js",
      "kind": "script",
      "source": "browser-preview"
    },
    {
      "method": "GET",
      "path": "/_astro/lite.DKWHZC5_.js",
      "kind": "script",
      "source": "browser-preview"
    },
    {
      "method": "GET",
      "path": "/_astro/learning-input-identity.C-WLv51I.js",
      "kind": "script",
      "source": "browser-preview"
    },
    {
      "method": "GET",
      "path": "/_astro/analytics.CH5T6e-b.js",
      "kind": "script",
      "source": "browser-preview"
    },
    {
      "method": "GET",
      "path": "/_astro/post-chart-context.BZ1tHGpl.js",
      "kind": "script",
      "source": "browser-preview"
    },
    {
      "method": "GET",
      "path": "/_astro/context-help-client.BqVrBbz0.js",
      "kind": "script",
      "source": "browser-preview"
    },
    {
      "method": "GET",
      "path": "/assets/app-icons/v3/favicon.svg",
      "kind": "other",
      "source": "browser-preview"
    },
    {
      "method": "GET",
      "path": "/_astro/rolldown-runtime.DK3Fl9T5.js",
      "kind": "script",
      "source": "browser-preview"
    },
    {
      "method": "GET",
      "path": "/_astro/civil-date.CpOZUt7Z.js",
      "kind": "script",
      "source": "browser-preview"
    },
    {
      "method": "GET",
      "path": "/_astro/technical-locales.DDKucXXd.js",
      "kind": "script",
      "source": "browser-preview"
    },
    {
      "method": "GET",
      "path": "/_astro/chunk-INI453VG.BxjMUPBs.js",
      "kind": "script",
      "source": "browser-preview"
    },
    {
      "method": "GET",
      "path": "/_astro/paths.DYbAuceH.js",
      "kind": "script",
      "source": "browser-preview"
    },
    {
      "method": "GET",
      "path": "/_astro/PlaceSearch.D1WsU_jW.js",
      "kind": "script",
      "source": "browser-preview"
    },
    {
      "method": "GET",
      "path": "/_astro/chart-signature.-is-2T7w.js",
      "kind": "script",
      "source": "browser-preview"
    },
    {
      "method": "GET",
      "path": "/_astro/natal.D7JKDSdx.js",
      "kind": "script",
      "source": "browser-preview"
    },
    {
      "method": "GET",
      "path": "/_astro/synastry.rhUg9_9F.js",
      "kind": "script",
      "source": "browser-preview"
    },
    {
      "method": "GET",
      "path": "/_astro/aspects.BNC-J2iD.js",
      "kind": "script",
      "source": "browser-preview"
    },
    {
      "method": "GET",
      "path": "/_astro/compat.Bjc3uaB7.js",
      "kind": "script",
      "source": "browser-preview"
    },
    {
      "method": "GET",
      "path": "/_astro/ChartActionDock.v70WmYt8.js",
      "kind": "script",
      "source": "browser-preview"
    },
    {
      "method": "GET",
      "path": "/_astro/LearningPractice.CSqTNZrv.js",
      "kind": "script",
      "source": "browser-preview"
    },
    {
      "method": "GET",
      "path": "/_astro/chart-context-copy.UBOz97Jz.js",
      "kind": "script",
      "source": "browser-preview"
    },
    {
      "method": "GET",
      "path": "/_astro/AspectPatternFeature.JIFgyNsc.js",
      "kind": "script",
      "source": "browser-preview"
    },
    {
      "method": "GET",
      "path": "/_astro/use-learning-sources.rIwWXPg-.js",
      "kind": "script",
      "source": "browser-preview"
    },
    {
      "method": "GET",
      "path": "/_astro/schema.DqKqbGHb.js",
      "kind": "script",
      "source": "browser-preview"
    },
    {
      "method": "GET",
      "path": "/_astro/read-store.CIuzJaHq.js",
      "kind": "script",
      "source": "browser-preview"
    },
    {
      "method": "GET",
      "path": "/_astro/full.AQ--_mi-.js",
      "kind": "script",
      "source": "browser-preview"
    },
    {
      "method": "GET",
      "path": "/_astro/chart-adapter.K-QfJlbI.js",
      "kind": "script",
      "source": "browser-preview"
    },
    {
      "method": "GET",
      "path": "/assets/app-icons/v3/favicon.svg",
      "kind": "other",
      "source": "browser-preview"
    },
    {
      "method": "GET",
      "path": "/_astro/calculator-receipt.Sj7p-7nE.js",
      "kind": "script",
      "source": "browser-preview"
    },
    {
      "method": "GET",
      "path": "/_astro/PositionsShareSurface.DT0CW1_r.js",
      "kind": "script",
      "source": "browser-preview"
    },
    {
      "method": "GET",
      "path": "/_astro/share-positions.D3o0ugj4.js",
      "kind": "script",
      "source": "browser-preview"
    },
    {
      "method": "GET",
      "path": "/_astro/share-card.DovPi6oZ.js",
      "kind": "script",
      "source": "browser-preview"
    },
    {
      "method": "GET",
      "path": "/_astro/share-card-brand.CJKZtcRK.js",
      "kind": "script",
      "source": "browser-preview"
    },
    {
      "method": "GET",
      "path": "/_astro/share-card-copy.D0c42nic.js",
      "kind": "script",
      "source": "browser-preview"
    },
    {
      "method": "GET",
      "path": "/_astro/CalendarSubscribe.DXtj1Bbr.js",
      "kind": "script",
      "source": "browser-preview"
    },
    {
      "method": "GET",
      "path": "/_astro/CommunicationRead.ooCKD9f4.js",
      "kind": "script",
      "source": "browser-preview"
    },
    {
      "method": "GET",
      "path": "/_astro/ApproachRead.Bcve0KbT.js",
      "kind": "script",
      "source": "browser-preview"
    },
    {
      "method": "GET",
      "path": "/_astro/PwaInstallPrompt.BCohgdPv.js",
      "kind": "script",
      "source": "browser-preview"
    },
    {
      "method": "GET",
      "path": "/_astro/a2hs.WonhOqdm.js",
      "kind": "script",
      "source": "browser-preview"
    },
    {
      "method": "GET",
      "path": "/assets/zodiac-icons/128/aries.avif",
      "kind": "image",
      "source": "browser-preview"
    },
    {
      "method": "GET",
      "path": "/assets/zodiac-icons/128/aquarius.avif",
      "kind": "image",
      "source": "browser-preview"
    },
    {
      "method": "GET",
      "path": "/assets/zodiac-icons/128/capricorn.avif",
      "kind": "image",
      "source": "browser-preview"
    },
    {
      "method": "GET",
      "path": "/assets/zodiac-icons/128/aries.webp",
      "kind": "image",
      "source": "browser-preview"
    },
    {
      "method": "GET",
      "path": "/assets/zodiac-icons/128/taurus.webp",
      "kind": "image",
      "source": "browser-preview"
    },
    {
      "method": "GET",
      "path": "/assets/zodiac-icons/128/gemini.webp",
      "kind": "image",
      "source": "browser-preview"
    },
    {
      "method": "GET",
      "path": "/assets/zodiac-icons/128/cancer.webp",
      "kind": "image",
      "source": "browser-preview"
    },
    {
      "method": "GET",
      "path": "/assets/zodiac-icons/128/leo.webp",
      "kind": "image",
      "source": "browser-preview"
    },
    {
      "method": "GET",
      "path": "/assets/zodiac-icons/128/virgo.webp",
      "kind": "image",
      "source": "browser-preview"
    },
    {
      "method": "GET",
      "path": "/assets/zodiac-icons/128/libra.webp",
      "kind": "image",
      "source": "browser-preview"
    },
    {
      "method": "GET",
      "path": "/assets/zodiac-icons/128/scorpio.webp",
      "kind": "image",
      "source": "browser-preview"
    },
    {
      "method": "GET",
      "path": "/assets/zodiac-icons/128/sagittarius.webp",
      "kind": "image",
      "source": "browser-preview"
    },
    {
      "method": "GET",
      "path": "/assets/zodiac-icons/128/capricorn.webp",
      "kind": "image",
      "source": "browser-preview"
    },
    {
      "method": "GET",
      "path": "/assets/zodiac-icons/128/aquarius.webp",
      "kind": "image",
      "source": "browser-preview"
    },
    {
      "method": "GET",
      "path": "/assets/zodiac-icons/128/pisces.webp",
      "kind": "image",
      "source": "browser-preview"
    },
    {
      "method": "GET",
      "path": "/_astro/store.B9KwR70B.js",
      "kind": "script",
      "source": "browser-preview"
    },
    {
      "method": "GET",
      "path": "/_astro/deletions.DUQYISzq.js",
      "kind": "script",
      "source": "browser-preview"
    },
    {
      "method": "GET",
      "path": "/assets/site-footer.css",
      "kind": "stylesheet",
      "source": "browser-preview"
    },
    {
      "method": "GET",
      "path": "/assets/zodiac-icons/128/capricorn.webp",
      "kind": "fetch",
      "source": "browser-preview"
    },
    {
      "method": "GET",
      "path": "/assets/zodiac-icons/128/pisces.webp",
      "kind": "fetch",
      "source": "browser-preview"
    },
    {
      "method": "GET",
      "path": "/assets/zodiac-icons/128/aquarius.webp",
      "kind": "fetch",
      "source": "browser-preview"
    },
    {
      "method": "GET",
      "path": "/assets/zodiac-icons/128/libra.webp",
      "kind": "fetch",
      "source": "browser-preview"
    },
    {
      "method": "GET",
      "path": "/assets/zodiac-icons/128/aries.webp",
      "kind": "fetch",
      "source": "browser-preview"
    },
    {
      "method": "GET",
      "path": "/assets/zodiac-icons/128/taurus.webp",
      "kind": "fetch",
      "source": "browser-preview"
    },
    {
      "method": "GET",
      "path": "/assets/zodiac-icons/128/gemini.webp",
      "kind": "fetch",
      "source": "browser-preview"
    },
    {
      "method": "GET",
      "path": "/assets/zodiac-icons/128/cancer.webp",
      "kind": "fetch",
      "source": "browser-preview"
    },
    {
      "method": "GET",
      "path": "/assets/zodiac-icons/128/leo.webp",
      "kind": "fetch",
      "source": "browser-preview"
    },
    {
      "method": "GET",
      "path": "/assets/zodiac-icons/128/virgo.webp",
      "kind": "fetch",
      "source": "browser-preview"
    },
    {
      "method": "GET",
      "path": "/assets/zodiac-icons/128/libra.webp",
      "kind": "fetch",
      "source": "browser-preview"
    },
    {
      "method": "GET",
      "path": "/assets/zodiac-icons/128/scorpio.webp",
      "kind": "fetch",
      "source": "browser-preview"
    },
    {
      "method": "GET",
      "path": "/assets/zodiac-icons/128/sagittarius.webp",
      "kind": "fetch",
      "source": "browser-preview"
    },
    {
      "method": "GET",
      "path": "/assets/zodiac-icons/128/capricorn.webp",
      "kind": "fetch",
      "source": "browser-preview"
    },
    {
      "method": "GET",
      "path": "/assets/zodiac-icons/128/aquarius.webp",
      "kind": "fetch",
      "source": "browser-preview"
    },
    {
      "method": "GET",
      "path": "/assets/zodiac-icons/128/pisces.webp",
      "kind": "fetch",
      "source": "browser-preview"
    },
    {
      "method": "GET",
      "path": "/assets/zodiac-icons/128/pisces.webp",
      "kind": "fetch",
      "source": "browser-preview"
    },
    {
      "method": "GET",
      "path": "/assets/zodiac-icons/128/aquarius.webp",
      "kind": "fetch",
      "source": "browser-preview"
    },
    {
      "method": "GET",
      "path": "/assets/zodiac-icons/128/libra.webp",
      "kind": "fetch",
      "source": "browser-preview"
    },
    {
      "method": "GET",
      "path": "/assets/app-icons/v3/icon-512.png",
      "kind": "fetch",
      "source": "browser-preview"
    },
    {
      "method": "GET",
      "path": "/fonts/eb-garamond-latin-400-italic.woff2",
      "kind": "font",
      "source": "browser-preview"
    },
    {
      "method": "GET",
      "path": "/assets/app-icons/v3/icon-512.png",
      "kind": "fetch",
      "source": "browser-preview"
    },
    {
      "method": "GET",
      "path": "/assets/app-icons/v3/icon-512.png",
      "kind": "fetch",
      "source": "browser-preview"
    },
    {
      "method": "GET",
      "path": "/assets/assistant-ui.js",
      "kind": "script",
      "source": "browser-preview"
    },
    {
      "method": "GET",
      "path": "/assets/assistant-ui.css",
      "kind": "stylesheet",
      "source": "browser-preview"
    },
    {
      "method": "GET",
      "path": "/assets/guide-avatar.webp",
      "kind": "image",
      "source": "browser-preview"
    },
    {
      "method": "GET",
      "path": "/assets/zodiac-icons/48/capricorn.avif",
      "kind": "image",
      "source": "browser-preview"
    },
    {
      "method": "GET",
      "path": "/assets/zodiac-icons/48/pisces.avif",
      "kind": "image",
      "source": "browser-preview"
    },
    {
      "method": "GET",
      "path": "/assets/zodiac-icons/48/aquarius.avif",
      "kind": "image",
      "source": "browser-preview"
    },
    {
      "method": "GET",
      "path": "/assets/zodiac-icons/48/libra.avif",
      "kind": "image",
      "source": "browser-preview"
    },
    {
      "method": "GET",
      "path": "/birth-chart/",
      "kind": "document",
      "source": "browser-preview"
    },
    {
      "method": "GET",
      "path": "/fonts/instrument-sans-latin-wght-normal.woff2",
      "kind": "font",
      "source": "browser-preview"
    },
    {
      "method": "GET",
      "path": "/fonts/eb-garamond-latin-400-normal.woff2",
      "kind": "font",
      "source": "browser-preview"
    },
    {
      "method": "GET",
      "path": "/fonts/eb-garamond-latin-500-normal.woff2",
      "kind": "font",
      "source": "browser-preview"
    },
    {
      "method": "GET",
      "path": "/_astro/explorer.ijMRUwvv.css",
      "kind": "stylesheet",
      "source": "browser-preview"
    },
    {
      "method": "GET",
      "path": "/_astro/ChartActionDock.Cc8zzTbx.css",
      "kind": "stylesheet",
      "source": "browser-preview"
    },
    {
      "method": "GET",
      "path": "/js/pa-HwF2IBb5Sw8eboNPSOgHv.js",
      "kind": "script",
      "source": "browser-preview"
    },
    {
      "method": "GET",
      "path": "/_astro/AstroTerm.astro_astro_type_script_index_0_lang.DB1iYTmP.js",
      "kind": "script",
      "source": "browser-preview"
    },
    {
      "method": "GET",
      "path": "/fonts/jetbrains-mono-latin-wght-normal.woff2",
      "kind": "font",
      "source": "browser-preview"
    },
    {
      "method": "GET",
      "path": "/_astro/preload-helper.L5lOfJxi.js",
      "kind": "script",
      "source": "browser-preview"
    },
    {
      "method": "GET",
      "path": "/_astro/ChartCalculator.CohOHP8k.js",
      "kind": "script",
      "source": "browser-preview"
    },
    {
      "method": "GET",
      "path": "/_astro/client.DPkn9Lbl.js",
      "kind": "script",
      "source": "browser-preview"
    },
    {
      "method": "GET",
      "path": "/_astro/preact.module.Bjq9tLsx.js",
      "kind": "script",
      "source": "browser-preview"
    },
    {
      "method": "GET",
      "path": "/_astro/context-help-client.BqVrBbz0.js",
      "kind": "script",
      "source": "browser-preview"
    },
    {
      "method": "GET",
      "path": "/_astro/analytics.CH5T6e-b.js",
      "kind": "script",
      "source": "browser-preview"
    },
    {
      "method": "GET",
      "path": "/_astro/hooks.module.C0_8FjiD.js",
      "kind": "script",
      "source": "browser-preview"
    },
    {
      "method": "GET",
      "path": "/_astro/profile-access-reader.DoQqlSjt.js",
      "kind": "script",
      "source": "browser-preview"
    },
    {
      "method": "GET",
      "path": "/_astro/chunk-H7RJKCBO.BUIGSNBz.js",
      "kind": "script",
      "source": "browser-preview"
    },
    {
      "method": "GET",
      "path": "/_astro/signs.BMXPKoMF.js",
      "kind": "script",
      "source": "browser-preview"
    },
    {
      "method": "GET",
      "path": "/_astro/jsxRuntime.module.BG9KJlGc.js",
      "kind": "script",
      "source": "browser-preview"
    },
    {
      "method": "GET",
      "path": "/_astro/PlanetGlyph.BhITbtcc.js",
      "kind": "script",
      "source": "browser-preview"
    },
    {
      "method": "GET",
      "path": "/_astro/i18n.Cg_lCJuc.js",
      "kind": "script",
      "source": "browser-preview"
    },
    {
      "method": "GET",
      "path": "/_astro/CalculationReload.DXyGkRsn.js",
      "kind": "script",
      "source": "browser-preview"
    },
    {
      "method": "GET",
      "path": "/_astro/astrology.BHib5efU.js",
      "kind": "script",
      "source": "browser-preview"
    },
    {
      "method": "GET",
      "path": "/_astro/share.BRlg0eGS.js",
      "kind": "script",
      "source": "browser-preview"
    },
    {
      "method": "GET",
      "path": "/_astro/chart-handoff.Dvz2AAcL.js",
      "kind": "script",
      "source": "browser-preview"
    },
    {
      "method": "GET",
      "path": "/_astro/useProfileAccessGeneration.w2JLb1F6.js",
      "kind": "script",
      "source": "browser-preview"
    },
    {
      "method": "GET",
      "path": "/_astro/useEngine.BV92cVg4.js",
      "kind": "script",
      "source": "browser-preview"
    },
    {
      "method": "GET",
      "path": "/_astro/BirthFields.VmY_J4-2.js",
      "kind": "script",
      "source": "browser-preview"
    },
    {
      "method": "GET",
      "path": "/_astro/localToUtc.CrWG2CBc.js",
      "kind": "script",
      "source": "browser-preview"
    },
    {
      "method": "GET",
      "path": "/_astro/interpretations.BaZkYN67.js",
      "kind": "script",
      "source": "browser-preview"
    },
    {
      "method": "GET",
      "path": "/_astro/AstroTerm.7K8SAipO.js",
      "kind": "script",
      "source": "browser-preview"
    },
    {
      "method": "GET",
      "path": "/_astro/SignChip.Dx3tQVZl.js",
      "kind": "script",
      "source": "browser-preview"
    },
    {
      "method": "GET",
      "path": "/_astro/AspectGlyph.DMIAGIQV.js",
      "kind": "script",
      "source": "browser-preview"
    },
    {
      "method": "GET",
      "path": "/_astro/Wheel.RNRSqGob.js",
      "kind": "script",
      "source": "browser-preview"
    },
    {
      "method": "GET",
      "path": "/_astro/dignities.BycBkP8Y.js",
      "kind": "script",
      "source": "browser-preview"
    },
    {
      "method": "GET",
      "path": "/_astro/houses.5SlbILVS.js",
      "kind": "script",
      "source": "browser-preview"
    },
    {
      "method": "GET",
      "path": "/_astro/technical-layout.DQIjXHHb.js",
      "kind": "script",
      "source": "browser-preview"
    },
    {
      "method": "GET",
      "path": "/_astro/lite.DKWHZC5_.js",
      "kind": "script",
      "source": "browser-preview"
    },
    {
      "method": "GET",
      "path": "/_astro/learning-input-identity.C-WLv51I.js",
      "kind": "script",
      "source": "browser-preview"
    },
    {
      "method": "GET",
      "path": "/_astro/post-chart-context.BZ1tHGpl.js",
      "kind": "script",
      "source": "browser-preview"
    },
    {
      "method": "GET",
      "path": "/assets/app-icons/v3/favicon.svg",
      "kind": "other",
      "source": "browser-preview"
    },
    {
      "method": "GET",
      "path": "/_astro/rolldown-runtime.DK3Fl9T5.js",
      "kind": "script",
      "source": "browser-preview"
    },
    {
      "method": "GET",
      "path": "/_astro/civil-date.CpOZUt7Z.js",
      "kind": "script",
      "source": "browser-preview"
    },
    {
      "method": "GET",
      "path": "/_astro/technical-locales.DDKucXXd.js",
      "kind": "script",
      "source": "browser-preview"
    },
    {
      "method": "GET",
      "path": "/_astro/chunk-INI453VG.BxjMUPBs.js",
      "kind": "script",
      "source": "browser-preview"
    },
    {
      "method": "GET",
      "path": "/_astro/paths.DYbAuceH.js",
      "kind": "script",
      "source": "browser-preview"
    },
    {
      "method": "GET",
      "path": "/_astro/PlaceSearch.D1WsU_jW.js",
      "kind": "script",
      "source": "browser-preview"
    },
    {
      "method": "GET",
      "path": "/_astro/chart-signature.-is-2T7w.js",
      "kind": "script",
      "source": "browser-preview"
    },
    {
      "method": "GET",
      "path": "/_astro/natal.D7JKDSdx.js",
      "kind": "script",
      "source": "browser-preview"
    },
    {
      "method": "GET",
      "path": "/_astro/synastry.rhUg9_9F.js",
      "kind": "script",
      "source": "browser-preview"
    },
    {
      "method": "GET",
      "path": "/_astro/aspects.BNC-J2iD.js",
      "kind": "script",
      "source": "browser-preview"
    },
    {
      "method": "GET",
      "path": "/_astro/compat.Bjc3uaB7.js",
      "kind": "script",
      "source": "browser-preview"
    },
    {
      "method": "GET",
      "path": "/_astro/ChartActionDock.v70WmYt8.js",
      "kind": "script",
      "source": "browser-preview"
    },
    {
      "method": "GET",
      "path": "/_astro/LearningPractice.CSqTNZrv.js",
      "kind": "script",
      "source": "browser-preview"
    },
    {
      "method": "GET",
      "path": "/_astro/chart-context-copy.UBOz97Jz.js",
      "kind": "script",
      "source": "browser-preview"
    },
    {
      "method": "GET",
      "path": "/_astro/AspectPatternFeature.JIFgyNsc.js",
      "kind": "script",
      "source": "browser-preview"
    },
    {
      "method": "GET",
      "path": "/_astro/use-learning-sources.rIwWXPg-.js",
      "kind": "script",
      "source": "browser-preview"
    },
    {
      "method": "GET",
      "path": "/_astro/schema.DqKqbGHb.js",
      "kind": "script",
      "source": "browser-preview"
    },
    {
      "method": "GET",
      "path": "/_astro/read-store.CIuzJaHq.js",
      "kind": "script",
      "source": "browser-preview"
    },
    {
      "method": "GET",
      "path": "/_astro/full.AQ--_mi-.js",
      "kind": "script",
      "source": "browser-preview"
    },
    {
      "method": "GET",
      "path": "/_astro/chart-adapter.K-QfJlbI.js",
      "kind": "script",
      "source": "browser-preview"
    },
    {
      "method": "GET",
      "path": "/assets/app-icons/v3/favicon.svg",
      "kind": "other",
      "source": "browser-preview"
    },
    {
      "method": "GET",
      "path": "/assets/site-footer.css",
      "kind": "stylesheet",
      "source": "browser-preview"
    },
    {
      "method": "GET",
      "path": "/_astro/calculator-receipt.Sj7p-7nE.js",
      "kind": "script",
      "source": "browser-preview"
    },
    {
      "method": "GET",
      "path": "/_astro/PositionsShareSurface.DT0CW1_r.js",
      "kind": "script",
      "source": "browser-preview"
    },
    {
      "method": "GET",
      "path": "/_astro/share-positions.D3o0ugj4.js",
      "kind": "script",
      "source": "browser-preview"
    },
    {
      "method": "GET",
      "path": "/_astro/share-card.DovPi6oZ.js",
      "kind": "script",
      "source": "browser-preview"
    },
    {
      "method": "GET",
      "path": "/_astro/share-card-brand.CJKZtcRK.js",
      "kind": "script",
      "source": "browser-preview"
    },
    {
      "method": "GET",
      "path": "/_astro/share-card-copy.D0c42nic.js",
      "kind": "script",
      "source": "browser-preview"
    },
    {
      "method": "GET",
      "path": "/_astro/CalendarSubscribe.DXtj1Bbr.js",
      "kind": "script",
      "source": "browser-preview"
    },
    {
      "method": "GET",
      "path": "/_astro/CommunicationRead.ooCKD9f4.js",
      "kind": "script",
      "source": "browser-preview"
    },
    {
      "method": "GET",
      "path": "/_astro/ApproachRead.Bcve0KbT.js",
      "kind": "script",
      "source": "browser-preview"
    },
    {
      "method": "GET",
      "path": "/_astro/PwaInstallPrompt.BCohgdPv.js",
      "kind": "script",
      "source": "browser-preview"
    },
    {
      "method": "GET",
      "path": "/_astro/a2hs.WonhOqdm.js",
      "kind": "script",
      "source": "browser-preview"
    },
    {
      "method": "GET",
      "path": "/assets/zodiac-icons/128/leo.avif",
      "kind": "image",
      "source": "browser-preview"
    },
    {
      "method": "GET",
      "path": "/assets/zodiac-icons/128/cancer.avif",
      "kind": "image",
      "source": "browser-preview"
    },
    {
      "method": "GET",
      "path": "/assets/zodiac-icons/128/aries.webp",
      "kind": "image",
      "source": "browser-preview"
    },
    {
      "method": "GET",
      "path": "/assets/zodiac-icons/128/taurus.webp",
      "kind": "image",
      "source": "browser-preview"
    },
    {
      "method": "GET",
      "path": "/assets/zodiac-icons/128/gemini.webp",
      "kind": "image",
      "source": "browser-preview"
    },
    {
      "method": "GET",
      "path": "/assets/zodiac-icons/128/cancer.webp",
      "kind": "image",
      "source": "browser-preview"
    },
    {
      "method": "GET",
      "path": "/assets/zodiac-icons/128/leo.webp",
      "kind": "image",
      "source": "browser-preview"
    },
    {
      "method": "GET",
      "path": "/assets/zodiac-icons/128/virgo.webp",
      "kind": "image",
      "source": "browser-preview"
    },
    {
      "method": "GET",
      "path": "/assets/zodiac-icons/128/libra.webp",
      "kind": "image",
      "source": "browser-preview"
    },
    {
      "method": "GET",
      "path": "/assets/zodiac-icons/128/scorpio.webp",
      "kind": "image",
      "source": "browser-preview"
    },
    {
      "method": "GET",
      "path": "/assets/zodiac-icons/128/sagittarius.webp",
      "kind": "image",
      "source": "browser-preview"
    },
    {
      "method": "GET",
      "path": "/assets/zodiac-icons/128/capricorn.webp",
      "kind": "image",
      "source": "browser-preview"
    },
    {
      "method": "GET",
      "path": "/assets/zodiac-icons/128/aquarius.webp",
      "kind": "image",
      "source": "browser-preview"
    },
    {
      "method": "GET",
      "path": "/assets/zodiac-icons/128/pisces.webp",
      "kind": "image",
      "source": "browser-preview"
    },
    {
      "method": "GET",
      "path": "/_astro/store.B9KwR70B.js",
      "kind": "script",
      "source": "browser-preview"
    },
    {
      "method": "GET",
      "path": "/_astro/deletions.DUQYISzq.js",
      "kind": "script",
      "source": "browser-preview"
    },
    {
      "method": "GET",
      "path": "/assets/zodiac-icons/128/leo.webp",
      "kind": "fetch",
      "source": "browser-preview"
    },
    {
      "method": "GET",
      "path": "/assets/zodiac-icons/128/leo.webp",
      "kind": "fetch",
      "source": "browser-preview"
    },
    {
      "method": "GET",
      "path": "/assets/zodiac-icons/128/cancer.webp",
      "kind": "fetch",
      "source": "browser-preview"
    },
    {
      "method": "GET",
      "path": "/assets/zodiac-icons/128/cancer.webp",
      "kind": "fetch",
      "source": "browser-preview"
    },
    {
      "method": "GET",
      "path": "/assets/zodiac-icons/128/aries.webp",
      "kind": "fetch",
      "source": "browser-preview"
    },
    {
      "method": "GET",
      "path": "/assets/zodiac-icons/128/taurus.webp",
      "kind": "fetch",
      "source": "browser-preview"
    },
    {
      "method": "GET",
      "path": "/assets/zodiac-icons/128/gemini.webp",
      "kind": "fetch",
      "source": "browser-preview"
    },
    {
      "method": "GET",
      "path": "/assets/zodiac-icons/128/cancer.webp",
      "kind": "fetch",
      "source": "browser-preview"
    },
    {
      "method": "GET",
      "path": "/assets/zodiac-icons/128/leo.webp",
      "kind": "fetch",
      "source": "browser-preview"
    },
    {
      "method": "GET",
      "path": "/assets/zodiac-icons/128/virgo.webp",
      "kind": "fetch",
      "source": "browser-preview"
    },
    {
      "method": "GET",
      "path": "/assets/zodiac-icons/128/libra.webp",
      "kind": "fetch",
      "source": "browser-preview"
    },
    {
      "method": "GET",
      "path": "/assets/zodiac-icons/128/scorpio.webp",
      "kind": "fetch",
      "source": "browser-preview"
    },
    {
      "method": "GET",
      "path": "/assets/zodiac-icons/128/sagittarius.webp",
      "kind": "fetch",
      "source": "browser-preview"
    },
    {
      "method": "GET",
      "path": "/assets/zodiac-icons/128/capricorn.webp",
      "kind": "fetch",
      "source": "browser-preview"
    },
    {
      "method": "GET",
      "path": "/assets/zodiac-icons/128/aquarius.webp",
      "kind": "fetch",
      "source": "browser-preview"
    },
    {
      "method": "GET",
      "path": "/assets/zodiac-icons/128/pisces.webp",
      "kind": "fetch",
      "source": "browser-preview"
    },
    {
      "method": "GET",
      "path": "/assets/zodiac-icons/128/leo.webp",
      "kind": "fetch",
      "source": "browser-preview"
    },
    {
      "method": "GET",
      "path": "/assets/zodiac-icons/128/cancer.webp",
      "kind": "fetch",
      "source": "browser-preview"
    },
    {
      "method": "GET",
      "path": "/assets/zodiac-icons/128/cancer.webp",
      "kind": "fetch",
      "source": "browser-preview"
    },
    {
      "method": "GET",
      "path": "/assets/app-icons/v3/icon-512.png",
      "kind": "fetch",
      "source": "browser-preview"
    },
    {
      "method": "GET",
      "path": "/assets/app-icons/v3/icon-512.png",
      "kind": "fetch",
      "source": "browser-preview"
    },
    {
      "method": "GET",
      "path": "/fonts/eb-garamond-latin-400-italic.woff2",
      "kind": "font",
      "source": "browser-preview"
    },
    {
      "method": "GET",
      "path": "/assets/assistant-ui.js",
      "kind": "script",
      "source": "browser-preview"
    },
    {
      "method": "GET",
      "path": "/assets/app-icons/v3/icon-512.png",
      "kind": "fetch",
      "source": "browser-preview"
    },
    {
      "method": "GET",
      "path": "/assets/assistant-ui.css",
      "kind": "stylesheet",
      "source": "browser-preview"
    },
    {
      "method": "GET",
      "path": "/assets/guide-avatar.webp",
      "kind": "image",
      "source": "browser-preview"
    },
    {
      "method": "GET",
      "path": "/assets/zodiac-icons/48/leo.avif",
      "kind": "image",
      "source": "browser-preview"
    },
    {
      "method": "GET",
      "path": "/assets/zodiac-icons/48/cancer.avif",
      "kind": "image",
      "source": "browser-preview"
    },
    {
      "method": "GET",
      "path": "/birth-chart/",
      "kind": "document",
      "source": "browser-preview"
    },
    {
      "method": "GET",
      "path": "/fonts/instrument-sans-latin-wght-normal.woff2",
      "kind": "font",
      "source": "browser-preview"
    },
    {
      "method": "GET",
      "path": "/fonts/eb-garamond-latin-400-normal.woff2",
      "kind": "font",
      "source": "browser-preview"
    },
    {
      "method": "GET",
      "path": "/fonts/eb-garamond-latin-500-normal.woff2",
      "kind": "font",
      "source": "browser-preview"
    },
    {
      "method": "GET",
      "path": "/js/pa-HwF2IBb5Sw8eboNPSOgHv.js",
      "kind": "script",
      "source": "browser-preview"
    },
    {
      "method": "GET",
      "path": "/_astro/explorer.ijMRUwvv.css",
      "kind": "stylesheet",
      "source": "browser-preview"
    },
    {
      "method": "GET",
      "path": "/_astro/ChartActionDock.Cc8zzTbx.css",
      "kind": "stylesheet",
      "source": "browser-preview"
    },
    {
      "method": "GET",
      "path": "/_astro/AstroTerm.astro_astro_type_script_index_0_lang.DB1iYTmP.js",
      "kind": "script",
      "source": "browser-preview"
    },
    {
      "method": "GET",
      "path": "/fonts/jetbrains-mono-latin-wght-normal.woff2",
      "kind": "font",
      "source": "browser-preview"
    },
    {
      "method": "GET",
      "path": "/_astro/ChartCalculator.CohOHP8k.js",
      "kind": "script",
      "source": "browser-preview"
    },
    {
      "method": "GET",
      "path": "/_astro/client.DPkn9Lbl.js",
      "kind": "script",
      "source": "browser-preview"
    },
    {
      "method": "GET",
      "path": "/_astro/preload-helper.L5lOfJxi.js",
      "kind": "script",
      "source": "browser-preview"
    },
    {
      "method": "GET",
      "path": "/_astro/preact.module.Bjq9tLsx.js",
      "kind": "script",
      "source": "browser-preview"
    },
    {
      "method": "GET",
      "path": "/_astro/hooks.module.C0_8FjiD.js",
      "kind": "script",
      "source": "browser-preview"
    },
    {
      "method": "GET",
      "path": "/_astro/profile-access-reader.DoQqlSjt.js",
      "kind": "script",
      "source": "browser-preview"
    },
    {
      "method": "GET",
      "path": "/_astro/chunk-H7RJKCBO.BUIGSNBz.js",
      "kind": "script",
      "source": "browser-preview"
    },
    {
      "method": "GET",
      "path": "/_astro/signs.BMXPKoMF.js",
      "kind": "script",
      "source": "browser-preview"
    },
    {
      "method": "GET",
      "path": "/_astro/jsxRuntime.module.BG9KJlGc.js",
      "kind": "script",
      "source": "browser-preview"
    },
    {
      "method": "GET",
      "path": "/_astro/PlanetGlyph.BhITbtcc.js",
      "kind": "script",
      "source": "browser-preview"
    },
    {
      "method": "GET",
      "path": "/_astro/i18n.Cg_lCJuc.js",
      "kind": "script",
      "source": "browser-preview"
    },
    {
      "method": "GET",
      "path": "/_astro/CalculationReload.DXyGkRsn.js",
      "kind": "script",
      "source": "browser-preview"
    },
    {
      "method": "GET",
      "path": "/_astro/astrology.BHib5efU.js",
      "kind": "script",
      "source": "browser-preview"
    },
    {
      "method": "GET",
      "path": "/_astro/share.BRlg0eGS.js",
      "kind": "script",
      "source": "browser-preview"
    },
    {
      "method": "GET",
      "path": "/_astro/chart-handoff.Dvz2AAcL.js",
      "kind": "script",
      "source": "browser-preview"
    },
    {
      "method": "GET",
      "path": "/_astro/useProfileAccessGeneration.w2JLb1F6.js",
      "kind": "script",
      "source": "browser-preview"
    },
    {
      "method": "GET",
      "path": "/_astro/useEngine.BV92cVg4.js",
      "kind": "script",
      "source": "browser-preview"
    },
    {
      "method": "GET",
      "path": "/_astro/BirthFields.VmY_J4-2.js",
      "kind": "script",
      "source": "browser-preview"
    },
    {
      "method": "GET",
      "path": "/_astro/localToUtc.CrWG2CBc.js",
      "kind": "script",
      "source": "browser-preview"
    },
    {
      "method": "GET",
      "path": "/_astro/interpretations.BaZkYN67.js",
      "kind": "script",
      "source": "browser-preview"
    },
    {
      "method": "GET",
      "path": "/_astro/AstroTerm.7K8SAipO.js",
      "kind": "script",
      "source": "browser-preview"
    },
    {
      "method": "GET",
      "path": "/_astro/SignChip.Dx3tQVZl.js",
      "kind": "script",
      "source": "browser-preview"
    },
    {
      "method": "GET",
      "path": "/_astro/AspectGlyph.DMIAGIQV.js",
      "kind": "script",
      "source": "browser-preview"
    },
    {
      "method": "GET",
      "path": "/_astro/Wheel.RNRSqGob.js",
      "kind": "script",
      "source": "browser-preview"
    },
    {
      "method": "GET",
      "path": "/_astro/dignities.BycBkP8Y.js",
      "kind": "script",
      "source": "browser-preview"
    },
    {
      "method": "GET",
      "path": "/_astro/houses.5SlbILVS.js",
      "kind": "script",
      "source": "browser-preview"
    },
    {
      "method": "GET",
      "path": "/_astro/technical-layout.DQIjXHHb.js",
      "kind": "script",
      "source": "browser-preview"
    },
    {
      "method": "GET",
      "path": "/_astro/lite.DKWHZC5_.js",
      "kind": "script",
      "source": "browser-preview"
    },
    {
      "method": "GET",
      "path": "/_astro/learning-input-identity.C-WLv51I.js",
      "kind": "script",
      "source": "browser-preview"
    },
    {
      "method": "GET",
      "path": "/_astro/analytics.CH5T6e-b.js",
      "kind": "script",
      "source": "browser-preview"
    },
    {
      "method": "GET",
      "path": "/_astro/post-chart-context.BZ1tHGpl.js",
      "kind": "script",
      "source": "browser-preview"
    },
    {
      "method": "GET",
      "path": "/_astro/context-help-client.BqVrBbz0.js",
      "kind": "script",
      "source": "browser-preview"
    },
    {
      "method": "GET",
      "path": "/assets/app-icons/v3/favicon.svg",
      "kind": "other",
      "source": "browser-preview"
    },
    {
      "method": "GET",
      "path": "/_astro/chunk-INI453VG.BxjMUPBs.js",
      "kind": "script",
      "source": "browser-preview"
    },
    {
      "method": "GET",
      "path": "/_astro/paths.DYbAuceH.js",
      "kind": "script",
      "source": "browser-preview"
    },
    {
      "method": "GET",
      "path": "/_astro/rolldown-runtime.DK3Fl9T5.js",
      "kind": "script",
      "source": "browser-preview"
    },
    {
      "method": "GET",
      "path": "/_astro/civil-date.CpOZUt7Z.js",
      "kind": "script",
      "source": "browser-preview"
    },
    {
      "method": "GET",
      "path": "/_astro/technical-locales.DDKucXXd.js",
      "kind": "script",
      "source": "browser-preview"
    },
    {
      "method": "GET",
      "path": "/_astro/PlaceSearch.D1WsU_jW.js",
      "kind": "script",
      "source": "browser-preview"
    },
    {
      "method": "GET",
      "path": "/_astro/chart-signature.-is-2T7w.js",
      "kind": "script",
      "source": "browser-preview"
    },
    {
      "method": "GET",
      "path": "/_astro/natal.D7JKDSdx.js",
      "kind": "script",
      "source": "browser-preview"
    },
    {
      "method": "GET",
      "path": "/_astro/synastry.rhUg9_9F.js",
      "kind": "script",
      "source": "browser-preview"
    },
    {
      "method": "GET",
      "path": "/_astro/aspects.BNC-J2iD.js",
      "kind": "script",
      "source": "browser-preview"
    },
    {
      "method": "GET",
      "path": "/_astro/compat.Bjc3uaB7.js",
      "kind": "script",
      "source": "browser-preview"
    },
    {
      "method": "GET",
      "path": "/_astro/ChartActionDock.v70WmYt8.js",
      "kind": "script",
      "source": "browser-preview"
    },
    {
      "method": "GET",
      "path": "/_astro/LearningPractice.CSqTNZrv.js",
      "kind": "script",
      "source": "browser-preview"
    },
    {
      "method": "GET",
      "path": "/_astro/chart-context-copy.UBOz97Jz.js",
      "kind": "script",
      "source": "browser-preview"
    },
    {
      "method": "GET",
      "path": "/_astro/AspectPatternFeature.JIFgyNsc.js",
      "kind": "script",
      "source": "browser-preview"
    },
    {
      "method": "GET",
      "path": "/_astro/use-learning-sources.rIwWXPg-.js",
      "kind": "script",
      "source": "browser-preview"
    },
    {
      "method": "GET",
      "path": "/_astro/schema.DqKqbGHb.js",
      "kind": "script",
      "source": "browser-preview"
    },
    {
      "method": "GET",
      "path": "/_astro/read-store.CIuzJaHq.js",
      "kind": "script",
      "source": "browser-preview"
    },
    {
      "method": "GET",
      "path": "/_astro/full.AQ--_mi-.js",
      "kind": "script",
      "source": "browser-preview"
    },
    {
      "method": "GET",
      "path": "/_astro/chart-adapter.K-QfJlbI.js",
      "kind": "script",
      "source": "browser-preview"
    },
    {
      "method": "GET",
      "path": "/assets/app-icons/v3/favicon.svg",
      "kind": "other",
      "source": "browser-preview"
    },
    {
      "method": "GET",
      "path": "/_astro/calculator-receipt.Sj7p-7nE.js",
      "kind": "script",
      "source": "browser-preview"
    },
    {
      "method": "GET",
      "path": "/assets/site-footer.css",
      "kind": "stylesheet",
      "source": "browser-preview"
    },
    {
      "method": "GET",
      "path": "/_astro/PositionsShareSurface.DT0CW1_r.js",
      "kind": "script",
      "source": "browser-preview"
    },
    {
      "method": "GET",
      "path": "/_astro/share-positions.D3o0ugj4.js",
      "kind": "script",
      "source": "browser-preview"
    },
    {
      "method": "GET",
      "path": "/_astro/share-card.DovPi6oZ.js",
      "kind": "script",
      "source": "browser-preview"
    },
    {
      "method": "GET",
      "path": "/_astro/share-card-brand.CJKZtcRK.js",
      "kind": "script",
      "source": "browser-preview"
    },
    {
      "method": "GET",
      "path": "/_astro/share-card-copy.D0c42nic.js",
      "kind": "script",
      "source": "browser-preview"
    },
    {
      "method": "GET",
      "path": "/_astro/CalendarSubscribe.DXtj1Bbr.js",
      "kind": "script",
      "source": "browser-preview"
    },
    {
      "method": "GET",
      "path": "/_astro/CommunicationRead.ooCKD9f4.js",
      "kind": "script",
      "source": "browser-preview"
    },
    {
      "method": "GET",
      "path": "/_astro/ApproachRead.Bcve0KbT.js",
      "kind": "script",
      "source": "browser-preview"
    },
    {
      "method": "GET",
      "path": "/_astro/PwaInstallPrompt.BCohgdPv.js",
      "kind": "script",
      "source": "browser-preview"
    },
    {
      "method": "GET",
      "path": "/_astro/a2hs.WonhOqdm.js",
      "kind": "script",
      "source": "browser-preview"
    },
    {
      "method": "GET",
      "path": "/assets/zodiac-icons/128/capricorn.avif",
      "kind": "image",
      "source": "browser-preview"
    },
    {
      "method": "GET",
      "path": "/assets/zodiac-icons/128/taurus.avif",
      "kind": "image",
      "source": "browser-preview"
    },
    {
      "method": "GET",
      "path": "/assets/zodiac-icons/128/aquarius.avif",
      "kind": "image",
      "source": "browser-preview"
    },
    {
      "method": "GET",
      "path": "/assets/zodiac-icons/128/aries.webp",
      "kind": "image",
      "source": "browser-preview"
    },
    {
      "method": "GET",
      "path": "/assets/zodiac-icons/128/taurus.webp",
      "kind": "image",
      "source": "browser-preview"
    },
    {
      "method": "GET",
      "path": "/assets/zodiac-icons/128/gemini.webp",
      "kind": "image",
      "source": "browser-preview"
    },
    {
      "method": "GET",
      "path": "/assets/zodiac-icons/128/cancer.webp",
      "kind": "image",
      "source": "browser-preview"
    },
    {
      "method": "GET",
      "path": "/assets/zodiac-icons/128/leo.webp",
      "kind": "image",
      "source": "browser-preview"
    },
    {
      "method": "GET",
      "path": "/assets/zodiac-icons/128/virgo.webp",
      "kind": "image",
      "source": "browser-preview"
    },
    {
      "method": "GET",
      "path": "/assets/zodiac-icons/128/libra.webp",
      "kind": "image",
      "source": "browser-preview"
    },
    {
      "method": "GET",
      "path": "/assets/zodiac-icons/128/scorpio.webp",
      "kind": "image",
      "source": "browser-preview"
    },
    {
      "method": "GET",
      "path": "/assets/zodiac-icons/128/sagittarius.webp",
      "kind": "image",
      "source": "browser-preview"
    },
    {
      "method": "GET",
      "path": "/assets/zodiac-icons/128/capricorn.webp",
      "kind": "image",
      "source": "browser-preview"
    },
    {
      "method": "GET",
      "path": "/assets/zodiac-icons/128/aquarius.webp",
      "kind": "image",
      "source": "browser-preview"
    },
    {
      "method": "GET",
      "path": "/assets/zodiac-icons/128/pisces.webp",
      "kind": "image",
      "source": "browser-preview"
    },
    {
      "method": "GET",
      "path": "/_astro/store.B9KwR70B.js",
      "kind": "script",
      "source": "browser-preview"
    },
    {
      "method": "GET",
      "path": "/_astro/deletions.DUQYISzq.js",
      "kind": "script",
      "source": "browser-preview"
    },
    {
      "method": "GET",
      "path": "/assets/zodiac-icons/128/aries.webp",
      "kind": "fetch",
      "source": "browser-preview"
    },
    {
      "method": "GET",
      "path": "/assets/zodiac-icons/128/taurus.webp",
      "kind": "fetch",
      "source": "browser-preview"
    },
    {
      "method": "GET",
      "path": "/assets/zodiac-icons/128/gemini.webp",
      "kind": "fetch",
      "source": "browser-preview"
    },
    {
      "method": "GET",
      "path": "/assets/zodiac-icons/128/cancer.webp",
      "kind": "fetch",
      "source": "browser-preview"
    },
    {
      "method": "GET",
      "path": "/assets/zodiac-icons/128/leo.webp",
      "kind": "fetch",
      "source": "browser-preview"
    },
    {
      "method": "GET",
      "path": "/assets/zodiac-icons/128/virgo.webp",
      "kind": "fetch",
      "source": "browser-preview"
    },
    {
      "method": "GET",
      "path": "/assets/zodiac-icons/128/libra.webp",
      "kind": "fetch",
      "source": "browser-preview"
    },
    {
      "method": "GET",
      "path": "/assets/zodiac-icons/128/scorpio.webp",
      "kind": "fetch",
      "source": "browser-preview"
    },
    {
      "method": "GET",
      "path": "/assets/zodiac-icons/128/sagittarius.webp",
      "kind": "fetch",
      "source": "browser-preview"
    },
    {
      "method": "GET",
      "path": "/assets/zodiac-icons/128/capricorn.webp",
      "kind": "fetch",
      "source": "browser-preview"
    },
    {
      "method": "GET",
      "path": "/assets/zodiac-icons/128/aquarius.webp",
      "kind": "fetch",
      "source": "browser-preview"
    },
    {
      "method": "GET",
      "path": "/assets/zodiac-icons/128/pisces.webp",
      "kind": "fetch",
      "source": "browser-preview"
    },
    {
      "method": "GET",
      "path": "/assets/zodiac-icons/128/sagittarius.webp",
      "kind": "fetch",
      "source": "browser-preview"
    },
    {
      "method": "GET",
      "path": "/assets/zodiac-icons/128/taurus.webp",
      "kind": "fetch",
      "source": "browser-preview"
    },
    {
      "method": "GET",
      "path": "/assets/zodiac-icons/128/virgo.webp",
      "kind": "fetch",
      "source": "browser-preview"
    },
    {
      "method": "GET",
      "path": "/assets/zodiac-icons/128/aquarius.webp",
      "kind": "fetch",
      "source": "browser-preview"
    },
    {
      "method": "GET",
      "path": "/assets/zodiac-icons/128/sagittarius.webp",
      "kind": "fetch",
      "source": "browser-preview"
    },
    {
      "method": "GET",
      "path": "/assets/zodiac-icons/128/taurus.webp",
      "kind": "fetch",
      "source": "browser-preview"
    },
    {
      "method": "GET",
      "path": "/assets/zodiac-icons/128/virgo.webp",
      "kind": "fetch",
      "source": "browser-preview"
    },
    {
      "method": "GET",
      "path": "/fonts/eb-garamond-latin-400-italic.woff2",
      "kind": "font",
      "source": "browser-preview"
    },
    {
      "method": "GET",
      "path": "/assets/app-icons/v3/icon-512.png",
      "kind": "fetch",
      "source": "browser-preview"
    },
    {
      "method": "GET",
      "path": "/assets/app-icons/v3/icon-512.png",
      "kind": "fetch",
      "source": "browser-preview"
    },
    {
      "method": "GET",
      "path": "/assets/app-icons/v3/icon-512.png",
      "kind": "fetch",
      "source": "browser-preview"
    },
    {
      "method": "GET",
      "path": "/assets/assistant-ui.js",
      "kind": "script",
      "source": "browser-preview"
    },
    {
      "method": "GET",
      "path": "/assets/assistant-ui.css",
      "kind": "stylesheet",
      "source": "browser-preview"
    },
    {
      "method": "GET",
      "path": "/assets/guide-avatar.webp",
      "kind": "image",
      "source": "browser-preview"
    },
    {
      "method": "GET",
      "path": "/assets/zodiac-icons/48/sagittarius.avif",
      "kind": "image",
      "source": "browser-preview"
    },
    {
      "method": "GET",
      "path": "/assets/zodiac-icons/48/taurus.avif",
      "kind": "image",
      "source": "browser-preview"
    },
    {
      "method": "GET",
      "path": "/assets/zodiac-icons/48/virgo.avif",
      "kind": "image",
      "source": "browser-preview"
    },
    {
      "method": "GET",
      "path": "/assets/zodiac-icons/48/aquarius.avif",
      "kind": "image",
      "source": "browser-preview"
    },
    {
      "method": "GET",
      "path": "/birth-chart/",
      "kind": "document",
      "source": "browser-preview"
    },
    {
      "method": "GET",
      "path": "/fonts/instrument-sans-latin-wght-normal.woff2",
      "kind": "font",
      "source": "browser-preview"
    },
    {
      "method": "GET",
      "path": "/fonts/eb-garamond-latin-400-normal.woff2",
      "kind": "font",
      "source": "browser-preview"
    },
    {
      "method": "GET",
      "path": "/fonts/eb-garamond-latin-500-normal.woff2",
      "kind": "font",
      "source": "browser-preview"
    },
    {
      "method": "GET",
      "path": "/_astro/explorer.ijMRUwvv.css",
      "kind": "stylesheet",
      "source": "browser-preview"
    },
    {
      "method": "GET",
      "path": "/_astro/ChartActionDock.Cc8zzTbx.css",
      "kind": "stylesheet",
      "source": "browser-preview"
    },
    {
      "method": "GET",
      "path": "/js/pa-HwF2IBb5Sw8eboNPSOgHv.js",
      "kind": "script",
      "source": "browser-preview"
    },
    {
      "method": "GET",
      "path": "/_astro/AstroTerm.astro_astro_type_script_index_0_lang.DB1iYTmP.js",
      "kind": "script",
      "source": "browser-preview"
    },
    {
      "method": "GET",
      "path": "/fonts/jetbrains-mono-latin-wght-normal.woff2",
      "kind": "font",
      "source": "browser-preview"
    },
    {
      "method": "GET",
      "path": "/_astro/ChartCalculator.CohOHP8k.js",
      "kind": "script",
      "source": "browser-preview"
    },
    {
      "method": "GET",
      "path": "/_astro/client.DPkn9Lbl.js",
      "kind": "script",
      "source": "browser-preview"
    },
    {
      "method": "GET",
      "path": "/_astro/preload-helper.L5lOfJxi.js",
      "kind": "script",
      "source": "browser-preview"
    },
    {
      "method": "GET",
      "path": "/_astro/preact.module.Bjq9tLsx.js",
      "kind": "script",
      "source": "browser-preview"
    },
    {
      "method": "GET",
      "path": "/_astro/hooks.module.C0_8FjiD.js",
      "kind": "script",
      "source": "browser-preview"
    },
    {
      "method": "GET",
      "path": "/_astro/profile-access-reader.DoQqlSjt.js",
      "kind": "script",
      "source": "browser-preview"
    },
    {
      "method": "GET",
      "path": "/_astro/chunk-H7RJKCBO.BUIGSNBz.js",
      "kind": "script",
      "source": "browser-preview"
    },
    {
      "method": "GET",
      "path": "/_astro/signs.BMXPKoMF.js",
      "kind": "script",
      "source": "browser-preview"
    },
    {
      "method": "GET",
      "path": "/_astro/jsxRuntime.module.BG9KJlGc.js",
      "kind": "script",
      "source": "browser-preview"
    },
    {
      "method": "GET",
      "path": "/_astro/PlanetGlyph.BhITbtcc.js",
      "kind": "script",
      "source": "browser-preview"
    },
    {
      "method": "GET",
      "path": "/_astro/i18n.Cg_lCJuc.js",
      "kind": "script",
      "source": "browser-preview"
    },
    {
      "method": "GET",
      "path": "/_astro/CalculationReload.DXyGkRsn.js",
      "kind": "script",
      "source": "browser-preview"
    },
    {
      "method": "GET",
      "path": "/_astro/astrology.BHib5efU.js",
      "kind": "script",
      "source": "browser-preview"
    },
    {
      "method": "GET",
      "path": "/_astro/share.BRlg0eGS.js",
      "kind": "script",
      "source": "browser-preview"
    },
    {
      "method": "GET",
      "path": "/_astro/chart-handoff.Dvz2AAcL.js",
      "kind": "script",
      "source": "browser-preview"
    },
    {
      "method": "GET",
      "path": "/_astro/useProfileAccessGeneration.w2JLb1F6.js",
      "kind": "script",
      "source": "browser-preview"
    },
    {
      "method": "GET",
      "path": "/_astro/useEngine.BV92cVg4.js",
      "kind": "script",
      "source": "browser-preview"
    },
    {
      "method": "GET",
      "path": "/_astro/BirthFields.VmY_J4-2.js",
      "kind": "script",
      "source": "browser-preview"
    },
    {
      "method": "GET",
      "path": "/_astro/localToUtc.CrWG2CBc.js",
      "kind": "script",
      "source": "browser-preview"
    },
    {
      "method": "GET",
      "path": "/_astro/interpretations.BaZkYN67.js",
      "kind": "script",
      "source": "browser-preview"
    },
    {
      "method": "GET",
      "path": "/_astro/AstroTerm.7K8SAipO.js",
      "kind": "script",
      "source": "browser-preview"
    },
    {
      "method": "GET",
      "path": "/_astro/SignChip.Dx3tQVZl.js",
      "kind": "script",
      "source": "browser-preview"
    },
    {
      "method": "GET",
      "path": "/_astro/AspectGlyph.DMIAGIQV.js",
      "kind": "script",
      "source": "browser-preview"
    },
    {
      "method": "GET",
      "path": "/_astro/Wheel.RNRSqGob.js",
      "kind": "script",
      "source": "browser-preview"
    },
    {
      "method": "GET",
      "path": "/_astro/dignities.BycBkP8Y.js",
      "kind": "script",
      "source": "browser-preview"
    },
    {
      "method": "GET",
      "path": "/_astro/houses.5SlbILVS.js",
      "kind": "script",
      "source": "browser-preview"
    },
    {
      "method": "GET",
      "path": "/_astro/technical-layout.DQIjXHHb.js",
      "kind": "script",
      "source": "browser-preview"
    },
    {
      "method": "GET",
      "path": "/_astro/lite.DKWHZC5_.js",
      "kind": "script",
      "source": "browser-preview"
    },
    {
      "method": "GET",
      "path": "/_astro/learning-input-identity.C-WLv51I.js",
      "kind": "script",
      "source": "browser-preview"
    },
    {
      "method": "GET",
      "path": "/_astro/analytics.CH5T6e-b.js",
      "kind": "script",
      "source": "browser-preview"
    },
    {
      "method": "GET",
      "path": "/_astro/post-chart-context.BZ1tHGpl.js",
      "kind": "script",
      "source": "browser-preview"
    },
    {
      "method": "GET",
      "path": "/_astro/context-help-client.BqVrBbz0.js",
      "kind": "script",
      "source": "browser-preview"
    },
    {
      "method": "GET",
      "path": "/assets/app-icons/v3/favicon.svg",
      "kind": "other",
      "source": "browser-preview"
    },
    {
      "method": "GET",
      "path": "/_astro/rolldown-runtime.DK3Fl9T5.js",
      "kind": "script",
      "source": "browser-preview"
    },
    {
      "method": "GET",
      "path": "/_astro/civil-date.CpOZUt7Z.js",
      "kind": "script",
      "source": "browser-preview"
    },
    {
      "method": "GET",
      "path": "/_astro/technical-locales.DDKucXXd.js",
      "kind": "script",
      "source": "browser-preview"
    },
    {
      "method": "GET",
      "path": "/_astro/PlaceSearch.D1WsU_jW.js",
      "kind": "script",
      "source": "browser-preview"
    },
    {
      "method": "GET",
      "path": "/_astro/paths.DYbAuceH.js",
      "kind": "script",
      "source": "browser-preview"
    },
    {
      "method": "GET",
      "path": "/_astro/chunk-INI453VG.BxjMUPBs.js",
      "kind": "script",
      "source": "browser-preview"
    },
    {
      "method": "GET",
      "path": "/_astro/chart-signature.-is-2T7w.js",
      "kind": "script",
      "source": "browser-preview"
    },
    {
      "method": "GET",
      "path": "/_astro/natal.D7JKDSdx.js",
      "kind": "script",
      "source": "browser-preview"
    },
    {
      "method": "GET",
      "path": "/_astro/synastry.rhUg9_9F.js",
      "kind": "script",
      "source": "browser-preview"
    },
    {
      "method": "GET",
      "path": "/_astro/aspects.BNC-J2iD.js",
      "kind": "script",
      "source": "browser-preview"
    },
    {
      "method": "GET",
      "path": "/_astro/compat.Bjc3uaB7.js",
      "kind": "script",
      "source": "browser-preview"
    },
    {
      "method": "GET",
      "path": "/_astro/ChartActionDock.v70WmYt8.js",
      "kind": "script",
      "source": "browser-preview"
    },
    {
      "method": "GET",
      "path": "/_astro/LearningPractice.CSqTNZrv.js",
      "kind": "script",
      "source": "browser-preview"
    },
    {
      "method": "GET",
      "path": "/_astro/chart-context-copy.UBOz97Jz.js",
      "kind": "script",
      "source": "browser-preview"
    },
    {
      "method": "GET",
      "path": "/_astro/AspectPatternFeature.JIFgyNsc.js",
      "kind": "script",
      "source": "browser-preview"
    },
    {
      "method": "GET",
      "path": "/_astro/use-learning-sources.rIwWXPg-.js",
      "kind": "script",
      "source": "browser-preview"
    },
    {
      "method": "GET",
      "path": "/_astro/schema.DqKqbGHb.js",
      "kind": "script",
      "source": "browser-preview"
    },
    {
      "method": "GET",
      "path": "/_astro/read-store.CIuzJaHq.js",
      "kind": "script",
      "source": "browser-preview"
    },
    {
      "method": "GET",
      "path": "/_astro/full.AQ--_mi-.js",
      "kind": "script",
      "source": "browser-preview"
    },
    {
      "method": "GET",
      "path": "/_astro/chart-adapter.K-QfJlbI.js",
      "kind": "script",
      "source": "browser-preview"
    },
    {
      "method": "GET",
      "path": "/assets/app-icons/v3/favicon.svg",
      "kind": "other",
      "source": "browser-preview"
    },
    {
      "method": "GET",
      "path": "/_astro/calculator-receipt.Sj7p-7nE.js",
      "kind": "script",
      "source": "browser-preview"
    },
    {
      "method": "GET",
      "path": "/_astro/PositionsShareSurface.DT0CW1_r.js",
      "kind": "script",
      "source": "browser-preview"
    },
    {
      "method": "GET",
      "path": "/_astro/share-positions.D3o0ugj4.js",
      "kind": "script",
      "source": "browser-preview"
    },
    {
      "method": "GET",
      "path": "/_astro/share-card.DovPi6oZ.js",
      "kind": "script",
      "source": "browser-preview"
    },
    {
      "method": "GET",
      "path": "/_astro/share-card-brand.CJKZtcRK.js",
      "kind": "script",
      "source": "browser-preview"
    },
    {
      "method": "GET",
      "path": "/_astro/share-card-copy.D0c42nic.js",
      "kind": "script",
      "source": "browser-preview"
    },
    {
      "method": "GET",
      "path": "/_astro/CalendarSubscribe.DXtj1Bbr.js",
      "kind": "script",
      "source": "browser-preview"
    },
    {
      "method": "GET",
      "path": "/_astro/CommunicationRead.ooCKD9f4.js",
      "kind": "script",
      "source": "browser-preview"
    },
    {
      "method": "GET",
      "path": "/_astro/ApproachRead.Bcve0KbT.js",
      "kind": "script",
      "source": "browser-preview"
    },
    {
      "method": "GET",
      "path": "/_astro/PwaInstallPrompt.BCohgdPv.js",
      "kind": "script",
      "source": "browser-preview"
    },
    {
      "method": "GET",
      "path": "/_astro/a2hs.WonhOqdm.js",
      "kind": "script",
      "source": "browser-preview"
    },
    {
      "method": "GET",
      "path": "/assets/zodiac-icons/128/virgo.avif",
      "kind": "image",
      "source": "browser-preview"
    },
    {
      "method": "GET",
      "path": "/assets/zodiac-icons/128/libra.avif",
      "kind": "image",
      "source": "browser-preview"
    },
    {
      "method": "GET",
      "path": "/assets/zodiac-icons/128/aries.webp",
      "kind": "image",
      "source": "browser-preview"
    },
    {
      "method": "GET",
      "path": "/assets/zodiac-icons/128/taurus.webp",
      "kind": "image",
      "source": "browser-preview"
    },
    {
      "method": "GET",
      "path": "/assets/zodiac-icons/128/gemini.webp",
      "kind": "image",
      "source": "browser-preview"
    },
    {
      "method": "GET",
      "path": "/assets/zodiac-icons/128/cancer.webp",
      "kind": "image",
      "source": "browser-preview"
    },
    {
      "method": "GET",
      "path": "/assets/zodiac-icons/128/leo.webp",
      "kind": "image",
      "source": "browser-preview"
    },
    {
      "method": "GET",
      "path": "/assets/zodiac-icons/128/virgo.webp",
      "kind": "image",
      "source": "browser-preview"
    },
    {
      "method": "GET",
      "path": "/assets/zodiac-icons/128/libra.webp",
      "kind": "image",
      "source": "browser-preview"
    },
    {
      "method": "GET",
      "path": "/assets/zodiac-icons/128/scorpio.webp",
      "kind": "image",
      "source": "browser-preview"
    },
    {
      "method": "GET",
      "path": "/assets/zodiac-icons/128/sagittarius.webp",
      "kind": "image",
      "source": "browser-preview"
    },
    {
      "method": "GET",
      "path": "/assets/zodiac-icons/128/capricorn.webp",
      "kind": "image",
      "source": "browser-preview"
    },
    {
      "method": "GET",
      "path": "/assets/zodiac-icons/128/aquarius.webp",
      "kind": "image",
      "source": "browser-preview"
    },
    {
      "method": "GET",
      "path": "/assets/zodiac-icons/128/pisces.webp",
      "kind": "image",
      "source": "browser-preview"
    },
    {
      "method": "GET",
      "path": "/_astro/store.B9KwR70B.js",
      "kind": "script",
      "source": "browser-preview"
    },
    {
      "method": "GET",
      "path": "/_astro/deletions.DUQYISzq.js",
      "kind": "script",
      "source": "browser-preview"
    },
    {
      "method": "GET",
      "path": "/assets/site-footer.css",
      "kind": "stylesheet",
      "source": "browser-preview"
    },
    {
      "method": "GET",
      "path": "/assets/zodiac-icons/128/aries.webp",
      "kind": "fetch",
      "source": "browser-preview"
    },
    {
      "method": "GET",
      "path": "/assets/zodiac-icons/128/taurus.webp",
      "kind": "fetch",
      "source": "browser-preview"
    },
    {
      "method": "GET",
      "path": "/assets/zodiac-icons/128/gemini.webp",
      "kind": "fetch",
      "source": "browser-preview"
    },
    {
      "method": "GET",
      "path": "/assets/zodiac-icons/128/cancer.webp",
      "kind": "fetch",
      "source": "browser-preview"
    },
    {
      "method": "GET",
      "path": "/assets/zodiac-icons/128/leo.webp",
      "kind": "fetch",
      "source": "browser-preview"
    },
    {
      "method": "GET",
      "path": "/assets/zodiac-icons/128/virgo.webp",
      "kind": "fetch",
      "source": "browser-preview"
    },
    {
      "method": "GET",
      "path": "/assets/zodiac-icons/128/libra.webp",
      "kind": "fetch",
      "source": "browser-preview"
    },
    {
      "method": "GET",
      "path": "/assets/zodiac-icons/128/scorpio.webp",
      "kind": "fetch",
      "source": "browser-preview"
    },
    {
      "method": "GET",
      "path": "/assets/zodiac-icons/128/sagittarius.webp",
      "kind": "fetch",
      "source": "browser-preview"
    },
    {
      "method": "GET",
      "path": "/assets/zodiac-icons/128/capricorn.webp",
      "kind": "fetch",
      "source": "browser-preview"
    },
    {
      "method": "GET",
      "path": "/assets/zodiac-icons/128/aquarius.webp",
      "kind": "fetch",
      "source": "browser-preview"
    },
    {
      "method": "GET",
      "path": "/assets/zodiac-icons/128/pisces.webp",
      "kind": "fetch",
      "source": "browser-preview"
    },
    {
      "method": "GET",
      "path": "/assets/zodiac-icons/128/libra.webp",
      "kind": "fetch",
      "source": "browser-preview"
    },
    {
      "method": "GET",
      "path": "/assets/zodiac-icons/128/leo.webp",
      "kind": "fetch",
      "source": "browser-preview"
    },
    {
      "method": "GET",
      "path": "/assets/zodiac-icons/128/libra.webp",
      "kind": "fetch",
      "source": "browser-preview"
    },
    {
      "method": "GET",
      "path": "/assets/zodiac-icons/128/cancer.webp",
      "kind": "fetch",
      "source": "browser-preview"
    },
    {
      "method": "GET",
      "path": "/assets/zodiac-icons/128/leo.webp",
      "kind": "fetch",
      "source": "browser-preview"
    },
    {
      "method": "GET",
      "path": "/assets/zodiac-icons/128/libra.webp",
      "kind": "fetch",
      "source": "browser-preview"
    },
    {
      "method": "GET",
      "path": "/assets/zodiac-icons/128/cancer.webp",
      "kind": "fetch",
      "source": "browser-preview"
    },
    {
      "method": "GET",
      "path": "/assets/assistant-ui.js",
      "kind": "script",
      "source": "browser-preview"
    },
    {
      "method": "GET",
      "path": "/assets/app-icons/v3/icon-512.png",
      "kind": "fetch",
      "source": "browser-preview"
    },
    {
      "method": "GET",
      "path": "/assets/assistant-ui.css",
      "kind": "stylesheet",
      "source": "browser-preview"
    },
    {
      "method": "GET",
      "path": "/assets/app-icons/v3/icon-512.png",
      "kind": "fetch",
      "source": "browser-preview"
    },
    {
      "method": "GET",
      "path": "/fonts/eb-garamond-latin-400-italic.woff2",
      "kind": "font",
      "source": "browser-preview"
    },
    {
      "method": "GET",
      "path": "/assets/guide-avatar.webp",
      "kind": "image",
      "source": "browser-preview"
    },
    {
      "method": "GET",
      "path": "/assets/app-icons/v3/icon-512.png",
      "kind": "fetch",
      "source": "browser-preview"
    },
    {
      "method": "GET",
      "path": "/assets/zodiac-icons/48/libra.avif",
      "kind": "image",
      "source": "browser-preview"
    },
    {
      "method": "GET",
      "path": "/assets/zodiac-icons/48/leo.avif",
      "kind": "image",
      "source": "browser-preview"
    },
    {
      "method": "GET",
      "path": "/assets/zodiac-icons/48/cancer.avif",
      "kind": "image",
      "source": "browser-preview"
    },
    {
      "method": "GET",
      "path": "/birth-chart/",
      "kind": "document",
      "source": "browser-preview"
    },
    {
      "method": "GET",
      "path": "/fonts/instrument-sans-latin-wght-normal.woff2",
      "kind": "font",
      "source": "browser-preview"
    },
    {
      "method": "GET",
      "path": "/fonts/eb-garamond-latin-400-normal.woff2",
      "kind": "font",
      "source": "browser-preview"
    },
    {
      "method": "GET",
      "path": "/fonts/eb-garamond-latin-500-normal.woff2",
      "kind": "font",
      "source": "browser-preview"
    },
    {
      "method": "GET",
      "path": "/_astro/explorer.ijMRUwvv.css",
      "kind": "stylesheet",
      "source": "browser-preview"
    },
    {
      "method": "GET",
      "path": "/_astro/ChartActionDock.Cc8zzTbx.css",
      "kind": "stylesheet",
      "source": "browser-preview"
    },
    {
      "method": "GET",
      "path": "/js/pa-HwF2IBb5Sw8eboNPSOgHv.js",
      "kind": "script",
      "source": "browser-preview"
    },
    {
      "method": "GET",
      "path": "/_astro/AstroTerm.astro_astro_type_script_index_0_lang.DB1iYTmP.js",
      "kind": "script",
      "source": "browser-preview"
    },
    {
      "method": "GET",
      "path": "/fonts/jetbrains-mono-latin-wght-normal.woff2",
      "kind": "font",
      "source": "browser-preview"
    },
    {
      "method": "GET",
      "path": "/_astro/ChartCalculator.CohOHP8k.js",
      "kind": "script",
      "source": "browser-preview"
    },
    {
      "method": "GET",
      "path": "/_astro/client.DPkn9Lbl.js",
      "kind": "script",
      "source": "browser-preview"
    },
    {
      "method": "GET",
      "path": "/_astro/preload-helper.L5lOfJxi.js",
      "kind": "script",
      "source": "browser-preview"
    },
    {
      "method": "GET",
      "path": "/_astro/preact.module.Bjq9tLsx.js",
      "kind": "script",
      "source": "browser-preview"
    },
    {
      "method": "GET",
      "path": "/_astro/hooks.module.C0_8FjiD.js",
      "kind": "script",
      "source": "browser-preview"
    },
    {
      "method": "GET",
      "path": "/_astro/profile-access-reader.DoQqlSjt.js",
      "kind": "script",
      "source": "browser-preview"
    },
    {
      "method": "GET",
      "path": "/_astro/chunk-H7RJKCBO.BUIGSNBz.js",
      "kind": "script",
      "source": "browser-preview"
    },
    {
      "method": "GET",
      "path": "/_astro/signs.BMXPKoMF.js",
      "kind": "script",
      "source": "browser-preview"
    },
    {
      "method": "GET",
      "path": "/_astro/jsxRuntime.module.BG9KJlGc.js",
      "kind": "script",
      "source": "browser-preview"
    },
    {
      "method": "GET",
      "path": "/_astro/PlanetGlyph.BhITbtcc.js",
      "kind": "script",
      "source": "browser-preview"
    },
    {
      "method": "GET",
      "path": "/_astro/i18n.Cg_lCJuc.js",
      "kind": "script",
      "source": "browser-preview"
    },
    {
      "method": "GET",
      "path": "/_astro/CalculationReload.DXyGkRsn.js",
      "kind": "script",
      "source": "browser-preview"
    },
    {
      "method": "GET",
      "path": "/_astro/astrology.BHib5efU.js",
      "kind": "script",
      "source": "browser-preview"
    },
    {
      "method": "GET",
      "path": "/_astro/share.BRlg0eGS.js",
      "kind": "script",
      "source": "browser-preview"
    },
    {
      "method": "GET",
      "path": "/_astro/chart-handoff.Dvz2AAcL.js",
      "kind": "script",
      "source": "browser-preview"
    },
    {
      "method": "GET",
      "path": "/_astro/useProfileAccessGeneration.w2JLb1F6.js",
      "kind": "script",
      "source": "browser-preview"
    },
    {
      "method": "GET",
      "path": "/_astro/useEngine.BV92cVg4.js",
      "kind": "script",
      "source": "browser-preview"
    },
    {
      "method": "GET",
      "path": "/_astro/BirthFields.VmY_J4-2.js",
      "kind": "script",
      "source": "browser-preview"
    },
    {
      "method": "GET",
      "path": "/_astro/localToUtc.CrWG2CBc.js",
      "kind": "script",
      "source": "browser-preview"
    },
    {
      "method": "GET",
      "path": "/_astro/interpretations.BaZkYN67.js",
      "kind": "script",
      "source": "browser-preview"
    },
    {
      "method": "GET",
      "path": "/_astro/AstroTerm.7K8SAipO.js",
      "kind": "script",
      "source": "browser-preview"
    },
    {
      "method": "GET",
      "path": "/_astro/SignChip.Dx3tQVZl.js",
      "kind": "script",
      "source": "browser-preview"
    },
    {
      "method": "GET",
      "path": "/_astro/AspectGlyph.DMIAGIQV.js",
      "kind": "script",
      "source": "browser-preview"
    },
    {
      "method": "GET",
      "path": "/_astro/Wheel.RNRSqGob.js",
      "kind": "script",
      "source": "browser-preview"
    },
    {
      "method": "GET",
      "path": "/_astro/dignities.BycBkP8Y.js",
      "kind": "script",
      "source": "browser-preview"
    },
    {
      "method": "GET",
      "path": "/_astro/houses.5SlbILVS.js",
      "kind": "script",
      "source": "browser-preview"
    },
    {
      "method": "GET",
      "path": "/_astro/technical-layout.DQIjXHHb.js",
      "kind": "script",
      "source": "browser-preview"
    },
    {
      "method": "GET",
      "path": "/_astro/lite.DKWHZC5_.js",
      "kind": "script",
      "source": "browser-preview"
    },
    {
      "method": "GET",
      "path": "/_astro/learning-input-identity.C-WLv51I.js",
      "kind": "script",
      "source": "browser-preview"
    },
    {
      "method": "GET",
      "path": "/_astro/analytics.CH5T6e-b.js",
      "kind": "script",
      "source": "browser-preview"
    },
    {
      "method": "GET",
      "path": "/_astro/post-chart-context.BZ1tHGpl.js",
      "kind": "script",
      "source": "browser-preview"
    },
    {
      "method": "GET",
      "path": "/_astro/context-help-client.BqVrBbz0.js",
      "kind": "script",
      "source": "browser-preview"
    },
    {
      "method": "GET",
      "path": "/assets/app-icons/v3/favicon.svg",
      "kind": "other",
      "source": "browser-preview"
    },
    {
      "method": "GET",
      "path": "/_astro/chunk-INI453VG.BxjMUPBs.js",
      "kind": "script",
      "source": "browser-preview"
    },
    {
      "method": "GET",
      "path": "/_astro/rolldown-runtime.DK3Fl9T5.js",
      "kind": "script",
      "source": "browser-preview"
    },
    {
      "method": "GET",
      "path": "/_astro/civil-date.CpOZUt7Z.js",
      "kind": "script",
      "source": "browser-preview"
    },
    {
      "method": "GET",
      "path": "/_astro/technical-locales.DDKucXXd.js",
      "kind": "script",
      "source": "browser-preview"
    },
    {
      "method": "GET",
      "path": "/_astro/PlaceSearch.D1WsU_jW.js",
      "kind": "script",
      "source": "browser-preview"
    },
    {
      "method": "GET",
      "path": "/_astro/paths.DYbAuceH.js",
      "kind": "script",
      "source": "browser-preview"
    },
    {
      "method": "GET",
      "path": "/_astro/PositionsShareSurface.DT0CW1_r.js",
      "kind": "script",
      "source": "browser-preview"
    },
    {
      "method": "GET",
      "path": "/_astro/aspects.BNC-J2iD.js",
      "kind": "script",
      "source": "browser-preview"
    },
    {
      "method": "GET",
      "path": "/_astro/share-positions.D3o0ugj4.js",
      "kind": "script",
      "source": "browser-preview"
    },
    {
      "method": "GET",
      "path": "/_astro/natal.D7JKDSdx.js",
      "kind": "script",
      "source": "browser-preview"
    },
    {
      "method": "GET",
      "path": "/_astro/synastry.rhUg9_9F.js",
      "kind": "script",
      "source": "browser-preview"
    },
    {
      "method": "GET",
      "path": "/_astro/compat.Bjc3uaB7.js",
      "kind": "script",
      "source": "browser-preview"
    },
    {
      "method": "GET",
      "path": "/_astro/share-card.DovPi6oZ.js",
      "kind": "script",
      "source": "browser-preview"
    },
    {
      "method": "GET",
      "path": "/_astro/share-card-brand.CJKZtcRK.js",
      "kind": "script",
      "source": "browser-preview"
    },
    {
      "method": "GET",
      "path": "/_astro/share-card-copy.D0c42nic.js",
      "kind": "script",
      "source": "browser-preview"
    },
    {
      "method": "GET",
      "path": "/_astro/chart-signature.-is-2T7w.js",
      "kind": "script",
      "source": "browser-preview"
    },
    {
      "method": "GET",
      "path": "/assets/site-footer.css",
      "kind": "stylesheet",
      "source": "browser-preview"
    },
    {
      "method": "GET",
      "path": "/assets/zodiac-icons/128/aries.webp",
      "kind": "image",
      "source": "browser-preview"
    },
    {
      "method": "GET",
      "path": "/assets/zodiac-icons/128/taurus.webp",
      "kind": "image",
      "source": "browser-preview"
    },
    {
      "method": "GET",
      "path": "/assets/zodiac-icons/128/gemini.webp",
      "kind": "image",
      "source": "browser-preview"
    },
    {
      "method": "GET",
      "path": "/assets/zodiac-icons/128/cancer.webp",
      "kind": "image",
      "source": "browser-preview"
    },
    {
      "method": "GET",
      "path": "/assets/zodiac-icons/128/leo.webp",
      "kind": "image",
      "source": "browser-preview"
    },
    {
      "method": "GET",
      "path": "/assets/zodiac-icons/128/virgo.webp",
      "kind": "image",
      "source": "browser-preview"
    },
    {
      "method": "GET",
      "path": "/assets/zodiac-icons/128/libra.webp",
      "kind": "image",
      "source": "browser-preview"
    },
    {
      "method": "GET",
      "path": "/assets/zodiac-icons/128/scorpio.webp",
      "kind": "image",
      "source": "browser-preview"
    },
    {
      "method": "GET",
      "path": "/assets/zodiac-icons/128/sagittarius.webp",
      "kind": "image",
      "source": "browser-preview"
    },
    {
      "method": "GET",
      "path": "/assets/zodiac-icons/128/capricorn.webp",
      "kind": "image",
      "source": "browser-preview"
    },
    {
      "method": "GET",
      "path": "/assets/zodiac-icons/128/aquarius.webp",
      "kind": "image",
      "source": "browser-preview"
    },
    {
      "method": "GET",
      "path": "/assets/zodiac-icons/128/pisces.webp",
      "kind": "image",
      "source": "browser-preview"
    },
    {
      "method": "GET",
      "path": "/assets/app-icons/v3/favicon.svg",
      "kind": "other",
      "source": "browser-preview"
    },
    {
      "method": "GET",
      "path": "/assets/zodiac-icons/48/aries.avif",
      "kind": "image",
      "source": "browser-preview"
    },
    {
      "method": "GET",
      "path": "/assets/zodiac-icons/48/taurus.avif",
      "kind": "image",
      "source": "browser-preview"
    },
    {
      "method": "GET",
      "path": "/assets/zodiac-icons/48/gemini.avif",
      "kind": "image",
      "source": "browser-preview"
    },
    {
      "method": "GET",
      "path": "/assets/zodiac-icons/48/cancer.avif",
      "kind": "image",
      "source": "browser-preview"
    },
    {
      "method": "GET",
      "path": "/assets/zodiac-icons/48/leo.avif",
      "kind": "image",
      "source": "browser-preview"
    },
    {
      "method": "GET",
      "path": "/assets/zodiac-icons/48/virgo.avif",
      "kind": "image",
      "source": "browser-preview"
    },
    {
      "method": "GET",
      "path": "/assets/zodiac-icons/48/libra.avif",
      "kind": "image",
      "source": "browser-preview"
    },
    {
      "method": "GET",
      "path": "/assets/zodiac-icons/48/scorpio.avif",
      "kind": "image",
      "source": "browser-preview"
    },
    {
      "method": "GET",
      "path": "/assets/zodiac-icons/48/sagittarius.avif",
      "kind": "image",
      "source": "browser-preview"
    },
    {
      "method": "GET",
      "path": "/assets/zodiac-icons/48/capricorn.avif",
      "kind": "image",
      "source": "browser-preview"
    },
    {
      "method": "GET",
      "path": "/assets/zodiac-icons/48/aquarius.avif",
      "kind": "image",
      "source": "browser-preview"
    },
    {
      "method": "GET",
      "path": "/assets/assistant-ui.js",
      "kind": "script",
      "source": "browser-preview"
    },
    {
      "method": "GET",
      "path": "/assets/assistant-ui.css",
      "kind": "stylesheet",
      "source": "browser-preview"
    },
    {
      "method": "GET",
      "path": "/assets/guide-avatar.webp",
      "kind": "image",
      "source": "browser-preview"
    }
  ],
  "served": {},
  "cleanup": {
    "contextsClosed": true,
    "browserClosed": true,
    "serverClosed": true
  },
  "finalSource": {
    "src/islands/ChartCalculator.actions.test.ts": "a5291e6c274afb02c462de68e22df45f4598e5aea36dfb7ca2499f870af1a902",
    "src/islands/ChartCalculator.tsx": "a55cbae08d115c32f3cecb4f95b141fa6480f63cf75fa2f8e35345a233d39d11",
    "src/lib/engine/calculator-receipt.test.ts": "aeeb9ee59ed3093a7f2b375be4c53a5f60d1577e4ab2da10ef2930a338c10168",
    "src/lib/engine/calculator-receipt.ts": "eef1861e9c284e5f365b643ca36895ec3eeafd0afcb595aa7ae715d437ac5c3d",
    "src/lib/i18n/index.test.ts": "5d5435b23bdc12d9a35ae23af75f41b47c1d40a2d0d9534fed74f78051b171c4",
    "src/lib/i18n/ui/en.ts": "0d9d6be58d1e9c9de2093e754866ec8219267266140278478cded09e3313a890",
    "src/lib/i18n/ui/es.ts": "a7765491183cb21cc94f18e50f7de7f7749ce84e4a841726eb537a645483af7f",
    "src/lib/i18n/ui/fr.ts": "39d594d153d8d86190a7210a24e3f4e5fc863764310619f8cc1239a26375712f",
    "src/lib/i18n/ui/it.ts": "5db6cc6f90d31fa4f053addaff09de38d1b724d6f1ca22eb9af258976ef4f4f5",
    "src/lib/i18n/ui/pt.ts": "53534df49cd4a8dcd7245e806c696b5f521ecea8bdf6a9bf4cf16415c24019b3",
    "src/lib/i18n/ui/ru.test.ts": "30e63d628acb48176abf238ed41b661bb37b662d781cbd9f7f18bdcd97e63809",
    "src/lib/i18n/ui/ru.ts": "7658f2fffbc1de4541db893e969528ea041bfab0dee2e8e3428d4aa3c454673e",
    "src/lib/receipt-download.test.ts": "a3f039e77b4a234f7ab6dc46afa9819f7dd1c5de10a97a330654fb727b973ac6",
    "src/lib/receipt-download.ts": "6b11d3c850a5669eae98684cac629a150d3645854f657df4c5fc5f95cee33d6d",
    "src/client-directives/interaction.ts": "ea5784fcd35b661ea9584e510fb680a00955ba481b1abf16084d3848dfc74fc7",
    "tests/interaction-replay-drive.mjs": "611651b6d74d5901adc2680bb6f26c0896cb19ec5af884af463f78b0c61e4a58",
    "package.json": "a37af7beb612ad7dd8e19e5f3cdcacdc9f424e41fa134a014b34f32417636c7c",
    "package-lock.json": "bfd8e7f262ea6ecc8692a7551b77b5ecde39850b8bd4520cfd04a3bab6f6ebc3",
    "vendor/zodiacs-engine-0.1.1-rc.6.tgz": "09c3e63432f8ba2e9df05af137c42f65ab039740a207a89418d9e6470ea3db3e",
    "vendor/zodiacs-engine-0.1.1-rc.6.sha256": "3a861a7109205e914a8b8ee7efccd891b0b8c0d06df247cc3b41d7b32e188ada",
    "src/lib/time/localToUtc.ts": "934b6955ca7be98c36161b77fd1d749fbdd603315ad2537af173a5c3a80038fd",
    "src/lib/time/localToUtc-precision.test.ts": "6fd56daa5dc6d7853622db478d20e7e90d8988ad2247ec1abc3e16637599f34f",
    "src/lib/engine/package-integration.test.ts": "1c912cf6c73a5821255f2da6f1588a12ad1561145314742c4d369f575fd2363b",
    "src/lib/scene/__snapshots__/scene.test.ts.snap": "f28c039c5092bd311da23af4f229c91b80f7875aee4eaed9968c1ef3a09470c1",
    "vendor/README.md": "91fde60c2d6c91a8fd5939424e6160facdf5f4d29db1dd1f084170cdfa96339e",
    "src/data/platform-engine-candidate.json": "5afa2e8e2fbc328c4f7abe6bad1cedfdce58c0ecabedef4bc58fae78eac4792c",
    "public/llms-full.txt": "142c518a3fc0d2772f8e4d4e49d19797e908fd718dc79660822dfa656cced3e9"
  }
}
